category,model,status,n_cand,n_tried,elapsed_s,note
acetone_atomizer,krtwsl,graspable,200,5,15.9,max_dim=0.260
acorn,qkjrwt,graspable,200,5,11.0,max_dim=0.033
address,pbfbxj,too_large,0,0,0.0,max_dim=0.577
agave,bvlsig,not_ready,0,0,0.0,max_dim=0.102
agave,cnlzlq,not_ready,0,0,0.0,max_dim=0.119
air_conditioner,pekain,too_large,0,0,0.0,max_dim=0.875
air_filter,eguida,graspable,200,5,42.2,max_dim=0.127
air_freshener_atomizer,vxtgpy,graspable,200,5,60.0,max_dim=0.292
alarm_clock,cvknrh,not_ready,0,0,0.0,max_dim=0.201
alarm_clock,trwyaq,not_ready,0,0,0.0,max_dim=0.152
alarm_clock,vqwovi,graspable,200,5,14.0,max_dim=0.114
allen_wrench,neqlcn,graspable,200,5,31.2,max_dim=0.150
allspice_shaker,cibgje,graspable,200,5,12.4,max_dim=0.160
alphabet_abacus,wojwvu,graspable,200,5,59.4,max_dim=0.393
aluminum_foil,ebsqqe,graspable,200,4,82.0,max_dim=0.400
ammonia_water_atomizer,bnrlqd,graspable,200,5,14.6,max_dim=0.256
antlers,nlsanr,too_large,0,0,0.0,max_dim=0.561
antlers,ovwdwa,too_large,0,0,0.0,max_dim=0.555
apple,agveuv,graspable,200,5,10.1,max_dim=0.087
apple,bwteqh,graspable,200,5,10.3,max_dim=0.071
apple,dfgurb,graspable,200,5,24.5,max_dim=0.115
apple,hwrflj,not_ready,0,0,0.0,max_dim=0.076
apple,netbsb,graspable,200,5,10.0,max_dim=0.087
apple,obixxh,graspable,200,5,10.2,max_dim=0.063
apple,omzprq,graspable,200,5,11.4,max_dim=0.086
apple,qrqzvs,graspable,200,5,37.4,max_dim=0.133
apple,rizrsp,not_ready,0,0,0.0,max_dim=0.041
apple,ymhxqk,not_ready,0,0,0.0,max_dim=0.070
apple,yyuiva,not_ready,0,0,0.0,max_dim=0.089
apple,zlxfxt,graspable,200,5,13.2,max_dim=0.063
apple,zutnsf,not_ready,0,0,0.0,max_dim=0.073
apple_pie,ejrgdj,graspable,200,5,24.1,max_dim=0.174
apple_pie,rpdhbr,graspable,200,5,13.2,max_dim=0.173
apricot,qmwmwm,graspable,200,5,9.4,max_dim=0.090
apron,uxgjdv,too_large,0,0,0.0,max_dim=1.057
arbor,qewqan,too_large,0,0,0.0,max_dim=2.992
architectural_plan,upkcfq,too_large,0,0,0.0,max_dim=0.602
arepa,hhtbuy,graspable,200,5,12.0,max_dim=0.186
armchair,axcwcm,too_large,0,0,0.0,max_dim=0.768
armchair,axudcx,too_large,0,0,0.0,max_dim=0.834
armchair,bdgwkg,too_large,0,0,0.0,max_dim=0.873
armchair,bslhmj,too_large,0,0,0.0,max_dim=0.812
armchair,ccpgpe,too_large,0,0,0.0,max_dim=0.855
armchair,cehzwd,too_large,0,0,0.0,max_dim=1.039
armchair,cyvmhv,too_large,0,0,0.0,max_dim=0.834
armchair,esfrjm,too_large,0,0,0.0,max_dim=0.991
armchair,fsrprw,too_large,0,0,0.0,max_dim=0.834
armchair,hdibix,too_large,0,0,0.0,max_dim=0.917
armchair,hfydou,too_large,0,0,0.0,max_dim=0.796
armchair,ihhodt,too_large,0,0,0.0,max_dim=0.840
armchair,irzlby,too_large,0,0,0.0,max_dim=0.917
armchair,jmunen,too_large,0,0,0.0,max_dim=0.768
armchair,jzthdw,too_large,0,0,0.0,max_dim=0.866
armchair,nckeqb,too_large,0,0,0.0,max_dim=0.791
armchair,nibzys,too_large,0,0,0.0,max_dim=0.891
armchair,ouqlrc,too_large,0,0,0.0,max_dim=1.153
armchair,pfntgd,too_large,0,0,0.0,max_dim=0.855
armchair,pmrcex,too_large,0,0,0.0,max_dim=0.834
armchair,qerjol,too_large,0,0,0.0,max_dim=0.862
armchair,qgcjtr,too_large,0,0,0.0,max_dim=0.791
armchair,qhcrgb,too_large,0,0,0.0,max_dim=0.866
armchair,qjwuus,too_large,0,0,0.0,max_dim=0.834
armchair,qplklw,too_large,0,0,0.0,max_dim=0.834
armchair,qyntri,too_large,0,0,0.0,max_dim=0.917
armchair,rabzuf,too_large,0,0,0.0,max_dim=0.834
armchair,rtbsof,too_large,0,0,0.0,max_dim=0.916
armchair,tcscts,too_large,0,0,0.0,max_dim=0.762
armchair,tcxiue,too_large,0,0,0.0,max_dim=0.791
armchair,tgbaim,too_large,0,0,0.0,max_dim=0.875
armchair,thfelc,too_large,0,0,0.0,max_dim=0.808
armchair,thhqkc,too_large,0,0,0.0,max_dim=1.395
armchair,umbrpd,too_large,0,0,0.0,max_dim=0.768
armchair,viphen,too_large,0,0,0.0,max_dim=0.834
armchair,vtsoat,too_large,0,0,0.0,max_dim=0.768
armchair,vzfhpv,too_large,0,0,0.0,max_dim=0.812
armchair,vzhxuf,too_large,0,0,0.0,max_dim=0.834
armchair,wkmkvd,too_large,0,0,0.0,max_dim=1.084
armchair,xkacfd,too_large,0,0,0.0,max_dim=0.768
armchair,xpcheg,too_large,0,0,0.0,max_dim=0.834
armchair,xqovyv,too_large,0,0,0.0,max_dim=0.834
armchair,ybcnmu,too_large,0,0,0.0,max_dim=1.042
armchair,zoamsi,too_large,0,0,0.0,max_dim=0.878
armchair,zrgdsz,too_large,0,0,0.0,max_dim=0.851
armchair,zxhcxt,too_large,0,0,0.0,max_dim=0.830
artichoke,tfclmg,graspable,200,5,11.9,max_dim=0.067
arugula,lbkpoh,graspable,200,5,12.3,max_dim=0.096
ashtray,dhkkfo,not_ready,0,0,0.0,max_dim=0.101
ashtray,nfuxzd,graspable,200,5,24.8,max_dim=0.129
asparagus,eodozo,graspable,200,5,48.5,max_dim=0.192
asparagus,npggjn,graspable,200,5,41.5,max_dim=0.168
asparagus,xguktb,graspable,200,5,59.7,max_dim=0.156
auricularia,coecnm,not_ready,0,0,0.0,max_dim=0.049
avocado,arswzs,graspable,200,5,13.5,max_dim=0.114
axe,plqyos,too_large,0,0,0.0,max_dim=0.535
baby_bottle,mzedhe,graspable,200,5,21.6,max_dim=0.158
baby_shoe,jzwnri,graspable,200,5,14.0,max_dim=0.127
baby_shoe,tnbjlw,graspable,200,5,12.4,max_dim=0.127
background,eydaus,too_large,0,0,0.0,max_dim=49.681
background,gkemae,too_large,0,0,0.0,max_dim=5.689
background,miopfw,too_large,0,0,0.0,max_dim=100.762
background,zqogsh,too_large,0,0,0.0,max_dim=49.681
backpack,gvbiwl,no_grasp,0,0,1.5,max_dim=0.489
bacon,eclhdh,graspable,200,5,52.3,max_dim=0.106
bacon,iiatla,graspable,200,5,43.0,max_dim=0.132
bacon,ioogif,graspable,200,5,45.8,max_dim=0.133
bag_of_auricularia,vyxoju,not_ready,0,0,0.0,max_dim=0.214
bag_of_breadcrumbs,nvhvxe,graspable,200,5,15.7,max_dim=0.158
bag_of_brown_rice,tnfazj,not_ready,0,0,0.0,max_dim=0.332
bag_of_chips,bryahw,graspable,200,4,119.3,max_dim=0.288
bag_of_chips,dwkdko,graspable,200,5,51.6,max_dim=0.290
bag_of_chips,ennnjj,graspable,200,5,76.1,max_dim=0.273
bag_of_chips,jphwer,graspable,200,2,114.4,max_dim=0.278
bag_of_chips,qstxpj,no_grasp,200,0,102.9,max_dim=0.290
bag_of_chips,uevvib,graspable,200,5,34.5,max_dim=0.278
bag_of_chips,wnuoym,graspable,200,2,118.7,max_dim=0.317
bag_of_cookies,bbyvsc,graspable,200,5,45.4,max_dim=0.165
bag_of_cookies,ikivgk,graspable,200,5,25.9,max_dim=0.146
bag_of_cookies,ksjtde,graspable,200,5,54.9,max_dim=0.247
bag_of_cookies,vafomx,graspable,200,5,16.9,max_dim=0.234
bag_of_cream_cheese,dxrsol,graspable,200,5,44.9,max_dim=0.146
bag_of_fertilizer,rqpgrk,too_large,0,0,0.0,max_dim=0.538
bag_of_flour,fntqmd,graspable,200,2,107.9,max_dim=0.192
bag_of_flour,rlejxx,not_ready,0,0,0.0,max_dim=0.239
bag_of_ice_cream,himfgn,graspable,200,5,16.5,max_dim=0.166
bag_of_ice_cream,jwalbo,graspable,200,5,24.0,max_dim=0.167
bag_of_jerky,wblype,graspable,200,5,78.6,max_dim=0.194
bag_of_mulch,foxqdk,too_large,0,0,0.0,max_dim=0.592
bag_of_oranges,vohgas,graspable,200,5,13.8,max_dim=0.156
bag_of_popcorn,dmubtt,not_ready,0,0,0.0,max_dim=0.209
bag_of_popcorn,ebygfp,not_ready,0,0,0.0,max_dim=0.191
bag_of_rice,eddcjz,graspable,200,4,106.1,max_dim=0.317
bag_of_rice,feerye,graspable,200,5,25.0,max_dim=0.194
bag_of_rice,jzjqjb,no_grasp,200,0,102.1,max_dim=0.315
bag_of_rice,xcokwx,no_grasp,200,0,88.9,max_dim=0.317
bag_of_rubbish,qfkzkd,too_large,0,0,0.0,max_dim=0.728
bag_of_shiitake,jazecy,not_ready,0,0,0.0,max_dim=0.219
bag_of_snacks,pkwgid,graspable,200,5,119.8,max_dim=0.282
bag_of_starch,npegpl,too_large,0,0,0.0,max_dim=0.527
bag_of_tea,jjweyi,graspable,200,5,71.8,max_dim=0.248
bag_of_yeast,ibvtik,not_ready,0,0,0.0,max_dim=0.173
bagel,zlxkry,graspable,200,4,98.7,max_dim=0.156
bagel_dough,iuembm,not_ready,0,0,0.0,max_dim=0.200
baguette,pjzkeh,not_ready,0,0,0.0,max_dim=0.157
baguette,xhqnuc,not_ready,0,0,0.0,max_dim=0.160
baguette,xydhpd,graspable,200,5,28.9,max_dim=0.163
baguette,ypbyek,not_ready,0,0,0.0,max_dim=0.105
bait,lghbdw,graspable,200,5,21.9,max_dim=0.150
baking_powder_jar,lgopij,not_ready,0,0,0.0,max_dim=0.235
baking_sheet,yhurut,graspable,200,5,34.3,max_dim=0.416
balloon,ixhbmk,no_grasp,200,0,98.7,max_dim=0.409
banana,verqwv,not_ready,0,0,0.0,max_dim=0.200
banana,vvyyyv,graspable,200,5,42.2,max_dim=0.202
banana,wmglhc,not_ready,0,0,0.0,max_dim=0.167
banana,znakxm,graspable,200,5,48.6,max_dim=0.180
banana_bread,outrja,not_ready,0,0,0.0,max_dim=0.144
bandage,riftxh,graspable,200,5,19.4,max_dim=0.077
bandana,wbhliu,not_ready,0,0,0.0,max_dim=0.344
bap,enbbud,not_ready,0,0,0.0,max_dim=0.144
bap,pabfde,not_ready,0,0,0.0,max_dim=0.149
bar,byvbuc,too_large,0,0,0.0,max_dim=2.155
bar,cowjqr,too_large,0,0,0.0,max_dim=3.800
bar,egwapq,too_large,0,0,0.0,max_dim=2.427
bar,hhltqq,too_large,0,0,0.0,max_dim=9.298
bar,joihle,too_large,0,0,0.0,max_dim=1.033
bar,jvkwcc,too_large,0,0,0.0,max_dim=2.028
bar,udatjt,too_large,0,0,0.0,max_dim=2.994
bar,ukorzz,too_large,0,0,0.0,max_dim=4.405
bar,xxftww,too_large,0,0,0.0,max_dim=5.764
bar_soap,feqemg,graspable,200,5,16.6,max_dim=0.113
bar_soap,lyigsj,not_ready,0,0,0.0,max_dim=0.078
bar_soap,ofargb,graspable,200,5,16.9,max_dim=0.109
bar_soap,ozifwa,graspable,200,5,10.9,max_dim=0.093
bar_soap,utgixp,graspable,200,5,10.8,max_dim=0.047
bar_stool,haaiau,too_large,0,0,0.0,max_dim=0.768
barbecue_sauce_bottle,gfxrnj,graspable,200,5,26.7,max_dim=0.258
baseball,zanmar,graspable,200,5,11.8,max_dim=0.073
baseball_bat,spcxrt,too_large,0,0,0.0,max_dim=0.755
baseball_bat,yalgei,too_large,0,0,0.0,max_dim=0.813
baseball_cap,ogptul,graspable,200,5,16.3,max_dim=0.213
baseball_glove,feakpw,not_ready,0,0,0.0,max_dim=0.329
baseboard,djaeet,too_large,0,0,0.0,max_dim=1.828
baseboard,dsajeh,too_large,0,0,0.0,max_dim=2.484
baseboard,gmhhek,too_large,0,0,0.0,max_dim=1.871
baseboard,peorza,too_large,0,0,0.0,max_dim=3.385
basil,bebpnf,graspable,200,5,11.5,max_dim=0.088
basil,dkuhvb,graspable,200,5,12.4,max_dim=0.120
basil_jar,swytaw,graspable,200,5,15.5,max_dim=0.204
bath_towel,thmepr,too_large,0,0,0.0,max_dim=1.085
bathtub,azdgtl,too_large,0,0,0.0,max_dim=1.553
bathtub,enpxbn,too_large,0,0,0.0,max_dim=1.686
bathtub,euxylv,too_large,0,0,0.0,max_dim=1.843
bathtub,fdjykf,too_large,0,0,0.0,max_dim=1.695
bathtub,gulceo,too_large,0,0,0.0,max_dim=1.553
bathtub,jfhrwj,too_large,0,0,0.0,max_dim=1.599
bathtub,oobbwn,too_large,0,0,0.0,max_dim=1.666
bathtub,pdcrfs,too_large,0,0,0.0,max_dim=1.878
bathtub,rufepf,too_large,0,0,0.0,max_dim=2.186
bathtub,uqmgtw,too_large,0,0,0.0,max_dim=1.747
bathtub,wxrafq,too_large,0,0,0.0,max_dim=1.668
battery,dcjyzg,graspable,200,5,11.1,max_dim=0.061
batting_gloves,uteyjv,graspable,200,5,15.0,max_dim=0.229
bay_leaf,blazyi,graspable,200,5,13.7,max_dim=0.075
bay_leaf,cdhuzx,graspable,200,5,9.8,max_dim=0.078
bay_leaf,cwnnyb,graspable,200,5,13.8,max_dim=0.087
bay_leaf,dffqtk,graspable,200,5,11.3,max_dim=0.047
bay_leaf,dwqqxh,graspable,200,5,13.4,max_dim=0.080
bay_leaf,ghcnzp,graspable,200,5,11.3,max_dim=0.074
bay_leaf,llmoti,graspable,200,5,12.8,max_dim=0.088
bay_leaf,rqtlsv,graspable,200,5,10.4,max_dim=0.076
bay_leaf,xofecb,graspable,200,5,12.1,max_dim=0.088
beach_toy,kjoafi,graspable,200,5,26.4,max_dim=0.188
beach_toy,wonucj,graspable,200,5,32.4,max_dim=0.169
beach_toy,zsljeg,graspable,200,5,22.0,max_dim=0.408
beaker,dtjmai,graspable,200,5,11.7,max_dim=0.084
beaker,effbnc,graspable,200,5,25.2,max_dim=0.146
beaker,exzsal,graspable,200,5,25.3,max_dim=0.102
beaker,fxrsyi,graspable,200,5,12.1,max_dim=0.066
beaker,fyrkzs,graspable,200,5,12.6,max_dim=0.081
beaker,jdijek,graspable,200,5,12.6,max_dim=0.081
beaker,rhohgs,graspable,200,5,11.8,max_dim=0.081
beaker,sfvswx,graspable,200,5,17.8,max_dim=0.146
beaker,sstojv,not_ready,0,0,0.0,max_dim=0.208
beaker,uobdoq,graspable,200,5,12.2,max_dim=0.081
beaker,uzgibd,not_ready,0,0,0.0,max_dim=0.074
beaker,zycgen,graspable,200,5,12.1,max_dim=0.081
bean_curd,hekigc,not_ready,0,0,0.0,max_dim=0.042
bed,fnzxxr,too_large,0,0,0.0,max_dim=2.235
bed,gcgodj,too_large,0,0,0.0,max_dim=2.557
bed,guguqb,too_large,0,0,0.0,max_dim=2.250
bed,gxfipj,too_large,0,0,0.0,max_dim=2.142
bed,hojitx,too_large,0,0,0.0,max_dim=2.032
bed,ivdnny,too_large,0,0,0.0,max_dim=1.659
bed,jpuihb,too_large,0,0,0.0,max_dim=1.980
bed,kddswt,too_large,0,0,0.0,max_dim=2.168
bed,klcjcy,too_large,0,0,0.0,max_dim=2.301
bed,lslyyi,too_large,0,0,0.0,max_dim=2.175
bed,mpgavt,too_large,0,0,0.0,max_dim=1.926
bed,mykwrc,too_large,0,0,0.0,max_dim=3.000
bed,nwzbyk,too_large,0,0,0.0,max_dim=2.032
bed,pqptex,too_large,0,0,0.0,max_dim=2.060
bed,rhanfx,too_large,0,0,0.0,max_dim=2.281
bed,rrcvaq,too_large,0,0,0.0,max_dim=1.992
bed,siuxgz,too_large,0,0,0.0,max_dim=2.387
bed,smmmaf,too_large,0,0,0.0,max_dim=2.184
bed,tjfzsb,too_large,0,0,0.0,max_dim=2.142
bed,wbjidf,too_large,0,0,0.0,max_dim=2.195
bed,wfxgbb,too_large,0,0,0.0,max_dim=3.794
bed,wyxtqf,too_large,0,0,0.0,max_dim=1.953
bed,yghbxh,too_large,0,0,0.0,max_dim=2.148
bed,zrumze,too_large,0,0,0.0,max_dim=2.032
bed_screen,klvmfw,too_large,0,0,0.0,max_dim=2.790
bed_screen,ofpyax,too_large,0,0,0.0,max_dim=2.787
bed_sheet,ivmsdt,too_large,0,0,0.0,max_dim=1.429
bed_sheet,jfsovh,too_large,0,0,0.0,max_dim=1.502
bed_sheet,ldpbcu,too_large,0,0,0.0,max_dim=1.437
bed_sheet,omsbux,too_large,0,0,0.0,max_dim=1.482
bed_sheet,padfds,too_large,0,0,0.0,max_dim=1.565
bed_sheet,xeskbh,too_large,0,0,0.0,max_dim=1.452
beef_broth_carton,ecqxgd,graspable,200,5,15.3,max_dim=0.305
beefsteak_tomato,altlfz,graspable,200,5,11.5,max_dim=0.069
beefsteak_tomato,eevvzv,graspable,200,5,11.8,max_dim=0.072
beefsteak_tomato,ogpans,graspable,200,5,9.9,max_dim=0.078
beefsteak_tomato,pnrdxh,graspable,200,5,13.7,max_dim=0.093
beer_bottle,nigfha,not_ready,0,0,0.0,max_dim=0.259
beer_glass,lymciz,graspable,200,5,17.7,max_dim=0.209
beer_glass,mxsliu,graspable,200,5,11.4,max_dim=0.117
beer_glass,rxscji,graspable,200,5,10.3,max_dim=0.088
beer_keg,xtqbuf,too_large,0,0,0.0,max_dim=0.600
beer_tap,bebcmz,not_ready,0,0,0.0,max_dim=0.492
beer_tap,vgaluf,too_large,0,0,0.0,max_dim=0.504
beer_tap,zcrgvq,not_ready,0,0,0.0,max_dim=0.422
beeswax_candle,aiuhyv,not_ready,0,0,0.0,max_dim=0.073
beeswax_candle,kxange,not_ready,0,0,0.0,max_dim=0.091
beeswax_candle,nhdnje,graspable,200,5,19.9,max_dim=0.107
beeswax_candle,nxewyk,graspable,200,5,41.7,max_dim=0.207
beeswax_candle,oimgmh,graspable,200,5,25.8,max_dim=0.206
beeswax_candle,ouzkdj,graspable,200,5,37.4,max_dim=0.157
beeswax_candle,pfewit,graspable,200,5,32.1,max_dim=0.246
beeswax_candle,rptogj,not_ready,0,0,0.0,max_dim=0.064
beet,wantjv,graspable,200,5,11.8,max_dim=0.175
bell,oshurh,graspable,200,5,10.4,max_dim=0.080
bell_pepper,ggurxn,graspable,200,5,12.0,max_dim=0.094
bell_pepper,ihctxa,graspable,200,5,10.9,max_dim=0.094
bell_pepper,ukkycp,graspable,200,5,13.6,max_dim=0.094
bell_pepper,uqcenz,graspable,200,5,10.3,max_dim=0.106
bell_pepper,wszvwc,graspable,200,5,15.0,max_dim=0.108
belt,gqwddb,too_large,0,0,0.0,max_dim=0.691
bench,esagiq,too_large,0,0,0.0,max_dim=1.226
bench,fdxevw,too_large,0,0,0.0,max_dim=2.382
bench,ftvzzg,too_large,0,0,0.0,max_dim=2.200
bench,hezgut,too_large,0,0,0.0,max_dim=1.618
bench,jaklov,too_large,0,0,0.0,max_dim=1.934
bench,jhfkdc,too_large,0,0,0.0,max_dim=1.376
bench,jvygiq,too_large,0,0,0.0,max_dim=1.691
bench,kpeeai,too_large,0,0,0.0,max_dim=5.831
bench,nnzwxs,too_large,0,0,0.0,max_dim=1.668
bench,nokayw,too_large,0,0,0.0,max_dim=1.428
bench,nzsfrw,too_large,0,0,0.0,max_dim=1.843
bench,pcymmc,too_large,0,0,0.0,max_dim=1.882
bench,pfjnnj,too_large,0,0,0.0,max_dim=1.169
bench,qhuvow,too_large,0,0,0.0,max_dim=4.046
bench,sfglvm,too_large,0,0,0.0,max_dim=4.291
bench,sihckt,too_large,0,0,0.0,max_dim=6.065
bench,sntjne,too_large,0,0,0.0,max_dim=1.835
bench,svnyht,too_large,0,0,0.0,max_dim=1.654
bench,uuhugq,too_large,0,0,0.0,max_dim=2.382
bench,wtkahs,too_large,0,0,0.0,max_dim=0.985
bench,wvtbnn,too_large,0,0,0.0,max_dim=2.231
bench,xwphjd,too_large,0,0,0.0,max_dim=1.241
bench,ybkjzd,too_large,0,0,0.0,max_dim=9.152
bench,yldwmi,too_large,0,0,0.0,max_dim=2.207
bench,zfpjkj,too_large,0,0,0.0,max_dim=1.370
bench_press_machine,pxlgue,too_large,0,0,0.0,max_dim=1.331
bench_press_machine,qjakhy,too_large,0,0,0.0,max_dim=1.020
bench_press_machine,zfhbwy,too_large,0,0,0.0,max_dim=1.728
bicycle,fjvlyf,too_large,0,0,0.0,max_dim=1.730
bicycle,xjumcf,too_large,0,0,0.0,max_dim=1.732
bicycle_chain,czrssf,graspable,200,5,54.5,max_dim=0.242
bicycle_rack,mltrbs,too_large,0,0,0.0,max_dim=1.569
bikini,ttgike,not_ready,0,0,0.0,max_dim=0.197
bird_feed_bag,dpxnlc,graspable,200,5,65.2,max_dim=0.367
bird_feeder,hvlkjx,graspable,200,5,13.9,max_dim=0.094
birdcage,ogkdoh,too_large,0,0,0.0,max_dim=0.502
biscuit,ukcwqw,graspable,200,5,10.5,max_dim=0.047
biscuit_dough,vbhtbo,not_ready,0,0,0.0,max_dim=0.200
blackberry,tvpfvb,graspable,200,5,11.1,max_dim=0.029
blackboard,dgcavd,too_large,0,0,0.0,max_dim=1.935
blackboard,pktarr,too_large,0,0,0.0,max_dim=3.190
blackboard_eraser,oynrtw,graspable,200,5,65.8,max_dim=0.150
blanket,corgks,not_ready,0,0,0.0,max_dim=0.471
blanket,uksirc,too_large,0,0,0.0,max_dim=1.715
blanket,uwbyty,too_large,0,0,0.0,max_dim=1.549
blanket,vwzlnn,too_large,0,0,0.0,max_dim=1.901
blanket,yscwot,too_large,0,0,0.0,max_dim=1.504
bleaching_agent_atomizer,arxjfa,graspable,200,5,14.1,max_dim=0.255
blender,cwkvib,no_grasp,200,0,9.9,max_dim=0.393
blender,dhfqid,not_ready,0,0,0.0,max_dim=0.374
blender,eyedvd,no_grasp,200,0,8.5,max_dim=0.364
bleu,wxahdr,not_ready,0,0,0.0,max_dim=0.082
blouse,htcikj,too_large,0,0,0.0,max_dim=0.872
board,fxugbm,too_large,0,0,0.0,max_dim=1.117
board_game,eoywpy,no_grasp,200,0,16.7,max_dim=0.223
board_game,frgdqh,no_grasp,200,0,17.2,max_dim=0.197
board_game,fzyuip,no_grasp,200,0,17.3,max_dim=0.162
board_game,gcfkqa,no_grasp,200,0,17.4,max_dim=0.199
board_game,gumkqh,no_grasp,200,0,17.4,max_dim=0.197
board_game,ibzhzu,no_grasp,200,0,17.5,max_dim=0.198
board_game,iqfvfl,no_grasp,200,0,17.8,max_dim=0.134
board_game,lzslbu,no_grasp,200,0,18.0,max_dim=0.199
board_game,nfewft,no_grasp,200,0,18.1,max_dim=0.134
board_game,ovttum,no_grasp,200,0,18.2,max_dim=0.199
board_game,phwwnx,graspable,200,5,18.1,max_dim=0.134
board_game,qdkyzl,graspable,200,5,27.9,max_dim=0.134
board_game,qgvsnb,graspable,200,5,14.0,max_dim=0.255
board_game,rgvkmy,graspable,200,5,26.1,max_dim=0.134
board_game,twkglv,graspable,200,5,24.1,max_dim=0.134
board_game,vbamua,graspable,200,5,25.3,max_dim=0.287
bobby_pin,zphpcz,graspable,200,5,14.5,max_dim=0.070
bok_choy,bbvcji,graspable,200,5,25.6,max_dim=0.170
bok_choy,jpkewd,graspable,200,5,19.4,max_dim=0.171
bookcase,bsvnni,too_large,0,0,0.0,max_dim=0.787
bookcase,ckjxoo,too_large,0,0,0.0,max_dim=1.950
bookcase,cqcoox,too_large,0,0,0.0,max_dim=0.652
bookcase,eckdny,too_large,0,0,0.0,max_dim=1.632
bookcase,eeamky,too_large,0,0,0.0,max_dim=2.177
bookcase,eniafz,too_large,0,0,0.0,max_dim=1.012
bookcase,eyidvz,too_large,0,0,0.0,max_dim=0.915
bookcase,ftzmow,too_large,0,0,0.0,max_dim=1.065
bookcase,gsksby,too_large,0,0,0.0,max_dim=1.009
bookcase,iwziew,too_large,0,0,0.0,max_dim=0.800
bookcase,jaysra,too_large,0,0,0.0,max_dim=1.756
bookcase,jpdtvg,too_large,0,0,0.0,max_dim=1.430
bookcase,kdnyfh,too_large,0,0,0.0,max_dim=1.590
bookcase,kmuacd,too_large,0,0,0.0,max_dim=1.225
bookcase,kvlewx,too_large,0,0,0.0,max_dim=5.561
bookcase,lbbims,too_large,0,0,0.0,max_dim=2.010
bookcase,mfyvai,too_large,0,0,0.0,max_dim=1.010
bookcase,njwsoa,too_large,0,0,0.0,max_dim=2.000
bookcase,opryhp,too_large,0,0,0.0,max_dim=0.772
bookcase,otwukr,too_large,0,0,0.0,max_dim=1.050
bookcase,owvfik,too_large,0,0,0.0,max_dim=0.750
bookcase,pkgbcp,too_large,0,0,0.0,max_dim=1.080
bookcase,ptxdid,too_large,0,0,0.0,max_dim=4.590
bookcase,qpylqf,too_large,0,0,0.0,max_dim=1.470
bookcase,svhjxd,too_large,0,0,0.0,max_dim=2.122
bookcase,sylmbu,too_large,0,0,0.0,max_dim=2.177
bookcase,tahafx,too_large,0,0,0.0,max_dim=2.084
bookcase,uriudf,too_large,0,0,0.0,max_dim=2.018
bookcase,vehhll,too_large,0,0,0.0,max_dim=2.405
bookcase,vgzdul,too_large,0,0,0.0,max_dim=1.924
bookcase,vndvrn,no_grasp,0,0,1.0,max_dim=0.475
bookcase,wnvxme,too_large,0,0,0.0,max_dim=3.088
bookcase,xgvyyv,too_large,0,0,0.0,max_dim=1.961
bookcase,xsfeyi,too_large,0,0,0.0,max_dim=1.543
bookcase,xurqal,too_large,0,0,0.0,max_dim=0.949
bookcase,zdsmhe,too_large,0,0,0.0,max_dim=1.543
bookcase,zfpyqe,too_large,0,0,0.0,max_dim=1.643
bookcase_back,gjsnrt,too_large,0,0,0.0,max_dim=2.020
bookcase_baseboard,hlhneo,too_large,0,0,0.0,max_dim=0.742
bookcase_shelf,ymtnqa,too_large,0,0,0.0,max_dim=0.740
bookcase_side,bxfkjj,too_large,0,0,0.0,max_dim=2.020
bookcase_side,yujrmw,too_large,0,0,0.0,max_dim=2.020
bookcase_top,pfiole,too_large,0,0,0.0,max_dim=0.740
bookend,detqsw,not_ready,0,0,0.0,max_dim=0.244
bookend,eyddem,not_ready,0,0,0.0,max_dim=0.214
bookend,hlpgle,not_ready,0,0,0.0,max_dim=0.205
bookend,huxmnl,not_ready,0,0,0.0,max_dim=0.207
bookend,jmodol,not_ready,0,0,0.0,max_dim=0.236
bookend,oxfecv,not_ready,0,0,0.0,max_dim=0.228
bookend,rwvcah,not_ready,0,0,0.0,max_dim=0.228
bookend,sgiryo,not_ready,0,0,0.0,max_dim=0.236
bookend,xqyxrq,not_ready,0,0,0.0,max_dim=0.221
bookend,ygynyq,not_ready,0,0,0.0,max_dim=0.221
booth,xzrpar,too_large,0,0,0.0,max_dim=1.310
bottle_of_alcohol,qvhrjh,not_ready,0,0,0.0,max_dim=0.239
bottle_of_alfredo_sauce,xwzqjr,graspable,200,5,13.9,max_dim=0.114
bottle_of_almond_oil,nlokfa,not_ready,0,0,0.0,max_dim=0.222
bottle_of_ammonia,daasuw,graspable,200,5,22.5,max_dim=0.274
bottle_of_antihistamines,agavwx,graspable,200,5,12.3,max_dim=0.127
bottle_of_apple_cider,frekrp,not_ready,0,0,0.0,max_dim=0.311
bottle_of_apple_juice,xvrbdy,graspable,200,5,90.0,max_dim=0.203
bottle_of_aspirin,psvktc,not_ready,0,0,0.0,max_dim=0.089
bottle_of_baby_oil,xpdlrr,not_ready,0,0,0.0,max_dim=0.175
bottle_of_barbecue_sauce,ikbsox,graspable,200,5,86.9,max_dim=0.191
bottle_of_barbecue_sauce,nkqvex,graspable,200,5,19.8,max_dim=0.118
bottle_of_barbecue_sauce,rzevkb,graspable,200,5,47.9,max_dim=0.150
bottle_of_beer,bwaboq,not_ready,0,0,0.0,max_dim=0.194
bottle_of_beer,crfcwo,graspable,200,5,17.2,max_dim=0.225
bottle_of_beer,dcwvkg,graspable,200,5,33.2,max_dim=0.288
bottle_of_beer,dqfsgv,not_ready,0,0,0.0,max_dim=0.254
bottle_of_beer,eicnxj,not_ready,0,0,0.0,max_dim=0.205
bottle_of_beer,fcnrqt,not_ready,0,0,0.0,max_dim=0.254
bottle_of_beer,fgzjnb,graspable,200,5,26.2,max_dim=0.217
bottle_of_beer,gxxbhh,graspable,200,5,26.6,max_dim=0.217
bottle_of_beer,hauvsg,not_ready,0,0,0.0,max_dim=0.205
bottle_of_beer,ikgezm,not_ready,0,0,0.0,max_dim=0.205
bottle_of_beer,jssuog,not_ready,0,0,0.0,max_dim=0.205
bottle_of_beer,jtgyoo,not_ready,0,0,0.0,max_dim=0.254
bottle_of_beer,jxhtdl,not_ready,0,0,0.0,max_dim=0.254
bottle_of_beer,kqskmv,graspable,200,5,54.1,max_dim=0.254
bottle_of_beer,meqliv,graspable,200,5,11.0,max_dim=0.225
bottle_of_beer,mhzpkh,not_ready,0,0,0.0,max_dim=0.254
bottle_of_beer,miiijl,not_ready,0,0,0.0,max_dim=0.254
bottle_of_beer,mljzrl,not_ready,0,0,0.0,max_dim=0.254
bottle_of_beer,nfzzqc,graspable,200,5,128.6,max_dim=0.369
bottle_of_beer,noxtlc,not_ready,0,0,0.0,max_dim=0.254
bottle_of_beer,phdimo,graspable,200,5,31.3,max_dim=0.245
bottle_of_beer,qepxvl,graspable,200,5,35.0,max_dim=0.227
bottle_of_beer,rbpakt,not_ready,0,0,0.0,max_dim=0.205
bottle_of_beer,rdnopv,graspable,200,5,41.0,max_dim=0.205
bottle_of_beer,rjwdae,not_ready,0,0,0.0,max_dim=0.205
bottle_of_beer,saslsh,graspable,200,5,38.4,max_dim=0.254
bottle_of_beer,ukbhdj,not_ready,0,0,0.0,max_dim=0.205
bottle_of_beer,vhscym,graspable,200,5,43.0,max_dim=0.288
bottle_of_beer,xpqnfz,not_ready,0,0,0.0,max_dim=0.205
bottle_of_beer,zbsxro,graspable,200,5,22.0,max_dim=0.224
bottle_of_beer,zlmwyn,graspable,200,5,106.8,max_dim=0.340
bottle_of_black_pepper,ejtiig,graspable,200,5,14.1,max_dim=0.074
bottle_of_black_pepper,honise,graspable,200,5,30.1,max_dim=0.107
bottle_of_black_pepper,ydzzrv,graspable,200,5,13.2,max_dim=0.073
bottle_of_black_pepper,zybfok,graspable,200,5,12.3,max_dim=0.073
bottle_of_bleach_agent,lfjumk,graspable,200,1,96.6,max_dim=0.350
bottle_of_bug_repellent,qqztry,graspable,200,5,57.7,max_dim=0.188
bottle_of_carrot_juice,jkuhio,graspable,200,5,93.3,max_dim=0.203
bottle_of_catsup,ahoiqe,graspable,200,5,39.4,max_dim=0.161
bottle_of_catsup,bcqfxb,graspable,200,5,74.1,max_dim=0.267
bottle_of_catsup,dmyfdf,graspable,200,5,89.3,max_dim=0.207
bottle_of_catsup,hvxkso,graspable,200,5,41.0,max_dim=0.181
bottle_of_catsup,ialodu,graspable,200,5,114.7,max_dim=0.207
bottle_of_caulk,iwhxca,graspable,200,5,43.4,max_dim=0.335
bottle_of_champagne,ahpwlg,not_ready,0,0,0.0,max_dim=0.371
bottle_of_champagne,mjpyvh,graspable,200,2,116.2,max_dim=0.269
bottle_of_champagne,npsevx,graspable,200,1,112.3,max_dim=0.303
bottle_of_champagne,pxaayf,not_ready,0,0,0.0,max_dim=0.371
bottle_of_chili_pepper,hjalqq,graspable,200,5,14.0,max_dim=0.072
bottle_of_chocolate_sauce,tsyldw,graspable,200,5,73.8,max_dim=0.211
bottle_of_cleaner,svzbeq,not_ready,0,0,0.0,max_dim=0.293
bottle_of_cleaner,ykzonz,not_ready,0,0,0.0,max_dim=0.121
bottle_of_cocoa,ganhpw,graspable,200,5,12.1,max_dim=0.131
bottle_of_coconut_milk,idenxg,graspable,200,5,108.3,max_dim=0.284
bottle_of_coconut_oil,rrwzkq,graspable,200,5,59.1,max_dim=0.228
bottle_of_coconut_water,lsixio,graspable,200,5,14.7,max_dim=0.232
bottle_of_coffee,zywanc,not_ready,0,0,0.0,max_dim=0.283
bottle_of_coke,bmtvvb,not_ready,0,0,0.0,max_dim=0.334
bottle_of_cold_cream,lyzvuk,not_ready,0,0,0.0,max_dim=0.172
bottle_of_cologne,lyipur,graspable,200,5,17.3,max_dim=0.120
bottle_of_conditioner,teafxb,graspable,200,5,28.2,max_dim=0.174
bottle_of_cooking_oil,ywrkyg,graspable,200,5,37.3,max_dim=0.192
bottle_of_cranberry_juice,heoxnw,graspable,200,5,11.9,max_dim=0.229
bottle_of_deicer,xepoez,graspable,200,5,15.3,max_dim=0.270
bottle_of_detergent,gkpmii,graspable,200,5,51.3,max_dim=0.284
bottle_of_detergent,qjkmhq,graspable,200,5,109.7,max_dim=0.284
bottle_of_dish_soap,bnmixt,graspable,200,5,25.4,max_dim=0.220
bottle_of_disinfectant,faedff,graspable,200,5,67.5,max_dim=0.215
bottle_of_disinfectant,ucqzck,graspable,200,5,16.2,max_dim=0.180
bottle_of_essential_oil,eyyhld,graspable,200,5,12.1,max_dim=0.060
bottle_of_essential_oil,wansva,graspable,200,5,13.5,max_dim=0.060
bottle_of_essential_oil,xhoipk,graspable,200,5,11.3,max_dim=0.060
bottle_of_essential_oil,xvqshn,graspable,200,5,10.6,max_dim=0.060
bottle_of_essential_oil,yjxvpg,graspable,200,5,10.5,max_dim=0.060
bottle_of_fabric_softener,rmrnev,not_ready,0,0,0.0,max_dim=0.300
bottle_of_face_cream,dztaed,graspable,200,5,9.5,max_dim=0.077
bottle_of_fennel,ihlkfu,graspable,200,5,13.9,max_dim=0.072
bottle_of_frosting,eqdsmn,graspable,200,5,48.6,max_dim=0.145
bottle_of_fruit_punch,azcigi,graspable,200,5,49.2,max_dim=0.234
bottle_of_fruit_punch,ykfnwi,graspable,200,1,107.0,max_dim=0.333
bottle_of_garlic_sauce,ucnmax,graspable,200,5,84.3,max_dim=0.191
bottle_of_gin,qzgcdx,graspable,200,5,42.2,max_dim=0.275
bottle_of_ginger,drqhzo,graspable,200,5,10.5,max_dim=0.079
bottle_of_ginger_beer,zkocwb,graspable,200,5,69.5,max_dim=0.190
bottle_of_glass_cleaner,yukmlw,graspable,200,5,91.0,max_dim=0.294
bottle_of_glue,evtytd,graspable,200,5,54.8,max_dim=0.145
bottle_of_ground_cloves,vzamzb,graspable,200,5,10.5,max_dim=0.072
bottle_of_ground_mace,lgpxro,graspable,200,5,12.0,max_dim=0.072
bottle_of_ground_nutmeg,qebruq,graspable,200,5,11.3,max_dim=0.072
bottle_of_hot_sauce,zqhkzh,graspable,200,5,103.1,max_dim=0.189
bottle_of_lacquer,cykzcp,graspable,200,5,23.1,max_dim=0.160
bottle_of_lavender_oil,csalbx,not_ready,0,0,0.0,max_dim=0.077
bottle_of_lemon_juice,vsjter,not_ready,0,0,0.0,max_dim=0.173
bottle_of_lemon_sauce,iyijeb,graspable,200,5,83.7,max_dim=0.094
bottle_of_lemonade,hqobwj,not_ready,0,0,0.0,max_dim=0.190
bottle_of_lighter_fluid,qudpzo,graspable,200,5,25.6,max_dim=0.239
bottle_of_lime_juice,ouuhaa,no_grasp,200,0,103.3,max_dim=0.305
bottle_of_liquid_soap,bhquvg,not_ready,0,0,0.0,max_dim=0.167
bottle_of_lotion,tkryrh,graspable,200,5,49.0,max_dim=0.181
bottle_of_lubricant,bjfgim,graspable,200,5,43.6,max_dim=0.386
bottle_of_maple_syrup,qfgewi,graspable,200,5,12.1,max_dim=0.141
bottle_of_mayonnaise,cirpak,graspable,200,5,17.5,max_dim=0.267
bottle_of_medicine,egondf,graspable,200,5,16.7,max_dim=0.093
bottle_of_medicine,fmfwng,graspable,200,5,12.3,max_dim=0.090
bottle_of_medicine,hvocpc,graspable,200,5,19.7,max_dim=0.110
bottle_of_medicine,kasbsy,graspable,200,5,20.0,max_dim=0.094
bottle_of_medicine,kqkwoq,graspable,200,5,16.9,max_dim=0.092
bottle_of_medicine,qqsukh,graspable,200,5,11.9,max_dim=0.095
bottle_of_medicine,syfpak,graspable,200,5,13.4,max_dim=0.090
bottle_of_medicine,zfbnjh,graspable,200,5,20.3,max_dim=0.090
bottle_of_milk,czblzn,graspable,200,5,99.9,max_dim=0.189
bottle_of_milk,ddvsgl,graspable,200,5,34.8,max_dim=0.154
bottle_of_milk,debqen,graspable,200,5,57.8,max_dim=0.196
bottle_of_milk,gchrwu,not_ready,0,0,0.0,max_dim=0.302
bottle_of_milk,mrejrs,graspable,200,5,80.4,max_dim=0.137
bottle_of_milk,qsnnbp,graspable,200,5,74.4,max_dim=0.219
bottle_of_milk,utfsmp,graspable,200,5,55.6,max_dim=0.154
bottle_of_milk,uuvmfm,not_ready,0,0,0.0,max_dim=0.196
bottle_of_milkshake,naxqya,graspable,200,5,25.0,max_dim=0.188
bottle_of_molasses,jvsjop,graspable,200,5,45.9,max_dim=0.191
bottle_of_mushroom_sauce,xamfxi,graspable,200,5,25.4,max_dim=0.129
bottle_of_mustard,qbbqat,graspable,200,5,72.4,max_dim=0.161
bottle_of_mustard,sjasxe,graspable,200,5,20.4,max_dim=0.267
bottle_of_mustard_seeds,grryaf,graspable,200,5,10.8,max_dim=0.072
bottle_of_oil,kzvkyp,graspable,200,5,100.9,max_dim=0.401
bottle_of_oil,ueanhf,not_ready,0,0,0.0,max_dim=0.319
bottle_of_olive_oil,ajswsh,not_ready,0,0,0.0,max_dim=0.282
bottle_of_olive_oil,cqycjk,graspable,200,5,37.5,max_dim=0.223
bottle_of_olive_oil,jocrsz,not_ready,0,0,0.0,max_dim=0.282
bottle_of_olive_oil,ksxqkk,graspable,200,5,27.7,max_dim=0.203
bottle_of_olive_oil,luikop,graspable,200,5,66.8,max_dim=0.159
bottle_of_olive_oil,lvsfgc,not_ready,0,0,0.0,max_dim=0.216
bottle_of_olive_oil,wztvie,graspable,200,5,10.9,max_dim=0.252
bottle_of_onion_powder,xruqod,graspable,200,5,14.3,max_dim=0.153
bottle_of_orange_juice,edltwh,graspable,200,5,57.5,max_dim=0.191
bottle_of_orange_juice,jcvqmb,not_ready,0,0,0.0,max_dim=0.304
bottle_of_orange_juice,rtqqor,graspable,200,5,113.5,max_dim=0.203
bottle_of_paint,volzrj,not_ready,0,0,0.0,max_dim=0.166
bottle_of_paint_remover,abrsty,graspable,200,5,19.1,max_dim=0.243
bottle_of_papaya_juice,nmfmxy,no_grasp,200,0,99.6,max_dim=0.337
bottle_of_papaya_juice,tcauim,graspable,200,5,58.2,max_dim=0.262
bottle_of_paprika,nrdgrp,graspable,200,5,9.3,max_dim=0.072
bottle_of_peanut_butter,edcvwr,graspable,200,5,14.3,max_dim=0.131
bottle_of_perfume,ipurzb,graspable,200,5,11.4,max_dim=0.152
bottle_of_pesticide,yyrecb,graspable,200,5,29.5,max_dim=0.207
bottle_of_pesto,hyeetr,graspable,200,5,11.2,max_dim=0.117
bottle_of_pizza_sauce,clttao,not_ready,0,0,0.0,max_dim=0.097
bottle_of_pop,bqretx,graspable,200,5,84.9,max_dim=0.249
bottle_of_pop,cmqubs,graspable,200,3,100.8,max_dim=0.260
bottle_of_pop,dlqmit,graspable,200,5,20.7,max_dim=0.249
bottle_of_pop,drqbiy,graspable,200,5,43.6,max_dim=0.274
bottle_of_pop,exapzb,graspable,200,5,23.9,max_dim=0.226
bottle_of_pop,eyazzi,not_ready,0,0,0.0,max_dim=0.208
bottle_of_pop,ghxeqz,graspable,200,3,96.5,max_dim=0.170
bottle_of_pop,gkwdyt,graspable,200,2,108.3,max_dim=0.204
bottle_of_pop,haoywb,graspable,200,5,42.7,max_dim=0.170
bottle_of_pop,hjrwqb,graspable,200,5,52.1,max_dim=0.170
bottle_of_pop,iynssk,graspable,200,5,99.3,max_dim=0.195
bottle_of_pop,jnoksl,graspable,200,5,31.3,max_dim=0.170
bottle_of_pop,kviogj,graspable,200,5,23.2,max_dim=0.226
bottle_of_pop,mdznsn,graspable,200,5,76.9,max_dim=0.170
bottle_of_pop,mhzttm,graspable,200,5,96.1,max_dim=0.170
bottle_of_pop,msmlud,graspable,200,5,52.8,max_dim=0.170
bottle_of_pop,nepfjl,no_grasp,200,0,110.0,max_dim=0.170
bottle_of_pop,nyupqh,graspable,200,5,100.4,max_dim=0.170
bottle_of_pop,oeipjl,graspable,200,5,98.4,max_dim=0.170
bottle_of_pop,oghrnk,graspable,200,5,88.3,max_dim=0.170
bottle_of_pop,pfjzkn,graspable,200,5,54.0,max_dim=0.170
bottle_of_pop,pvabxf,graspable,200,5,40.4,max_dim=0.170
bottle_of_pop,pyrics,graspable,200,5,28.6,max_dim=0.170
bottle_of_pop,rhclfg,graspable,200,5,22.9,max_dim=0.170
bottle_of_pop,ribekf,graspable,200,5,94.8,max_dim=0.170
bottle_of_pop,sevoto,graspable,200,5,62.7,max_dim=0.170
bottle_of_pop,tfvmik,not_ready,0,0,0.0,max_dim=0.242
bottle_of_pop,twtsry,graspable,200,5,53.9,max_dim=0.248
bottle_of_pop,ubazru,graspable,200,5,73.6,max_dim=0.170
bottle_of_pop,uwdeok,graspable,200,5,99.1,max_dim=0.217
bottle_of_pop,uwmchl,graspable,200,5,38.7,max_dim=0.170
bottle_of_pop,vfjhav,graspable,200,5,95.8,max_dim=0.170
bottle_of_pop,wmqhul,graspable,200,5,24.4,max_dim=0.170
bottle_of_pop,wrgmdt,graspable,200,5,101.3,max_dim=0.170
bottle_of_pop,wuuoes,graspable,200,5,111.1,max_dim=0.233
bottle_of_pop,xoldze,graspable,200,5,95.5,max_dim=0.170
bottle_of_pop,xvxcvv,graspable,200,5,100.4,max_dim=0.255
bottle_of_pop,zjbqvb,graspable,200,5,9.2,max_dim=0.342
bottle_of_pop,zsisxf,not_ready,0,0,0.0,max_dim=0.174
bottle_of_pop,zxambx,graspable,200,5,97.1,max_dim=0.170
bottle_of_poppy_seeds,xdtrgi,graspable,200,5,12.9,max_dim=0.079
bottle_of_powder,vfabau,graspable,200,5,14.0,max_dim=0.211
bottle_of_protein_powder,rbvrrp,graspable,200,5,41.4,max_dim=0.245
bottle_of_protein_powder,ysgesq,graspable,200,5,26.1,max_dim=0.222
bottle_of_pumpkin_pie_spice,oindrv,no_grasp,200,0,9.4,max_dim=0.108
bottle_of_rum,bnvoux,no_grasp,200,0,3.2,max_dim=0.186
bottle_of_rum,oidmvy,no_grasp,200,0,4.1,max_dim=0.301
bottle_of_rum,rduqdf,not_ready,0,0,0.0,max_dim=0.364
bottle_of_rum,xdaefn,no_grasp,200,0,8.5,max_dim=0.301
bottle_of_sage,bterim,no_grasp,200,0,9.1,max_dim=0.074
bottle_of_sake,hbpenm,not_ready,0,0,0.0,max_dim=0.291
bottle_of_sake,luadgb,not_ready,0,0,0.0,max_dim=0.291
bottle_of_sake,mvvomd,not_ready,0,0,0.0,max_dim=0.291
bottle_of_sake,pwtebq,no_grasp,200,0,10.4,max_dim=0.328
bottle_of_sake,rctijo,not_ready,0,0,0.0,max_dim=0.291
bottle_of_sake,swlykk,no_grasp,200,0,11.0,max_dim=0.245
bottle_of_sake,utwglw,no_grasp,200,0,11.1,max_dim=0.304
bottle_of_sake,vfxfuj,no_grasp,200,0,11.4,max_dim=0.287
bottle_of_sake,zrkfim,not_ready,0,0,0.0,max_dim=0.328
bottle_of_salsa,dvxotd,no_grasp,200,0,12.2,max_dim=0.250
bottle_of_salsa,mavope,no_grasp,200,0,13.9,max_dim=0.250
bottle_of_salsa,nafwlf,graspable,200,5,18.5,max_dim=0.250
bottle_of_sealant,nfqpwi,graspable,200,5,24.7,max_dim=0.361
bottle_of_seasoning,vqwqqv,graspable,200,5,10.5,max_dim=0.072
bottle_of_sesame_oil,jipawg,not_ready,0,0,0.0,max_dim=0.267
bottle_of_sesame_seeds,lzndie,graspable,200,5,10.8,max_dim=0.072
bottle_of_shampoo,dvrzmy,graspable,200,5,50.1,max_dim=0.227
bottle_of_shampoo,hlkpwd,graspable,200,5,45.5,max_dim=0.226
bottle_of_shampoo,lvvkhx,graspable,200,5,30.3,max_dim=0.172
bottle_of_shampoo,stjjjm,graspable,200,5,55.9,max_dim=0.172
bottle_of_skin_cream,ynwxtx,graspable,200,5,65.6,max_dim=0.139
bottle_of_soda,eqyqlx,graspable,200,5,42.2,max_dim=0.224
bottle_of_solvent,gsafbo,graspable,200,5,36.2,max_dim=0.156
bottle_of_soup,maycxf,graspable,200,5,11.8,max_dim=0.225
bottle_of_soup,xctslq,graspable,200,5,13.0,max_dim=0.224
bottle_of_sour_cream,pmawft,graspable,200,5,17.2,max_dim=0.148
bottle_of_soy_milk,lyxwhd,not_ready,0,0,0.0,max_dim=0.209
bottle_of_soy_milk,mcjlhs,graspable,200,5,40.8,max_dim=0.141
bottle_of_soy_sauce,afxisg,graspable,200,5,15.4,max_dim=0.206
bottle_of_sriracha,gnklax,not_ready,0,0,0.0,max_dim=0.259
bottle_of_strawberry_juice,mlnuza,graspable,200,5,12.9,max_dim=0.186
bottle_of_sunscreen,prlrwi,graspable,200,5,27.2,max_dim=0.116
bottle_of_supplements,kgreql,graspable,200,5,28.9,max_dim=0.137
bottle_of_supplements,oqakev,graspable,200,5,24.2,max_dim=0.116
bottle_of_tea,iladfg,graspable,200,5,36.3,max_dim=0.220
bottle_of_tea,yatmrs,graspable,200,4,106.6,max_dim=0.260
bottle_of_tea_leaves,pfbtus,graspable,200,5,12.9,max_dim=0.072
bottle_of_tequila,gbozpr,graspable,200,5,18.5,max_dim=0.171
bottle_of_tomato_juice,csumos,graspable,200,5,94.3,max_dim=0.203
bottle_of_tomato_paste,kkqtjv,not_ready,0,0,0.0,max_dim=0.135
bottle_of_tomato_paste,pnshkj,not_ready,0,0,0.0,max_dim=0.135
bottle_of_tomato_paste,toeelk,not_ready,0,0,0.0,max_dim=0.135
bottle_of_tonic,hpddkk,not_ready,0,0,0.0,max_dim=0.237
bottle_of_tonic,zblovn,not_ready,0,0,0.0,max_dim=0.340
bottle_of_vinegar,snzyfk,graspable,200,5,17.9,max_dim=0.153
bottle_of_vodka,nwegts,graspable,200,5,29.3,max_dim=0.286
bottle_of_water,atvnqy,graspable,200,5,47.0,max_dim=0.194
bottle_of_water,cytqio,graspable,200,5,36.6,max_dim=0.218
bottle_of_water,cyzaue,graspable,200,5,75.3,max_dim=0.175
bottle_of_water,eeaimz,graspable,200,1,98.1,max_dim=0.340
bottle_of_water,emquat,graspable,200,5,60.7,max_dim=0.222
bottle_of_water,hrzznl,not_ready,0,0,0.0,max_dim=0.353
bottle_of_water,jmwngr,graspable,200,5,16.3,max_dim=0.354
bottle_of_water,lkpaas,no_grasp,200,0,110.8,max_dim=0.362
bottle_of_water,lojipo,not_ready,0,0,0.0,max_dim=0.185
bottle_of_water,migvlt,graspable,200,5,78.0,max_dim=0.228
bottle_of_water,qaceen,not_ready,0,0,0.0,max_dim=0.184
bottle_of_water,rmtdxh,graspable,200,3,116.1,max_dim=0.268
bottle_of_water,rrkhva,graspable,200,5,13.1,max_dim=0.151
bottle_of_water,suytyi,graspable,200,5,24.9,max_dim=0.165
bottle_of_water,sxffiv,graspable,200,5,12.4,max_dim=0.291
bottle_of_whiskey,aipxlu,graspable,200,5,10.3,max_dim=0.204
bottle_of_whiskey,hejqyo,graspable,200,5,29.8,max_dim=0.208
bottle_of_whiskey,jfjclv,graspable,200,5,105.5,max_dim=0.275
bottle_of_whiskey,lzjuvy,graspable,200,5,10.1,max_dim=0.195
bottle_of_whiskey,mtwsme,graspable,200,5,106.1,max_dim=0.167
bottle_of_whiskey,pyfpss,graspable,200,5,16.0,max_dim=0.159
bottle_of_whiskey,tihatc,graspable,200,5,12.7,max_dim=0.192
bottle_of_whiskey,wfflbd,graspable,200,5,47.8,max_dim=0.164
bottle_of_whiskey,wmpcxu,graspable,200,5,78.2,max_dim=0.185
bottle_of_wine,bmudli,graspable,200,4,112.4,max_dim=0.215
bottle_of_wine,cldder,graspable,200,4,126.1,max_dim=0.268
bottle_of_wine,dawhco,not_ready,0,0,0.0,max_dim=0.358
bottle_of_wine,dbccri,not_ready,0,0,0.0,max_dim=0.360
bottle_of_wine,dijgvu,no_grasp,200,0,119.5,max_dim=0.307
bottle_of_wine,fzuiwy,graspable,200,4,113.5,max_dim=0.280
bottle_of_wine,gaqzfq,not_ready,0,0,0.0,max_dim=0.351
bottle_of_wine,hnkiog,graspable,200,5,54.8,max_dim=0.242
bottle_of_wine,ivuvbv,graspable,200,5,57.0,max_dim=0.238
bottle_of_wine,jdqahn,graspable,200,5,72.6,max_dim=0.243
bottle_of_wine,jivcff,not_ready,0,0,0.0,max_dim=0.358
bottle_of_wine,klbwkf,graspable,200,5,62.0,max_dim=0.252
bottle_of_wine,kqokhv,not_ready,0,0,0.0,max_dim=0.357
bottle_of_wine,lacaoa,graspable,200,1,124.2,max_dim=0.281
bottle_of_wine,nhmtvt,graspable,200,1,119.2,max_dim=0.291
bottle_of_wine,njoeiz,graspable,200,1,127.7,max_dim=0.281
bottle_of_wine,ntzera,not_ready,0,0,0.0,max_dim=0.358
bottle_of_wine,oldpru,graspable,200,5,47.7,max_dim=0.301
bottle_of_wine,oslewp,graspable,200,5,120.3,max_dim=0.310
bottle_of_wine,pgfplm,graspable,200,4,110.8,max_dim=0.238
bottle_of_wine,pzhwxn,graspable,200,1,129.7,max_dim=0.297
bottle_of_wine,qtefba,not_ready,0,0,0.0,max_dim=0.360
bottle_of_wine,qvsnjo,graspable,200,3,126.7,max_dim=0.238
bottle_of_wine,rfsuxc,not_ready,0,0,0.0,max_dim=0.359
bottle_of_wine,rztiuc,graspable,200,5,58.5,max_dim=0.252
bottle_of_wine,tisclo,graspable,200,4,128.7,max_dim=0.279
bottle_of_wine,uoykwx,graspable,200,5,67.8,max_dim=0.246
bottle_of_wine,vecadn,no_grasp,200,0,122.4,max_dim=0.275
bottle_of_wine,vmdwln,graspable,200,5,32.7,max_dim=0.281
bottle_of_wine,wcokej,graspable,200,5,70.8,max_dim=0.246
bottle_of_wine,wzdrcl,graspable,200,2,127.5,max_dim=0.287
bottle_of_wine,xkjyby,graspable,200,5,42.7,max_dim=0.252
bottle_of_wine,xzipsi,graspable,200,5,58.5,max_dim=0.238
bottle_of_wine,yaxufs,no_grasp,200,0,120.6,max_dim=0.330
bottle_of_wine,ynfvhg,graspable,200,3,125.7,max_dim=0.311
bottom_cabinet,bamfsz,too_large,0,0,0.0,max_dim=0.543
bottom_cabinet,bycegi,too_large,0,0,0.0,max_dim=0.915
bottom_cabinet,ccjinv,too_large,0,0,0.0,max_dim=1.810
bottom_cabinet,cjcyed,too_large,0,0,0.0,max_dim=0.684
bottom_cabinet,dajebq,too_large,0,0,0.0,max_dim=0.915
bottom_cabinet,dsbcxl,too_large,0,0,0.0,max_dim=0.543
bottom_cabinet,eluyvx,no_grasp,0,0,1.4,max_dim=0.424
bottom_cabinet,eupgpt,too_large,0,0,0.0,max_dim=0.914
bottom_cabinet,fancyy,too_large,0,0,0.0,max_dim=1.972
bottom_cabinet,gcrjan,too_large,0,0,0.0,max_dim=0.725
bottom_cabinet,getjzo,too_large,0,0,0.0,max_dim=0.684
bottom_cabinet,glefdh,too_large,0,0,0.0,max_dim=0.914
bottom_cabinet,gvtucm,too_large,0,0,0.0,max_dim=0.915
bottom_cabinet,hnxyev,too_large,0,0,0.0,max_dim=0.688
bottom_cabinet,hrdeys,too_large,0,0,0.0,max_dim=0.914
bottom_cabinet,ilofmb,too_large,0,0,0.0,max_dim=0.794
bottom_cabinet,immwzb,too_large,0,0,0.0,max_dim=0.544
bottom_cabinet,imyaje,too_large,0,0,0.0,max_dim=0.687
bottom_cabinet,jhymlr,too_large,0,0,0.0,max_dim=0.684
bottom_cabinet,jrhgeu,too_large,0,0,0.0,max_dim=0.685
bottom_cabinet,kctcuj,too_large,0,0,0.0,max_dim=1.965
bottom_cabinet,kdbgpm,too_large,0,0,0.0,max_dim=0.914
bottom_cabinet,kenkcw,too_large,0,0,0.0,max_dim=0.684
bottom_cabinet,kubcdk,too_large,0,0,0.0,max_dim=0.916
bottom_cabinet,kxushk,too_large,0,0,0.0,max_dim=0.684
bottom_cabinet,leizjb,no_grasp,200,0,11.0,max_dim=0.493
bottom_cabinet,lhucjo,too_large,0,0,0.0,max_dim=0.845
bottom_cabinet,lwjdmj,too_large,0,0,0.0,max_dim=0.919
bottom_cabinet,mbmbpa,no_grasp,0,0,1.1,max_dim=0.453
bottom_cabinet,mwgceh,too_large,0,0,0.0,max_dim=0.914
bottom_cabinet,mxrzpj,too_large,0,0,0.0,max_dim=0.684
bottom_cabinet,ncbfwr,too_large,0,0,0.0,max_dim=0.684
bottom_cabinet,nddvba,no_grasp,0,0,1.1,max_dim=0.453
bottom_cabinet,nnvyol,too_large,0,0,0.0,max_dim=0.915
bottom_cabinet,nrlayx,too_large,0,0,0.0,max_dim=0.916
bottom_cabinet,nyfebf,too_large,0,0,0.0,max_dim=0.914
bottom_cabinet,ojceew,too_large,0,0,0.0,max_dim=0.685
bottom_cabinet,olgoza,too_large,0,0,0.0,max_dim=0.914
bottom_cabinet,phoesw,too_large,0,0,0.0,max_dim=0.685
bottom_cabinet,pkdnbu,no_grasp,0,0,1.7,max_dim=0.455
bottom_cabinet,plccav,too_large,0,0,0.0,max_dim=0.604
bottom_cabinet,pllcur,too_large,0,0,0.0,max_dim=0.815
bottom_cabinet,pzjecb,too_large,0,0,0.0,max_dim=0.914
bottom_cabinet,qacthv,too_large,0,0,0.0,max_dim=0.684
bottom_cabinet,qbdweu,too_large,0,0,0.0,max_dim=1.374
bottom_cabinet,qkgfln,too_large,0,0,0.0,max_dim=0.915
bottom_cabinet,rhdbzv,too_large,0,0,0.0,max_dim=2.338
bottom_cabinet,rmmvcd,too_large,0,0,0.0,max_dim=1.954
bottom_cabinet,rntwkg,too_large,0,0,0.0,max_dim=0.571
bottom_cabinet,rvpunw,too_large,0,0,0.0,max_dim=0.684
bottom_cabinet,rvunhj,too_large,0,0,0.0,max_dim=0.914
bottom_cabinet,ryznya,too_large,0,0,0.0,max_dim=0.684
bottom_cabinet,slgzfc,too_large,0,0,0.0,max_dim=0.542
bottom_cabinet,smujam,too_large,0,0,0.0,max_dim=0.914
bottom_cabinet,songes,too_large,0,0,0.0,max_dim=0.838
bottom_cabinet,sxppcj,too_large,0,0,0.0,max_dim=0.753
bottom_cabinet,tolupn,too_large,0,0,0.0,max_dim=0.915
bottom_cabinet,ttmejh,too_large,0,0,0.0,max_dim=0.612
bottom_cabinet,twhums,too_large,0,0,0.0,max_dim=0.917
bottom_cabinet,ujniob,too_large,0,0,0.0,max_dim=0.684
bottom_cabinet,vceupd,too_large,0,0,0.0,max_dim=0.915
bottom_cabinet,vespxk,too_large,0,0,0.0,max_dim=0.914
bottom_cabinet,wesxdp,too_large,0,0,0.0,max_dim=0.856
bottom_cabinet,xiurwn,too_large,0,0,0.0,max_dim=0.914
bottom_cabinet,xpdbgf,too_large,0,0,0.0,max_dim=0.914
bottom_cabinet,xqmipa,too_large,0,0,0.0,max_dim=2.354
bottom_cabinet,ybntlp,too_large,0,0,0.0,max_dim=0.684
bottom_cabinet,yohygj,too_large,0,0,0.0,max_dim=0.684
bottom_cabinet,yxfueo,too_large,0,0,0.0,max_dim=0.684
bottom_cabinet,zuwvdo,too_large,0,0,0.0,max_dim=0.684
bottom_cabinet_no_top,apjbrw,too_large,0,0,0.0,max_dim=0.610
bottom_cabinet_no_top,bmsclc,too_large,0,0,0.0,max_dim=0.598
bottom_cabinet_no_top,exgntg,too_large,0,0,0.0,max_dim=0.684
bottom_cabinet_no_top,fmelap,too_large,0,0,0.0,max_dim=0.684
bottom_cabinet_no_top,gjeoer,too_large,0,0,0.0,max_dim=2.814
bottom_cabinet_no_top,gjrero,too_large,0,0,0.0,max_dim=0.730
bottom_cabinet_no_top,motill,too_large,0,0,0.0,max_dim=0.607
bottom_cabinet_no_top,ncgmqr,too_large,0,0,0.0,max_dim=0.696
bottom_cabinet_no_top,ozzcvs,too_large,0,0,0.0,max_dim=0.675
bottom_cabinet_no_top,pluwfl,too_large,0,0,0.0,max_dim=0.734
bottom_cabinet_no_top,qohxjq,too_large,0,0,0.0,max_dim=0.615
bottom_cabinet_no_top,qudfwe,too_large,0,0,0.0,max_dim=0.682
bottom_cabinet_no_top,rkgjer,too_large,0,0,0.0,max_dim=3.063
bottom_cabinet_no_top,spojpj,too_large,0,0,0.0,max_dim=0.618
bottom_cabinet_no_top,ufhpbn,too_large,0,0,0.0,max_dim=0.914
bottom_cabinet_no_top,vdedzt,too_large,0,0,0.0,max_dim=0.629
bottom_cabinet_no_top,vzzafs,too_large,0,0,0.0,max_dim=0.868
bottom_cabinet_no_top,wamrju,too_large,0,0,0.0,max_dim=0.603
bottom_cabinet_no_top,wtnrwl,too_large,0,0,0.0,max_dim=0.818
bouillon_cube,ctzwzz,no_grasp,200,0,1.7,max_dim=0.029
boulder,aqgqkc,too_large,0,0,0.0,max_dim=1.185
boulder,axxuoc,too_large,0,0,0.0,max_dim=1.494
boulder,cystrq,no_grasp,200,0,1.4,max_dim=0.329
boulder,flldzz,too_large,0,0,0.0,max_dim=0.663
boulder,fplkmx,no_grasp,200,0,1.5,max_dim=0.281
boulder,gptwey,too_large,0,0,0.0,max_dim=0.501
boulder,ibmosd,no_grasp,200,0,1.6,max_dim=0.491
boulder,jzbcis,no_grasp,200,0,1.5,max_dim=0.263
boulder,kmiazp,too_large,0,0,0.0,max_dim=1.248
boulder,kmzdov,too_large,0,0,0.0,max_dim=1.447
boulder,lwndzg,no_grasp,200,0,1.6,max_dim=0.417
boulder,qaepnw,no_grasp,200,0,1.5,max_dim=0.282
boulder,vxbkjq,too_large,0,0,0.0,max_dim=1.627
boulder,whsafp,not_ready,0,0,0.0,max_dim=0.361
boulder,wxvbzg,no_grasp,200,0,1.6,max_dim=0.275
boulder,zzvigh,too_large,0,0,0.0,max_dim=0.688
bouquet,hrvulc,not_ready,0,0,0.0,max_dim=0.369
bow,fhchql,no_grasp,200,0,1.7,max_dim=0.039
bow,puwdwq,no_grasp,200,0,2.0,max_dim=0.100
bowl,adciys,no_grasp,200,0,2.5,max_dim=0.150
bowl,ajzltc,no_grasp,200,0,2.1,max_dim=0.118
bowl,aspeds,no_grasp,200,0,1.9,max_dim=0.145
bowl,belcml,no_grasp,200,0,2.2,max_dim=0.168
bowl,bexgtn,no_grasp,200,0,1.6,max_dim=0.276
bowl,byzaxy,graspable,200,5,64.0,max_dim=0.306
bowl,ckxwea,graspable,200,5,15.5,max_dim=0.492
bowl,cypjlv,graspable,200,5,32.2,max_dim=0.247
bowl,dalyim,graspable,200,5,13.0,max_dim=0.150
bowl,eawgwj,graspable,200,5,17.6,max_dim=0.146
bowl,eipwho,graspable,200,5,17.0,max_dim=0.108
bowl,fedafr,graspable,200,5,13.0,max_dim=0.222
bowl,feuaak,graspable,200,5,16.2,max_dim=0.261
bowl,fiarri,graspable,200,5,18.4,max_dim=0.117
bowl,fwdfeg,graspable,200,5,10.4,max_dim=0.150
bowl,haewxp,graspable,200,5,78.5,max_dim=0.372
bowl,hitnkv,not_ready,0,0,0.0,max_dim=0.125
bowl,hpqjug,graspable,200,5,17.2,max_dim=0.162
bowl,hynhgz,graspable,200,5,50.6,max_dim=0.192
bowl,jblalf,graspable,200,5,37.4,max_dim=0.169
bowl,jfvjep,graspable,200,5,12.6,max_dim=0.148
bowl,jhtxxh,not_ready,0,0,0.0,max_dim=0.264
bowl,jpvcjv,graspable,200,5,12.2,max_dim=0.199
bowl,kasebx,graspable,200,5,17.7,max_dim=0.143
bowl,kdkrov,not_ready,0,0,0.0,max_dim=0.179
bowl,kthvrl,graspable,200,5,10.9,max_dim=0.093
bowl,lgaxzt,graspable,200,4,118.2,max_dim=0.439
bowl,mspdar,graspable,200,5,16.6,max_dim=0.117
bowl,nkkhbn,graspable,200,5,24.9,max_dim=0.202
bowl,nmhxfz,graspable,200,5,26.1,max_dim=0.198
bowl,npuuir,not_ready,0,0,0.0,max_dim=0.174
bowl,oyidja,graspable,200,5,14.1,max_dim=0.150
bowl,pihjqa,graspable,200,5,14.8,max_dim=0.254
bowl,pyilfa,graspable,200,5,13.8,max_dim=0.111
bowl,qzodht,not_ready,0,0,0.0,max_dim=0.202
bowl,rbnyxi,graspable,200,5,27.0,max_dim=0.276
bowl,rlwpcd,graspable,200,5,14.4,max_dim=0.115
bowl,sqqahm,graspable,200,5,14.9,max_dim=0.130
bowl,szgdpc,graspable,200,5,15.6,max_dim=0.157
bowl,tvtive,graspable,200,5,16.4,max_dim=0.188
bowl,tyczoo,not_ready,0,0,0.0,max_dim=0.248
bowl,vccsrl,not_ready,0,0,0.0,max_dim=0.266
bowl,wryghu,graspable,200,5,47.2,max_dim=0.130
bowl,wtepsx,graspable,200,5,33.2,max_dim=0.169
bowl,xplzbo,not_ready,0,0,0.0,max_dim=0.174
bowl,xpnlup,graspable,200,5,15.6,max_dim=0.150
bowl,ycbbwl,graspable,200,5,42.4,max_dim=0.161
bowling_ball,qzzett,graspable,200,5,46.4,max_dim=0.220
box_of_almond_milk,oiiqwq,graspable,200,5,32.1,max_dim=0.209
box_of_aluminium_foil,lhwgty,graspable,200,5,37.7,max_dim=0.478
box_of_apple_juice,pttzdw,graspable,200,5,53.8,max_dim=0.149
box_of_apple_juice,zjzgjy,not_ready,0,0,0.0,max_dim=0.130
box_of_baking_mix,fmewsz,graspable,200,5,46.9,max_dim=0.153
box_of_baking_mix,fnbgwd,graspable,200,5,32.0,max_dim=0.153
box_of_baking_mix,lgusnr,graspable,200,5,35.3,max_dim=0.153
box_of_baking_mix,ltccey,graspable,200,5,55.9,max_dim=0.153
box_of_baking_mix,luwlfd,graspable,200,5,22.9,max_dim=0.153
box_of_baking_mix,qkvqkm,graspable,200,5,46.9,max_dim=0.153
box_of_baking_mix,uhvkxj,graspable,200,5,30.2,max_dim=0.153
box_of_baking_mix,xcxrek,graspable,200,5,35.0,max_dim=0.153
box_of_baking_powder,vzgrlv,graspable,200,5,18.9,max_dim=0.188
box_of_baking_powder,zevydc,graspable,200,5,19.8,max_dim=0.187
box_of_baking_soda,pskrgy,graspable,200,5,23.1,max_dim=0.133
box_of_barley,lxpwnw,graspable,200,5,72.1,max_dim=0.190
box_of_beer,lzrdiz,graspable,200,5,22.9,max_dim=0.192
box_of_beer,ubvfih,no_grasp,200,0,64.9,max_dim=0.377
box_of_brown_sugar,kqyevo,graspable,200,5,43.0,max_dim=0.165
box_of_butter,mfjuil,graspable,200,5,24.4,max_dim=0.149
box_of_butter,oixapu,graspable,200,5,36.7,max_dim=0.170
box_of_candy,gvreky,graspable,200,5,21.5,max_dim=0.202
box_of_candy,jodwfv,graspable,200,5,55.0,max_dim=0.219
box_of_cane_sugar,cqlofx,graspable,200,5,36.1,max_dim=0.181
box_of_cane_sugar,gpbobo,graspable,200,5,34.9,max_dim=0.141
box_of_cane_sugar,pozpqi,not_ready,0,0,0.0,max_dim=0.141
box_of_cane_sugar,qvjiti,graspable,200,5,65.1,max_dim=0.165
box_of_cane_sugar,rvsivw,graspable,200,5,45.4,max_dim=0.176
box_of_cereal,dkhgxn,graspable,200,5,67.2,max_dim=0.242
box_of_cereal,hcwbzw,graspable,200,5,57.8,max_dim=0.273
box_of_cereal,hosfhj,graspable,200,5,53.0,max_dim=0.220
box_of_cereal,ihedod,graspable,200,5,19.8,max_dim=0.190
box_of_cereal,iucshm,graspable,200,5,67.4,max_dim=0.273
box_of_cereal,pfwgkm,graspable,200,5,17.9,max_dim=0.115
box_of_cereal,qirvmd,graspable,200,5,25.2,max_dim=0.220
box_of_cereal,sgirte,graspable,200,5,23.8,max_dim=0.200
box_of_cereal,surzft,graspable,200,4,110.4,max_dim=0.273
box_of_cereal,tiykku,graspable,200,5,30.5,max_dim=0.273
box_of_cereal,wdkcbu,graspable,200,5,18.0,max_dim=0.200
box_of_cereal,wrlalk,graspable,200,5,25.9,max_dim=0.190
box_of_cereal,ykuyqb,graspable,200,5,22.2,max_dim=0.200
box_of_cereal,yorray,graspable,200,5,22.3,max_dim=0.200
box_of_champagne,cizogj,not_ready,0,0,0.0,max_dim=0.350
box_of_champagne,lfygch,not_ready,0,0,0.0,max_dim=0.347
box_of_champagne,rjsibn,graspable,200,2,88.2,max_dim=0.347
box_of_chocolates,bdvkbh,graspable,200,5,21.9,max_dim=0.300
box_of_coconut_milk,dagbyl,not_ready,0,0,0.0,max_dim=0.209
box_of_coffee,cjtadw,graspable,200,5,35.2,max_dim=0.192
box_of_coffee,mreyla,graspable,200,5,37.0,max_dim=0.207
box_of_cookies,apjokz,graspable,200,5,13.7,max_dim=0.149
box_of_cookies,dlhqft,graspable,200,5,17.2,max_dim=0.266
box_of_cookies,fsdjun,graspable,200,5,17.4,max_dim=0.155
box_of_cookies,fzlaol,graspable,200,5,42.8,max_dim=0.283
box_of_cookies,hdgsxz,graspable,200,5,21.8,max_dim=0.205
box_of_cookies,jtalxs,graspable,200,5,26.6,max_dim=0.205
box_of_cookies,levwda,graspable,200,5,18.9,max_dim=0.253
box_of_cookies,lwhbid,graspable,200,5,13.3,max_dim=0.113
box_of_cookies,nirfva,graspable,200,5,25.9,max_dim=0.206
box_of_cookies,nnfisz,graspable,200,5,25.3,max_dim=0.211
box_of_cookies,ohhshb,graspable,200,5,45.2,max_dim=0.283
box_of_cookies,qkzrdd,graspable,200,5,37.5,max_dim=0.170
box_of_cookies,sjcnoq,graspable,200,5,26.0,max_dim=0.224
box_of_cookies,swilxz,graspable,200,5,86.0,max_dim=0.167
box_of_corn_flakes,zbwzkq,graspable,200,1,100.5,max_dim=0.338
box_of_crackers,cmdigf,graspable,200,5,50.0,max_dim=0.190
box_of_cream,njrpai,graspable,200,5,11.4,max_dim=0.028
box_of_flour,ylezpk,graspable,200,5,39.4,max_dim=0.225
box_of_fruit,jsgbcz,too_large,0,0,0.0,max_dim=0.534
box_of_fruit,jzfgwc,too_large,0,0,0.0,max_dim=0.576
box_of_granola_bars,awombj,graspable,200,5,29.4,max_dim=0.150
box_of_granola_bars,bqeeki,graspable,200,5,35.0,max_dim=0.150
box_of_granola_bars,tqwhvz,graspable,200,5,24.5,max_dim=0.150
box_of_ice_cream,joizft,graspable,200,5,14.4,max_dim=0.244
box_of_lasagna,oaonbr,graspable,200,5,36.9,max_dim=0.226
box_of_lemons,suhxjl,not_ready,0,0,0.0,max_dim=0.154
box_of_milk,ahmgjv,not_ready,0,0,0.0,max_dim=0.295
box_of_oatmeal,jtqeef,graspable,200,1,108.2,max_dim=0.248
box_of_oatmeal,rabeel,graspable,200,5,40.4,max_dim=0.242
box_of_oatmeal,zkggxm,graspable,200,2,112.1,max_dim=0.273
box_of_raspberries,rxvopf,not_ready,0,0,0.0,max_dim=0.156
box_of_rice,fvulow,graspable,200,5,58.4,max_dim=0.200
box_of_rice,pstqvm,graspable,200,5,89.9,max_dim=0.204
box_of_rice,yyheuw,graspable,200,5,107.7,max_dim=0.204
box_of_rum,lnjbjj,graspable,200,5,63.7,max_dim=0.309
box_of_rum,lvruzr,graspable,200,1,105.7,max_dim=0.215
box_of_rum,tumgbj,graspable,200,2,103.4,max_dim=0.263
box_of_rum,xlhqjr,graspable,200,4,85.1,max_dim=0.297
box_of_sake,abpqcs,no_grasp,200,0,93.9,max_dim=0.380
box_of_sake,azjfky,no_grasp,200,0,102.1,max_dim=0.380
box_of_sake,hxrhoc,no_grasp,200,0,118.9,max_dim=0.380
box_of_sake,iohsjz,no_grasp,200,0,111.2,max_dim=0.400
box_of_sake,ojvfmv,no_grasp,200,0,109.4,max_dim=0.380
box_of_sake,qfrurx,graspable,200,3,100.7,max_dim=0.349
box_of_sake,rczpdw,graspable,200,1,91.7,max_dim=0.380
box_of_sake,tuzwhy,no_grasp,200,0,90.7,max_dim=0.380
box_of_sanitary_napkins,acaivd,graspable,200,5,13.8,max_dim=0.109
box_of_sanitary_napkins,arqcyu,graspable,200,5,11.4,max_dim=0.109
box_of_sanitary_napkins,cmnpuv,graspable,200,5,13.9,max_dim=0.100
box_of_sanitary_napkins,humkqw,graspable,200,5,12.5,max_dim=0.109
box_of_sanitary_napkins,mxdefq,graspable,200,5,11.5,max_dim=0.100
box_of_sanitary_napkins,skltgp,graspable,200,5,14.2,max_dim=0.109
box_of_sanitary_napkins,tkrzkb,graspable,200,5,12.3,max_dim=0.096
box_of_sanitary_napkins,ykpeja,graspable,200,5,11.2,max_dim=0.109
box_of_sanitary_napkins,zqinib,graspable,200,5,11.2,max_dim=0.109
box_of_shampoo,bclpiq,graspable,200,5,24.4,max_dim=0.184
box_of_shampoo,jccyom,graspable,200,5,19.0,max_dim=0.187
box_of_shampoo,nijidu,graspable,200,5,21.9,max_dim=0.225
box_of_shampoo,tzghev,graspable,200,5,29.3,max_dim=0.225
box_of_takeout,bvcopi,graspable,200,5,49.3,max_dim=0.215
box_of_tissues,ntbrtz,graspable,200,5,19.1,max_dim=0.127
box_of_tissues,uglbjc,graspable,200,5,13.4,max_dim=0.127
box_of_tissues,xwstls,graspable,200,5,13.9,max_dim=0.127
box_of_tissues,zutrxn,graspable,200,5,15.2,max_dim=0.127
box_of_vegetable_juice,jsnnlv,graspable,200,5,17.3,max_dim=0.110
box_of_vegetable_juice,qgjdbn,graspable,200,5,28.4,max_dim=0.130
box_of_wagashi,mlmrwy,graspable,200,5,13.2,max_dim=0.205
box_of_whiskey,ftapxo,no_grasp,200,0,111.7,max_dim=0.326
box_of_whiskey,hawwyv,no_grasp,200,0,110.6,max_dim=0.326
box_of_whiskey,jcuvit,no_grasp,200,0,104.4,max_dim=0.303
box_of_whiskey,noptlp,graspable,200,1,109.4,max_dim=0.302
box_of_whiskey,wiupey,graspable,200,2,109.1,max_dim=0.302
box_of_yogurt,jkemqc,graspable,200,5,10.4,max_dim=0.064
box_of_yogurt,jtjcrx,graspable,200,4,92.6,max_dim=0.167
box_of_yogurt,thxfjq,not_ready,0,0,0.0,max_dim=0.230
box_of_yogurt,znhjgm,graspable,200,5,11.0,max_dim=0.065
boxed_cake,yjazet,graspable,200,5,32.6,max_dim=0.167
boxed_cpu_board,xlqvil,graspable,200,2,107.0,max_dim=0.282
boxed_ink_cartridge,ltblou,graspable,200,5,17.0,max_dim=0.132
boxed_ink_cartridge,oepuip,graspable,200,5,29.9,max_dim=0.112
boxed_ink_cartridge,oinelo,graspable,200,5,24.4,max_dim=0.112
boxed_router,dsgtpk,no_grasp,200,0,108.0,max_dim=0.389
boxers,uwzqxm,graspable,200,3,92.4,max_dim=0.367
boxing_gloves,jlfuaf,graspable,200,5,75.8,max_dim=0.372
bra,uaidmc,not_ready,0,0,0.0,max_dim=0.254
bracelet,thqqmo,graspable,200,5,12.6,max_dim=0.052
branch,ijgexf,too_large,0,0,0.0,max_dim=1.248
bratwurst,pqfrrn,graspable,200,5,26.7,max_dim=0.230
bratwurst,wuyflp,graspable,200,5,29.4,max_dim=0.244
bread_slice,pfggnm,graspable,200,5,50.0,max_dim=0.149
bread_slice,pgzsxe,not_ready,0,0,0.0,max_dim=0.174
bread_slice,yedlgq,graspable,200,5,22.9,max_dim=0.134
bread_slice,yremdf,not_ready,0,0,0.0,max_dim=0.129
breakfast_table,bhszwe,too_large,0,0,0.0,max_dim=1.763
breakfast_table,bmnubh,too_large,0,0,0.0,max_dim=1.194
breakfast_table,dcdtsr,too_large,0,0,0.0,max_dim=2.267
breakfast_table,hggsao,too_large,0,0,0.0,max_dim=1.194
breakfast_table,hmzwxn,too_large,0,0,0.0,max_dim=1.214
breakfast_table,iaritq,too_large,0,0,0.0,max_dim=0.749
breakfast_table,idnnmz,too_large,0,0,0.0,max_dim=1.194
breakfast_table,jcqdlx,too_large,0,0,0.0,max_dim=1.801
breakfast_table,jruvif,too_large,0,0,0.0,max_dim=1.372
breakfast_table,kpwegp,too_large,0,0,0.0,max_dim=1.194
breakfast_table,kwmfdg,too_large,0,0,0.0,max_dim=1.194
breakfast_table,lcsizg,too_large,0,0,0.0,max_dim=1.137
breakfast_table,lnwggc,too_large,0,0,0.0,max_dim=0.750
breakfast_table,lwtcfh,too_large,0,0,0.0,max_dim=1.070
breakfast_table,mwsyqb,too_large,0,0,0.0,max_dim=1.194
breakfast_table,nvoqyl,too_large,0,0,0.0,max_dim=1.203
breakfast_table,pdpkuw,too_large,0,0,0.0,max_dim=1.539
breakfast_table,pllvrt,too_large,0,0,0.0,max_dim=1.194
breakfast_table,qjiray,too_large,0,0,0.0,max_dim=3.300
breakfast_table,rhjoby,too_large,0,0,0.0,max_dim=2.896
breakfast_table,rjgmmy,too_large,0,0,0.0,max_dim=0.943
breakfast_table,sfxqtk,too_large,0,0,0.0,max_dim=0.749
breakfast_table,skczfi,too_large,0,0,0.0,max_dim=1.194
breakfast_table,uhrsex,too_large,0,0,0.0,max_dim=1.194
breakfast_table,wdbwhc,too_large,0,0,0.0,max_dim=0.906
breakfast_table,wnrior,too_large,0,0,0.0,max_dim=1.577
breakfast_table,xftrki,too_large,0,0,0.0,max_dim=1.490
breakfast_table,yaanqr,too_large,0,0,0.0,max_dim=1.102
breakfast_table,yclkbw,too_large,0,0,0.0,max_dim=3.500
breakfast_table,ylykeh,too_large,0,0,0.0,max_dim=2.000
breakfast_table,ytelxk,too_large,0,0,0.0,max_dim=2.300
breakfast_table,zypvuv,too_large,0,0,0.0,max_dim=1.181
briefcase,fdpjtj,no_grasp,200,0,6.3,max_dim=0.400
briefcase,haecvf,no_grasp,200,0,1.9,max_dim=0.422
briefcase,lwbctq,no_grasp,200,0,2.2,max_dim=0.330
briefcase,ohelib,no_grasp,200,0,2.5,max_dim=0.398
briefcase,psvdau,no_grasp,200,0,1.9,max_dim=0.332
briefcase,rxvbea,no_grasp,200,0,3.7,max_dim=0.330
briefcase,uquevd,no_grasp,200,0,1.7,max_dim=0.266
brisket,nnnnqw,no_grasp,200,0,1.6,max_dim=0.087
brisket,wzcycr,no_grasp,200,0,1.6,max_dim=0.059
broccoli,wsxavx,no_grasp,200,0,2.0,max_dim=0.029
broccoli_rabe,ushqbz,no_grasp,200,0,1.6,max_dim=0.106
broccolini,rlsytp,no_grasp,200,0,2.0,max_dim=0.088
broken_glass,beltgg,no_grasp,200,0,2.1,max_dim=0.066
broken_glass,rvpgpt,no_grasp,200,0,1.6,max_dim=0.122
broken_light_bulb,cugtye,not_ready,0,0,0.0,max_dim=0.094
broom,tpyvbt,no_grasp,200,0,1.9,max_dim=0.272
brown_rice_sack,pbvpua,no_grasp,200,0,3.1,max_dim=0.367
brown_sugar_sack,uftzyo,no_grasp,200,0,3.0,max_dim=0.367
brownie,vqgqja,no_grasp,200,0,2.2,max_dim=0.081
brussels_sprouts,hkwyzk,graspable,200,5,11.9,max_dim=0.064
brussels_sprouts,mbkrxe,graspable,200,5,10.2,max_dim=0.058
brussels_sprouts,siodbb,graspable,200,5,9.9,max_dim=0.064
brussels_sprouts,vdamtq,graspable,200,5,10.6,max_dim=0.067
bucket,bdhvnt,graspable,200,5,37.2,max_dim=0.347
bucket,lsmlzi,graspable,200,5,55.2,max_dim=0.300
bucket,wlilma,graspable,200,5,46.3,max_dim=0.300
bucket_of_paint,gjjugj,graspable,200,5,95.0,max_dim=0.192
bucket_of_paint,mxyrzd,graspable,200,5,14.6,max_dim=0.191
bucket_of_paint,qbqche,not_ready,0,0,0.0,max_dim=0.191
bucket_of_paint,ycnaho,graspable,200,5,20.8,max_dim=0.172
bulldog_clip,cqxnkn,graspable,200,5,12.0,max_dim=0.030
bulletin_board,ayaoal,too_large,0,0,0.0,max_dim=1.083
bulletin_board,rjlpsy,too_large,0,0,0.0,max_dim=1.070
bunch_of_bananas,mxnwwk,graspable,200,5,16.4,max_dim=0.371
bunk_bed,hkmwyc,too_large,0,0,0.0,max_dim=1.998
bunk_bed,sunfhf,too_large,0,0,0.0,max_dim=2.017
bunk_bed,sztpse,too_large,0,0,0.0,max_dim=1.932
bunk_bed,xhegju,too_large,0,0,0.0,max_dim=2.032
buret,naqnom,too_large,0,0,0.0,max_dim=0.813
buret_clamp,gknfxt,too_large,0,0,0.0,max_dim=0.583
buret_clamp,jkzyfr,too_large,0,0,0.0,max_dim=0.585
buret_clamp,pflmbv,too_large,0,0,0.0,max_dim=0.583
burlap_bag,endfho,not_ready,0,0,0.0,max_dim=0.367
burlap_bag,hlqrxm,graspable,200,5,26.5,max_dim=0.367
burner,lfyqat,too_large,0,0,0.0,max_dim=0.695
burner,mdanhg,too_large,0,0,0.0,max_dim=0.811
burner,mjvqii,too_large,0,0,0.0,max_dim=0.814
burner,pmntxh,too_large,0,0,0.0,max_dim=0.695
burrito,mqjwjq,graspable,200,5,21.8,max_dim=0.203
bush,albnbz,too_large,0,0,0.0,max_dim=1.594
bush,bqdskl,too_large,0,0,0.0,max_dim=1.093
bush,cwsigt,too_large,0,0,0.0,max_dim=2.595
bush,dsjegk,too_large,0,0,0.0,max_dim=1.156
bush,ebuvur,too_large,0,0,0.0,max_dim=1.673
bush,frqici,too_large,0,0,0.0,max_dim=6.971
bush,hnzfgt,too_large,0,0,0.0,max_dim=2.619
bush,hobkxy,too_large,0,0,0.0,max_dim=0.530
bush,hqlggp,no_grasp,200,0,109.2,max_dim=0.403
bush,jivsft,too_large,0,0,0.0,max_dim=1.267
bush,jonbyb,too_large,0,0,0.0,max_dim=1.300
bush,jylruu,too_large,0,0,0.0,max_dim=1.086
bush,kjakgd,too_large,0,0,0.0,max_dim=7.651
bush,knspbi,too_large,0,0,0.0,max_dim=1.446
bush,kyghri,too_large,0,0,0.0,max_dim=2.070
bush,lcktfs,too_large,0,0,0.0,max_dim=1.281
bush,lfyqkj,too_large,0,0,0.0,max_dim=1.434
bush,llcsvc,too_large,0,0,0.0,max_dim=1.267
bush,nhorlu,too_large,0,0,0.0,max_dim=1.156
bush,oedeqi,too_large,0,0,0.0,max_dim=4.739
bush,pjhpwk,too_large,0,0,0.0,max_dim=3.932
bush,rkxgdi,too_large,0,0,0.0,max_dim=1.380
bush,ujrbvp,too_large,0,0,0.0,max_dim=1.310
bush,vxulvs,too_large,0,0,0.0,max_dim=1.594
bush,waafqw,too_large,0,0,0.0,max_dim=1.346
bush,xsqlhv,too_large,0,0,0.0,max_dim=1.283
bush,yhjhta,too_large,0,0,0.0,max_dim=3.626
bush,ysfopl,too_large,0,0,0.0,max_dim=0.532
bush,zwhhlc,too_large,0,0,0.0,max_dim=1.274
bust,tnnbxo,not_ready,0,0,0.0,max_dim=0.244
butter,ovirmc,graspable,200,5,11.9,max_dim=0.050
butter_cookie,kukrla,graspable,200,5,11.1,max_dim=0.050
butter_package,qixpto,not_ready,0,0,0.0,max_dim=0.237
buttermilk_pancake,ogghhf,not_ready,0,0,0.0,max_dim=0.249
butternut_squash,swehmg,graspable,200,4,123.5,max_dim=0.349
butternut_squash,xfpdui,graspable,200,5,96.8,max_dim=0.196
cabinet_base,dcmhhh,graspable,200,2,124.8,max_dim=0.457
cabinet_door,ertkre,no_grasp,200,0,111.0,max_dim=0.457
cactus,imitmg,not_ready,0,0,0.0,max_dim=0.220
cake_stand,tpchsr,not_ready,0,0,0.0,max_dim=0.307
calculator,kwmmty,graspable,200,5,37.2,max_dim=0.150
calendar,ydunsu,graspable,200,5,28.5,max_dim=0.307
caliper,sngjmj,graspable,200,5,36.1,max_dim=0.248
camera_tripod,hnpofr,too_large,0,0,0.0,max_dim=1.281
can,damllm,graspable,200,5,39.7,max_dim=0.341
can,dhqrwr,graspable,200,5,26.1,max_dim=0.183
can,moeqjz,graspable,200,5,73.0,max_dim=0.144
can_of_baking_mix,blrqqz,graspable,200,5,26.2,max_dim=0.110
can_of_baking_mix,fpbxfp,graspable,200,5,40.3,max_dim=0.110
can_of_baking_mix,ohtiap,graspable,200,5,20.2,max_dim=0.110
can_of_baking_mix,orwvfx,graspable,200,5,49.7,max_dim=0.104
can_of_baking_mix,rxorlp,graspable,200,5,28.9,max_dim=0.104
can_of_baking_mix,xefopo,graspable,200,5,56.4,max_dim=0.104
can_of_bay_leaves,ppwvjf,graspable,200,5,20.0,max_dim=0.074
can_of_beans,kclbuu,graspable,200,5,20.1,max_dim=0.099
can_of_beans,ojqgjz,graspable,200,5,31.6,max_dim=0.099
can_of_cat_food,omiuox,not_ready,0,0,0.0,max_dim=0.190
can_of_coffee,poteji,graspable,200,5,17.2,max_dim=0.197
can_of_coffee,zubwua,graspable,200,5,10.8,max_dim=0.092
can_of_corn,alphlq,graspable,200,5,10.4,max_dim=0.101
can_of_corn,kwwlfn,graspable,200,5,10.3,max_dim=0.092
can_of_corn,pddtfk,graspable,200,5,40.1,max_dim=0.091
can_of_dog_food,rgwfxq,not_ready,0,0,0.0,max_dim=0.275
can_of_icetea,ifrjsc,graspable,200,5,34.6,max_dim=0.149
can_of_oatmeal,qyukhm,graspable,200,5,32.8,max_dim=0.136
can_of_sardines,dpgmry,graspable,200,5,19.0,max_dim=0.118
can_of_soda,bfrzvk,graspable,200,5,41.3,max_dim=0.125
can_of_soda,chwjfu,not_ready,0,0,0.0,max_dim=0.154
can_of_soda,evcxlr,graspable,200,5,27.2,max_dim=0.130
can_of_soda,frewxk,graspable,200,5,38.9,max_dim=0.150
can_of_soda,iloapr,not_ready,0,0,0.0,max_dim=0.174
can_of_soda,itolcg,graspable,200,5,20.9,max_dim=0.135
can_of_soda,ixrfxv,not_ready,0,0,0.0,max_dim=0.115
can_of_soda,lugwcz,graspable,200,5,12.2,max_dim=0.127
can_of_soda,mrrozu,not_ready,0,0,0.0,max_dim=0.174
can_of_soda,opivig,graspable,200,5,27.4,max_dim=0.114
can_of_soda,ttxyui,graspable,200,5,35.5,max_dim=0.194
can_of_soda,uzbpnw,not_ready,0,0,0.0,max_dim=0.174
can_of_soda,vszbvb,not_ready,0,0,0.0,max_dim=0.154
can_of_soda,wbrrad,graspable,200,5,37.6,max_dim=0.150
can_of_soda,xlyult,not_ready,0,0,0.0,max_dim=0.154
can_of_soda,xmjfcg,graspable,200,5,43.6,max_dim=0.148
can_of_tomato_paste,sqqdzb,graspable,200,5,13.3,max_dim=0.123
can_of_tomatoes,ckdouu,graspable,200,5,27.1,max_dim=0.118
candied_yam,axmnvy,not_ready,0,0,0.0,max_dim=0.072
candied_yam,ayqjzg,not_ready,0,0,0.0,max_dim=0.150
candied_yam,ivkukc,not_ready,0,0,0.0,max_dim=0.069
candied_yam,mztmgb,not_ready,0,0,0.0,max_dim=0.074
candied_yam,zzxnmn,not_ready,0,0,0.0,max_dim=0.150
candle_holder,nygnlp,graspable,200,5,16.9,max_dim=0.304
candle_holder,svqdrl,graspable,200,5,32.4,max_dim=0.270
candle_holder,szulaa,graspable,200,5,98.9,max_dim=0.137
candle_holder,tnlkzg,graspable,200,5,14.8,max_dim=0.356
candle_holder,wiufnv,graspable,200,5,19.0,max_dim=0.241
candy_cane,qfomjj,graspable,200,5,17.8,max_dim=0.080
candy_dispenser_shelf,hrehue,too_large,0,0,0.0,max_dim=2.172
canister,gqwnfv,not_ready,0,0,0.0,max_dim=0.178
canister,xcppkc,graspable,200,5,27.2,max_dim=0.177
canned_food,acgdtc,graspable,200,5,15.8,max_dim=0.115
canned_food,byakrm,graspable,200,5,11.7,max_dim=0.082
canned_food,cbmndg,graspable,200,5,11.5,max_dim=0.137
canned_food,foetdd,graspable,200,5,56.9,max_dim=0.170
canned_food,pkopdw,graspable,200,5,14.4,max_dim=0.128
canned_food,qhgdys,graspable,200,5,17.6,max_dim=0.148
canned_food,ycbspm,graspable,200,5,11.7,max_dim=0.102
canned_food,ycodks,not_ready,0,0,0.0,max_dim=0.140
canned_food,zfmfje,graspable,200,5,19.1,max_dim=0.157
cantaloup,jakyah,graspable,200,5,92.4,max_dim=0.235
cantaloup,pqcnoc,graspable,200,5,51.8,max_dim=0.200
canteen,ouhqnw,graspable,200,5,12.4,max_dim=0.223
canteen,ttxunv,not_ready,0,0,0.0,max_dim=0.143
canvas,adxquq,too_large,0,0,0.0,max_dim=1.150
cap,actmgl,not_ready,0,0,0.0,max_dim=0.107
cap,amryfj,not_ready,0,0,0.0,max_dim=0.037
cap,arskxc,graspable,200,5,9.9,max_dim=0.077
cap,ceizxn,not_ready,0,0,0.0,max_dim=0.043
cap,ciopwh,graspable,200,5,12.3,max_dim=0.076
cap,clhquh,graspable,200,5,12.1,max_dim=0.076
cap,dduopd,not_ready,0,0,0.0,max_dim=0.098
cap,dmzavi,not_ready,0,0,0.0,max_dim=0.022
cap,dwpcld,graspable,200,5,11.5,max_dim=0.076
cap,eukcfr,graspable,200,5,11.8,max_dim=0.018
cap,fomiem,not_ready,0,0,0.0,max_dim=0.031
cap,ghwjwe,graspable,200,5,10.9,max_dim=0.026
cap,gmdwwe,graspable,200,5,11.2,max_dim=0.031
cap,gxkbcd,graspable,200,5,11.1,max_dim=0.030
cap,hbafeb,graspable,200,5,11.7,max_dim=0.033
cap,hkvuxj,graspable,200,5,11.4,max_dim=0.132
cap,iizvmn,not_ready,0,0,0.0,max_dim=0.025
cap,iqeyba,graspable,200,5,12.3,max_dim=0.077
cap,jybxvq,graspable,200,5,11.1,max_dim=0.076
cap,kaolpg,not_ready,0,0,0.0,max_dim=0.208
cap,mgirzi,graspable,200,5,11.3,max_dim=0.033
cap,ngionj,graspable,200,5,11.5,max_dim=0.117
cap,nkjxbc,not_ready,0,0,0.0,max_dim=0.052
cap,owcsun,not_ready,0,0,0.0,max_dim=0.059
cap,oyofsv,not_ready,0,0,0.0,max_dim=0.098
cap,pwsngg,graspable,200,5,13.0,max_dim=0.051
cap,qcfsnv,graspable,200,5,11.2,max_dim=0.076
cap,qscujv,graspable,200,5,11.2,max_dim=0.051
cap,qwrndi,not_ready,0,0,0.0,max_dim=0.077
cap,rgtedj,graspable,200,5,13.2,max_dim=0.036
cap,rhoycw,not_ready,0,0,0.0,max_dim=0.058
cap,sjsles,not_ready,0,0,0.0,max_dim=0.046
cap,tkwpyr,not_ready,0,0,0.0,max_dim=0.037
cap,tpknvf,graspable,200,5,8.7,max_dim=0.098
cap,uxpeaz,graspable,200,5,9.6,max_dim=0.058
cap,vnpjfn,graspable,200,5,10.8,max_dim=0.076
cap,vsvwig,graspable,200,5,11.0,max_dim=0.050
cap,wwbayp,graspable,200,5,11.1,max_dim=0.076
cap,xeswtq,graspable,200,5,10.7,max_dim=0.077
cap,xsxeij,not_ready,0,0,0.0,max_dim=0.040
cap,xxqyrt,graspable,200,5,14.0,max_dim=0.052
cap,ygsmgm,graspable,200,5,12.0,max_dim=0.046
cap,yivige,not_ready,0,0,0.0,max_dim=0.094
cap,yqvild,graspable,200,5,11.5,max_dim=0.076
cap,ytjxqn,graspable,200,5,11.8,max_dim=0.076
cap,zggjif,not_ready,0,0,0.0,max_dim=0.098
cap,zknitk,not_ready,0,0,0.0,max_dim=0.047
car,ssxsje,too_large,0,0,0.0,max_dim=5.053
car,xxsgpq,too_large,0,0,0.0,max_dim=5.053
car_wheel,lnbowh,too_large,0,0,0.0,max_dim=0.549
car_wheel,xeedbe,too_large,0,0,0.0,max_dim=0.608
carafe,hdbsog,graspable,200,5,20.7,max_dim=0.302
carafe,mdtkkv,not_ready,0,0,0.0,max_dim=0.386
carafe,ocjcgp,graspable,200,5,10.0,max_dim=0.232
cardigan,itrkhr,too_large,0,0,0.0,max_dim=0.674
cardstock,bihwte,graspable,200,5,33.1,max_dim=0.280
carpet,brrqkq,too_large,0,0,0.0,max_dim=11.418
carpet,ctclvd,too_large,0,0,0.0,max_dim=1.225
carpet,eayztt,too_large,0,0,0.0,max_dim=1.407
carpet,giqcnw,too_large,0,0,0.0,max_dim=2.996
carpet,gvwhfn,too_large,0,0,0.0,max_dim=1.401
carpet,iqnove,too_large,0,0,0.0,max_dim=3.675
carpet,sehjcp,too_large,0,0,0.0,max_dim=0.984
carpet,stmltt,too_large,0,0,0.0,max_dim=3.319
carpet,vlccww,too_large,0,0,0.0,max_dim=3.256
carpet,vnlbqn,too_large,0,0,0.0,max_dim=2.710
carpet_sweeper,xboreo,too_large,0,0,0.0,max_dim=0.826
carrot,aucrah,graspable,200,5,50.8,max_dim=0.249
carrot,nktmff,graspable,200,5,17.0,max_dim=0.091
carrot,qhmmmx,graspable,200,5,27.1,max_dim=0.180
carton,causya,too_large,0,0,0.0,max_dim=1.000
carton,cdmmwy,graspable,200,3,109.0,max_dim=0.314
carton,hhlmbi,no_grasp,200,0,7.5,max_dim=0.222
carton,libote,no_grasp,200,0,7.6,max_dim=0.213
carton,msfzpz,too_large,0,0,0.0,max_dim=1.195
carton,sxlklf,too_large,0,0,0.0,max_dim=1.196
carton,ylrxhe,too_large,0,0,0.0,max_dim=0.637
carton_of_eggs,mimzbz,no_grasp,200,0,12.8,max_dim=0.400
carton_of_eggs,rixhgu,no_grasp,200,0,16.6,max_dim=0.263
carton_of_eggs,stxfxb,no_grasp,200,0,16.7,max_dim=0.290
carton_of_eggs,tacdgl,not_ready,0,0,0.0,max_dim=0.290
carton_of_milk,atyqub,no_grasp,200,0,16.9,max_dim=0.152
carton_of_milk,kklgxk,no_grasp,200,0,17.2,max_dim=0.149
carton_of_milk,kszoro,no_grasp,200,0,17.4,max_dim=0.181
carton_of_milk,orikxq,not_ready,0,0,0.0,max_dim=0.166
carton_of_milk,vkttfb,not_ready,0,0,0.0,max_dim=0.192
carton_of_milk,xmugpm,no_grasp,200,0,17.6,max_dim=0.218
carton_of_milk,znqqft,not_ready,0,0,0.0,max_dim=0.130
carton_of_orange_juice,brryuo,no_grasp,200,0,17.5,max_dim=0.218
carton_of_orange_juice,gpbmnk,no_grasp,200,0,17.6,max_dim=0.181
carton_of_pineapple_juice,vzueyg,no_grasp,200,0,17.8,max_dim=0.110
carton_of_soy_milk,orgyvw,graspable,200,5,49.8,max_dim=0.192
carving_knife,alekva,graspable,200,5,56.0,max_dim=0.266
carving_knife,awvoox,graspable,200,5,22.5,max_dim=0.226
carving_knife,fqqbop,graspable,200,5,31.8,max_dim=0.323
carving_knife,ghhbgo,not_ready,0,0,0.0,max_dim=0.339
carving_knife,gixmnd,graspable,200,5,47.4,max_dim=0.321
carving_knife,icxnkd,not_ready,0,0,0.0,max_dim=0.311
carving_knife,mzhpkm,not_ready,0,0,0.0,max_dim=0.267
carving_knife,oxvnsa,not_ready,0,0,0.0,max_dim=0.316
carving_knife,usqmjc,not_ready,0,0,0.0,max_dim=0.318
carving_knife,xsjhji,not_ready,0,0,0.0,max_dim=0.381
carving_knife,zaihmr,graspable,200,5,41.8,max_dim=0.277
case_of_eyeshadow,zgervc,no_grasp,200,0,5.0,max_dim=0.080
cash_register,ekvdjq,too_large,0,0,0.0,max_dim=0.689
cash_register,ykfcaz,no_grasp,200,0,2.0,max_dim=0.490
casserole,mmbavt,not_ready,0,0,0.0,max_dim=0.321
casserole,ncbsee,no_grasp,200,0,2.1,max_dim=0.245
cast,heuzgu,no_grasp,200,0,2.1,max_dim=0.107
cat_food_tin,rclizj,not_ready,0,0,0.0,max_dim=0.146
catalog,aygcnt,no_grasp,200,0,1.7,max_dim=0.297
catalog,deirql,no_grasp,200,0,1.7,max_dim=0.297
catalog,uilzqm,no_grasp,200,0,1.7,max_dim=0.395
catalog,zmidof,no_grasp,200,0,1.5,max_dim=0.297
catsup_bottle,qfvqfm,no_grasp,200,0,2.2,max_dim=0.258
cauldron,lbcxwi,not_ready,0,0,0.0,max_dim=0.333
cauldron,zndohl,no_grasp,200,0,2.2,max_dim=0.291
cauliflower,genkom,no_grasp,200,0,2.3,max_dim=0.251
cayenne_shaker,ueytzu,no_grasp,200,0,2.9,max_dim=0.160
cd,xkfnrj,not_ready,0,0,0.0,max_dim=0.120
cedar_chest,fwstpx,too_large,0,0,0.0,max_dim=0.535
cedar_chest,gbdzls,no_grasp,200,0,1.9,max_dim=0.399
ceiling_air_conditioner,hapein,too_large,0,0,0.0,max_dim=0.669
ceiling_fan,xtmacj,too_large,0,0,0.0,max_dim=1.220
ceiling_mounted_basketball_hoop,bsljrc,too_large,0,0,0.0,max_dim=4.987
ceiling_mounted_basketball_hoop,szrztv,too_large,0,0,0.0,max_dim=4.774
ceiling_mounted_projector,uswrqt,too_large,0,0,0.0,max_dim=0.697
ceiling_rack,bndsom,too_large,0,0,0.0,max_dim=1.585
ceiling_rack,fclnmc,too_large,0,0,0.0,max_dim=1.585
ceiling_rack,ftujuv,too_large,0,0,0.0,max_dim=2.830
ceiling_rack,krcbvr,too_large,0,0,0.0,max_dim=1.585
ceiling_rack,miimrw,too_large,0,0,0.0,max_dim=0.808
ceiling_rack,ratlvl,too_large,0,0,0.0,max_dim=3.155
ceiling_rack,rjfwip,too_large,0,0,0.0,max_dim=1.585
ceiling_rack,sbwapx,too_large,0,0,0.0,max_dim=0.564
ceilings,aaonre,too_large,0,0,0.0,max_dim=1.505
ceilings,achzqe,too_large,0,0,0.0,max_dim=5.935
ceilings,adtedr,too_large,0,0,0.0,max_dim=3.115
ceilings,aghvud,too_large,0,0,0.0,max_dim=2.602
ceilings,aiddbc,too_large,0,0,0.0,max_dim=2.020
ceilings,alydei,too_large,0,0,0.0,max_dim=2.881
ceilings,amtwry,too_large,0,0,0.0,max_dim=2.270
ceilings,aoekre,too_large,0,0,0.0,max_dim=4.037
ceilings,apkslx,too_large,0,0,0.0,max_dim=28.927
ceilings,awbqsa,too_large,0,0,0.0,max_dim=5.845
ceilings,axfptw,too_large,0,0,0.0,max_dim=1.615
ceilings,axkzor,too_large,0,0,0.0,max_dim=6.400
ceilings,axvuwm,too_large,0,0,0.0,max_dim=15.220
ceilings,ayfjzo,too_large,0,0,0.0,max_dim=1.976
ceilings,ayufoy,too_large,0,0,0.0,max_dim=1.213
ceilings,bfkphv,too_large,0,0,0.0,max_dim=4.060
ceilings,bgopyy,too_large,0,0,0.0,max_dim=21.733
ceilings,bkifrn,too_large,0,0,0.0,max_dim=5.380
ceilings,bkqhio,degenerate_bbox,0,0,0.0,"[3.81071875, 5.554625, 0.0]"
ceilings,bpheuv,too_large,0,0,0.0,max_dim=2.166
ceilings,bretyq,too_large,0,0,0.0,max_dim=4.160
ceilings,bvwmqs,too_large,0,0,0.0,max_dim=7.807
ceilings,bwcjal,too_large,0,0,0.0,max_dim=1.374
ceilings,byckax,too_large,0,0,0.0,max_dim=3.500
ceilings,carllw,too_large,0,0,0.0,max_dim=4.325
ceilings,cbjzgq,too_large,0,0,0.0,max_dim=2.706
ceilings,chcxue,too_large,0,0,0.0,max_dim=4.585
ceilings,ckhvql,too_large,0,0,0.0,max_dim=15.758
ceilings,ckxrok,too_large,0,0,0.0,max_dim=4.235
ceilings,cmtgio,too_large,0,0,0.0,max_dim=3.730
ceilings,cntgrr,too_large,0,0,0.0,max_dim=8.234
ceilings,coxqnv,too_large,0,0,0.0,max_dim=2.957
ceilings,cpmden,too_large,0,0,0.0,max_dim=2.005
ceilings,cxkvpr,too_large,0,0,0.0,max_dim=13.951
ceilings,cyncaf,too_large,0,0,0.0,max_dim=1.353
ceilings,dashlx,too_large,0,0,0.0,max_dim=6.850
ceilings,dbgwtz,too_large,0,0,0.0,max_dim=3.996
ceilings,dgtdqf,too_large,0,0,0.0,max_dim=3.760
ceilings,dhjrcb,too_large,0,0,0.0,max_dim=4.395
ceilings,dofmgw,too_large,0,0,0.0,max_dim=2.565
ceilings,dokjhl,too_large,0,0,0.0,max_dim=1.974
ceilings,dqxnks,too_large,0,0,0.0,max_dim=9.505
ceilings,dslvvl,too_large,0,0,0.0,max_dim=10.083
ceilings,dtjmrf,too_large,0,0,0.0,max_dim=2.635
ceilings,dulwkz,too_large,0,0,0.0,max_dim=6.005
ceilings,eanlkl,too_large,0,0,0.0,max_dim=2.450
ceilings,edfvqt,too_large,0,0,0.0,max_dim=8.796
ceilings,edrgnz,too_large,0,0,0.0,max_dim=1.305
ceilings,eejalh,too_large,0,0,0.0,max_dim=1.212
ceilings,eewgbi,too_large,0,0,0.0,max_dim=3.671
ceilings,einoiz,too_large,0,0,0.0,max_dim=6.095
ceilings,eiskrn,too_large,0,0,0.0,max_dim=31.244
ceilings,eiuank,too_large,0,0,0.0,max_dim=6.816
ceilings,ekhjwh,too_large,0,0,0.0,max_dim=1.210
ceilings,emgmmn,too_large,0,0,0.0,max_dim=3.500
ceilings,emjfnt,too_large,0,0,0.0,max_dim=82.050
ceilings,ezklae,too_large,0,0,0.0,max_dim=11.554
ceilings,fagehw,too_large,0,0,0.0,max_dim=57.579
ceilings,fasuse,too_large,0,0,0.0,max_dim=7.585
ceilings,feolie,too_large,0,0,0.0,max_dim=8.559
ceilings,fidwbv,too_large,0,0,0.0,max_dim=2.957
ceilings,flxdap,too_large,0,0,0.0,max_dim=11.554
ceilings,fnostb,too_large,0,0,0.0,max_dim=38.744
ceilings,fonjvd,too_large,0,0,0.0,max_dim=14.932
ceilings,frqekm,too_large,0,0,0.0,max_dim=7.449
ceilings,ftyiih,too_large,0,0,0.0,max_dim=5.030
ceilings,fvacxv,too_large,0,0,0.0,max_dim=13.031
ceilings,fvvkeq,too_large,0,0,0.0,max_dim=28.411
ceilings,gahakp,too_large,0,0,0.0,max_dim=4.256
ceilings,gasyop,too_large,0,0,0.0,max_dim=1.916
ceilings,gatymy,too_large,0,0,0.0,max_dim=4.650
ceilings,gbfubh,too_large,0,0,0.0,max_dim=3.250
ceilings,gblyms,too_large,0,0,0.0,max_dim=3.620
ceilings,gdodun,too_large,0,0,0.0,max_dim=3.996
ceilings,gexutv,too_large,0,0,0.0,max_dim=23.897
ceilings,ggrrst,too_large,0,0,0.0,max_dim=7.287
ceilings,ghigua,too_large,0,0,0.0,max_dim=1.905
ceilings,gjrzas,too_large,0,0,0.0,max_dim=1.865
ceilings,gjsieo,too_large,0,0,0.0,max_dim=0.965
ceilings,gjwnre,too_large,0,0,0.0,max_dim=4.520
ceilings,gksmdr,too_large,0,0,0.0,max_dim=47.478
ceilings,gljdaz,too_large,0,0,0.0,max_dim=3.697
ceilings,glkkqk,too_large,0,0,0.0,max_dim=6.838
ceilings,gnpckf,too_large,0,0,0.0,max_dim=2.305
ceilings,gpivsz,too_large,0,0,0.0,max_dim=3.115
ceilings,gpnify,too_large,0,0,0.0,max_dim=35.539
ceilings,gpoofm,too_large,0,0,0.0,max_dim=2.545
ceilings,grvlep,too_large,0,0,0.0,max_dim=4.299
ceilings,gvaqgm,too_large,0,0,0.0,max_dim=2.865
ceilings,gwhnjk,too_large,0,0,0.0,max_dim=6.010
ceilings,gznlyj,too_large,0,0,0.0,max_dim=4.473
ceilings,gztsev,too_large,0,0,0.0,max_dim=6.005
ceilings,hcukpe,too_large,0,0,0.0,max_dim=4.631
ceilings,heevjg,too_large,0,0,0.0,max_dim=7.089
ceilings,hfacms,too_large,0,0,0.0,max_dim=6.050
ceilings,hfnxxt,too_large,0,0,0.0,max_dim=3.760
ceilings,hjvmxm,too_large,0,0,0.0,max_dim=2.210
ceilings,hkpbtx,too_large,0,0,0.0,max_dim=4.440
ceilings,hnnzid,too_large,0,0,0.0,max_dim=6.079
ceilings,holqmb,too_large,0,0,0.0,max_dim=2.480
ceilings,hqkhsd,too_large,0,0,0.0,max_dim=1.022
ceilings,hrmlqv,too_large,0,0,0.0,max_dim=2.210
ceilings,hrnwiz,too_large,0,0,0.0,max_dim=6.810
ceilings,hyjmts,too_large,0,0,0.0,max_dim=2.360
ceilings,hzdavr,too_large,0,0,0.0,max_dim=6.810
ceilings,iazwfu,too_large,0,0,0.0,max_dim=5.660
ceilings,ibgiyb,too_large,0,0,0.0,max_dim=24.751
ceilings,ibqleu,too_large,0,0,0.0,max_dim=5.110
ceilings,ibxzsn,too_large,0,0,0.0,max_dim=3.473
ceilings,igbhdx,too_large,0,0,0.0,max_dim=4.000
ceilings,iivjmf,too_large,0,0,0.0,max_dim=2.930
ceilings,ikyesi,too_large,0,0,0.0,max_dim=4.724
ceilings,imtzdm,too_large,0,0,0.0,max_dim=4.395
ceilings,inkmah,too_large,0,0,0.0,max_dim=2.957
ceilings,inuoux,too_large,0,0,0.0,max_dim=4.226
ceilings,ipmtjd,too_large,0,0,0.0,max_dim=29.624
ceilings,iqyyts,too_large,0,0,0.0,max_dim=1.137
ceilings,isizwh,too_large,0,0,0.0,max_dim=7.402
ceilings,iskjpi,too_large,0,0,0.0,max_dim=4.245
ceilings,itajyb,too_large,0,0,0.0,max_dim=1.440
ceilings,ixjddx,too_large,0,0,0.0,max_dim=2.387
ceilings,iyouhu,too_large,0,0,0.0,max_dim=7.094
ceilings,izafwi,too_large,0,0,0.0,max_dim=2.135
ceilings,jcnaqa,too_large,0,0,0.0,max_dim=5.423
ceilings,jdvtxw,too_large,0,0,0.0,max_dim=10.399
ceilings,jfsbfp,too_large,0,0,0.0,max_dim=1.974
ceilings,jjyrdh,too_large,0,0,0.0,max_dim=8.176
ceilings,jkgiww,too_large,0,0,0.0,max_dim=2.085
ceilings,jkqbag,too_large,0,0,0.0,max_dim=1.220
ceilings,jlvuea,too_large,0,0,0.0,max_dim=2.957
ceilings,jlzyja,too_large,0,0,0.0,max_dim=23.926
ceilings,jneuhg,too_large,0,0,0.0,max_dim=7.580
ceilings,jrpolo,too_large,0,0,0.0,max_dim=10.399
ceilings,jtmtbu,too_large,0,0,0.0,max_dim=24.750
ceilings,jvrcgi,too_large,0,0,0.0,max_dim=12.347
ceilings,jwqbkz,too_large,0,0,0.0,max_dim=6.708
ceilings,jzjsqp,too_large,0,0,0.0,max_dim=4.226
ceilings,jzqwrq,too_large,0,0,0.0,max_dim=7.651
ceilings,kbnnvd,too_large,0,0,0.0,max_dim=1.800
ceilings,kbxtoc,too_large,0,0,0.0,max_dim=7.522
ceilings,kdovid,too_large,0,0,0.0,max_dim=1.765
ceilings,khkogf,too_large,0,0,0.0,max_dim=5.380
ceilings,kjpzku,too_large,0,0,0.0,max_dim=4.605
ceilings,kjvgnu,too_large,0,0,0.0,max_dim=28.411
ceilings,kqvkod,too_large,0,0,0.0,max_dim=5.905
ceilings,krrrcp,too_large,0,0,0.0,max_dim=1.872
ceilings,kxjvpr,too_large,0,0,0.0,max_dim=5.612
ceilings,kxztwx,too_large,0,0,0.0,max_dim=2.048
ceilings,laeuzw,too_large,0,0,0.0,max_dim=8.747
ceilings,ledraj,too_large,0,0,0.0,max_dim=6.546
ceilings,lemtuy,too_large,0,0,0.0,max_dim=2.256
ceilings,lezgrj,too_large,0,0,0.0,max_dim=24.430
ceilings,lfwahr,too_large,0,0,0.0,max_dim=0.890
ceilings,ljueem,too_large,0,0,0.0,max_dim=2.310
ceilings,lmlzab,too_large,0,0,0.0,max_dim=4.089
ceilings,lrvszp,too_large,0,0,0.0,max_dim=2.850
ceilings,lvnwja,too_large,0,0,0.0,max_dim=5.400
ceilings,lwqgnc,too_large,0,0,0.0,max_dim=2.945
ceilings,mawmyf,too_large,0,0,0.0,max_dim=3.285
ceilings,mbrukp,too_large,0,0,0.0,max_dim=4.642
ceilings,miscfw,too_large,0,0,0.0,max_dim=4.621
ceilings,mjjple,too_large,0,0,0.0,max_dim=31.085
ceilings,mjpcrf,too_large,0,0,0.0,max_dim=8.380
ceilings,mkpnye,too_large,0,0,0.0,max_dim=3.500
ceilings,mljgdp,too_large,0,0,0.0,max_dim=12.552
ceilings,mmohtp,too_large,0,0,0.0,max_dim=16.283
ceilings,mosmlj,too_large,0,0,0.0,max_dim=1.252
ceilings,mpxqbg,too_large,0,0,0.0,max_dim=6.050
ceilings,mqaxkj,too_large,0,0,0.0,max_dim=4.299
ceilings,mqfvqd,too_large,0,0,0.0,max_dim=1.350
ceilings,mrbukh,too_large,0,0,0.0,max_dim=1.955
ceilings,msnxsu,too_large,0,0,0.0,max_dim=3.330
ceilings,mwfpjb,too_large,0,0,0.0,max_dim=25.367
ceilings,mxtfkv,too_large,0,0,0.0,max_dim=1.965
ceilings,nchffa,too_large,0,0,0.0,max_dim=5.656
ceilings,ndlpeo,too_large,0,0,0.0,max_dim=4.315
ceilings,ngbkuj,too_large,0,0,0.0,max_dim=10.399
ceilings,ngxvth,too_large,0,0,0.0,max_dim=4.724
ceilings,nkohbh,too_large,0,0,0.0,max_dim=1.985
ceilings,nngens,too_large,0,0,0.0,max_dim=24.750
ceilings,nqktgi,too_large,0,0,0.0,max_dim=5.255
ceilings,nrmmzo,too_large,0,0,0.0,max_dim=1.210
ceilings,nsysju,too_large,0,0,0.0,max_dim=2.994
ceilings,nuxqsg,too_large,0,0,0.0,max_dim=2.957
ceilings,nwyhda,too_large,0,0,0.0,max_dim=2.175
ceilings,nxtdrt,too_large,0,0,0.0,max_dim=2.957
ceilings,nyewww,too_large,0,0,0.0,max_dim=55.614
ceilings,nzmqsb,too_large,0,0,0.0,max_dim=3.571
ceilings,obbhyx,too_large,0,0,0.0,max_dim=4.020
ceilings,oclwij,too_large,0,0,0.0,max_dim=1.239
ceilings,ocoolw,too_large,0,0,0.0,max_dim=3.412
ceilings,odcayc,too_large,0,0,0.0,max_dim=5.315
ceilings,odgyya,too_large,0,0,0.0,max_dim=1.710
ceilings,oetibq,too_large,0,0,0.0,max_dim=1.559
ceilings,ofefox,too_large,0,0,0.0,max_dim=5.565
ceilings,ojbbex,too_large,0,0,0.0,max_dim=4.226
ceilings,oktrwd,too_large,0,0,0.0,max_dim=100.748
ceilings,olthoc,too_large,0,0,0.0,max_dim=3.540
ceilings,ootyyo,too_large,0,0,0.0,max_dim=4.650
ceilings,opdbwd,too_large,0,0,0.0,max_dim=6.680
ceilings,opvwof,too_large,0,0,0.0,max_dim=6.546
ceilings,ouguhp,too_large,0,0,0.0,max_dim=5.565
ceilings,ozezvx,too_large,0,0,0.0,max_dim=3.208
ceilings,ozrhsf,too_large,0,0,0.0,max_dim=4.605
ceilings,pcatii,too_large,0,0,0.0,max_dim=1.905
ceilings,pcavmp,too_large,0,0,0.0,max_dim=7.619
ceilings,phrrml,too_large,0,0,0.0,max_dim=5.656
ceilings,pintgc,too_large,0,0,0.0,max_dim=18.104
ceilings,plnpyp,too_large,0,0,0.0,max_dim=4.370
ceilings,pmniqn,degenerate_bbox,0,0,0.0,"[3.5000615234375, 3.29999951171875, 0.0]"
ceilings,pqcxos,too_large,0,0,0.0,max_dim=10.662
ceilings,pqelnr,too_large,0,0,0.0,max_dim=1.502
ceilings,pqkmzt,too_large,0,0,0.0,max_dim=3.500
ceilings,psjxdw,too_large,0,0,0.0,max_dim=1.252
ceilings,pueokn,too_large,0,0,0.0,max_dim=1.065
ceilings,qdlnli,too_large,0,0,0.0,max_dim=2.341
ceilings,qenicw,too_large,0,0,0.0,max_dim=4.259
ceilings,qhcqdn,too_large,0,0,0.0,max_dim=4.867
ceilings,qhqlvn,too_large,0,0,0.0,max_dim=7.505
ceilings,qjjlzt,too_large,0,0,0.0,max_dim=1.950
ceilings,qmfzkc,too_large,0,0,0.0,max_dim=1.790
ceilings,qpqfcx,too_large,0,0,0.0,max_dim=4.930
ceilings,qrqqqc,too_large,0,0,0.0,max_dim=1.408
ceilings,qsmgcw,too_large,0,0,0.0,max_dim=3.500
ceilings,qsqnsq,too_large,0,0,0.0,max_dim=4.760
ceilings,qtktaq,too_large,0,0,0.0,max_dim=24.300
ceilings,qyxwjp,too_large,0,0,0.0,max_dim=4.364
ceilings,rbnfqb,too_large,0,0,0.0,max_dim=4.662
ceilings,repcwx,too_large,0,0,0.0,max_dim=5.285
ceilings,rgasdu,too_large,0,0,0.0,max_dim=2.880
ceilings,rhfker,too_large,0,0,0.0,max_dim=1.974
ceilings,rlsnwq,too_large,0,0,0.0,max_dim=4.160
ceilings,rnaypg,too_large,0,0,0.0,max_dim=4.130
ceilings,rtefmk,too_large,0,0,0.0,max_dim=2.835
ceilings,rujues,too_large,0,0,0.0,max_dim=3.230
ceilings,rxfdab,too_large,0,0,0.0,max_dim=1.649
ceilings,sbkyof,too_large,0,0,0.0,max_dim=5.411
ceilings,sctusv,too_large,0,0,0.0,max_dim=6.885
ceilings,shvqqe,too_large,0,0,0.0,max_dim=5.127
ceilings,slfzmc,too_large,0,0,0.0,max_dim=18.278
ceilings,smktgh,too_large,0,0,0.0,max_dim=31.085
ceilings,solfrt,too_large,0,0,0.0,max_dim=4.299
ceilings,srlfnq,too_large,0,0,0.0,max_dim=4.642
ceilings,srtoah,too_large,0,0,0.0,max_dim=79.955
ceilings,ssgfbx,too_large,0,0,0.0,max_dim=6.095
ceilings,ssjfak,too_large,0,0,0.0,max_dim=8.205
ceilings,stmwcr,too_large,0,0,0.0,max_dim=13.951
ceilings,svhrfy,too_large,0,0,0.0,max_dim=23.000
ceilings,sxfdbk,too_large,0,0,0.0,max_dim=5.850
ceilings,taqajg,too_large,0,0,0.0,max_dim=4.930
ceilings,taubkv,too_large,0,0,0.0,max_dim=2.861
ceilings,tbhzzb,too_large,0,0,0.0,max_dim=4.820
ceilings,tcvtrs,too_large,0,0,0.0,max_dim=1.865
ceilings,tcwyvb,too_large,0,0,0.0,max_dim=5.042
ceilings,tdecze,too_large,0,0,0.0,max_dim=2.830
ceilings,tjwkje,too_large,0,0,0.0,max_dim=5.612
ceilings,tnrxdt,too_large,0,0,0.0,max_dim=3.881
ceilings,trhqld,too_large,0,0,0.0,max_dim=2.646
ceilings,tsfxuu,too_large,0,0,0.0,max_dim=2.632
ceilings,uahaxk,too_large,0,0,0.0,max_dim=2.200
ceilings,ugpmqg,too_large,0,0,0.0,max_dim=7.619
ceilings,uidjxd,too_large,0,0,0.0,max_dim=5.905
ceilings,ujnnyx,too_large,0,0,0.0,max_dim=2.957
ceilings,ulvjki,too_large,0,0,0.0,max_dim=18.397
ceilings,umzpae,too_large,0,0,0.0,max_dim=2.460
ceilings,unwrsb,too_large,0,0,0.0,max_dim=8.300
ceilings,unxwzc,too_large,0,0,0.0,max_dim=4.600
ceilings,uqrmaj,too_large,0,0,0.0,max_dim=5.630
ceilings,usxywu,too_large,0,0,0.0,max_dim=1.985
ceilings,utgliy,too_large,0,0,0.0,max_dim=100.541
ceilings,uyaovq,too_large,0,0,0.0,max_dim=12.352
ceilings,vbndoa,too_large,0,0,0.0,max_dim=5.475
ceilings,vdgsbs,too_large,0,0,0.0,max_dim=6.390
ceilings,vhsxcg,degenerate_bbox,0,0,0.0,"[3.68928173828125, 5.554625, 0.0]"
ceilings,vjiuwu,too_large,0,0,0.0,max_dim=4.060
ceilings,vkfllw,too_large,0,0,0.0,max_dim=2.779
ceilings,vkmgky,too_large,0,0,0.0,max_dim=1.005
ceilings,vlhrfo,too_large,0,0,0.0,max_dim=4.406
ceilings,vlxily,too_large,0,0,0.0,max_dim=3.697
ceilings,vnstqh,too_large,0,0,0.0,max_dim=6.005
ceilings,vonsdl,too_large,0,0,0.0,max_dim=7.089
ceilings,vpqwuf,too_large,0,0,0.0,max_dim=20.188
ceilings,vsoozg,too_large,0,0,0.0,max_dim=5.555
ceilings,vtdhil,too_large,0,0,0.0,max_dim=2.957
ceilings,vubcbl,too_large,0,0,0.0,max_dim=6.400
ceilings,vwansa,too_large,0,0,0.0,max_dim=16.240
ceilings,vwwzdu,too_large,0,0,0.0,max_dim=1.865
ceilings,vyvqsb,too_large,0,0,0.0,max_dim=3.910
ceilings,vzpwvw,too_large,0,0,0.0,max_dim=2.815
ceilings,wbbkuv,too_large,0,0,0.0,max_dim=4.233
ceilings,wbscwq,too_large,0,0,0.0,max_dim=9.505
ceilings,wcvcax,too_large,0,0,0.0,max_dim=5.980
ceilings,wdxynv,too_large,0,0,0.0,max_dim=8.240
ceilings,wlglon,too_large,0,0,0.0,max_dim=3.500
ceilings,wmhznm,too_large,0,0,0.0,max_dim=3.855
ceilings,wnljyi,too_large,0,0,0.0,max_dim=1.119
ceilings,wrjaul,too_large,0,0,0.0,max_dim=13.781
ceilings,wrpobd,too_large,0,0,0.0,max_dim=4.299
ceilings,wrsknm,too_large,0,0,0.0,max_dim=6.639
ceilings,wsblre,too_large,0,0,0.0,max_dim=1.289
ceilings,wsbuol,too_large,0,0,0.0,max_dim=7.124
ceilings,wumywu,too_large,0,0,0.0,max_dim=5.672
ceilings,wvqyit,too_large,0,0,0.0,max_dim=6.270
ceilings,wwpwrm,too_large,0,0,0.0,max_dim=1.439
ceilings,wxbmon,too_large,0,0,0.0,max_dim=2.815
ceilings,xaihjt,too_large,0,0,0.0,max_dim=1.770
ceilings,xaodor,too_large,0,0,0.0,max_dim=50.235
ceilings,xbqebs,too_large,0,0,0.0,max_dim=3.015
ceilings,xclfns,too_large,0,0,0.0,max_dim=2.200
ceilings,xcvxqs,too_large,0,0,0.0,max_dim=3.360
ceilings,xcwbsa,too_large,0,0,0.0,max_dim=1.976
ceilings,xemcsb,too_large,0,0,0.0,max_dim=10.507
ceilings,xfkvct,too_large,0,0,0.0,max_dim=2.590
ceilings,xizeag,too_large,0,0,0.0,max_dim=1.974
ceilings,xlrktm,too_large,0,0,0.0,max_dim=3.460
ceilings,xqauyk,too_large,0,0,0.0,max_dim=5.475
ceilings,xqhgay,too_large,0,0,0.0,max_dim=1.835
ceilings,xrasdh,too_large,0,0,0.0,max_dim=3.115
ceilings,xuragj,too_large,0,0,0.0,max_dim=55.858
ceilings,xusryb,too_large,0,0,0.0,max_dim=2.865
ceilings,xvamlo,too_large,0,0,0.0,max_dim=2.005
ceilings,xvlngn,too_large,0,0,0.0,max_dim=6.250
ceilings,xvswre,too_large,0,0,0.0,max_dim=3.719
ceilings,xwuddd,too_large,0,0,0.0,max_dim=1.752
ceilings,xxzyhh,too_large,0,0,0.0,max_dim=1.964
ceilings,xzgtpt,too_large,0,0,0.0,max_dim=5.055
ceilings,yeqcqn,too_large,0,0,0.0,max_dim=2.205
ceilings,yewrrl,too_large,0,0,0.0,max_dim=3.855
ceilings,ygtcuq,too_large,0,0,0.0,max_dim=6.209
ceilings,yhafaa,too_large,0,0,0.0,max_dim=5.740
ceilings,yhuzaj,too_large,0,0,0.0,max_dim=1.034
ceilings,yimfml,too_large,0,0,0.0,max_dim=2.632
ceilings,yivibb,too_large,0,0,0.0,max_dim=4.291
ceilings,yiznxv,too_large,0,0,0.0,max_dim=8.296
ceilings,ykfapk,too_large,0,0,0.0,max_dim=28.411
ceilings,yownri,too_large,0,0,0.0,max_dim=6.750
ceilings,ypyuxd,too_large,0,0,0.0,max_dim=2.815
ceilings,yrqbbo,too_large,0,0,0.0,max_dim=7.125
ceilings,yspjpt,too_large,0,0,0.0,max_dim=9.528
ceilings,ytbprd,too_large,0,0,0.0,max_dim=2.440
ceilings,yxatss,too_large,0,0,0.0,max_dim=28.411
ceilings,yxxaov,too_large,0,0,0.0,max_dim=17.792
ceilings,yzbfge,too_large,0,0,0.0,max_dim=3.028
ceilings,yzmaku,too_large,0,0,0.0,max_dim=2.177
ceilings,zbmcak,too_large,0,0,0.0,max_dim=3.020
ceilings,zfnsml,too_large,0,0,0.0,max_dim=4.235
ceilings,zhzvbw,too_large,0,0,0.0,max_dim=2.255
ceilings,zitlbw,too_large,0,0,0.0,max_dim=1.144
ceilings,ziuymf,too_large,0,0,0.0,max_dim=4.785
ceilings,zkoute,too_large,0,0,0.0,max_dim=100.555
ceilings,zlhppj,too_large,0,0,0.0,max_dim=3.571
ceilings,zplkyb,too_large,0,0,0.0,max_dim=2.165
ceilings,zpuizx,too_large,0,0,0.0,max_dim=2.646
ceilings,zspxep,too_large,0,0,0.0,max_dim=12.200
ceilings,ztkfuh,too_large,0,0,0.0,max_dim=8.300
ceilings,zuwvgy,too_large,0,0,0.0,max_dim=11.554
ceilings,zvvjyo,too_large,0,0,0.0,max_dim=1.226
ceilings,zyeokx,too_large,0,0,0.0,max_dim=2.210
ceilings,zzmkmt,too_large,0,0,0.0,max_dim=8.115
celery,rqvtqi,no_grasp,200,0,1.9,max_dim=0.221
cell_phone,dbhfuh,not_ready,0,0,0.0,max_dim=0.141
cellulose_tape,gchdhk,no_grasp,200,0,1.8,max_dim=0.050
cellulose_tape,kavsnx,no_grasp,200,0,2.0,max_dim=0.062
cellulose_tape,sklkyc,no_grasp,200,0,1.8,max_dim=0.050
cellulose_tape_dispenser,budhaz,no_grasp,200,0,1.7,max_dim=0.112
cellulose_tape_dispenser,fetnry,graspable,200,5,13.2,max_dim=0.112
cellulose_tape_dispenser,yyekns,graspable,200,5,13.2,max_dim=0.112
centerpiece,atfpvd,not_ready,0,0,0.0,max_dim=0.412
ceramic_tile,bpaedx,graspable,200,5,21.8,max_dim=0.152
ceramic_tile,cgsele,graspable,200,5,20.6,max_dim=0.185
ceramic_tile,vyjdcl,graspable,200,5,25.2,max_dim=0.185
ceramic_tile,xncyem,graspable,200,5,31.9,max_dim=0.185
ceremonial_robe,stcrad,too_large,0,0,0.0,max_dim=1.500
chainsaw,xfihoe,too_large,0,0,0.0,max_dim=1.012
chaise_longue,ajjxcd,too_large,0,0,0.0,max_dim=0.879
chaise_longue,uicxlz,too_large,0,0,0.0,max_dim=1.069
chaise_longue,xmjcle,too_large,0,0,0.0,max_dim=0.879
chalice,sfkezf,graspable,200,5,22.1,max_dim=0.120
chandelier,nflhjl,too_large,0,0,0.0,max_dim=1.165
chandelier,qghfol,too_large,0,0,0.0,max_dim=2.570
chandelier,xtwiwi,too_large,0,0,0.0,max_dim=1.664
chandelier,zgwevt,too_large,0,0,0.0,max_dim=1.664
chanterelle,rwntzn,not_ready,0,0,0.0,max_dim=0.121
charcoal_grill,cgobyh,too_large,0,0,0.0,max_dim=1.209
charcoal_grill,crdaeu,too_large,0,0,0.0,max_dim=1.127
charcoal_grill,ddlqye,too_large,0,0,0.0,max_dim=0.501
charcoal_grill,tusmtd,too_large,0,0,0.0,max_dim=1.209
chard,linuaq,not_ready,0,0,0.0,max_dim=0.171
charger,bapkyh,graspable,200,5,13.9,max_dim=0.044
checkout_counter,hhvxxr,too_large,0,0,0.0,max_dim=3.023
checkout_counter,odcaop,too_large,0,0,0.0,max_dim=1.777
checkout_counter,sckdal,too_large,0,0,0.0,max_dim=3.091
checkout_counter,umnoqh,too_large,0,0,0.0,max_dim=3.406
cheddar,cheqcd,not_ready,0,0,0.0,max_dim=0.082
cheddar,ewvbng,not_ready,0,0,0.0,max_dim=0.099
cheese_danish,hkdtwp,graspable,200,5,15.5,max_dim=0.152
cheese_tart,dxluyi,graspable,200,5,11.9,max_dim=0.237
cheese_tart,pyynjg,not_ready,0,0,0.0,max_dim=0.255
cheese_tart,rnsdha,not_ready,0,0,0.0,max_dim=0.211
cheesecake,epmobi,graspable,200,5,13.9,max_dim=0.117
cherry,lencii,graspable,200,5,19.4,max_dim=0.011
cherry,lkltpa,graspable,200,5,10.6,max_dim=0.011
cherry_tomato,dqjuub,graspable,200,5,11.9,max_dim=0.034
cherry_tomato,dqvtgm,graspable,200,5,14.6,max_dim=0.032
cherry_tomato,eukpfb,graspable,200,5,10.6,max_dim=0.035
cherry_tomato,hmsqrh,graspable,200,5,10.2,max_dim=0.036
cherry_tomato,iydznu,graspable,200,5,11.3,max_dim=0.031
chess_set,nzgefv,graspable,200,5,27.2,max_dim=0.277
chess_set,zncboj,too_large,0,0,0.0,max_dim=0.746
chestnut,fmomat,graspable,200,5,12.2,max_dim=0.020
chestnut,gjbnba,graspable,200,5,10.4,max_dim=0.038
chestnut,tairrn,graspable,200,5,11.0,max_dim=0.028
chestnut,tulvpb,graspable,200,5,12.9,max_dim=0.023
chia_seed_bag,xkixrg,graspable,200,5,43.5,max_dim=0.367
chicken,nppsmz,graspable,200,5,15.8,max_dim=0.253
chicken_breast,iuuyre,graspable,200,5,35.5,max_dim=0.271
chicken_broth_carton,ztripg,graspable,200,5,15.7,max_dim=0.305
chicken_coop,kieuxg,too_large,0,0,0.0,max_dim=1.684
chicken_leg,nhfiuh,graspable,200,5,13.7,max_dim=0.133
chicken_soup_carton,ooyqcr,graspable,200,5,16.1,max_dim=0.305
chicken_tender,eiwmqk,not_ready,0,0,0.0,max_dim=0.069
chicken_tender,mjimcu,not_ready,0,0,0.0,max_dim=0.067
chicken_tender,waemzf,not_ready,0,0,0.0,max_dim=0.067
chicken_wing,maxyok,not_ready,0,0,0.0,max_dim=0.134
chicken_wire,czoiqw,too_large,0,0,0.0,max_dim=3.456
chickpea_can,jeqtzg,not_ready,0,0,0.0,max_dim=0.204
chili,agecro,graspable,200,5,10.1,max_dim=0.092
chili,pbbkpz,graspable,200,5,14.7,max_dim=0.043
chili,rafkbt,graspable,200,5,10.4,max_dim=0.086
chili,xhbpqh,graspable,200,5,14.4,max_dim=0.039
china,cvdbum,no_grasp,200,0,103.5,max_dim=0.496
china,gklybu,graspable,200,5,58.3,max_dim=0.370
china,hacehh,graspable,200,1,128.0,max_dim=0.496
china,jwxbpa,graspable,200,1,104.1,max_dim=0.496
china,qhnpmc,graspable,200,5,16.0,max_dim=0.370
china,qlxhhh,graspable,200,5,30.3,max_dim=0.370
chip,obgeiz,graspable,200,5,10.1,max_dim=0.052
chisel,tuqmpz,graspable,200,5,30.2,max_dim=0.238
chives,gboofh,graspable,200,5,18.5,max_dim=0.233
chives,vvacxt,graspable,200,5,19.4,max_dim=0.280
chives,yifjct,graspable,200,5,17.9,max_dim=0.280
chlorine_bottle,uzkxtz,graspable,200,5,12.4,max_dim=0.276
chocolate_bar,amutpr,graspable,200,5,58.6,max_dim=0.178
chocolate_bar,bcfudr,graspable,200,5,75.5,max_dim=0.178
chocolate_bar,dxnisi,graspable,200,5,104.2,max_dim=0.200
chocolate_bar,eqfznz,graspable,200,5,78.0,max_dim=0.178
chocolate_bar,wkjiri,graspable,200,5,73.1,max_dim=0.178
chocolate_biscuit,fwnyas,not_ready,0,0,0.0,max_dim=0.075
chocolate_biscuit,xhmpht,not_ready,0,0,0.0,max_dim=0.077
chocolate_cake,mcjamb,graspable,200,5,11.3,max_dim=0.073
chocolate_cake,wpeesw,graspable,200,5,10.2,max_dim=0.064
chocolate_chip_cookie,ggpang,graspable,200,5,27.7,max_dim=0.153
chocolate_chip_cookie,oyhoth,graspable,200,5,14.0,max_dim=0.105
chocolate_chip_cookie,xprsse,graspable,200,5,16.1,max_dim=0.104
chocolate_cookie_dough,csnixa,not_ready,0,0,0.0,max_dim=0.200
chocolate_sauce_bottle,yegrkf,graspable,200,5,25.5,max_dim=0.258
chopped_lettuce,amarhu,graspable,200,5,21.0,max_dim=0.164
chopped_lettuce,bbyzry,graspable,200,5,37.4,max_dim=0.172
chopped_lettuce,bcxcij,graspable,200,5,38.9,max_dim=0.165
chopped_lettuce,bqqmxy,graspable,200,5,12.2,max_dim=0.172
chopped_lettuce,caybcx,graspable,200,5,24.7,max_dim=0.180
chopping_block,ekowsj,graspable,200,5,16.3,max_dim=0.304
chopping_board,afwefw,graspable,200,4,87.0,max_dim=0.374
chopping_board,akgegh,graspable,200,5,69.7,max_dim=0.306
chopping_board,ayegwd,graspable,200,5,23.2,max_dim=0.306
chopping_board,bzauwp,not_ready,0,0,0.0,max_dim=0.448
chopping_board,cptayn,graspable,200,5,36.1,max_dim=0.300
chopping_board,drjnag,graspable,200,5,46.1,max_dim=0.282
chopping_board,gaxhrw,graspable,200,5,25.9,max_dim=0.300
chopping_board,iocgzv,no_grasp,200,0,100.6,max_dim=0.360
chopping_board,ktxcvz,graspable,200,5,28.5,max_dim=0.306
chopping_board,mqsqhl,too_large,0,0,0.0,max_dim=0.562
chopping_board,mwmzzv,graspable,200,5,28.3,max_dim=0.306
chopping_board,ozrzrr,graspable,200,5,29.7,max_dim=0.359
chopping_board,psabiv,graspable,200,2,93.1,max_dim=0.400
chopping_board,sygezm,graspable,200,5,35.6,max_dim=0.331
chopping_board,uzeftd,too_large,0,0,0.0,max_dim=0.777
chopstick,ahmhza,graspable,200,5,13.2,max_dim=0.226
chopstick,bcwuwv,graspable,200,5,18.0,max_dim=0.222
chopstick,bdvjuf,graspable,200,5,22.0,max_dim=0.222
chopstick,dgfsas,graspable,200,5,24.3,max_dim=0.226
chopstick,hljerm,graspable,200,5,20.2,max_dim=0.222
chopstick,ldofzm,not_ready,0,0,0.0,max_dim=0.248
chorizo,kfeuep,graspable,200,5,33.8,max_dim=0.232
christmas_stocking,imdhfp,graspable,200,5,11.6,max_dim=0.277
christmas_tree,eadukw,too_large,0,0,0.0,max_dim=1.902
christmas_tree_decorated,wakmhn,too_large,0,0,0.0,max_dim=2.136
cigar,kslnuf,graspable,200,5,15.7,max_dim=0.121
cigarette,oejihn,graspable,200,5,14.1,max_dim=0.103
cigarette,oklfsv,graspable,200,5,21.7,max_dim=0.040
cigarette,slkbfx,graspable,200,5,9.8,max_dim=0.045
cigarette,vgndiy,graspable,200,5,13.4,max_dim=0.050
cilantro,pzmblb,not_ready,0,0,0.0,max_dim=0.060
cilantro,xnjklm,not_ready,0,0,0.0,max_dim=0.035
cilantro,zfadru,not_ready,0,0,0.0,max_dim=0.044
cinnamon_roll,xjlptd,not_ready,0,0,0.0,max_dim=0.066
cinnamon_shaker,oqacyi,graspable,200,5,15.2,max_dim=0.160
cinnamon_stick,bmbjdf,graspable,200,5,14.8,max_dim=0.092
cinnamon_stick,cdkjfo,graspable,200,5,29.6,max_dim=0.113
cinnamon_stick,hjhcpm,graspable,200,5,20.9,max_dim=0.098
cinnamon_stick,kdaxdy,graspable,200,5,54.4,max_dim=0.131
cinnamon_stick,qmlyim,graspable,200,5,50.5,max_dim=0.143
cinnamon_stick,qsqvgk,graspable,200,5,30.5,max_dim=0.140
cinnamon_stick,qxpzdm,graspable,200,5,54.0,max_dim=0.161
cinnamon_stick,smfuqz,graspable,200,5,53.5,max_dim=0.137
clam,ihhbfj,graspable,200,5,13.8,max_dim=0.020
clamp,feswhy,graspable,200,5,19.0,max_dim=0.258
classroom_mock_up,tpfmpb,graspable,200,1,101.3,max_dim=0.225
classroom_mock_up,yjudsy,too_large,0,0,0.0,max_dim=0.990
classroom_mock_up,zfwwfn,graspable,200,5,50.3,max_dim=0.395
cleansing_bottle,ovjhuf,not_ready,0,0,0.0,max_dim=0.276
cleaver,vpmydv,graspable,200,5,47.5,max_dim=0.302
clipboard,envjqe,graspable,200,5,18.7,max_dim=0.323
clipboard,gmxyfo,graspable,200,5,15.7,max_dim=0.323
clipper,befwbq,graspable,200,5,21.4,max_dim=0.091
cloche,gkimtn,graspable,200,5,16.1,max_dim=0.301
cloche,rnkvca,graspable,200,5,16.6,max_dim=0.264
clothes_dryer,fhtvuq,too_large,0,0,0.0,max_dim=0.648
clothes_dryer,smcyys,too_large,0,0,0.0,max_dim=0.766
clothes_dryer,wivnic,too_large,0,0,0.0,max_dim=0.660
clothes_dryer,xsuyua,too_large,0,0,0.0,max_dim=0.851
clothes_dryer,zlmnfg,too_large,0,0,0.0,max_dim=0.851
clothesline,jjoofq,too_large,0,0,0.0,max_dim=2.375
clothesline_pole,smrqrw,too_large,0,0,0.0,max_dim=0.866
clothesline_rope,gkqoro,too_large,0,0,0.0,max_dim=1.490
clout_nail,gvfevt,graspable,200,5,9.9,max_dim=0.056
clout_nail,smxpbm,graspable,200,5,20.8,max_dim=0.054
clove_jar,cqdioi,not_ready,0,0,0.0,max_dim=0.204
club_sandwich,ablfyd,graspable,200,5,22.6,max_dim=0.212
coaster,arjpcz,graspable,200,5,20.2,max_dim=0.104
coaster,httqaj,graspable,200,5,21.0,max_dim=0.088
coatrack,hmedjt,too_large,0,0,0.0,max_dim=1.656
coatrack,qyjssf,too_large,0,0,0.0,max_dim=1.501
coatrack,tcnxtu,too_large,0,0,0.0,max_dim=1.932
coatrack,zypzqh,too_large,0,0,0.0,max_dim=1.667
cocktail_glass,xevdnl,graspable,200,5,9.9,max_dim=0.158
cocoa_powder_jar,cjmtvq,no_grasp,200,0,10.2,max_dim=0.232
coconut_fruit,qwriih,no_grasp,200,0,1.9,max_dim=0.156
coconut_oil_jar,phimqa,not_ready,0,0,0.0,max_dim=0.204
coffee_bean_jar,loduxu,not_ready,0,0,0.0,max_dim=0.204
coffee_cup,ckkwmj,no_grasp,200,0,2.2,max_dim=0.091
coffee_cup,dkxddg,no_grasp,200,0,2.3,max_dim=0.091
coffee_cup,fgizgn,no_grasp,200,0,2.2,max_dim=0.095
coffee_cup,ibhhfj,no_grasp,200,0,2.1,max_dim=0.099
coffee_cup,nbhcgu,no_grasp,200,0,2.5,max_dim=0.104
coffee_cup,nhzrei,no_grasp,200,0,2.0,max_dim=0.102
coffee_cup,rixzrk,not_ready,0,0,0.0,max_dim=0.188
coffee_cup,rypdvd,no_grasp,200,0,2.1,max_dim=0.091
coffee_cup,siksnl,no_grasp,200,0,2.2,max_dim=0.095
coffee_cup,skamgp,no_grasp,200,0,2.3,max_dim=0.126
coffee_cup,xjdyon,no_grasp,200,0,2.4,max_dim=0.104
coffee_cup,ykuftq,no_grasp,200,0,1.8,max_dim=0.091
coffee_grinder,bubzvn,no_grasp,200,0,2.7,max_dim=0.238
coffee_maker,fwlabx,not_ready,0,0,0.0,max_dim=0.431
coffee_maker,pyttso,no_grasp,200,0,2.3,max_dim=0.368
coffee_table,aoojzy,too_large,0,0,0.0,max_dim=0.991
coffee_table,cjjayg,too_large,0,0,0.0,max_dim=0.749
coffee_table,dnsjnv,too_large,0,0,0.0,max_dim=0.749
coffee_table,ejlbho,too_large,0,0,0.0,max_dim=0.607
coffee_table,elhvfw,too_large,0,0,0.0,max_dim=1.595
coffee_table,fhqimf,too_large,0,0,0.0,max_dim=1.193
coffee_table,fqluyq,too_large,0,0,0.0,max_dim=1.199
coffee_table,gcollb,too_large,0,0,0.0,max_dim=0.991
coffee_table,gpkbiw,too_large,0,0,0.0,max_dim=1.094
coffee_table,hbgcej,too_large,0,0,0.0,max_dim=0.706
coffee_table,hmwkkt,not_ready,0,0,0.0,max_dim=0.455
coffee_table,ixvmic,too_large,0,0,0.0,max_dim=0.749
coffee_table,jkhlnp,too_large,0,0,0.0,max_dim=0.758
coffee_table,koagbh,too_large,0,0,0.0,max_dim=1.656
coffee_table,lpwbgm,too_large,0,0,0.0,max_dim=0.713
coffee_table,lyhpbr,too_large,0,0,0.0,max_dim=0.590
coffee_table,metubv,too_large,0,0,0.0,max_dim=1.189
coffee_table,mjyitq,too_large,0,0,0.0,max_dim=0.687
coffee_table,mtchfd,too_large,0,0,0.0,max_dim=0.746
coffee_table,osroux,too_large,0,0,0.0,max_dim=1.458
coffee_table,puwazg,too_large,0,0,0.0,max_dim=0.850
coffee_table,qlmqyy,too_large,0,0,0.0,max_dim=0.639
coffee_table,qplrhv,too_large,0,0,0.0,max_dim=0.607
coffee_table,qtwqqb,too_large,0,0,0.0,max_dim=1.739
coffee_table,rkdwxe,too_large,0,0,0.0,max_dim=1.215
coffee_table,rlsebe,too_large,0,0,0.0,max_dim=0.975
coffee_table,semdkc,too_large,0,0,0.0,max_dim=1.331
coffee_table,skseyx,too_large,0,0,0.0,max_dim=1.193
coffee_table,stocuk,not_ready,0,0,0.0,max_dim=0.470
coffee_table,tzmkgq,too_large,0,0,0.0,max_dim=0.501
coffee_table,vcgabn,too_large,0,0,0.0,max_dim=0.674
coffee_table,wgtaip,too_large,0,0,0.0,max_dim=3.274
coffee_table,wwgaym,too_large,0,0,0.0,max_dim=0.507
coffee_table,wwsikw,too_large,0,0,0.0,max_dim=1.194
coffee_table,wzyqgx,too_large,0,0,0.0,max_dim=1.262
coffee_table,xshzms,too_large,0,0,0.0,max_dim=0.508
coffee_table,ytlgdt,too_large,0,0,0.0,max_dim=0.790
coffee_table,zehult,too_large,0,0,0.0,max_dim=0.598
coffee_table,zisekv,too_large,0,0,0.0,max_dim=0.916
coffee_table,zzqwse,not_ready,0,0,0.0,max_dim=0.455
cola_bottle,oyqdtz,not_ready,0,0,0.0,max_dim=0.221
colander,ambnzk,no_grasp,200,0,2.5,max_dim=0.278
cold_cuts,zidsvg,no_grasp,200,0,1.6,max_dim=0.080
colored_pencil,acumgp,no_grasp,200,0,1.4,max_dim=0.152
colored_pencil,bkdqwb,no_grasp,200,0,1.4,max_dim=0.152
colored_pencil,bnsqcn,no_grasp,200,0,1.4,max_dim=0.152
colored_pencil,deuvcx,graspable,200,5,40.8,max_dim=0.152
colored_pencil,egvqng,graspable,200,5,20.4,max_dim=0.152
colored_pencil,jdqvdl,graspable,200,5,35.4,max_dim=0.152
colored_pencil,jnccuz,graspable,200,5,46.1,max_dim=0.152
colored_pencil,kadvlg,graspable,200,5,38.1,max_dim=0.152
colored_pencil,kgmapz,graspable,200,5,46.3,max_dim=0.152
colored_pencil,kjwoqm,graspable,200,5,41.5,max_dim=0.152
colored_pencil,nssris,graspable,200,5,43.8,max_dim=0.152
colored_pencil,qrxemk,graspable,200,5,27.0,max_dim=0.152
colored_pencil,qwficr,graspable,200,5,43.8,max_dim=0.152
colored_pencil,qxeydw,graspable,200,5,33.5,max_dim=0.152
colored_pencil,tzadtj,graspable,200,5,59.5,max_dim=0.152
colored_pencil,vdpmhz,graspable,200,5,51.6,max_dim=0.152
colored_pencil,vtbwvo,graspable,200,5,38.6,max_dim=0.152
colored_pencil,wifbfs,graspable,200,5,31.2,max_dim=0.152
colored_pencil,wmjjvo,graspable,200,5,51.3,max_dim=0.152
colored_pencil,zisrpq,graspable,200,5,33.7,max_dim=0.152
comb,lqnwhb,graspable,200,5,18.6,max_dim=0.052
comb,nybyjz,graspable,200,5,12.1,max_dim=0.106
comb,yopqrq,graspable,200,5,18.1,max_dim=0.108
comic_book,nekxsh,graspable,200,5,35.1,max_dim=0.194
comic_book,qkczyc,graspable,200,5,38.3,max_dim=0.194
comic_book,scycof,graspable,200,5,31.5,max_dim=0.194
comic_book,vzejnl,graspable,200,5,32.8,max_dim=0.194
comic_book,xmbxfm,graspable,200,5,40.6,max_dim=0.195
commercial_kitchen_shelf,dvnwfa,too_large,0,0,0.0,max_dim=3.595
commercial_kitchen_sink,nmxgbm,too_large,0,0,0.0,max_dim=1.380
commercial_kitchen_sink,ollneo,too_large,0,0,0.0,max_dim=1.384
commercial_kitchen_sink,xecfyh,too_large,0,0,0.0,max_dim=1.361
commercial_kitchen_table,bwlfnu,too_large,0,0,0.0,max_dim=1.761
commercial_kitchen_table,hmwzxn,too_large,0,0,0.0,max_dim=4.522
commercial_kitchen_table,nisnrl,too_large,0,0,0.0,max_dim=1.119
commercial_kitchen_table,vxvtec,too_large,0,0,0.0,max_dim=2.806
commercial_kitchen_table,wodpss,too_large,0,0,0.0,max_dim=3.051
compost_bin,fvkdos,too_large,0,0,0.0,max_dim=0.824
conch,dovqcj,not_ready,0,0,0.0,max_dim=0.139
conditioner_atomizer,quqgcu,graspable,200,5,12.9,max_dim=0.255
conditioner_dispenser,elofnb,not_ready,0,0,0.0,max_dim=0.212
conditioner_dispenser,njqnuo,graspable,200,5,20.1,max_dim=0.212
conditioner_dispenser,udeflt,graspable,200,5,28.4,max_dim=0.187
conditioner_dispenser,uncljo,graspable,200,5,50.2,max_dim=0.190
conference_table,fpkmyw,too_large,0,0,0.0,max_dim=3.392
conference_table,hdomxc,too_large,0,0,0.0,max_dim=5.109
conference_table,jxixdw,too_large,0,0,0.0,max_dim=1.998
conference_table,qzmjrj,too_large,0,0,0.0,max_dim=1.796
console_table,emeeke,too_large,0,0,0.0,max_dim=0.924
console_table,fihyuz,too_large,0,0,0.0,max_dim=0.878
console_table,iuxsao,too_large,0,0,0.0,max_dim=1.012
console_table,tvhett,no_grasp,200,0,63.2,max_dim=0.453
console_table,tzkfqa,too_large,0,0,0.0,max_dim=0.798
console_table,xqlxni,too_large,0,0,0.0,max_dim=1.098
cookie_cutter,fvxiun,no_grasp,200,0,1.7,max_dim=0.057
cookie_cutter,jpscvj,no_grasp,200,0,1.9,max_dim=0.058
cookie_cutter,lqrfzo,no_grasp,200,0,1.8,max_dim=0.056
cookie_dough,pewqae,not_ready,0,0,0.0,max_dim=0.199
cookie_stick,zlhayf,not_ready,0,0,0.0,max_dim=0.088
cooking_oil_atomizer,izwycf,no_grasp,200,0,1.7,max_dim=0.156
cooking_oil_bottle,cfdond,not_ready,0,0,0.0,max_dim=0.276
cooler,pnkiag,too_large,0,0,0.0,max_dim=1.030
copper_pot,gqemcq,not_ready,0,0,0.0,max_dim=0.244
copper_wire,nzafel,too_large,0,0,0.0,max_dim=0.587
coriander_shaker,sqkgqg,no_grasp,200,0,2.7,max_dim=0.160
cork,lseuwf,no_grasp,200,0,1.5,max_dim=0.030
cork,ncxgpe,no_grasp,200,0,1.5,max_dim=0.034
cork,uyceta,no_grasp,200,0,1.5,max_dim=0.045
corkscrew,gqocna,no_grasp,200,0,2.3,max_dim=0.112
cornstarch_jar,dhseui,not_ready,0,0,0.0,max_dim=0.234
cotton_ball,gabqdn,not_ready,0,0,0.0,max_dim=0.043
cotton_thread,obnsix,no_grasp,200,0,2.0,max_dim=0.117
countertop,epaijd,too_large,0,0,0.0,max_dim=3.500
countertop,fjkase,too_large,0,0,0.0,max_dim=2.449
countertop,ikwqer,too_large,0,0,0.0,max_dim=4.468
countertop,jveutp,too_large,0,0,0.0,max_dim=1.508
countertop,kelker,too_large,0,0,0.0,max_dim=3.446
countertop,kelzer,too_large,0,0,0.0,max_dim=3.107
countertop,ncqmrq,too_large,0,0,0.0,max_dim=2.797
countertop,qfhqhy,too_large,0,0,0.0,max_dim=2.100
countertop,sjxber,too_large,0,0,0.0,max_dim=0.975
countertop,tpuwys,too_large,0,0,0.0,max_dim=1.021
countertop,zkhelh,too_large,0,0,0.0,max_dim=4.442
crab,bkkzhf,no_grasp,200,0,1.6,max_dim=0.169
crab,eqfklx,no_grasp,200,0,1.9,max_dim=0.181
crab,kmeddb,no_grasp,200,0,1.8,max_dim=0.221
crab,ohjsdr,no_grasp,200,0,1.9,max_dim=0.147
crab,tjkiva,graspable,200,5,18.6,max_dim=0.154
crawfish,qoewfj,graspable,200,5,11.7,max_dim=0.106
crayon,coapeh,graspable,200,5,17.2,max_dim=0.109
crayon,csglmn,graspable,200,5,20.2,max_dim=0.109
crayon,cvebde,graspable,200,5,37.5,max_dim=0.109
crayon,diiinz,graspable,200,5,14.0,max_dim=0.109
crayon,gfgsev,graspable,200,5,15.1,max_dim=0.109
crayon,jfqetz,graspable,200,5,24.9,max_dim=0.109
crayon,jqodxx,graspable,200,5,26.6,max_dim=0.109
crayon,uqlfwf,graspable,200,5,21.2,max_dim=0.109
crayon,uwmrwr,graspable,200,5,28.7,max_dim=0.109
crayon,vdkdur,graspable,200,5,23.5,max_dim=0.109
crayon,xmysum,graspable,200,5,12.6,max_dim=0.109
crayon,zajomr,graspable,200,5,19.6,max_dim=0.109
cream_carton,lfjmos,not_ready,0,0,0.0,max_dim=0.204
cream_cheese_box,hfclfn,not_ready,0,0,0.0,max_dim=0.204
cream_of_tartar_shaker,busceb,graspable,200,5,12.4,max_dim=0.160
cream_pitcher,ompiss,graspable,200,5,20.0,max_dim=0.071
cream_pitcher,wmkwhg,graspable,200,5,14.2,max_dim=0.281
credit_card,dnweyo,graspable,200,5,22.0,max_dim=0.079
credit_card_terminal,bqpanz,graspable,200,5,17.3,max_dim=0.211
crib,oimydv,too_large,0,0,0.0,max_dim=1.430
crock_pot,lspxjq,graspable,200,5,88.5,max_dim=0.430
crock_pot,xdahvv,too_large,0,0,0.0,max_dim=0.629
croissant,hnbnap,not_ready,0,0,0.0,max_dim=0.170
croissant,xxsanu,graspable,200,5,11.5,max_dim=0.117
cruet,njqmqv,graspable,200,5,10.9,max_dim=0.192
crystal,oarraa,graspable,200,5,19.0,max_dim=0.151
cubicle,deceti,too_large,0,0,0.0,max_dim=1.446
cubicle,hzalfx,too_large,0,0,0.0,max_dim=1.446
cucumber,wcvwye,graspable,200,5,29.5,max_dim=0.129
cumin_shaker,qmaqnw,not_ready,0,0,0.0,max_dim=0.160
cup_holder,wstfid,graspable,200,5,44.0,max_dim=0.203
cup_of_ranch,wtlavb,not_ready,0,0,0.0,max_dim=0.041
cup_of_yogurt,kihdsj,graspable,200,5,14.1,max_dim=0.071
cupcake,fabdnw,not_ready,0,0,0.0,max_dim=0.075
cupcake,hvyxpw,not_ready,0,0,0.0,max_dim=0.085
cupcake,mbhweg,not_ready,0,0,0.0,max_dim=0.097
cupcake,outske,not_ready,0,0,0.0,max_dim=0.097
cupcake,pfwrlq,graspable,200,5,11.0,max_dim=0.070
cupcake,rpadye,not_ready,0,0,0.0,max_dim=0.078
cupcake,sutaow,not_ready,0,0,0.0,max_dim=0.097
cupcake,wdiezm,not_ready,0,0,0.0,max_dim=0.088
curry_powder_shaker,jmrugz,graspable,200,5,13.0,max_dim=0.160
curtain,trwest,too_large,0,0,0.0,max_dim=2.840
curtain_rod,pburmj,too_large,0,0,0.0,max_dim=1.650
cutting_board,aibvew,graspable,200,5,37.8,max_dim=0.230
cutting_board,idmcgf,too_large,0,0,0.0,max_dim=0.535
cutting_board,jfrbuz,no_grasp,200,0,106.1,max_dim=0.411
cutting_board,nsvnai,graspable,200,4,112.4,max_dim=0.363
cutting_board,olftkr,not_ready,0,0,0.0,max_dim=0.363
cutting_board,tcdrzs,graspable,200,2,103.8,max_dim=0.400
cutting_board,wagwoy,not_ready,0,0,0.0,max_dim=0.360
cymbal,kmbyyf,too_large,0,0,0.0,max_dim=1.016
cymbal,wnhmqs,too_large,0,0,0.0,max_dim=1.042
daffodil_bulb,ieihld,graspable,200,5,10.7,max_dim=0.036
dahlia_flower,hdkzhl,not_ready,0,0,0.0,max_dim=0.325
dahlia_flower,kudrwc,not_ready,0,0,0.0,max_dim=0.299
dart,hzvuwy,graspable,200,5,27.6,max_dim=0.086
dartboard,zjenlc,no_grasp,200,0,99.9,max_dim=0.451
date,kdfasq,graspable,200,5,10.7,max_dim=0.045
date,lskefl,graspable,200,5,11.1,max_dim=0.044
date,pfdasw,graspable,200,5,12.9,max_dim=0.044
decanter,ofasfw,graspable,200,5,11.3,max_dim=0.252
decorative_sign,hgonwj,too_large,0,0,0.0,max_dim=0.604
decorative_sign,rypeha,graspable,200,5,80.8,max_dim=0.334
decorative_sign,xzsmxq,too_large,0,0,0.0,max_dim=0.925
deep_fryer,fooamf,too_large,0,0,0.0,max_dim=1.055
deep_fryer,jcmoji,too_large,0,0,0.0,max_dim=0.973
dehumidifier,ppadfd,too_large,0,0,0.0,max_dim=0.590
dental_floss,aokqke,graspable,200,5,11.0,max_dim=0.044
denture,cvkqkf,graspable,200,5,10.8,max_dim=0.100
deodorant_atomizer,utjfug,graspable,200,5,63.1,max_dim=0.151
deodorant_stick,albeyc,graspable,200,5,26.8,max_dim=0.135
desk,aduafr,too_large,0,0,0.0,max_dim=1.513
desk,ampuyz,too_large,0,0,0.0,max_dim=0.808
desk,bhkhxo,too_large,0,0,0.0,max_dim=1.798
desk,bptvoy,too_large,0,0,0.0,max_dim=1.194
desk,ccxuey,too_large,0,0,0.0,max_dim=1.473
desk,cjhriz,too_large,0,0,0.0,max_dim=1.194
desk,clenrz,too_large,0,0,0.0,max_dim=1.612
desk,cnewsu,too_large,0,0,0.0,max_dim=1.194
desk,ctaxkd,too_large,0,0,0.0,max_dim=2.127
desk,egzdgz,too_large,0,0,0.0,max_dim=1.748
desk,ghtnfq,too_large,0,0,0.0,max_dim=2.794
desk,iotfzl,too_large,0,0,0.0,max_dim=1.398
desk,iufjhy,too_large,0,0,0.0,max_dim=1.508
desk,jfhurf,too_large,0,0,0.0,max_dim=1.194
desk,juzwaf,too_large,0,0,0.0,max_dim=1.487
desk,kmmlna,too_large,0,0,0.0,max_dim=1.104
desk,mdhelw,too_large,0,0,0.0,max_dim=2.781
desk,nafjjg,too_large,0,0,0.0,max_dim=1.401
desk,nbpuns,too_large,0,0,0.0,max_dim=1.090
desk,ntezkg,too_large,0,0,0.0,max_dim=1.127
desk,obvwds,too_large,0,0,0.0,max_dim=1.484
desk,ohjotf,too_large,0,0,0.0,max_dim=1.638
desk,pfsjbc,too_large,0,0,0.0,max_dim=4.200
desk,phavlj,too_large,0,0,0.0,max_dim=1.198
desk,pniubv,too_large,0,0,0.0,max_dim=2.510
desk,puapey,too_large,0,0,0.0,max_dim=1.616
desk,qpuflh,too_large,0,0,0.0,max_dim=2.794
desk,rzyfxk,too_large,0,0,0.0,max_dim=1.484
desk,sfstso,too_large,0,0,0.0,max_dim=1.265
desk,sjugsf,too_large,0,0,0.0,max_dim=3.045
desk,slgrxc,too_large,0,0,0.0,max_dim=2.269
desk,tdhgko,too_large,0,0,0.0,max_dim=0.842
desk,tmluxa,too_large,0,0,0.0,max_dim=0.708
desk,tmukzm,too_large,0,0,0.0,max_dim=1.194
desk,uffjvo,too_large,0,0,0.0,max_dim=1.194
desk,uqcmzf,too_large,0,0,0.0,max_dim=1.605
desk,uxgyui,too_large,0,0,0.0,max_dim=1.960
desk,vpwmkm,too_large,0,0,0.0,max_dim=1.133
desk,wtlxfr,too_large,0,0,0.0,max_dim=1.337
desk,xhjsub,too_large,0,0,0.0,max_dim=1.509
desk,yezrwt,too_large,0,0,0.0,max_dim=1.444
desk,zjbhgq,too_large,0,0,0.0,max_dim=1.748
desk,zlyqcq,too_large,0,0,0.0,max_dim=1.050
desk,ztsyqx,too_large,0,0,0.0,max_dim=0.785
desk_bracket,lwqwre,too_large,0,0,0.0,max_dim=1.328
desk_leg,qoerre,too_large,0,0,0.0,max_dim=0.651
desk_organizer,yidrel,graspable,200,5,19.5,max_dim=0.279
desk_phone,gntohf,graspable,200,5,12.0,max_dim=0.333
desk_phone,itqxky,graspable,200,5,64.8,max_dim=0.229
desk_phone,kpxrpb,graspable,200,5,41.7,max_dim=0.407
desk_top,eggere,too_large,0,0,0.0,max_dim=1.337
desktop_computer,eantds,too_large,0,0,0.0,max_dim=0.538
desktop_computer,tbtham,too_large,0,0,0.0,max_dim=0.544
dessert_stand,xmwxow,too_large,0,0,0.0,max_dim=1.076
detergent_atomizer,rhfpsb,graspable,200,5,15.7,max_dim=0.256
detergent_bottle,yufawg,graspable,200,5,13.2,max_dim=0.276
diamond,xeoqwf,not_ready,0,0,0.0,max_dim=0.010
diaper,faedft,not_ready,0,0,0.0,max_dim=0.357
dice,iswudu,graspable,200,5,13.5,max_dim=0.018
dice,jommvx,graspable,200,5,11.0,max_dim=0.017
dice,rcgtzz,graspable,200,5,17.2,max_dim=0.018
digital_camera,tymxet,not_ready,0,0,0.0,max_dim=0.137
digital_camera,wbzzjl,graspable,200,5,19.0,max_dim=0.196
digital_camera,yptdmt,not_ready,0,0,0.0,max_dim=0.137
digital_camera,zcnxuz,not_ready,0,0,0.0,max_dim=0.163
digital_scale,ccphiu,graspable,200,5,17.6,max_dim=0.250
digital_scale,ecdsib,not_ready,0,0,0.0,max_dim=0.295
digital_scale,hfetby,graspable,200,5,31.3,max_dim=0.270
digital_scale,xwzzen,graspable,200,5,63.6,max_dim=0.343
digital_thermometer,bpnigg,graspable,200,5,40.1,max_dim=0.143
dinner_napkin,etxjzg,not_ready,0,0,0.0,max_dim=0.218
dinner_napkin,qmpgsg,not_ready,0,0,0.0,max_dim=0.210
dip_candle,gbaons,graspable,200,5,24.0,max_dim=0.127
dip_candle,ghctun,graspable,200,5,45.6,max_dim=0.122
dip_candle,mxjejs,graspable,200,5,42.6,max_dim=0.310
dip_candle,poexjo,graspable,200,5,78.6,max_dim=0.167
dipper,hqqjfo,not_ready,0,0,0.0,max_dim=0.171
dish_rack,kxuutl,too_large,0,0,0.0,max_dim=0.624
dish_rack_cart,rniujn,too_large,0,0,0.0,max_dim=0.878
dishtowel,dtfspn,not_ready,0,0,0.0,max_dim=0.210
dishtowel,ltydgg,not_ready,0,0,0.0,max_dim=0.217
dishwasher,cgugie,too_large,0,0,0.0,max_dim=0.682
dishwasher,dngvvi,too_large,0,0,0.0,max_dim=0.706
dishwasher,dugpby,too_large,0,0,0.0,max_dim=0.651
dishwasher,tnlzww,too_large,0,0,0.0,max_dim=0.755
dishwasher,xlmier,too_large,0,0,0.0,max_dim=0.562
dishwasher,xvchpe,too_large,0,0,0.0,max_dim=1.232
dishwasher,ynrhuk,too_large,0,0,0.0,max_dim=0.760
dishwasher,znfvmj,too_large,0,0,0.0,max_dim=0.749
disinfectant_bottle,ifqdxn,graspable,200,5,13.2,max_dim=0.276
display_case,dyiufq,too_large,0,0,0.0,max_dim=1.280
display_case,eyegld,too_large,0,0,0.0,max_dim=1.000
display_case,khxpgc,too_large,0,0,0.0,max_dim=2.109
display_fridge,oddyhd,too_large,0,0,0.0,max_dim=0.993
display_fridge,wlxyjn,too_large,0,0,0.0,max_dim=0.990
dog_collar,dnjpms,not_ready,0,0,0.0,max_dim=0.181
dog_food_can,vxxcvg,not_ready,0,0,0.0,max_dim=0.243
doily,exiixv,graspable,200,5,30.9,max_dim=0.146
doll,fhdgrp,graspable,200,5,45.6,max_dim=0.446
donut,euibpi,not_ready,0,0,0.0,max_dim=0.097
donut,hfdwgc,not_ready,0,0,0.0,max_dim=0.074
door,adejun,too_large,0,0,0.0,max_dim=2.620
door,aknswb,too_large,0,0,0.0,max_dim=3.345
door,aleker,too_large,0,0,0.0,max_dim=3.000
door,axhbtu,too_large,0,0,0.0,max_dim=2.744
door,bandpe,too_large,0,0,0.0,max_dim=2.075
door,bexenl,too_large,0,0,0.0,max_dim=2.055
door,bkdxqa,too_large,0,0,0.0,max_dim=3.000
door,booxjn,too_large,0,0,0.0,max_dim=3.001
door,cbgtjl,too_large,0,0,0.0,max_dim=2.163
door,ccfetu,too_large,0,0,0.0,max_dim=2.099
door,ceddpg,too_large,0,0,0.0,max_dim=2.279
door,chonxi,too_large,0,0,0.0,max_dim=2.117
door,crtrpa,too_large,0,0,0.0,max_dim=2.330
door,cvvumy,too_large,0,0,0.0,max_dim=2.134
door,dladgw,too_large,0,0,0.0,max_dim=2.140
door,dlncrt,too_large,0,0,0.0,max_dim=1.902
door,dqnbsj,too_large,0,0,0.0,max_dim=2.679
door,duymuw,too_large,0,0,0.0,max_dim=2.143
door,edhkmd,too_large,0,0,0.0,max_dim=2.133
door,eduavq,too_large,0,0,0.0,max_dim=2.330
door,ehwmol,too_large,0,0,0.0,max_dim=2.080
door,esgehq,too_large,0,0,0.0,max_dim=2.782
door,ewqpfv,too_large,0,0,0.0,max_dim=2.268
door,exaqtm,too_large,0,0,0.0,max_dim=2.080
door,fnvpyu,too_large,0,0,0.0,max_dim=2.719
door,frkbgd,too_large,0,0,0.0,max_dim=2.450
door,frusok,too_large,0,0,0.0,max_dim=2.144
door,gfrgkk,too_large,0,0,0.0,max_dim=3.001
door,ggcyib,too_large,0,0,0.0,max_dim=3.000
door,gjtspo,too_large,0,0,0.0,max_dim=2.080
door,gmytjz,too_large,0,0,0.0,max_dim=2.192
door,gzaggw,too_large,0,0,0.0,max_dim=2.210
door,hzfirv,too_large,0,0,0.0,max_dim=1.984
door,ilmrvy,too_large,0,0,0.0,max_dim=2.080
door,iuuykr,too_large,0,0,0.0,max_dim=1.919
door,izyvmu,too_large,0,0,0.0,max_dim=2.801
door,jsoewn,too_large,0,0,0.0,max_dim=2.695
door,ktydvs,too_large,0,0,0.0,max_dim=1.885
door,kwbnhy,too_large,0,0,0.0,max_dim=2.655
door,lcrefl,too_large,0,0,0.0,max_dim=2.152
door,lctyaf,too_large,0,0,0.0,max_dim=2.201
door,lhxdte,too_large,0,0,0.0,max_dim=2.157
door,lvgliq,too_large,0,0,0.0,max_dim=1.825
door,lvncak,too_large,0,0,0.0,max_dim=2.219
door,lztyfn,too_large,0,0,0.0,max_dim=2.067
door,mdglvs,too_large,0,0,0.0,max_dim=3.061
door,mfocvp,too_large,0,0,0.0,max_dim=2.462
door,mgmayh,too_large,0,0,0.0,max_dim=1.999
door,mkcndz,too_large,0,0,0.0,max_dim=2.060
door,mrdthd,too_large,0,0,0.0,max_dim=2.892
door,msovkn,too_large,0,0,0.0,max_dim=2.289
door,myihfn,too_large,0,0,0.0,max_dim=2.177
door,nfrbch,too_large,0,0,0.0,max_dim=2.010
door,nwlbit,too_large,0,0,0.0,max_dim=2.095
door,nywsku,too_large,0,0,0.0,max_dim=2.200
door,ofgodc,too_large,0,0,0.0,max_dim=2.500
door,ofgpit,too_large,0,0,0.0,max_dim=2.123
door,ohagsq,too_large,0,0,0.0,max_dim=3.434
door,ozlhfk,too_large,0,0,0.0,max_dim=2.699
door,pevmgl,too_large,0,0,0.0,max_dim=1.900
door,poafwh,too_large,0,0,0.0,max_dim=2.306
door,pwoerr,too_large,0,0,0.0,max_dim=3.000
door,pxhbim,too_large,0,0,0.0,max_dim=2.055
door,pzgdls,too_large,0,0,0.0,max_dim=2.177
door,rhcnln,too_large,0,0,0.0,max_dim=2.604
door,rqextk,too_large,0,0,0.0,max_dim=2.142
door,rsypfh,too_large,0,0,0.0,max_dim=2.080
door,rwmofs,too_large,0,0,0.0,max_dim=2.080
door,scfdua,too_large,0,0,0.0,max_dim=2.855
door,stvajh,too_large,0,0,0.0,max_dim=2.695
door,tfdrhh,too_large,0,0,0.0,max_dim=2.394
door,tonlzz,too_large,0,0,0.0,max_dim=2.739
door,uatmde,too_large,0,0,0.0,max_dim=2.080
door,ubesbe,too_large,0,0,0.0,max_dim=2.083
door,uptpdr,too_large,0,0,0.0,max_dim=2.295
door,uubpeq,too_large,0,0,0.0,max_dim=2.279
door,vngfge,too_large,0,0,0.0,max_dim=2.100
door,vngpad,too_large,0,0,0.0,max_dim=2.002
door,vudhlc,too_large,0,0,0.0,max_dim=2.342
door,vxmxbc,too_large,0,0,0.0,max_dim=2.080
door,woxoyn,too_large,0,0,0.0,max_dim=1.900
door,xdcuws,too_large,0,0,0.0,max_dim=2.218
door,xkfmjp,too_large,0,0,0.0,max_dim=2.080
door,xqxiyb,too_large,0,0,0.0,max_dim=3.001
door,xxipyh,too_large,0,0,0.0,max_dim=3.300
door,ydokma,too_large,0,0,0.0,max_dim=2.080
door,zniqtp,too_large,0,0,0.0,max_dim=2.152
dowel,ghnjry,graspable,200,5,15.6,max_dim=0.035
downlight,adwcsx,not_ready,0,0,0.0,max_dim=0.064
downlight,avpijm,too_large,0,0,0.0,max_dim=5.350
downlight,dfjhxs,not_ready,0,0,0.0,max_dim=0.095
downlight,fisfbn,too_large,0,0,0.0,max_dim=0.645
downlight,foxnlo,graspable,200,5,67.3,max_dim=0.228
downlight,ggwgmo,graspable,200,5,35.5,max_dim=0.220
downlight,ghdczp,too_large,0,0,0.0,max_dim=0.962
downlight,hbqwek,not_ready,0,0,0.0,max_dim=0.083
downlight,hpkvem,not_ready,0,0,0.0,max_dim=0.169
downlight,jexffy,not_ready,0,0,0.0,max_dim=0.170
downlight,jrrugm,not_ready,0,0,0.0,max_dim=0.095
downlight,kpobtc,not_ready,0,0,0.0,max_dim=0.053
downlight,ldapja,not_ready,0,0,0.0,max_dim=0.195
downlight,miioxs,not_ready,0,0,0.0,max_dim=0.199
downlight,nlhffs,graspable,200,5,15.8,max_dim=0.100
downlight,pawfmw,not_ready,0,0,0.0,max_dim=0.137
downlight,pxrmnt,not_ready,0,0,0.0,max_dim=0.069
downlight,qnleip,too_large,0,0,0.0,max_dim=1.200
downlight,tghdrr,too_large,0,0,0.0,max_dim=3.606
downlight,tyfhjt,too_large,0,0,0.0,max_dim=0.612
downlight,vlplia,graspable,200,5,42.0,max_dim=0.156
downlight,vqlqsa,graspable,200,5,23.9,max_dim=0.220
downlight,vtamah,not_ready,0,0,0.0,max_dim=0.034
downlight,xfigfe,not_ready,0,0,0.0,max_dim=0.061
downlight,xhoqgk,not_ready,0,0,0.0,max_dim=0.120
downlight,ylheyu,not_ready,0,0,0.0,max_dim=0.428
downlight,yrnfdt,not_ready,0,0,0.0,max_dim=0.105
downlight,zojpvs,not_ready,0,0,0.0,max_dim=0.120
dreidel,smzktm,graspable,200,5,14.2,max_dim=0.026
dreidel,vsmlcg,graspable,200,5,16.0,max_dim=0.032
dreidel,zynift,graspable,200,5,10.7,max_dim=0.035
dress,gtghon,too_large,0,0,0.0,max_dim=1.007
dress_shirt,fmapwe,too_large,0,0,0.0,max_dim=0.768
dried_apricot,fasedf,graspable,200,5,9.9,max_dim=0.053
drill,nzgmza,graspable,200,5,28.9,max_dim=0.197
drink_dispenser,midfat,too_large,0,0,0.0,max_dim=0.815
drink_dispenser,zgvhru,too_large,0,0,0.0,max_dim=1.014
drinking_fountain,xijidt,too_large,0,0,0.0,max_dim=1.088
drip_pot,xmxvml,graspable,200,5,19.3,max_dim=0.214
driveway,aipswu,too_large,0,0,0.0,max_dim=11.268
driveway,bswjlv,too_large,0,0,0.0,max_dim=14.403
driveway,hmbdky,too_large,0,0,0.0,max_dim=36.193
driveway,nnhykp,too_large,0,0,0.0,max_dim=6.173
driveway,ulegfe,too_large,0,0,0.0,max_dim=12.375
driveway,umalys,too_large,0,0,0.0,max_dim=7.403
driveway,ywqsrg,too_large,0,0,0.0,max_dim=5.888
drop_in_sink,awvzkn,too_large,0,0,0.0,max_dim=0.769
drop_in_sink,hecjnt,too_large,0,0,0.0,max_dim=0.682
drop_in_sink,lkklqs,too_large,0,0,0.0,max_dim=0.858
drop_in_sink,wqjwbx,too_large,0,0,0.0,max_dim=1.127
drop_in_sink,wzpabm,no_grasp,200,0,107.0,max_dim=0.331
drumstick,jauzlc,graspable,200,5,40.1,max_dim=0.375
drumstick,lkvzmj,graspable,200,5,49.4,max_dim=0.406
dry_food_dispenser_shelf,digmhv,too_large,0,0,0.0,max_dim=2.172
drying_rack,rygebd,too_large,0,0,0.0,max_dim=1.528
duck,nletxg,not_ready,0,0,0.0,max_dim=0.484
duct_tape,htrage,graspable,200,5,12.2,max_dim=0.142
dumpling,upqcop,graspable,200,5,11.3,max_dim=0.042
durian,mttfyh,not_ready,0,0,0.0,max_dim=0.142
dustpan,espzwv,graspable,200,5,23.9,max_dim=0.294
dutch_oven,tyxwap,too_large,0,0,0.0,max_dim=0.507
dvd,lggrfa,not_ready,0,0,0.0,max_dim=0.144
eames_chair,hjzqdj,too_large,0,0,0.0,max_dim=0.934
eames_chair,hndxiw,too_large,0,0,0.0,max_dim=0.845
eames_chair,hpwusn,too_large,0,0,0.0,max_dim=0.749
eames_chair,mmqvnh,too_large,0,0,0.0,max_dim=0.777
eames_chair,svlwdg,too_large,0,0,0.0,max_dim=0.945
eames_chair,ubmrms,too_large,0,0,0.0,max_dim=1.128
easel,jsvaph,too_large,0,0,0.0,max_dim=1.657
easter_egg,rxwfse,graspable,200,5,10.4,max_dim=0.057
echeveria_elegans,eijdyn,graspable,200,5,30.6,max_dim=0.143
edible_cookie_dough,epwkoi,not_ready,0,0,0.0,max_dim=0.200
egg,brkitw,graspable,200,5,9.8,max_dim=0.070
egg,qopwgx,graspable,200,5,10.0,max_dim=0.066
eggplant,gfytkk,graspable,200,5,63.5,max_dim=0.205
eggplant,jniuxf,graspable,200,5,52.4,max_dim=0.199
eggplant,nzbcyp,graspable,200,5,31.7,max_dim=0.200
electric_cauldron,qmdgct,too_large,0,0,0.0,max_dim=1.057
electric_fan,lclkju,too_large,0,0,0.0,max_dim=0.534
electric_fan,qqphyr,too_large,0,0,0.0,max_dim=1.156
electric_hand_mixer,prewfi,graspable,200,5,28.9,max_dim=0.293
electric_kettle,hkdsla,graspable,200,5,28.6,max_dim=0.265
electric_mixer,ceaeqf,no_grasp,200,0,3.2,max_dim=0.403
electric_mixer,qornxa,too_large,0,0,0.0,max_dim=0.677
electric_switch,fjjber,no_grasp,200,0,1.5,max_dim=0.095
electric_switch,gashan,not_ready,0,0,0.0,max_dim=0.080
electric_switch,hpowgy,not_ready,0,0,0.0,max_dim=0.118
electric_switch,hrwnhp,no_grasp,200,0,1.6,max_dim=0.114
electric_switch,ldrjoi,not_ready,0,0,0.0,max_dim=0.081
electric_switch,oedwla,no_grasp,200,0,1.7,max_dim=0.081
electric_switch,qxhtct,no_grasp,200,0,1.6,max_dim=0.061
electric_switch,strbnw,no_grasp,200,0,1.5,max_dim=0.080
electric_switch,wseglt,not_ready,0,0,0.0,max_dim=0.114
electric_switch,zigdvw,no_grasp,200,0,1.7,max_dim=0.073
elevator_door,yazaic,too_large,0,0,0.0,max_dim=3.000
elevator_door,ymwnju,too_large,0,0,0.0,max_dim=2.122
elevator_door,zlmfwf,too_large,0,0,0.0,max_dim=2.136
elliptical_machine,qwsarx,too_large,0,0,0.0,max_dim=1.688
emery_paper,aozhnv,no_grasp,200,0,1.5,max_dim=0.228
enchilada,dwvaig,not_ready,0,0,0.0,max_dim=0.203
envelope,urcigc,no_grasp,200,0,1.5,max_dim=0.103
erlenmeyer_flask,bpwjxr,no_grasp,200,0,1.7,max_dim=0.153
erlenmeyer_flask,iwwpsf,no_grasp,200,0,1.6,max_dim=0.227
espresso_machine,artpwc,no_grasp,200,0,2.2,max_dim=0.476
espresso_machine,cycsgl,too_large,0,0,0.0,max_dim=0.569
espresso_machine,qhrtyw,too_large,0,0,0.0,max_dim=0.524
espresso_machine,tysouc,no_grasp,200,0,14.1,max_dim=0.340
espresso_machine,xybbzt,too_large,0,0,0.0,max_dim=0.861
exercise_bike,eponae,too_large,0,0,0.0,max_dim=1.266
eyeglasses,gphhuu,no_grasp,200,0,1.7,max_dim=0.129
eyeglasses,ujauoy,no_grasp,200,0,2.0,max_dim=0.153
fabric_softener_bottle,uyixwc,no_grasp,200,0,2.3,max_dim=0.276
facsimile,mcqqhy,no_grasp,200,0,1.9,max_dim=0.130
fairy_light,waitum,too_large,0,0,0.0,max_dim=4.930
farm_stand,yoacgd,too_large,0,0,0.0,max_dim=3.158
feather,kwjblz,no_grasp,200,0,1.5,max_dim=0.229
fertilizer_atomizer,lhbpcq,no_grasp,200,0,2.1,max_dim=0.260
feta,gkaitc,no_grasp,200,0,1.5,max_dim=0.177
feta,imjclo,no_grasp,200,0,1.4,max_dim=0.163
feta,qqnhke,no_grasp,200,0,1.4,max_dim=0.163
feta,yvqmnt,no_grasp,200,0,1.5,max_dim=0.177
feta_box,qxnzpx,not_ready,0,0,0.0,max_dim=0.204
fillet,fqhuey,no_grasp,200,0,1.7,max_dim=0.191
fire_alarm,dkwmmf,no_grasp,200,0,1.5,max_dim=0.100
fire_alarm,jyifxp,no_grasp,200,0,1.5,max_dim=0.166
fire_alarm,nidjyp,no_grasp,200,0,1.8,max_dim=0.120
fire_alarm,rcviyl,no_grasp,200,0,1.9,max_dim=0.087
fire_alarm,wfihwf,not_ready,0,0,0.0,max_dim=0.109
fire_alarm,xjupjc,no_grasp,200,0,1.7,max_dim=0.087
fire_extinguisher,bejaeu,no_grasp,200,0,2.0,max_dim=0.418
fire_extinguisher,inqyom,no_grasp,200,0,2.1,max_dim=0.423
fire_extinguisher,jgdvdl,too_large,0,0,0.0,max_dim=0.637
fire_extinguisher,noepez,too_large,0,0,0.0,max_dim=0.637
fire_extinguisher,tfgypq,not_ready,0,0,0.0,max_dim=0.422
fire_extinguisher,xqtkxb,no_grasp,200,0,1.7,max_dim=0.430
fire_sprinkler,nodoxv,graspable,200,5,12.7,max_dim=0.123
fire_sprinkler,skcdiz,not_ready,0,0,0.0,max_dim=0.072
firewood,agntyc,graspable,200,5,52.1,max_dim=0.260
firewood,awnmwf,graspable,200,3,101.6,max_dim=0.385
firewood,bfalqo,graspable,200,5,65.0,max_dim=0.248
firewood,bpvxxo,graspable,200,5,21.4,max_dim=0.401
firewood,eqisnk,graspable,200,5,67.4,max_dim=0.455
firewood,fpqlgh,graspable,200,4,106.8,max_dim=0.286
firewood,fyasfx,graspable,200,2,97.7,max_dim=0.459
firewood,gmwelp,graspable,200,5,48.9,max_dim=0.252
firewood,hkdyem,graspable,200,5,26.0,max_dim=0.415
firewood,hmwryv,graspable,200,5,71.3,max_dim=0.449
firewood,hofdbd,graspable,200,5,29.9,max_dim=0.244
firewood,jdnzje,graspable,200,5,44.9,max_dim=0.385
firewood,jqmenf,graspable,200,5,50.0,max_dim=0.374
firewood,njlexd,graspable,200,5,32.4,max_dim=0.280
firewood,onxcke,graspable,200,5,28.2,max_dim=0.278
firewood,qokgna,graspable,200,5,32.1,max_dim=0.268
firewood,soubgn,graspable,200,5,41.5,max_dim=0.231
firewood,vehlap,graspable,200,5,16.9,max_dim=0.257
firewood_chopping_block,cvkfkz,too_large,0,0,0.0,max_dim=0.569
firewood_grate,jaobtm,not_ready,0,0,0.0,max_dim=0.500
first_aid_kit,flctdz,graspable,200,5,14.1,max_dim=0.200
fishing_rod,zhmrtc,too_large,0,0,0.0,max_dim=1.332
fixed_window,asrqdf,too_large,0,0,0.0,max_dim=4.758
fixed_window,ayvcgc,too_large,0,0,0.0,max_dim=3.520
fixed_window,bvqijp,too_large,0,0,0.0,max_dim=2.310
fixed_window,caymim,too_large,0,0,0.0,max_dim=5.108
fixed_window,cciwhk,too_large,0,0,0.0,max_dim=5.295
fixed_window,cgchwh,too_large,0,0,0.0,max_dim=5.295
fixed_window,cggyho,too_large,0,0,0.0,max_dim=7.484
fixed_window,cmuvzz,too_large,0,0,0.0,max_dim=3.643
fixed_window,dbqbzg,too_large,0,0,0.0,max_dim=3.775
fixed_window,dfdweq,too_large,0,0,0.0,max_dim=4.712
fixed_window,djqiqc,too_large,0,0,0.0,max_dim=1.775
fixed_window,dompiq,too_large,0,0,0.0,max_dim=1.759
fixed_window,ebtgyg,too_large,0,0,0.0,max_dim=1.231
fixed_window,eiqker,too_large,0,0,0.0,max_dim=2.500
fixed_window,engzvq,too_large,0,0,0.0,max_dim=5.435
fixed_window,etjpqr,too_large,0,0,0.0,max_dim=1.484
fixed_window,fkfgvp,too_large,0,0,0.0,max_dim=1.751
fixed_window,fqsuee,too_large,0,0,0.0,max_dim=3.764
fixed_window,glimdy,too_large,0,0,0.0,max_dim=2.122
fixed_window,guhrnv,too_large,0,0,0.0,max_dim=5.295
fixed_window,hohdkt,too_large,0,0,0.0,max_dim=1.092
fixed_window,hwunjt,too_large,0,0,0.0,max_dim=7.910
fixed_window,iggzsd,too_large,0,0,0.0,max_dim=2.018
fixed_window,ijnwlp,too_large,0,0,0.0,max_dim=11.095
fixed_window,ijpvgf,too_large,0,0,0.0,max_dim=2.718
fixed_window,iueiur,too_large,0,0,0.0,max_dim=3.862
fixed_window,jpubcg,too_large,0,0,0.0,max_dim=2.350
fixed_window,jrnfkt,too_large,0,0,0.0,max_dim=2.295
fixed_window,kmvdjo,too_large,0,0,0.0,max_dim=24.316
fixed_window,kvdqep,too_large,0,0,0.0,max_dim=2.371
fixed_window,lhzwtz,too_large,0,0,0.0,max_dim=2.449
fixed_window,mvutvn,too_large,0,0,0.0,max_dim=3.764
fixed_window,nruots,too_large,0,0,0.0,max_dim=2.718
fixed_window,nszybf,too_large,0,0,0.0,max_dim=2.670
fixed_window,ocpgvi,too_large,0,0,0.0,max_dim=2.482
fixed_window,omnmee,too_large,0,0,0.0,max_dim=7.552
fixed_window,oszzno,too_large,0,0,0.0,max_dim=5.295
fixed_window,ouzyvo,too_large,0,0,0.0,max_dim=1.726
fixed_window,ozlemc,too_large,0,0,0.0,max_dim=3.050
fixed_window,qfifse,too_large,0,0,0.0,max_dim=2.653
fixed_window,qjcodu,too_large,0,0,0.0,max_dim=1.692
fixed_window,qvqecb,too_large,0,0,0.0,max_dim=2.144
fixed_window,rkqcfx,too_large,0,0,0.0,max_dim=2.608
fixed_window,ropopf,too_large,0,0,0.0,max_dim=4.912
fixed_window,surlxy,too_large,0,0,0.0,max_dim=2.000
fixed_window,tojcni,too_large,0,0,0.0,max_dim=2.295
fixed_window,tspbac,too_large,0,0,0.0,max_dim=1.848
fixed_window,txxinx,too_large,0,0,0.0,max_dim=14.400
fixed_window,ucejof,too_large,0,0,0.0,max_dim=3.629
fixed_window,usynui,too_large,0,0,0.0,max_dim=2.608
fixed_window,uztisk,too_large,0,0,0.0,max_dim=2.639
fixed_window,vapbnz,too_large,0,0,0.0,max_dim=13.903
fixed_window,vqbgzc,too_large,0,0,0.0,max_dim=6.690
fixed_window,vsifsu,too_large,0,0,0.0,max_dim=4.599
fixed_window,vuevwo,too_large,0,0,0.0,max_dim=2.723
fixed_window,whujjc,too_large,0,0,0.0,max_dim=5.295
fixed_window,wkzfdu,too_large,0,0,0.0,max_dim=0.880
fixed_window,wogynv,too_large,0,0,0.0,max_dim=2.643
fixed_window,xdxisn,too_large,0,0,0.0,max_dim=3.100
fixed_window,xjyvwx,too_large,0,0,0.0,max_dim=6.147
fixed_window,xkxvpp,too_large,0,0,0.0,max_dim=2.081
fixed_window,yikxbf,too_large,0,0,0.0,max_dim=2.718
fixed_window,yjbico,too_large,0,0,0.0,max_dim=2.643
fixed_window,ysgkig,too_large,0,0,0.0,max_dim=1.050
fixed_window,ywetvt,too_large,0,0,0.0,max_dim=5.544
fixed_window,yxclci,too_large,0,0,0.0,max_dim=6.474
fixed_window,yzxhbp,too_large,0,0,0.0,max_dim=2.026
flag_pole,jjtesy,too_large,0,0,0.0,max_dim=2.179
flagpole,kbijbm,too_large,0,0,0.0,max_dim=1.742
flashlight,jtrbkc,graspable,200,5,19.2,max_dim=0.237
flask_clamp,dyfksq,graspable,200,5,14.6,max_dim=0.297
flask_clamp,kfbwai,graspable,200,5,13.7,max_dim=0.297
flat_bench,iisaia,too_large,0,0,0.0,max_dim=1.275
flat_top_grill,drcurn,too_large,0,0,0.0,max_dim=1.506
flat_top_grill,ncdzkj,too_large,0,0,0.0,max_dim=1.195
flat_top_grill,rdyuii,too_large,0,0,0.0,max_dim=0.943
flat_top_grill,szisej,too_large,0,0,0.0,max_dim=1.026
flat_top_grill,wchhzh,too_large,0,0,0.0,max_dim=1.026
flat_top_grill,wlzvfj,too_large,0,0,0.0,max_dim=1.054
floor_lamp,chjeoy,too_large,0,0,0.0,max_dim=1.643
floor_lamp,cosjfl,too_large,0,0,0.0,max_dim=1.350
floor_lamp,disyzd,not_ready,0,0,0.0,max_dim=0.411
floor_lamp,fanocp,too_large,0,0,0.0,max_dim=1.283
floor_lamp,hdfnqb,too_large,0,0,0.0,max_dim=1.961
floor_lamp,imgsrd,too_large,0,0,0.0,max_dim=1.252
floor_lamp,jbjckk,too_large,0,0,0.0,max_dim=1.582
floor_lamp,jcbvfi,too_large,0,0,0.0,max_dim=1.302
floor_lamp,jqsuky,too_large,0,0,0.0,max_dim=1.243
floor_lamp,lcmuvd,too_large,0,0,0.0,max_dim=1.615
floor_lamp,lnacuc,too_large,0,0,0.0,max_dim=2.292
floor_lamp,lqdmym,too_large,0,0,0.0,max_dim=1.348
floor_lamp,mqfdjk,too_large,0,0,0.0,max_dim=0.645
floor_lamp,ogolip,too_large,0,0,0.0,max_dim=1.662
floor_lamp,ozknkr,too_large,0,0,0.0,max_dim=1.564
floor_lamp,pfuqec,too_large,0,0,0.0,max_dim=0.839
floor_lamp,smfygn,too_large,0,0,0.0,max_dim=1.664
floor_lamp,uivlzf,too_large,0,0,0.0,max_dim=1.489
floor_lamp,vdxlda,too_large,0,0,0.0,max_dim=1.332
floor_wax_bottle,fzhcdb,graspable,200,5,15.5,max_dim=0.276
floors,aafddg,too_large,0,0,0.0,max_dim=1.559
floors,abekig,too_large,0,0,0.0,max_dim=7.580
floors,afezwc,too_large,0,0,0.0,max_dim=2.992
floors,aleroe,too_large,0,0,0.0,max_dim=5.660
floors,aoaasb,too_large,0,0,0.0,max_dim=1.239
floors,aruzuz,too_large,0,0,0.0,max_dim=6.100
floors,atsekq,too_large,0,0,0.0,max_dim=5.255
floors,avdwms,too_large,0,0,0.0,max_dim=16.346
floors,avfwga,too_large,0,0,0.0,max_dim=1.350
floors,avvnuv,too_large,0,0,0.0,max_dim=1.974
floors,bcoszl,too_large,0,0,0.0,max_dim=4.785
floors,bcqdxh,too_large,0,0,0.0,max_dim=11.514
floors,besanj,too_large,0,0,0.0,max_dim=3.500
floors,bijmgk,too_large,0,0,0.0,max_dim=28.859
floors,bkqcyy,too_large,0,0,0.0,max_dim=2.305
floors,bqaini,too_large,0,0,0.0,max_dim=9.825
floors,bqayjv,too_large,0,0,0.0,max_dim=4.650
floors,bryjan,too_large,0,0,0.0,max_dim=6.850
floors,bsblwz,too_large,0,0,0.0,max_dim=32.058
floors,btfqvw,too_large,0,0,0.0,max_dim=4.226
floors,buiarh,too_large,0,0,0.0,max_dim=7.125
floors,buymjp,too_large,0,0,0.0,max_dim=4.621
floors,byoazk,too_large,0,0,0.0,max_dim=8.380
floors,cborev,too_large,0,0,0.0,max_dim=2.861
floors,cdzqdq,too_large,0,0,0.0,max_dim=2.602
floors,cehuaz,too_large,0,0,0.0,max_dim=4.364
floors,ciodcg,too_large,0,0,0.0,max_dim=3.697
floors,cjrrdo,too_large,0,0,0.0,max_dim=32.058
floors,cjvouw,too_large,0,0,0.0,max_dim=1.615
floors,ckbwre,too_large,0,0,0.0,max_dim=15.220
floors,cqtnpg,too_large,0,0,0.0,max_dim=4.453
floors,ctewvi,too_large,0,0,0.0,max_dim=4.605
floors,curkiw,degenerate_bbox,0,0,0.0,"[5.3046259765625, 4.33928125, 0.0]"
floors,cxcxqq,too_large,0,0,0.0,max_dim=13.716
floors,cyanxu,too_large,0,0,0.0,max_dim=6.990
floors,cypivn,too_large,0,0,0.0,max_dim=28.187
floors,dclqap,too_large,0,0,0.0,max_dim=4.060
floors,dcxicr,too_large,0,0,0.0,max_dim=4.473
floors,ddyhsl,too_large,0,0,0.0,max_dim=1.905
floors,dfsjuc,too_large,0,0,0.0,max_dim=2.387
floors,dggxhh,too_large,0,0,0.0,max_dim=3.910
floors,dpjzuo,too_large,0,0,0.0,max_dim=2.635
floors,dqeeaj,too_large,0,0,0.0,max_dim=2.256
floors,dtpkee,too_large,0,0,0.0,max_dim=1.402
floors,dveqfm,too_large,0,0,0.0,max_dim=3.208
floors,egwiou,too_large,0,0,0.0,max_dim=6.546
floors,eivonw,too_large,0,0,0.0,max_dim=18.244
floors,ekqfhr,too_large,0,0,0.0,max_dim=2.706
floors,elafml,too_large,0,0,0.0,max_dim=4.548
floors,eldjou,too_large,0,0,0.0,max_dim=4.930
floors,elvhyh,too_large,0,0,0.0,max_dim=4.020
floors,eovqkf,too_large,0,0,0.0,max_dim=4.485
floors,esoefs,too_large,0,0,0.0,max_dim=4.600
floors,fazobp,too_large,0,0,0.0,max_dim=13.820
floors,fbuipj,too_large,0,0,0.0,max_dim=2.453
floors,fcxkki,too_large,0,0,0.0,max_dim=1.964
floors,fdcjvm,too_large,0,0,0.0,max_dim=17.502
floors,fgltrw,too_large,0,0,0.0,max_dim=3.020
floors,fixemq,too_large,0,0,0.0,max_dim=2.005
floors,fobocr,too_large,0,0,0.0,max_dim=1.752
floors,fpnxmg,too_large,0,0,0.0,max_dim=2.079
floors,furgou,degenerate_bbox,0,0,0.0,"[5.3046259765625, 3.81071875, 0.0]"
floors,fzpedl,too_large,0,0,0.0,max_dim=2.165
floors,fzriob,too_large,0,0,0.0,max_dim=4.325
floors,gabzai,too_large,0,0,0.0,max_dim=3.620
floors,getzeg,too_large,0,0,0.0,max_dim=3.855
floors,gfrihe,too_large,0,0,0.0,max_dim=1.872
floors,ghetev,too_large,0,0,0.0,max_dim=11.345
floors,ghutyr,too_large,0,0,0.0,max_dim=8.115
floors,gjemfr,too_large,0,0,0.0,max_dim=1.974
floors,gjpvfd,too_large,0,0,0.0,max_dim=6.810
floors,gkfwyg,too_large,0,0,0.0,max_dim=35.133
floors,gkynpc,too_large,0,0,0.0,max_dim=1.408
floors,glpnus,too_large,0,0,0.0,max_dim=8.000
floors,glwcho,too_large,0,0,0.0,max_dim=5.764
floors,glwobe,too_large,0,0,0.0,max_dim=4.660
floors,gmuspq,too_large,0,0,0.0,max_dim=3.671
floors,gnfmsd,too_large,0,0,0.0,max_dim=6.160
floors,gshqfr,too_large,0,0,0.0,max_dim=2.590
floors,gupykd,too_large,0,0,0.0,max_dim=5.565
floors,gvzlnj,too_large,0,0,0.0,max_dim=38.747
floors,gwawvk,too_large,0,0,0.0,max_dim=2.865
floors,gxiigf,too_large,0,0,0.0,max_dim=2.210
floors,gzjodz,too_large,0,0,0.0,max_dim=11.554
floors,hcqtge,too_large,0,0,0.0,max_dim=4.089
floors,hdrmen,too_large,0,0,0.0,max_dim=1.210
floors,hgmnot,too_large,0,0,0.0,max_dim=3.500
floors,hhszec,too_large,0,0,0.0,max_dim=100.000
floors,hhvngm,too_large,0,0,0.0,max_dim=1.865
floors,hhxpyk,too_large,0,0,0.0,max_dim=15.530
floors,hkdmte,too_large,0,0,0.0,max_dim=11.373
floors,honpkr,too_large,0,0,0.0,max_dim=1.269
floors,hoxmcm,too_large,0,0,0.0,max_dim=1.985
floors,hqnkxi,too_large,0,0,0.0,max_dim=2.992
floors,hrfqcc,too_large,0,0,0.0,max_dim=2.048
floors,htolat,too_large,0,0,0.0,max_dim=5.453
floors,hxdqav,too_large,0,0,0.0,max_dim=28.859
floors,hzcewr,too_large,0,0,0.0,max_dim=3.285
floors,ibjsgt,too_large,0,0,0.0,max_dim=6.270
floors,ideoae,too_large,0,0,0.0,max_dim=6.005
floors,iesznz,too_large,0,0,0.0,max_dim=2.270
floors,ifmioj,too_large,0,0,0.0,max_dim=2.632
floors,igemfx,too_large,0,0,0.0,max_dim=3.730
floors,ijtpvn,too_large,0,0,0.0,max_dim=5.176
floors,ijwnhc,too_large,0,0,0.0,max_dim=12.642
floors,iqauon,too_large,0,0,0.0,max_dim=2.020
floors,irvmpb,too_large,0,0,0.0,max_dim=4.702
floors,iwsyoz,too_large,0,0,0.0,max_dim=17.560
floors,ixbfja,too_large,0,0,0.0,max_dim=1.770
floors,iylkzm,too_large,0,0,0.0,max_dim=6.400
floors,jacdwq,degenerate_bbox,0,0,0.0,"[2.74771533203125, 2.9955595703125, 0.0]"
floors,jbiwrx,too_large,0,0,0.0,max_dim=6.005
floors,jciltq,too_large,0,0,0.0,max_dim=2.440
floors,jdcmwf,too_large,0,0,0.0,max_dim=3.460
floors,jeufgb,too_large,0,0,0.0,max_dim=1.887
floors,jiafyw,too_large,0,0,0.0,max_dim=1.985
floors,jkaqil,too_large,0,0,0.0,max_dim=5.980
floors,jmlrre,too_large,0,0,0.0,max_dim=1.065
floors,jniagb,too_large,0,0,0.0,max_dim=3.996
floors,jpldmi,too_large,0,0,0.0,max_dim=1.440
floors,jrdgxz,too_large,0,0,0.0,max_dim=4.650
floors,jrtshg,too_large,0,0,0.0,max_dim=4.256
floors,jymrik,too_large,0,0,0.0,max_dim=4.160
floors,jywnee,too_large,0,0,0.0,max_dim=8.317
floors,kbfhfa,too_large,0,0,0.0,max_dim=6.001
floors,kblcfy,too_large,0,0,0.0,max_dim=6.816
floors,kevjba,too_large,0,0,0.0,max_dim=6.316
floors,kgvkjo,too_large,0,0,0.0,max_dim=1.137
floors,khjmrr,too_large,0,0,0.0,max_dim=49.613
floors,kjaffs,too_large,0,0,0.0,max_dim=1.505
floors,kjptjl,too_large,0,0,0.0,max_dim=5.630
floors,kkdimd,too_large,0,0,0.0,max_dim=3.996
floors,knbvlo,too_large,0,0,0.0,max_dim=1.800
floors,knpkwh,too_large,0,0,0.0,max_dim=2.200
floors,koiduj,too_large,0,0,0.0,max_dim=1.034
floors,kopltd,too_large,0,0,0.0,max_dim=2.815
floors,kqgjaj,too_large,0,0,0.0,max_dim=4.130
floors,kraeyl,too_large,0,0,0.0,max_dim=29.518
floors,krgyyj,too_large,0,0,0.0,max_dim=7.651
floors,krlcki,too_large,0,0,0.0,max_dim=2.945
floors,kudtlk,too_large,0,0,0.0,max_dim=6.194
floors,kwjfig,too_large,0,0,0.0,max_dim=22.014
floors,kwnype,too_large,0,0,0.0,max_dim=4.520
floors,kxcpgy,too_large,0,0,0.0,max_dim=5.545
floors,kxglcu,too_large,0,0,0.0,max_dim=1.213
floors,kxqtap,too_large,0,0,0.0,max_dim=2.200
floors,kzcgnc,too_large,0,0,0.0,max_dim=7.608
floors,ldvzya,too_large,0,0,0.0,max_dim=8.280
floors,lhvxey,too_large,0,0,0.0,max_dim=3.230
floors,ljbnpd,too_large,0,0,0.0,max_dim=4.605
floors,lllojr,too_large,0,0,0.0,max_dim=3.412
floors,llngfy,too_large,0,0,0.0,max_dim=5.740
floors,lltizc,too_large,0,0,0.0,max_dim=2.093
floors,lmgvcb,degenerate_bbox,0,0,0.0,"[4.44999951171875, 6.9392812500000005, 0.0]"
floors,lqngig,too_large,0,0,0.0,max_dim=6.095
floors,lttvnn,too_large,0,0,0.0,max_dim=28.859
floors,luwpxp,too_large,0,0,0.0,max_dim=8.354
floors,lwmene,too_large,0,0,0.0,max_dim=6.400
floors,lwmjzl,too_large,0,0,0.0,max_dim=6.750
floors,lzecin,too_large,0,0,0.0,max_dim=11.554
floors,mawnss,too_large,0,0,0.0,max_dim=5.260
floors,mbxifr,too_large,0,0,0.0,max_dim=4.724
floors,mcecze,too_large,0,0,0.0,max_dim=5.905
floors,mcivwr,too_large,0,0,0.0,max_dim=5.935
floors,mdfbbc,too_large,0,0,0.0,max_dim=12.548
floors,mdozod,too_large,0,0,0.0,max_dim=7.430
floors,mdwoyt,too_large,0,0,0.0,max_dim=3.760
floors,meryyw,too_large,0,0,0.0,max_dim=2.815
floors,mknpoc,too_large,0,0,0.0,max_dim=3.697
floors,mlogeo,too_large,0,0,0.0,max_dim=6.936
floors,mowtdm,too_large,0,0,0.0,max_dim=0.890
floors,mqatev,too_large,0,0,0.0,max_dim=3.115
floors,muywul,too_large,0,0,0.0,max_dim=3.500
floors,muzlgy,too_large,0,0,0.0,max_dim=1.289
floors,mvnkva,too_large,0,0,0.0,max_dim=5.055
floors,mwkesh,too_large,0,0,0.0,max_dim=5.905
floors,mwnkac,degenerate_bbox,0,0,0.0,"[17.02930908203125, 11.370904296875, 0.0]"
floors,mzywvs,too_large,0,0,0.0,max_dim=2.835
floors,naavhr,too_large,0,0,0.0,max_dim=27.500
floors,nbxnpk,too_large,0,0,0.0,max_dim=7.808
floors,nbzcbu,too_large,0,0,0.0,max_dim=2.166
floors,nbzwbf,too_large,0,0,0.0,max_dim=59.277
floors,nchflg,too_large,0,0,0.0,max_dim=1.974
floors,ndfsiw,too_large,0,0,0.0,max_dim=23.800
floors,nghgge,too_large,0,0,0.0,max_dim=6.483
floors,ngibqw,too_large,0,0,0.0,max_dim=12.792
floors,nhcbxy,too_large,0,0,0.0,max_dim=3.500
floors,nkjevu,too_large,0,0,0.0,max_dim=10.953
floors,nlswvt,too_large,0,0,0.0,max_dim=4.642
floors,nlyyja,too_large,0,0,0.0,max_dim=9.467
floors,nmfere,too_large,0,0,0.0,max_dim=5.045
floors,nrkqre,too_large,0,0,0.0,max_dim=6.719
floors,nsohtj,too_large,0,0,0.0,max_dim=3.916
floors,nuacoz,too_large,0,0,0.0,max_dim=4.235
floors,nvnauj,too_large,0,0,0.0,max_dim=23.097
floors,nvttpl,too_large,0,0,0.0,max_dim=7.286
floors,nwjrkc,too_large,0,0,0.0,max_dim=7.807
floors,nzidpe,too_large,0,0,0.0,max_dim=5.315
floors,nzvhdf,too_large,0,0,0.0,max_dim=1.022
floors,obpiof,too_large,0,0,0.0,max_dim=1.210
floors,ocnvcr,too_large,0,0,0.0,max_dim=10.507
floors,ogynye,too_large,0,0,0.0,max_dim=13.458
floors,ojzcvk,degenerate_bbox,0,0,0.0,"[2.1, 0.15, 0.0]"
floors,ompijb,too_large,0,0,0.0,max_dim=5.285
floors,opildb,too_large,0,0,0.0,max_dim=6.050
floors,opknyj,too_large,0,0,0.0,max_dim=23.011
floors,oskvfp,too_large,0,0,0.0,max_dim=1.374
floors,ouzguk,too_large,0,0,0.0,max_dim=4.585
floors,owamxh,too_large,0,0,0.0,max_dim=2.085
floors,oxhkpu,too_large,0,0,0.0,max_dim=4.406
floors,oxwqrw,degenerate_bbox,0,0,0.0,"[4.30000048828125, 6.9392812500000005, 0.0]"
floors,ozonyy,too_large,0,0,0.0,max_dim=2.545
floors,pchrtt,too_large,0,0,0.0,max_dim=4.000
floors,pdyrqg,too_large,0,0,0.0,max_dim=2.930
floors,pesxjb,too_large,0,0,0.0,max_dim=10.953
floors,pmlwwl,too_large,0,0,0.0,max_dim=1.976
floors,pomqmz,too_large,0,0,0.0,max_dim=2.827
floors,ptwlei,too_large,0,0,0.0,max_dim=5.656
floors,pxxgzr,too_large,0,0,0.0,max_dim=4.619
floors,pyoemr,too_large,0,0,0.0,max_dim=30.988
floors,qadhjb,too_large,0,0,0.0,max_dim=17.558
floors,qbofim,too_large,0,0,0.0,max_dim=4.136
floors,qcepaj,too_large,0,0,0.0,max_dim=9.992
floors,qdlnea,too_large,0,0,0.0,max_dim=19.425
floors,qgdckc,too_large,0,0,0.0,max_dim=1.950
floors,qgmjvd,too_large,0,0,0.0,max_dim=5.545
floors,qgohwi,too_large,0,0,0.0,max_dim=3.115
floors,qgxxca,too_large,0,0,0.0,max_dim=10.276
floors,qhfsxw,too_large,0,0,0.0,max_dim=2.646
floors,qhmout,too_large,0,0,0.0,max_dim=2.205
floors,qjzpdi,too_large,0,0,0.0,max_dim=8.313
floors,qkkzie,too_large,0,0,0.0,max_dim=4.453
floors,qloiuu,too_large,0,0,0.0,max_dim=7.718
floors,qnvzkr,too_large,0,0,0.0,max_dim=4.173
floors,qqbcva,too_large,0,0,0.0,max_dim=5.600
floors,qqdoab,too_large,0,0,0.0,max_dim=1.835
floors,qrrbfo,too_large,0,0,0.0,max_dim=3.500
floors,qrvcrf,too_large,0,0,0.0,max_dim=1.502
floors,qrzmkt,too_large,0,0,0.0,max_dim=10.083
floors,qsesig,too_large,0,0,0.0,max_dim=6.005
floors,qtdpcm,too_large,0,0,0.0,max_dim=4.160
floors,qtumre,too_large,0,0,0.0,max_dim=3.500
floors,qwfmno,too_large,0,0,0.0,max_dim=2.210
floors,qzdhdl,too_large,0,0,0.0,max_dim=4.760
floors,rbcdel,too_large,0,0,0.0,max_dim=1.765
floors,rfathr,too_large,0,0,0.0,max_dim=4.060
floors,rfqizg,too_large,0,0,0.0,max_dim=8.747
floors,rfqpbd,too_large,0,0,0.0,max_dim=80.908
floors,rhditp,too_large,0,0,0.0,max_dim=4.834
floors,rmwqgp,too_large,0,0,0.0,max_dim=1.905
floors,rojznj,degenerate_bbox,0,0,0.0,"[19.39163134765625, 13.2319443359375, 0.0]"
floors,roqtxf,too_large,0,0,0.0,max_dim=10.515
floors,rphmwm,too_large,0,0,0.0,max_dim=6.146
floors,rqcmwl,too_large,0,0,0.0,max_dim=4.235
floors,rrizax,too_large,0,0,0.0,max_dim=15.044
floors,rshrhx,too_large,0,0,0.0,max_dim=5.892
floors,rsuwjh,too_large,0,0,0.0,max_dim=16.283
floors,rzbksf,too_large,0,0,0.0,max_dim=28.859
floors,schwxn,degenerate_bbox,0,0,0.0,"[5.3046259765625, 3.68928125, 0.0]"
floors,scrjbi,too_large,0,0,0.0,max_dim=1.212
floors,sdaotz,too_large,0,0,0.0,max_dim=5.380
floors,sdejoi,too_large,0,0,0.0,max_dim=3.109
floors,sehwtc,too_large,0,0,0.0,max_dim=4.619
floors,sfpzcj,too_large,0,0,0.0,max_dim=1.955
floors,sfyruj,too_large,0,0,0.0,max_dim=6.010
floors,shuuqu,too_large,0,0,0.0,max_dim=3.363
floors,sirgua,too_large,0,0,0.0,max_dim=5.525
floors,sjywtq,too_large,0,0,0.0,max_dim=11.554
floors,sktjer,too_large,0,0,0.0,max_dim=5.475
floors,skvhfo,too_large,0,0,0.0,max_dim=7.585
floors,slmyas,too_large,0,0,0.0,max_dim=6.516
floors,sqiwvx,too_large,0,0,0.0,max_dim=1.974
floors,sqkllg,too_large,0,0,0.0,max_dim=7.094
floors,sqtkxe,too_large,0,0,0.0,max_dim=1.865
floors,ssjixw,too_large,0,0,0.0,max_dim=4.315
floors,suqrjf,too_large,0,0,0.0,max_dim=3.250
floors,syipub,too_large,0,0,0.0,max_dim=3.855
floors,szfkun,too_large,0,0,0.0,max_dim=1.220
floors,tcsswg,too_large,0,0,0.0,max_dim=1.305
floors,tdgvhq,too_large,0,0,0.0,max_dim=1.144
floors,tfuahz,too_large,0,0,0.0,max_dim=4.867
floors,tojvok,too_large,0,0,0.0,max_dim=2.480
floors,toptyb,too_large,0,0,0.0,max_dim=6.639
floors,trwhrp,too_large,0,0,0.0,max_dim=5.423
floors,tsqhlh,too_large,0,0,0.0,max_dim=2.850
floors,tvyugz,too_large,0,0,0.0,max_dim=4.624
floors,tweoyk,too_large,0,0,0.0,max_dim=1.965
floors,txgvpv,degenerate_bbox,0,0,0.0,"[4.489635986328125, 4.930349609375, 0.0]"
floors,txjurc,too_large,0,0,0.0,max_dim=2.135
floors,tzlsla,too_large,0,0,0.0,max_dim=3.330
floors,tzonuv,too_large,0,0,0.0,max_dim=2.632
floors,tzoowa,too_large,0,0,0.0,max_dim=1.976
floors,uamndw,too_large,0,0,0.0,max_dim=4.453
floors,uchpqp,too_large,0,0,0.0,max_dim=8.542
floors,ucjdgj,too_large,0,0,0.0,max_dim=3.571
floors,ueishp,too_large,0,0,0.0,max_dim=3.407
floors,ueqcjl,too_large,0,0,0.0,max_dim=10.953
floors,uexwgi,too_large,0,0,0.0,max_dim=1.865
floors,uftgek,too_large,0,0,0.0,max_dim=4.937
floors,ugktwr,too_large,0,0,0.0,max_dim=4.226
floors,uhinos,too_large,0,0,0.0,max_dim=2.815
floors,ulujpr,too_large,0,0,0.0,max_dim=5.503
floors,umakgq,too_large,0,0,0.0,max_dim=16.018
floors,umhwim,too_large,0,0,0.0,max_dim=2.210
floors,utnhol,too_large,0,0,0.0,max_dim=4.101
floors,utuiok,too_large,0,0,0.0,max_dim=2.177
floors,utzlbf,too_large,0,0,0.0,max_dim=1.005
floors,uzsntg,too_large,0,0,0.0,max_dim=8.258
floors,vaeoco,too_large,0,0,0.0,max_dim=7.619
floors,vcsslq,too_large,0,0,0.0,max_dim=4.173
floors,vdehoh,too_large,0,0,0.0,max_dim=1.742
floors,vdrztf,too_large,0,0,0.0,max_dim=27.396
floors,vedzwu,too_large,0,0,0.0,max_dim=23.911
floors,verjrv,too_large,0,0,0.0,max_dim=2.360
floors,vfhjsg,too_large,0,0,0.0,max_dim=8.240
floors,vikfyd,too_large,0,0,0.0,max_dim=8.796
floors,vlwrdh,too_large,0,0,0.0,max_dim=5.850
floors,vmamhf,too_large,0,0,0.0,max_dim=4.315
floors,vnoqmp,too_large,0,0,0.0,max_dim=6.810
floors,vqsmpk,too_large,0,0,0.0,max_dim=5.656
floors,vrggjj,too_large,0,0,0.0,max_dim=10.662
floors,vwafvg,too_large,0,0,0.0,max_dim=0.965
floors,vxanqe,degenerate_bbox,0,0,0.0,"[8.3, 6.9392812500000005, 0.0]"
floors,vyfrfo,too_large,0,0,0.0,max_dim=6.095
floors,vzjtwc,too_large,0,0,0.0,max_dim=55.678
floors,wgpzom,too_large,0,0,0.0,max_dim=4.395
floors,wgqunv,too_large,0,0,0.0,max_dim=2.880
floors,wgxprh,too_large,0,0,0.0,max_dim=4.370
floors,wihjyi,too_large,0,0,0.0,max_dim=5.565
floors,wjvglv,too_large,0,0,0.0,max_dim=3.115
floors,wkdxrr,too_large,0,0,0.0,max_dim=26.080
floors,wmtwgt,too_large,0,0,0.0,max_dim=2.375
floors,wmzbql,too_large,0,0,0.0,max_dim=3.500
floors,wotyle,too_large,0,0,0.0,max_dim=12.664
floors,wskgxd,too_large,0,0,0.0,max_dim=4.226
floors,wtwwvl,too_large,0,0,0.0,max_dim=11.798
floors,wvfvgl,too_large,0,0,0.0,max_dim=1.226
floors,wympsq,too_large,0,0,0.0,max_dim=3.360
floors,wywwii,too_large,0,0,0.0,max_dim=3.015
floors,xawgsl,too_large,0,0,0.0,max_dim=16.188
floors,xbhdew,too_large,0,0,0.0,max_dim=2.005
floors,xdcthi,too_large,0,0,0.0,max_dim=3.180
floors,xkkysf,too_large,0,0,0.0,max_dim=3.109
floors,xmgdee,too_large,0,0,0.0,max_dim=21.300
floors,xmzywc,too_large,0,0,0.0,max_dim=2.992
floors,xonahx,too_large,0,0,0.0,max_dim=4.437
floors,xorxro,too_large,0,0,0.0,max_dim=9.029
floors,xpgnnq,too_large,0,0,0.0,max_dim=4.724
floors,xubdst,too_large,0,0,0.0,max_dim=3.500
floors,xzlkei,too_large,0,0,0.0,max_dim=5.110
floors,ydhbul,too_large,0,0,0.0,max_dim=13.951
floors,ydnrpl,too_large,0,0,0.0,max_dim=1.649
floors,yfunln,too_large,0,0,0.0,max_dim=6.546
floors,yfyxxu,too_large,0,0,0.0,max_dim=1.921
floors,yibjol,too_large,0,0,0.0,max_dim=2.108
floors,ykbuit,too_large,0,0,0.0,max_dim=8.234
floors,ylloew,too_large,0,0,0.0,max_dim=2.565
floors,yoxmsz,too_large,0,0,0.0,max_dim=4.440
floors,yrasqm,too_large,0,0,0.0,max_dim=2.255
floors,yrqekq,too_large,0,0,0.0,max_dim=2.646
floors,yrqspn,too_large,0,0,0.0,max_dim=2.624
floors,yrwwan,too_large,0,0,0.0,max_dim=5.475
floors,yudizl,too_large,0,0,0.0,max_dim=7.124
floors,yvshid,too_large,0,0,0.0,max_dim=3.760
floors,yvuaqk,too_large,0,0,0.0,max_dim=3.540
floors,yxiuet,too_large,0,0,0.0,max_dim=4.930
floors,zegxds,degenerate_bbox,0,0,0.0,"[3.5, 4.1, 0.0]"
floors,zelrbj,too_large,0,0,0.0,max_dim=25.213
floors,zfaowb,too_large,0,0,0.0,max_dim=13.951
floors,zfuwfk,too_large,0,0,0.0,max_dim=2.796
floors,zhswim,too_large,0,0,0.0,max_dim=23.808
floors,zhumsu,too_large,0,0,0.0,max_dim=6.050
floors,zijaqk,too_large,0,0,0.0,max_dim=1.710
floors,znxlvq,degenerate_bbox,0,0,0.0,"[8.3, 6.9392812500000005, 0.0]"
floors,znzabl,too_large,0,0,0.0,max_dim=2.865
floors,zpadmw,too_large,0,0,0.0,max_dim=10.308
floors,zpatyb,too_large,0,0,0.0,max_dim=6.680
floors,zqjkvm,too_large,0,0,0.0,max_dim=7.757
floors,zrhxwn,too_large,0,0,0.0,max_dim=4.642
floors,zugbdc,too_large,0,0,0.0,max_dim=3.571
floors,zvyodb,too_large,0,0,0.0,max_dim=2.450
floors,zysogn,too_large,0,0,0.0,max_dim=12.642
floors,zzevtl,too_large,0,0,0.0,max_dim=4.395
flour_sack,zhsjcs,graspable,200,5,45.1,max_dim=0.367
flower,chtieb,graspable,200,5,12.1,max_dim=0.306
flower,gsekal,graspable,200,5,10.6,max_dim=0.250
flower,ldkhmx,not_ready,0,0,0.0,max_dim=0.300
flower,mylblj,not_ready,0,0,0.0,max_dim=0.483
flower,qokboq,not_ready,0,0,0.0,max_dim=0.259
flower,tfvsai,not_ready,0,0,0.0,max_dim=0.228
flower,xxvkkw,not_ready,0,0,0.0,max_dim=0.446
flower_petal,gzslfo,not_ready,0,0,0.0,max_dim=0.018
flower_petal,hhmaur,not_ready,0,0,0.0,max_dim=0.010
folder,guhatz,graspable,200,5,15.3,max_dim=0.286
folder,inkwmw,graspable,200,5,22.9,max_dim=0.376
folder,lktggf,graspable,200,5,39.4,max_dim=0.211
folder,lufqkq,not_ready,0,0,0.0,max_dim=0.332
folder,piezyg,graspable,200,5,10.4,max_dim=0.237
folder,poqpux,no_grasp,200,0,9.4,max_dim=0.238
folder,wauyns,no_grasp,200,0,1.5,max_dim=0.226
folderal,ttldpx,no_grasp,200,0,1.5,max_dim=0.230
folderal,ydrlth,not_ready,0,0,0.0,max_dim=0.290
folderal,zwhewa,no_grasp,200,0,1.7,max_dim=0.182
folding_chair,dqhazh,too_large,0,0,0.0,max_dim=0.877
folding_chair,dxergu,too_large,0,0,0.0,max_dim=0.860
folding_chair,vngcqu,too_large,0,0,0.0,max_dim=0.981
food_processor,gamkbo,no_grasp,200,0,3.2,max_dim=0.460
food_slicer,uanenn,too_large,0,0,0.0,max_dim=0.806
footstool,mysfnz,no_grasp,200,0,1.7,max_dim=0.408
footstool,sghekm,no_grasp,200,0,1.7,max_dim=0.412
fountain,udfxuu,too_large,0,0,0.0,max_dim=2.887
frail,qdienb,no_grasp,200,0,1.9,max_dim=0.270
frail,zmjovr,no_grasp,200,0,2.2,max_dim=0.250
frame,argijo,too_large,0,0,0.0,max_dim=1.459
frame,trhhqo,too_large,0,0,0.0,max_dim=1.760
free_weight,coqlph,no_grasp,200,0,1.5,max_dim=0.099
free_weight,frucyx,no_grasp,0,0,0.3,max_dim=0.490
free_weight_rack,fatvwt,too_large,0,0,0.0,max_dim=1.354
freezer,aayduy,too_large,0,0,0.0,max_dim=1.504
freezer,gyupcj,too_large,0,0,0.0,max_dim=2.310
freezer,vodkvg,too_large,0,0,0.0,max_dim=2.502
french_fries,jhskfy,no_grasp,200,0,1.5,max_dim=0.083
french_fries,jvhnyc,no_grasp,200,0,1.5,max_dim=0.069
french_fries,kjqhuo,no_grasp,200,0,1.5,max_dim=0.079
french_fries,kxpfcj,no_grasp,200,0,1.5,max_dim=0.067
french_fries,nfgqwu,no_grasp,200,0,1.5,max_dim=0.082
french_fries,oeterg,no_grasp,200,0,1.5,max_dim=0.049
french_fries,rremmp,no_grasp,200,0,1.4,max_dim=0.075
french_fries,uqsuef,graspable,200,5,17.3,max_dim=0.082
french_fries,xlkkxg,graspable,200,5,12.2,max_dim=0.065
french_fries,xshwvn,graspable,200,5,13.7,max_dim=0.059
french_fries,xzsoub,graspable,200,5,9.7,max_dim=0.059
french_fry_holder,bvavlr,graspable,200,5,19.2,max_dim=0.172
french_press,zidmyo,not_ready,0,0,0.0,max_dim=0.204
french_toast,jfgasl,graspable,200,5,52.0,max_dim=0.179
fridge,dszchb,too_large,0,0,0.0,max_dim=1.684
fridge,dxwbae,too_large,0,0,0.0,max_dim=2.020
fridge,hivvdf,too_large,0,0,0.0,max_dim=0.912
fridge,hzgqdn,too_large,0,0,0.0,max_dim=0.905
fridge,jtqazu,too_large,0,0,0.0,max_dim=1.679
fridge,juwaoh,too_large,0,0,0.0,max_dim=1.606
fridge,lleghp,too_large,0,0,0.0,max_dim=2.231
fridge,petcxr,too_large,0,0,0.0,max_dim=2.040
fridge,seyhuo,too_large,0,0,0.0,max_dim=1.913
fridge,vwylob,too_large,0,0,0.0,max_dim=2.060
fridge,xyejdx,too_large,0,0,0.0,max_dim=1.676
fried_chicken,lpqpbn,not_ready,0,0,0.0,max_dim=0.070
fried_chicken,mtlxhf,graspable,200,5,46.0,max_dim=0.139
frosting_jar,ztyxyi,not_ready,0,0,0.0,max_dim=0.204
fruitcake,kxckts,graspable,200,5,43.6,max_dim=0.227
fruitcake,nmxadm,graspable,200,5,44.2,max_dim=0.139
frying_pan,aewpzn,too_large,0,0,0.0,max_dim=0.575
frying_pan,cprjvq,too_large,0,0,0.0,max_dim=0.638
frying_pan,hzspwg,not_ready,0,0,0.0,max_dim=0.493
frying_pan,jpzusm,graspable,200,5,41.6,max_dim=0.465
frying_pan,mhndon,too_large,0,0,0.0,max_dim=0.543
frying_pan,sfbdjn,graspable,200,5,14.4,max_dim=0.487
frying_pan,snvhlz,too_large,0,0,0.0,max_dim=0.575
frying_pan,vycozd,too_large,0,0,0.0,max_dim=0.536
fuel_can,bfaqfe,graspable,200,5,55.3,max_dim=0.309
funnel,jzqlrt,graspable,200,5,30.3,max_dim=0.327
funnel,otpdyp,graspable,200,5,13.8,max_dim=0.092
fur_coat,ficvss,too_large,0,0,0.0,max_dim=0.769
furniture_sink,bnpjjy,too_large,0,0,0.0,max_dim=1.700
furniture_sink,czyfhq,too_large,0,0,0.0,max_dim=1.030
furniture_sink,jqvfyl,too_large,0,0,0.0,max_dim=1.938
furniture_sink,kyxynl,too_large,0,0,0.0,max_dim=1.101
furniture_sink,ojjqku,too_large,0,0,0.0,max_dim=1.200
furniture_sink,xiybkb,too_large,0,0,0.0,max_dim=1.030
furniture_sink,zexzrc,too_large,0,0,0.0,max_dim=1.320
game_console,anslwz,graspable,200,5,42.3,max_dim=0.301
gaming_controller,yofqbq,graspable,200,5,18.6,max_dim=0.178
gaming_table,ipdvzo,too_large,0,0,0.0,max_dim=1.194
garage_door,prdjyt,too_large,0,0,0.0,max_dim=5.666
garden_chair,cottya,too_large,0,0,0.0,max_dim=1.047
garden_chair,deuron,too_large,0,0,0.0,max_dim=1.058
garden_chair,lraplz,too_large,0,0,0.0,max_dim=1.846
garden_coffee_table,skxdpc,too_large,0,0,0.0,max_dim=1.260
garden_light,qyfrwj,too_large,0,0,0.0,max_dim=0.800
garden_light,xqmqmi,too_large,0,0,0.0,max_dim=0.583
garden_plant,dgqylq,too_large,0,0,0.0,max_dim=0.619
garden_plant,itktex,too_large,0,0,0.0,max_dim=1.427
garden_plant,kyitvo,too_large,0,0,0.0,max_dim=2.438
garden_plant,phowza,too_large,0,0,0.0,max_dim=3.931
garden_statue,smqgfh,too_large,0,0,0.0,max_dim=4.458
garden_umbrella,bkfuvq,too_large,0,0,0.0,max_dim=3.895
garlic,nlclql,graspable,200,5,11.8,max_dim=0.067
garlic,thigpl,graspable,200,5,11.0,max_dim=0.065
garlic_bread,kjhxsq,not_ready,0,0,0.0,max_dim=0.284
garlic_clove,faeyay,graspable,200,5,13.3,max_dim=0.013
garlic_clove,flcbrn,graspable,200,5,16.5,max_dim=0.013
garlic_clove,hpzvmi,graspable,200,5,19.4,max_dim=0.013
garlic_clove,jwhnfc,graspable,200,5,10.4,max_dim=0.025
garlic_clove,qaqrqd,graspable,200,5,17.4,max_dim=0.013
garlic_clove,saombi,graspable,200,5,10.7,max_dim=0.027
garlic_clove,wyyhmi,graspable,200,5,12.2,max_dim=0.020
garlic_clove,xotobt,graspable,200,5,24.0,max_dim=0.013
garlic_clove,zpybkr,graspable,200,5,14.8,max_dim=0.013
garlic_clove,zpzrac,graspable,200,5,15.5,max_dim=0.013
gas_fireplace,gwqitr,too_large,0,0,0.0,max_dim=2.264
gate,bzotkq,too_large,0,0,0.0,max_dim=2.394
gate,flveay,too_large,0,0,0.0,max_dim=2.273
gate,izmteu,too_large,0,0,0.0,max_dim=4.206
gate,jnzgyw,too_large,0,0,0.0,max_dim=2.632
gate,rhnrfc,too_large,0,0,0.0,max_dim=3.344
gate,vqjuvg,too_large,0,0,0.0,max_dim=2.962
gate,wvbxij,too_large,0,0,0.0,max_dim=2.617
gelatin,mrrmpr,graspable,200,5,11.3,max_dim=0.022
gelatin_box,oxknkz,not_ready,0,0,0.0,max_dim=0.225
geode,shxbue,no_grasp,200,0,88.6,max_dim=0.397
gift_box,mfalrc,graspable,200,5,17.4,max_dim=0.203
gift_box,pnprrx,graspable,200,5,34.9,max_dim=0.283
gift_box,wpmksn,graspable,200,5,17.6,max_dim=0.180
ginger_root,izvukv,graspable,200,5,10.4,max_dim=0.070
ginger_root,wqcasl,graspable,200,5,12.7,max_dim=0.114
ginger_shaker,adciyu,graspable,200,5,12.9,max_dim=0.160
gingerbread,hxkcxs,graspable,200,5,33.6,max_dim=0.163
glass_lantern,engbrg,not_ready,0,0,0.0,max_dim=0.426
glass_lantern,fndlbf,graspable,200,5,39.8,max_dim=0.320
glass_lantern,onfjnh,graspable,200,5,44.4,max_dim=0.465
glass_lantern,otidux,graspable,200,5,11.9,max_dim=0.342
glass_lantern,rqbseh,too_large,0,0,0.0,max_dim=0.500
glass_lantern,wvmsse,graspable,200,5,13.7,max_dim=0.430
glass_lantern,zjuwnf,too_large,0,0,0.0,max_dim=0.519
glaze_bottle,zdxagk,graspable,200,5,30.5,max_dim=0.258
globe,fzadcx,graspable,200,2,88.7,max_dim=0.409
globe,xsmsyk,graspable,200,3,83.2,max_dim=0.416
globe,xtupuk,graspable,200,5,14.5,max_dim=0.291
glue_stick,sqzyci,graspable,200,5,13.2,max_dim=0.095
goalkeeper_gloves,jvbdsy,graspable,200,5,24.5,max_dim=0.240
goalkeeper_gloves,nfcatk,graspable,200,5,50.5,max_dim=0.241
goblet,nawrfs,graspable,200,5,18.6,max_dim=0.213
goggles,wszdxi,graspable,200,5,33.8,max_dim=0.231
gold_coin,yudryg,graspable,200,5,31.0,max_dim=0.026
golf_club,egsojb,too_large,0,0,0.0,max_dim=1.001
gooseberry,cltzwx,graspable,200,5,14.9,max_dim=0.014
gooseneck_microphone,uusnbr,graspable,200,5,14.2,max_dim=0.300
gourd,crpzoi,graspable,200,5,83.8,max_dim=0.240
gourd,lnfbza,graspable,200,5,56.7,max_dim=0.260
gourd,nylmku,graspable,200,5,68.8,max_dim=0.232
gourd,qqguxm,graspable,200,5,70.6,max_dim=0.249
graduated_cylinder,egpkea,graspable,200,5,22.0,max_dim=0.260
grandfather_clock,icznug,too_large,0,0,0.0,max_dim=0.750
grandfather_clock,oskfvo,too_large,0,0,0.0,max_dim=0.786
grandfather_clock,veyqcp,too_large,0,0,0.0,max_dim=0.956
granola_bar,iurfsq,graspable,200,5,25.3,max_dim=0.106
granola_box,yzeuqo,not_ready,0,0,0.0,max_dim=0.204
granulated_sugar_jar,qwthua,not_ready,0,0,0.0,max_dim=0.204
granulated_sugar_sack,oywwzz,graspable,200,5,41.8,max_dim=0.367
grape,qvogsz,graspable,200,5,16.7,max_dim=0.228
grape,snjrhg,graspable,200,5,18.5,max_dim=0.169
grape,uprbwp,graspable,200,5,17.0,max_dim=0.134
grape,venbog,graspable,200,5,14.7,max_dim=0.125
grapefruit,gsjmxa,graspable,200,5,19.3,max_dim=0.113
grated_cheese_sack,fxnjfr,graspable,200,5,37.2,max_dim=0.367
grater,jlkowf,graspable,200,5,10.4,max_dim=0.228
gravy_boat,arryyl,graspable,200,5,15.4,max_dim=0.241
gravy_boat,krgqwl,not_ready,0,0,0.0,max_dim=0.210
green_bean,dyjvwv,graspable,200,5,43.8,max_dim=0.129
green_bean,iukfzl,not_ready,0,0,0.0,max_dim=0.154
green_bean,lvbjws,graspable,200,5,10.8,max_dim=0.106
green_bean,mcbvwu,not_ready,0,0,0.0,max_dim=0.140
green_bean,pnwyiy,not_ready,0,0,0.0,max_dim=0.138
green_onion,ljynzg,graspable,200,5,21.8,max_dim=0.284
green_onion_stalk,kfaasd,graspable,200,5,31.4,max_dim=0.205
green_onion_stalk,ldaffa,graspable,200,5,18.5,max_dim=0.235
green_onion_stalk,lgsfgs,graspable,200,5,20.6,max_dim=0.219
greenery,ccisua,too_large,0,0,0.0,max_dim=6.784
griddle_pan,ryvqep,graspable,200,5,48.3,max_dim=0.328
grocery_fridge,vzwcql,too_large,0,0,0.0,max_dim=2.932
grocery_shelf,afhwym,too_large,0,0,0.0,max_dim=2.113
grocery_shelf,akinbg,too_large,0,0,0.0,max_dim=2.485
grocery_shelf,bgupna,too_large,0,0,0.0,max_dim=2.115
grocery_shelf,dhattl,too_large,0,0,0.0,max_dim=1.679
grocery_shelf,dtaove,too_large,0,0,0.0,max_dim=2.750
grocery_shelf,duckhq,too_large,0,0,0.0,max_dim=2.720
grocery_shelf,dylnro,too_large,0,0,0.0,max_dim=4.877
grocery_shelf,fgfrwb,too_large,0,0,0.0,max_dim=1.162
grocery_shelf,gihuth,too_large,0,0,0.0,max_dim=2.113
grocery_shelf,ihopug,too_large,0,0,0.0,max_dim=1.700
grocery_shelf,kpfgcm,too_large,0,0,0.0,max_dim=4.141
grocery_shelf,ldvnrg,too_large,0,0,0.0,max_dim=12.255
grocery_shelf,mqmadg,too_large,0,0,0.0,max_dim=2.115
grocery_shelf,msngax,too_large,0,0,0.0,max_dim=1.677
grocery_shelf,nocxjc,too_large,0,0,0.0,max_dim=2.126
grocery_shelf,pbjodr,too_large,0,0,0.0,max_dim=2.899
grocery_shelf,prtqlw,too_large,0,0,0.0,max_dim=4.034
grocery_shelf,qkkjwp,too_large,0,0,0.0,max_dim=1.454
grocery_shelf,rowulr,too_large,0,0,0.0,max_dim=0.800
grocery_shelf,rywinu,too_large,0,0,0.0,max_dim=2.874
grocery_shelf,sjmdri,too_large,0,0,0.0,max_dim=4.800
grocery_shelf,tfjzen,too_large,0,0,0.0,max_dim=7.500
grocery_shelf,uundbq,too_large,0,0,0.0,max_dim=1.687
grocery_shelf,vhnlno,too_large,0,0,0.0,max_dim=2.892
grocery_shelf,wranvj,too_large,0,0,0.0,max_dim=4.800
grocery_shelf,xfmyyw,too_large,0,0,0.0,max_dim=1.845
grocery_shelf,xmjzos,too_large,0,0,0.0,max_dim=2.001
grocery_shelf,xngcbz,too_large,0,0,0.0,max_dim=4.800
grocery_shelf,xzusqq,too_large,0,0,0.0,max_dim=1.305
grocery_shelf,ydnnsy,too_large,0,0,0.0,max_dim=2.020
grocery_shelf,yvydfm,too_large,0,0,0.0,max_dim=2.200
grocery_shelf,zeoukc,too_large,0,0,0.0,max_dim=2.122
grocery_shelf,znpari,too_large,0,0,0.0,max_dim=2.192
grocery_sign,kyyjer,graspable,200,5,44.1,max_dim=0.322
ground_beef_package,lwsgzd,graspable,200,5,42.7,max_dim=0.367
guitar,cybisc,too_large,0,0,0.0,max_dim=1.042
guitar,gysapt,too_large,0,0,0.0,max_dim=1.041
guitar,hpqjrq,too_large,0,0,0.0,max_dim=1.041
guitar,wjohag,too_large,0,0,0.0,max_dim=0.861
gym_mat,nakwsl,too_large,0,0,0.0,max_dim=2.000
gym_mat,ocxiiu,too_large,0,0,0.0,max_dim=2.003
gym_mat,ujnmsg,too_large,0,0,0.0,max_dim=2.000
gym_shoe,arigtn,graspable,200,5,13.2,max_dim=0.278
gym_shoe,hwrvmy,graspable,200,5,49.7,max_dim=0.307
gym_shoe,keskgm,not_ready,0,0,0.0,max_dim=0.182
gym_shoe,kmcbym,graspable,200,5,29.4,max_dim=0.306
gym_shoe,ldsuxh,not_ready,0,0,0.0,max_dim=0.184
gym_shoe,lmpdfa,graspable,200,5,27.0,max_dim=0.307
gym_shoe,lqzooz,graspable,200,5,30.0,max_dim=0.306
gym_shoe,lwcwme,graspable,200,5,26.8,max_dim=0.307
gym_shoe,mcfcwq,graspable,200,5,25.6,max_dim=0.307
gym_shoe,mjyyda,graspable,200,5,23.2,max_dim=0.306
gym_shoe,nahllg,graspable,200,5,33.2,max_dim=0.279
gym_shoe,pblxfp,graspable,200,5,35.5,max_dim=0.303
gym_shoe,picdro,graspable,200,5,21.3,max_dim=0.307
gym_shoe,qxecbh,graspable,200,5,18.1,max_dim=0.307
gym_shoe,rcozpq,graspable,200,5,24.7,max_dim=0.303
gym_shoe,rkikcm,graspable,200,5,15.7,max_dim=0.265
gym_shoe,ugbxip,graspable,200,5,35.8,max_dim=0.307
gym_shoe,ukkqib,graspable,200,5,36.2,max_dim=0.307
gym_shoe,uuvwev,graspable,200,5,25.2,max_dim=0.307
gym_shoe,wfmrpw,graspable,200,5,21.8,max_dim=0.307
gym_shoe,wkvcsn,graspable,200,5,11.4,max_dim=0.265
gym_shoe,womypz,graspable,200,5,43.5,max_dim=0.307
gym_shoe,xtvsaz,graspable,200,5,13.6,max_dim=0.307
gym_shoe,ziriis,graspable,200,5,15.4,max_dim=0.306
hair_dryer,qacdxx,not_ready,0,0,0.0,max_dim=0.184
hair_dryer,ylutzy,graspable,200,5,22.6,max_dim=0.264
hairbrush,bdylnb,graspable,200,5,26.9,max_dim=0.240
half_agave,npxccb,not_ready,0,0,0.0,max_dim=0.060
half_agave,qylfyr,not_ready,0,0,0.0,max_dim=0.060
half_apple,jjaskz,not_ready,0,0,0.0,max_dim=0.063
half_apple,qusmpx,graspable,200,5,15.8,max_dim=0.101
half_apple,sguztn,graspable,200,5,13.0,max_dim=0.101
half_apple_pie,grcock,graspable,200,5,41.0,max_dim=0.171
half_apple_pie,pwfqwa,graspable,200,5,20.7,max_dim=0.166
half_apricot,inxcvi,graspable,200,5,9.9,max_dim=0.092
half_arepa,woqddd,graspable,200,5,11.2,max_dim=0.093
half_arepa,yksqxt,graspable,200,5,13.2,max_dim=0.093
half_artichoke,otlgxs,graspable,200,5,9.9,max_dim=0.066
half_artichoke,rkcgie,graspable,200,5,10.5,max_dim=0.067
half_arugula,bihmpr,graspable,200,5,9.7,max_dim=0.046
half_arugula,hovvwk,graspable,200,5,11.9,max_dim=0.100
half_asparagus,ldwvlg,graspable,200,5,13.0,max_dim=0.086
half_asparagus,lrpyob,graspable,200,5,17.3,max_dim=0.084
half_auricularia,ddjzqg,not_ready,0,0,0.0,max_dim=0.048
half_auricularia,putkli,not_ready,0,0,0.0,max_dim=0.047
half_avocado,fpzyzy,not_ready,0,0,0.0,max_dim=0.120
half_avocado,vxujjw,not_ready,0,0,0.0,max_dim=0.121
half_bacon,aeloou,graspable,200,5,16.7,max_dim=0.054
half_bacon,qetrvm,graspable,200,5,13.2,max_dim=0.053
half_bagel,gywbkh,graspable,200,5,15.5,max_dim=0.133
half_bagel,hsvakn,graspable,200,5,14.4,max_dim=0.134
half_bagel_dough,yhsrmc,not_ready,0,0,0.0,max_dim=0.200
half_bagel_dough,zqdnzp,not_ready,0,0,0.0,max_dim=0.199
half_baguette,mdaqot,not_ready,0,0,0.0,max_dim=0.109
half_baguette,mnhwnp,not_ready,0,0,0.0,max_dim=0.101
half_banana,matxor,graspable,200,5,21.1,max_dim=0.096
half_banana,xytkre,graspable,200,5,14.0,max_dim=0.124
half_banana_bread,myxyfa,not_ready,0,0,0.0,max_dim=0.130
half_banana_bread,sooaaz,not_ready,0,0,0.0,max_dim=0.128
half_bay_leaf,bibooy,graspable,200,5,13.7,max_dim=0.042
half_bay_leaf,ficjtb,graspable,200,5,21.8,max_dim=0.036
half_bean_curd,abzrit,not_ready,0,0,0.0,max_dim=0.039
half_bean_curd,mdqpoj,not_ready,0,0,0.0,max_dim=0.040
half_beefsteak_tomato,wjreyv,graspable,200,5,10.0,max_dim=0.066
half_beet,uehvci,graspable,200,5,10.0,max_dim=0.126
half_beet,xowfmb,graspable,200,5,9.7,max_dim=0.053
half_bell_pepper,uycgmx,graspable,200,5,14.6,max_dim=0.092
half_bell_pepper,waeejs,graspable,200,5,15.8,max_dim=0.092
half_biscuit_dough,fkbfdp,not_ready,0,0,0.0,max_dim=0.199
half_biscuit_dough,wxqptp,not_ready,0,0,0.0,max_dim=0.200
half_blackberry,pzhjfz,graspable,200,5,10.2,max_dim=0.026
half_blackberry,vooovb,graspable,200,5,10.5,max_dim=0.028
half_bleu,gpzeaz,not_ready,0,0,0.0,max_dim=0.084
half_bleu,nelbjr,not_ready,0,0,0.0,max_dim=0.082
half_bok_choy,vvfckx,graspable,200,5,9.9,max_dim=0.108
half_bok_choy,wuhuao,graspable,200,5,11.4,max_dim=0.079
half_branch,jlfkmd,too_large,0,0,0.0,max_dim=0.898
half_branch,pyoipk,too_large,0,0,0.0,max_dim=0.825
half_bratwurst,nbjyox,graspable,200,5,14.5,max_dim=0.138
half_bratwurst,tlvfkc,graspable,200,5,12.2,max_dim=0.138
half_brisket,ightnz,graspable,200,5,10.7,max_dim=0.059
half_brisket,rhapap,graspable,200,5,12.0,max_dim=0.059
half_broccoli,bapenb,graspable,200,5,10.9,max_dim=0.028
half_broccoli,swrjvx,graspable,200,5,12.7,max_dim=0.011
half_broccoli_rabe,etxdvg,graspable,200,5,11.8,max_dim=0.053
half_broccoli_rabe,mvdozt,graspable,200,5,12.9,max_dim=0.054
half_broccolini,nsqxlh,graspable,200,5,10.2,max_dim=0.088
half_broccolini,stvkzd,graspable,200,5,10.2,max_dim=0.088
half_brownie,cdipya,graspable,200,5,10.1,max_dim=0.081
half_brownie,zldjvy,graspable,200,5,11.1,max_dim=0.079
half_brussels_sprouts,txelwc,graspable,200,5,9.6,max_dim=0.052
half_brussels_sprouts,wbisku,graspable,200,5,10.4,max_dim=0.052
half_burrito,apcnnx,graspable,200,5,13.8,max_dim=0.102
half_burrito,wesaqr,graspable,200,5,13.1,max_dim=0.102
half_butter,bpabij,graspable,200,5,10.7,max_dim=0.028
half_butter,umhvtj,graspable,200,5,10.6,max_dim=0.028
half_butter_cookie,tcwjnx,graspable,200,5,10.4,max_dim=0.050
half_butter_cookie,wqgfsj,graspable,200,5,12.1,max_dim=0.050
half_buttermilk_pancake,rfgvmd,not_ready,0,0,0.0,max_dim=0.236
half_buttermilk_pancake,svndrr,not_ready,0,0,0.0,max_dim=0.241
half_butternut_squash,mfhfrq,graspable,200,5,12.6,max_dim=0.102
half_butternut_squash,ttries,graspable,200,5,27.7,max_dim=0.112
half_candied_yam,ckwhwm,not_ready,0,0,0.0,max_dim=0.077
half_candied_yam,dqfxuu,not_ready,0,0,0.0,max_dim=0.074
half_cantaloup,eydmty,not_ready,0,0,0.0,max_dim=0.159
half_cantaloup,rbshpi,not_ready,0,0,0.0,max_dim=0.159
half_cardstock,bdwvvq,graspable,200,5,50.0,max_dim=0.216
half_cardstock,gnazgm,graspable,200,5,35.3,max_dim=0.216
half_carrot,mwnhpj,graspable,200,5,9.8,max_dim=0.047
half_carrot,rprfom,graspable,200,5,9.8,max_dim=0.046
half_cauliflower,xjidit,graspable,200,5,19.5,max_dim=0.246
half_cauliflower,yzdbqn,graspable,200,5,10.7,max_dim=0.238
half_celery,fdspzm,graspable,200,5,18.1,max_dim=0.111
half_celery,leikaw,graspable,200,5,16.4,max_dim=0.111
half_chanterelle,bsfuew,not_ready,0,0,0.0,max_dim=0.123
half_chanterelle,ftedsa,not_ready,0,0,0.0,max_dim=0.124
half_chard,oajufk,not_ready,0,0,0.0,max_dim=0.114
half_chard,shmety,not_ready,0,0,0.0,max_dim=0.104
half_cheddar,cortmw,not_ready,0,0,0.0,max_dim=0.081
half_cheddar,zkwspo,not_ready,0,0,0.0,max_dim=0.082
half_cheese_danish,qrkfkq,graspable,200,5,11.2,max_dim=0.092
half_cheese_danish,zspamn,graspable,200,5,17.4,max_dim=0.093
half_cheese_tart,jldqnm,not_ready,0,0,0.0,max_dim=0.255
half_cheese_tart,txjdgi,not_ready,0,0,0.0,max_dim=0.255
half_cheesecake,nbowec,graspable,200,5,20.6,max_dim=0.116
half_cheesecake,tjmyvz,graspable,200,5,21.9,max_dim=0.117
half_cherry,hlzrio,graspable,200,5,23.3,max_dim=0.010
half_cherry,xhuzsw,graspable,200,5,26.8,max_dim=0.010
half_cherry_tomato,tcvxgv,graspable,200,5,10.4,max_dim=0.034
half_cherry_tomato,vtoceh,graspable,200,5,10.2,max_dim=0.034
half_chestnut,jvnilh,graspable,200,5,10.3,max_dim=0.020
half_chestnut,tfawre,graspable,200,5,10.7,max_dim=0.020
half_chicken,hkcqlq,graspable,200,5,14.5,max_dim=0.195
half_chicken,kptygf,graspable,200,5,17.7,max_dim=0.163
half_chicken_breast,kwlera,graspable,200,2,89.3,max_dim=0.210
half_chicken_breast,prtpsa,graspable,200,5,42.3,max_dim=0.196
half_chicken_leg,alhomx,graspable,200,5,10.4,max_dim=0.071
half_chicken_leg,edknen,graspable,200,5,9.9,max_dim=0.063
half_chicken_tender,cmfwiz,not_ready,0,0,0.0,max_dim=0.044
half_chicken_tender,zzwgnh,not_ready,0,0,0.0,max_dim=0.051
half_chicken_wing,jwklle,graspable,200,5,14.6,max_dim=0.128
half_chicken_wing,oovdww,graspable,200,5,12.3,max_dim=0.123
half_chili,lggdek,graspable,200,5,15.4,max_dim=0.020
half_chili,nidjog,graspable,200,5,11.5,max_dim=0.022
half_chives,andiol,graspable,200,5,10.9,max_dim=0.095
half_chives,gxvaot,graspable,200,5,12.6,max_dim=0.140
half_chocolate_biscuit,llipgq,not_ready,0,0,0.0,max_dim=0.073
half_chocolate_biscuit,owycyc,not_ready,0,0,0.0,max_dim=0.073
half_chocolate_cake,acvxyw,graspable,200,5,15.0,max_dim=0.075
half_chocolate_cake,fbwkko,graspable,200,5,11.0,max_dim=0.073
half_chocolate_chip_cookie,dajnau,graspable,200,5,15.0,max_dim=0.104
half_chocolate_chip_cookie,nvtssz,graspable,200,5,13.9,max_dim=0.104
half_chocolate_cookie_dough,jpknaw,not_ready,0,0,0.0,max_dim=0.200
half_chocolate_cookie_dough,qpfajx,not_ready,0,0,0.0,max_dim=0.199
half_chorizo,jxoccq,graspable,200,5,32.1,max_dim=0.119
half_chorizo,zzfehg,graspable,200,5,36.0,max_dim=0.117
half_cinnamon_roll,mijkzq,not_ready,0,0,0.0,max_dim=0.066
half_cinnamon_roll,tmlned,not_ready,0,0,0.0,max_dim=0.066
half_club_sandwich,qkhepd,graspable,200,5,15.8,max_dim=0.201
half_club_sandwich,yfdldg,graspable,200,5,11.7,max_dim=0.199
half_coconut_fruit,nnankv,graspable,200,5,28.5,max_dim=0.141
half_coconut_fruit,txtabm,graspable,200,5,23.5,max_dim=0.139
half_cold_cuts,khcjog,graspable,200,5,13.1,max_dim=0.040
half_cold_cuts,qhmncb,graspable,200,5,12.8,max_dim=0.041
half_cookie_dough,gcnxkb,not_ready,0,0,0.0,max_dim=0.200
half_cookie_dough,gqgssp,not_ready,0,0,0.0,max_dim=0.199
half_crab,cwmejr,graspable,200,5,21.8,max_dim=0.103
half_crab,fuijbr,graspable,200,5,32.4,max_dim=0.161
half_crawfish,gevixr,graspable,200,5,10.7,max_dim=0.044
half_crawfish,mddfjg,graspable,200,5,11.0,max_dim=0.066
half_croissant,xryfwy,not_ready,0,0,0.0,max_dim=0.118
half_croissant,ytowpu,not_ready,0,0,0.0,max_dim=0.118
half_cucumber,kyadrk,graspable,200,5,10.4,max_dim=0.069
half_cucumber,wkhmhs,graspable,200,5,12.8,max_dim=0.073
half_cupcake,ofuznw,not_ready,0,0,0.0,max_dim=0.096
half_cupcake,opuxgd,not_ready,0,0,0.0,max_dim=0.096
half_date,ltedqu,graspable,200,5,13.9,max_dim=0.024
half_date,yjxvou,graspable,200,5,10.8,max_dim=0.021
half_doughnut,qcuowh,not_ready,0,0,0.0,max_dim=0.096
half_doughnut,qhhrmz,not_ready,0,0,0.0,max_dim=0.095
half_dried_apricot,bfukml,graspable,200,5,11.1,max_dim=0.040
half_dried_apricot,hzqpmr,graspable,200,5,10.4,max_dim=0.039
half_duck,dutyih,graspable,200,5,18.2,max_dim=0.293
half_duck,ztppla,graspable,200,4,102.4,max_dim=0.308
half_durian,menivf,not_ready,0,0,0.0,max_dim=0.116
half_durian,qqnxxi,not_ready,0,0,0.0,max_dim=0.114
half_edible_cookie_dough,jkqazq,not_ready,0,0,0.0,max_dim=0.200
half_edible_cookie_dough,zgxapd,not_ready,0,0,0.0,max_dim=0.199
half_eggplant,jkcyap,graspable,200,5,38.1,max_dim=0.201
half_eggplant,splzyb,graspable,200,5,63.7,max_dim=0.201
half_enchilada,cgrjfr,not_ready,0,0,0.0,max_dim=0.102
half_enchilada,yyikja,not_ready,0,0,0.0,max_dim=0.102
half_fennel,evyukc,graspable,200,5,11.2,max_dim=0.114
half_fennel,qkpvje,graspable,200,5,20.1,max_dim=0.126
half_feta,lgoiop,graspable,200,5,30.4,max_dim=0.176
half_feta,wvcjbm,graspable,200,5,54.2,max_dim=0.180
half_fillet,cyvqdj,graspable,200,5,20.7,max_dim=0.099
half_fillet,gpkgzv,graspable,200,5,19.2,max_dim=0.092
half_french_fries,aorizk,graspable,200,5,34.7,max_dim=0.043
half_french_fries,omohpk,graspable,200,5,11.4,max_dim=0.040
half_french_toast,enjjdg,graspable,200,5,19.1,max_dim=0.178
half_french_toast,rqsxvo,graspable,200,5,17.9,max_dim=0.179
half_fried_chicken,axoton,not_ready,0,0,0.0,max_dim=0.050
half_fried_chicken,emcign,not_ready,0,0,0.0,max_dim=0.045
half_fruitcake,oknupa,graspable,200,5,19.2,max_dim=0.218
half_fruitcake,trfmog,graspable,200,5,47.5,max_dim=0.227
half_garlic,ategou,graspable,200,5,11.0,max_dim=0.067
half_garlic,xhyczf,graspable,200,5,10.7,max_dim=0.067
half_garlic_bread,smddfo,not_ready,0,0,0.0,max_dim=0.193
half_garlic_bread,vipzpb,not_ready,0,0,0.0,max_dim=0.143
half_garlic_clove,msoqxk,graspable,200,5,12.0,max_dim=0.014
half_garlic_clove,rpypsx,graspable,200,5,14.6,max_dim=0.016
half_gelatin,eewkyp,not_ready,0,0,0.0,max_dim=0.019
half_gelatin,sggmch,not_ready,0,0,0.0,max_dim=0.020
half_ginger_root,lqubed,graspable,200,5,10.2,max_dim=0.065
half_ginger_root,owzxwo,graspable,200,5,12.6,max_dim=0.058
half_gingerbread,setrds,graspable,200,5,24.1,max_dim=0.161
half_gingerbread,ststrq,graspable,200,5,39.7,max_dim=0.161
half_gooseberry,aumjui,graspable,200,5,23.0,max_dim=0.013
half_gooseberry,rdytpz,graspable,200,5,13.5,max_dim=0.013
half_gourd,ayuaqn,graspable,200,5,18.1,max_dim=0.120
half_gourd,ogtwwu,graspable,200,5,17.4,max_dim=0.120
half_granola_bar,nwmasa,graspable,200,5,11.0,max_dim=0.053
half_granola_bar,xsprnc,graspable,200,5,9.9,max_dim=0.053
half_grapefruit,fwtaoe,graspable,200,5,12.1,max_dim=0.110
half_grapefruit,mnbbgc,graspable,200,5,12.3,max_dim=0.109
half_green_bean,exrkaw,not_ready,0,0,0.0,max_dim=0.078
half_green_bean,qqucst,not_ready,0,0,0.0,max_dim=0.077
half_green_onion,oecniy,graspable,200,5,9.7,max_dim=0.089
half_green_onion,qvdvcz,graspable,200,5,18.4,max_dim=0.196
half_ham_hock,bbthbd,graspable,200,5,13.4,max_dim=0.115
half_ham_hock,fuatid,graspable,200,5,12.4,max_dim=0.117
half_hamburger,daxrmw,graspable,200,5,11.1,max_dim=0.108
half_hamburger,rmxdcq,graspable,200,5,9.9,max_dim=0.108
half_hamburger_bun,ailrka,graspable,200,5,11.8,max_dim=0.087
half_hamburger_bun,sjtieq,graspable,200,5,11.0,max_dim=0.086
half_hard_boiled_egg,zznlne,graspable,200,5,11.2,max_dim=0.059
half_hazelnut,tmfnmp,graspable,200,5,10.4,max_dim=0.023
half_hazelnut,yvbqxq,graspable,200,5,13.4,max_dim=0.024
half_head_cabbage,dwdrej,graspable,200,5,40.5,max_dim=0.148
half_head_cabbage,wpebpb,graspable,200,5,54.8,max_dim=0.148
half_hotdog,nqxnic,graspable,200,5,10.4,max_dim=0.086
half_hotdog,tliqic,graspable,200,5,12.8,max_dim=0.087
half_hotdog_bun,vsrkqf,graspable,200,5,10.8,max_dim=0.084
half_hotdog_bun,znjcve,graspable,200,5,11.2,max_dim=0.085
half_hotdog_frank,jvnabz,graspable,200,5,13.0,max_dim=0.079
half_hotdog_frank,stklgn,graspable,200,5,11.8,max_dim=0.079
half_kabob,eormcp,not_ready,0,0,0.0,max_dim=0.068
half_kabob,oeeitd,not_ready,0,0,0.0,max_dim=0.064
half_kale,fbthmv,graspable,200,5,10.5,max_dim=0.058
half_kale,ysmhhp,graspable,200,5,10.0,max_dim=0.057
half_kielbasa,atdozq,graspable,200,5,15.4,max_dim=0.090
half_kielbasa,vlwhby,graspable,200,5,17.4,max_dim=0.090
half_kiwi,ukwism,graspable,200,5,10.2,max_dim=0.099
half_lamb,edwejx,graspable,200,5,16.9,max_dim=0.099
half_lamb,pqjbfz,graspable,200,5,25.5,max_dim=0.141
half_leaf,mavsmd,graspable,200,5,14.4,max_dim=0.104
half_leaf,yievsk,graspable,200,5,17.0,max_dim=0.130
half_leek,oxkjob,graspable,200,5,29.3,max_dim=0.152
half_leek,qyhvrf,graspable,200,5,35.5,max_dim=0.160
half_lemon,wouoym,graspable,200,5,9.9,max_dim=0.071
half_lettuce,kdpjuz,graspable,200,5,34.5,max_dim=0.191
half_lettuce,onrtmg,graspable,200,5,36.6,max_dim=0.188
half_lime,dtyjkb,graspable,200,5,9.8,max_dim=0.060
half_lime,iwjqqq,graspable,200,5,10.4,max_dim=0.060
half_lime,jnbwpy,not_ready,0,0,0.0,max_dim=0.057
half_lime,mxmmcp,graspable,200,5,9.9,max_dim=0.060
half_lime,wdadtn,graspable,200,5,9.9,max_dim=0.060
half_lobster,mdxjdk,graspable,200,5,21.3,max_dim=0.362
half_lobster,nazfrs,graspable,200,5,20.5,max_dim=0.180
half_log,bbieuz,no_grasp,200,0,77.8,max_dim=0.446
half_log,rvtvqc,no_grasp,200,0,83.8,max_dim=0.443
half_macaroon,gafeof,not_ready,0,0,0.0,max_dim=0.050
half_macaroon,znmffr,not_ready,0,0,0.0,max_dim=0.050
half_mango,jywliv,graspable,200,5,80.4,max_dim=0.119
half_mango,qzgjym,graspable,200,5,13.3,max_dim=0.114
half_marshmallow,pdyexe,graspable,200,5,10.2,max_dim=0.062
half_marshmallow,tcsuum,graspable,200,5,10.9,max_dim=0.062
half_meat_loaf,qeqtna,graspable,200,5,21.9,max_dim=0.139
half_meat_loaf,rdxyfn,graspable,200,5,32.8,max_dim=0.136
half_meatball,nqprdu,graspable,200,5,12.2,max_dim=0.034
half_meatball,xmepzb,graspable,200,5,12.5,max_dim=0.034
half_mozzarella,luofri,not_ready,0,0,0.0,max_dim=0.057
half_mozzarella,yflmjs,not_ready,0,0,0.0,max_dim=0.059
half_muffin,ubimyt,not_ready,0,0,0.0,max_dim=0.086
half_muffin,ypzhst,not_ready,0,0,0.0,max_dim=0.086
half_mushroom,xeodai,graspable,200,5,10.5,max_dim=0.030
half_mustard_leaf,amrhdm,graspable,200,5,18.9,max_dim=0.025
half_mustard_leaf,zwbunc,graspable,200,5,14.4,max_dim=0.027
half_nectarine,glfyoh,graspable,200,5,9.7,max_dim=0.078
half_nectarine,uoechx,graspable,200,5,10.9,max_dim=0.079
half_olive,dghwop,not_ready,0,0,0.0,max_dim=0.022
half_olive,mkchji,not_ready,0,0,0.0,max_dim=0.022
half_omelet,eokxzc,graspable,200,5,50.7,max_dim=0.214
half_omelet,kkctir,graspable,200,5,87.1,max_dim=0.218
half_orange,yloghd,graspable,200,5,9.9,max_dim=0.084
half_oyster,dakxdo,graspable,200,5,18.8,max_dim=0.110
half_oyster,ssiqcq,graspable,200,5,16.1,max_dim=0.107
half_papaya,gbrakc,graspable,200,5,32.0,max_dim=0.160
half_papaya,hgjdxq,graspable,200,5,19.0,max_dim=0.160
half_parsley,zfzedo,not_ready,0,0,0.0,max_dim=0.027
half_parsley,zgpzbo,not_ready,0,0,0.0,max_dim=0.025
half_parsnip,quszcu,graspable,200,5,14.8,max_dim=0.126
half_parsnip,rkbfvr,graspable,200,5,32.3,max_dim=0.123
half_pastry,ilugji,not_ready,0,0,0.0,max_dim=0.192
half_pastry,izfobj,not_ready,0,0,0.0,max_dim=0.191
half_peach,orowgl,graspable,200,5,10.3,max_dim=0.090
half_pear,mqvgcg,graspable,200,5,12.5,max_dim=0.124
half_peppermint,bqhvim,graspable,200,5,22.3,max_dim=0.012
half_peppermint,nfqgyt,graspable,200,5,35.8,max_dim=0.013
half_peppermint_candy,vbqbxd,graspable,200,5,9.9,max_dim=0.078
half_peppermint_candy,zizhcl,graspable,200,5,12.9,max_dim=0.076
half_pepperoni,euthxy,graspable,200,5,10.2,max_dim=0.041
half_pepperoni,nworyk,graspable,200,5,13.1,max_dim=0.040
half_pickle,enuftv,graspable,200,5,12.2,max_dim=0.063
half_pickle,rmvuqm,graspable,200,5,10.2,max_dim=0.053
half_pineapple,jizmyh,graspable,200,5,10.2,max_dim=0.214
half_pineapple,zympwt,graspable,200,5,10.7,max_dim=0.107
half_pita,fmkiep,not_ready,0,0,0.0,max_dim=0.251
half_pita,mhwlwr,not_ready,0,0,0.0,max_dim=0.250
half_pizza,frlqiv,graspable,200,5,20.3,max_dim=0.469
half_pizza,jghsom,graspable,200,5,49.1,max_dim=0.473
half_pizza_dough,spvbal,not_ready,0,0,0.0,max_dim=0.316
half_pizza_dough,xzkcwu,not_ready,0,0,0.0,max_dim=0.316
half_plum,dsybez,graspable,200,5,12.8,max_dim=0.061
half_pomegranate,tbwsgm,graspable,200,5,11.4,max_dim=0.072
half_pomegranate,vqybii,graspable,200,5,11.5,max_dim=0.093
half_pomelo,qecwzm,graspable,200,5,9.9,max_dim=0.071
half_pork,plzhze,graspable,200,5,10.6,max_dim=0.064
half_pork,zkyxzt,graspable,200,5,10.7,max_dim=0.063
half_pork_chop,iyrjhs,graspable,200,5,17.3,max_dim=0.123
half_pork_chop,slvayf,graspable,200,5,10.1,max_dim=0.110
half_pork_rib,pwbysl,not_ready,0,0,0.0,max_dim=0.102
half_pork_rib,xnujmn,not_ready,0,0,0.0,max_dim=0.122
half_potato,qcnoim,not_ready,0,0,0.0,max_dim=0.137
half_potato,qktjci,not_ready,0,0,0.0,max_dim=0.137
half_pretzel,qlajrx,graspable,200,5,23.8,max_dim=0.196
half_pretzel,sexafo,not_ready,0,0,0.0,max_dim=0.192
half_prosciutto,cqlboj,graspable,200,5,19.4,max_dim=0.203
half_prosciutto,lchtrf,graspable,200,5,16.3,max_dim=0.191
half_pumpkin,mfoylv,graspable,200,5,11.8,max_dim=0.149
half_pumpkin,mjeocr,graspable,200,5,12.9,max_dim=0.149
half_quail_breast,wkprti,graspable,200,5,11.8,max_dim=0.085
half_quail_breast,wphkwq,graspable,200,5,9.9,max_dim=0.091
half_quiche,gdvrux,not_ready,0,0,0.0,max_dim=0.132
half_quiche,murare,not_ready,0,0,0.0,max_dim=0.132
half_radish,kyujnh,graspable,200,5,12.3,max_dim=0.015
half_radish,zjeukz,graspable,200,5,11.9,max_dim=0.035
half_ramen,argnww,not_ready,0,0,0.0,max_dim=0.102
half_ramen,mplogd,not_ready,0,0,0.0,max_dim=0.102
half_rhubarb,lyotpu,graspable,200,5,11.1,max_dim=0.051
half_rhubarb,mtbhkr,graspable,200,5,12.4,max_dim=0.048
half_roll_dough,gwnxss,not_ready,0,0,0.0,max_dim=0.199
half_roll_dough,khmxtb,not_ready,0,0,0.0,max_dim=0.200
half_rope,cbwygj,too_large,0,0,0.0,max_dim=1.061
half_rope,jbmqyc,too_large,0,0,0.0,max_dim=1.047
half_rosehip,arilit,graspable,200,5,11.4,max_dim=0.059
half_rosehip,tdkaax,graspable,200,5,9.9,max_dim=0.059
half_rutabaga,afinny,not_ready,0,0,0.0,max_dim=0.113
half_rutabaga,kvelnh,not_ready,0,0,0.0,max_dim=0.113
half_salmon,kqssje,graspable,200,5,43.8,max_dim=0.130
half_salmon,udseko,graspable,200,5,61.3,max_dim=0.134
half_scone,nruwwp,not_ready,0,0,0.0,max_dim=0.083
half_scone,vykthm,not_ready,0,0,0.0,max_dim=0.087
half_shiitake,wkcotv,graspable,200,5,11.0,max_dim=0.050
half_shiitake,zuskah,graspable,200,5,11.4,max_dim=0.050
half_shrimp,fmpevo,graspable,200,5,10.4,max_dim=0.049
half_shrimp,kfhjwb,graspable,200,5,10.1,max_dim=0.068
half_snapper,klxewc,graspable,200,5,78.2,max_dim=0.216
half_snapper,rjsbgp,graspable,200,5,19.1,max_dim=0.247
half_sourdough,flwdle,not_ready,0,0,0.0,max_dim=0.079
half_sourdough,wgcbuy,not_ready,0,0,0.0,max_dim=0.079
half_spice_cookie,mtzrxb,not_ready,0,0,0.0,max_dim=0.070
half_spice_cookie,qrwsjv,not_ready,0,0,0.0,max_dim=0.072
half_spice_cookie_dough,iajxas,not_ready,0,0,0.0,max_dim=0.199
half_spice_cookie_dough,xzxwml,not_ready,0,0,0.0,max_dim=0.200
half_spinach,gofplq,graspable,200,5,22.6,max_dim=0.039
half_spinach,jmfmwt,graspable,200,5,11.8,max_dim=0.101
half_squid,dvlcfl,graspable,200,5,11.7,max_dim=0.034
half_squid,xasgey,graspable,200,5,10.4,max_dim=0.033
half_steak,rltaoi,graspable,200,5,17.4,max_dim=0.125
half_steak,zphtsi,graspable,200,5,13.6,max_dim=0.130
half_strawberry,pgguhi,graspable,200,5,11.4,max_dim=0.028
half_sugar_cookie,hvqdow,not_ready,0,0,0.0,max_dim=0.073
half_sugar_cookie,jkrbjp,not_ready,0,0,0.0,max_dim=0.073
half_sugar_cookie_dough,icwbdb,not_ready,0,0,0.0,max_dim=0.200
half_sugar_cookie_dough,ueipcz,not_ready,0,0,0.0,max_dim=0.199
half_sunflower,shnumy,graspable,200,5,10.3,max_dim=0.066
half_sunflower,woubco,graspable,200,5,10.1,max_dim=0.197
half_sushi,kbvcub,graspable,200,5,11.8,max_dim=0.037
half_sushi,yeczqn,graspable,200,5,10.0,max_dim=0.036
half_sweet_corn,qcnfch,graspable,200,5,38.5,max_dim=0.145
half_sweet_corn,tlrvtd,graspable,200,5,10.8,max_dim=0.118
half_swiss_cheese,ppnaxx,graspable,200,5,11.8,max_dim=0.066
half_swiss_cheese,siurhp,graspable,200,5,9.9,max_dim=0.099
half_taco,jbawkm,graspable,200,5,11.8,max_dim=0.084
half_taco,wrowli,graspable,200,5,10.6,max_dim=0.083
half_tenderloin,hsxfzx,not_ready,0,0,0.0,max_dim=0.100
half_tenderloin,zlimsu,not_ready,0,0,0.0,max_dim=0.103
half_tiramisu,dnypnm,graspable,200,5,13.6,max_dim=0.069
half_tiramisu,ftdroi,graspable,200,5,10.1,max_dim=0.069
half_toast,gjpbgv,not_ready,0,0,0.0,max_dim=0.089
half_toast,xvqnvl,not_ready,0,0,0.0,max_dim=0.092
half_tofu,ecmwbe,graspable,200,5,11.0,max_dim=0.028
half_tofu,oukbgb,graspable,200,5,10.1,max_dim=0.028
half_tortilla,ifxldf,not_ready,0,0,0.0,max_dim=0.237
half_tortilla,keraqb,not_ready,0,0,0.0,max_dim=0.237
half_tortilla_chip,plnyld,graspable,200,5,10.1,max_dim=0.078
half_tortilla_chip,sbleta,graspable,200,5,9.5,max_dim=0.074
half_trout,flyifh,graspable,200,5,13.7,max_dim=0.095
half_trout,tyucmc,graspable,200,5,28.1,max_dim=0.130
half_tuna,ntvqrf,graspable,200,5,93.2,max_dim=0.481
half_tuna,vnzgtg,graspable,200,5,114.2,max_dim=0.409
half_turkey,hbzolq,not_ready,0,0,0.0,max_dim=0.335
half_turkey,xuxpbr,not_ready,0,0,0.0,max_dim=0.335
half_turkey_leg,kweybb,graspable,200,5,11.6,max_dim=0.079
half_turkey_leg,ymxpia,graspable,200,5,12.8,max_dim=0.083
half_vanilla_flower,udzkpp,graspable,200,5,11.2,max_dim=0.032
half_vanilla_flower,zdpxwq,graspable,200,5,10.9,max_dim=0.033
half_veal,gopovb,graspable,200,5,12.3,max_dim=0.143
half_veal,pznmyp,graspable,200,5,22.8,max_dim=0.139
half_venison,ixnagn,not_ready,0,0,0.0,max_dim=0.087
half_venison,mszwzw,not_ready,0,0,0.0,max_dim=0.097
half_vidalia_onion,tnmqrt,graspable,200,5,10.1,max_dim=0.097
half_vidalia_onion,yxwjgn,graspable,200,5,10.2,max_dim=0.102
half_virginia_ham,inelbk,graspable,200,5,9.1,max_dim=0.270
half_virginia_ham,znrkjg,graspable,200,5,15.5,max_dim=0.284
half_waffle,vpimsk,graspable,200,5,25.6,max_dim=0.283
half_waffle,vufawe,graspable,200,5,32.0,max_dim=0.283
half_walnut,bpdkdn,graspable,200,5,9.9,max_dim=0.048
half_walnut,dulddb,graspable,200,5,10.0,max_dim=0.050
half_watermelon,diflgd,no_grasp,200,0,102.4,max_dim=0.360
half_white_turnip,cqztci,graspable,200,5,10.4,max_dim=0.034
half_white_turnip,guvvjb,graspable,200,5,12.1,max_dim=0.016
half_wrapping_paper,mntitw,graspable,200,5,40.7,max_dim=0.238
half_wrapping_paper,pjcxni,graspable,200,5,14.3,max_dim=0.238
half_zucchini,career,graspable,200,5,12.0,max_dim=0.116
half_zucchini,tncuen,not_ready,0,0,0.0,max_dim=0.096
half_zucchini,uzezze,graspable,200,5,13.2,max_dim=0.118
hall_tree,daxzaw,too_large,0,0,0.0,max_dim=2.373
hall_tree,gypwkr,too_large,0,0,0.0,max_dim=1.077
hall_tree,upkvgr,too_large,0,0,0.0,max_dim=5.371
ham_hock,pjcwba,graspable,200,5,26.1,max_dim=0.182
hamburger,fyswch,graspable,200,5,9.7,max_dim=0.108
hamburger_bun,fqxumh,graspable,200,5,10.9,max_dim=0.087
hamburger_bun,jeygaq,graspable,200,5,12.1,max_dim=0.090
hammam_bench,wxpwzd,too_large,0,0,0.0,max_dim=6.220
hammer,bbzlel,graspable,200,5,28.8,max_dim=0.341
hammer,fcrlbo,graspable,200,5,30.1,max_dim=0.231
hammock,aiftuk,too_large,0,0,0.0,max_dim=3.749
hammock,fglfga,too_large,0,0,0.0,max_dim=2.565
hammock,klhkgd,too_large,0,0,0.0,max_dim=2.564
hammock,lqweda,too_large,0,0,0.0,max_dim=2.565
hammock,qewdqa,too_large,0,0,0.0,max_dim=2.565
hammock,sullco,too_large,0,0,0.0,max_dim=4.177
hamper,clziqw,too_large,0,0,0.0,max_dim=0.510
hamper,djrdum,graspable,200,5,38.0,max_dim=0.288
hamper,drgdfh,too_large,0,0,0.0,max_dim=0.540
hamper,fkghop,not_ready,0,0,0.0,max_dim=0.223
hamper,hlgjme,graspable,200,3,106.8,max_dim=0.417
hamper,iofciz,too_large,0,0,0.0,max_dim=0.503
hamper,mkxkwm,not_ready,0,0,0.0,max_dim=0.435
hamper,otswdv,not_ready,0,0,0.0,max_dim=0.175
hamper,pcyjbu,no_grasp,0,0,0.8,max_dim=0.481
hamper,pdzaca,too_large,0,0,0.0,max_dim=0.513
hamper,pgwdlg,too_large,0,0,0.0,max_dim=0.658
hamper,pqzyxx,graspable,200,3,140.9,max_dim=0.419
hamper,qhdikw,graspable,200,5,12.5,max_dim=0.155
hamper,sijioo,graspable,200,5,54.0,max_dim=0.305
hamper,ssfvij,no_grasp,200,0,118.3,max_dim=0.323
hamper,stibna,not_ready,0,0,0.0,max_dim=0.306
hamper,wdsnjy,too_large,0,0,0.0,max_dim=0.584
hamper,wqxrbf,too_large,0,0,0.0,max_dim=0.572
hamper,xhdtjn,graspable,200,3,70.7,max_dim=0.436
hamper,xjftlf,no_grasp,0,0,1.7,max_dim=0.475
hamster_wheel,atgpbe,graspable,200,5,110.1,max_dim=0.454
hand_dryer,cdyffs,no_grasp,200,0,115.3,max_dim=0.291
hand_dryer,jblykn,graspable,200,5,97.2,max_dim=0.303
hand_dryer,jjolwn,no_grasp,200,0,96.7,max_dim=0.415
hand_towel,klevhj,not_ready,0,0,0.0,max_dim=0.279
handle,apdvez,too_large,0,0,0.0,max_dim=0.623
handset,ilmhxf,not_ready,0,0,0.0,max_dim=0.469
hanger,agrpio,graspable,200,5,18.2,max_dim=0.426
hanger,anobre,graspable,200,5,48.1,max_dim=0.436
hanger,ffecvd,graspable,200,5,63.1,max_dim=0.441
hanger,lymqks,graspable,200,5,25.6,max_dim=0.471
hanger,nadesv,graspable,200,5,22.1,max_dim=0.435
hanger,nagryh,graspable,200,5,40.4,max_dim=0.437
hanger,sfdekb,not_ready,0,0,0.0,max_dim=0.328
hanging,hpbdid,too_large,0,0,0.0,max_dim=2.967
hanging_banners,ajcjzr,too_large,0,0,0.0,max_dim=2.677
hanging_banners,bpjqwj,too_large,0,0,0.0,max_dim=2.669
hanging_banners,szdonp,too_large,0,0,0.0,max_dim=2.694
hanging_banners,vfknnl,too_large,0,0,0.0,max_dim=2.443
hanging_basket,mawcog,too_large,0,0,0.0,max_dim=0.649
hanging_basket,ndohjv,too_large,0,0,0.0,max_dim=0.640
hanging_basket,ojbzln,too_large,0,0,0.0,max_dim=0.609
hanging_plant,bedomm,too_large,0,0,0.0,max_dim=0.848
hanging_plant,ipimgx,too_large,0,0,0.0,max_dim=0.974
hanging_plant,msdqfz,too_large,0,0,0.0,max_dim=0.645
hanging_plant,olcdif,no_grasp,200,0,96.0,max_dim=0.469
hanging_plant,pasict,no_grasp,200,0,90.1,max_dim=0.476
hanging_plant,xfecjy,too_large,0,0,0.0,max_dim=0.950
hanging_plant,zlgfak,too_large,0,0,0.0,max_dim=1.514
hard_boiled_egg,xzucin,graspable,200,5,13.1,max_dim=0.058
hard_candy,ojznyf,graspable,200,5,12.9,max_dim=0.055
hard_candy,qptjgv,graspable,200,5,10.5,max_dim=0.055
hard_candy,vwegtt,graspable,200,5,10.7,max_dim=0.055
hard_candy,vyxhmv,graspable,200,5,11.0,max_dim=0.055
hard_candy,yuatcg,graspable,200,5,11.5,max_dim=0.055
hard_drive,ijibkm,graspable,200,5,22.7,max_dim=0.117
hard_drive,ubjbsm,graspable,200,5,24.5,max_dim=0.117
hardback,acaxtl,graspable,200,5,28.5,max_dim=0.196
hardback,acbrnv,graspable,200,5,27.7,max_dim=0.223
hardback,aceozs,graspable,200,5,33.7,max_dim=0.198
hardback,acskbo,graspable,200,5,36.6,max_dim=0.237
hardback,aesiym,graspable,200,5,19.7,max_dim=0.243
hardback,aewljo,graspable,200,5,81.1,max_dim=0.366
hardback,agbqsy,graspable,200,5,23.4,max_dim=0.213
hardback,ajpulw,graspable,200,5,28.7,max_dim=0.259
hardback,atxzzy,graspable,200,5,26.5,max_dim=0.151
hardback,axvnml,graspable,200,5,28.2,max_dim=0.269
hardback,bcmzwo,graspable,200,4,108.3,max_dim=0.294
hardback,bgtbdp,graspable,200,5,28.0,max_dim=0.309
hardback,bklqfz,graspable,200,5,22.5,max_dim=0.226
hardback,bobmzf,graspable,200,2,102.6,max_dim=0.365
hardback,bpgluc,graspable,200,5,28.9,max_dim=0.219
hardback,bqvvvx,graspable,200,5,29.1,max_dim=0.232
hardback,bqwpvd,graspable,200,5,62.4,max_dim=0.212
hardback,bvqdte,graspable,200,5,29.5,max_dim=0.264
hardback,byaghj,graspable,200,5,27.3,max_dim=0.286
hardback,caclbu,graspable,200,5,24.7,max_dim=0.223
hardback,catcrp,graspable,200,5,18.5,max_dim=0.224
hardback,ccollh,graspable,200,5,24.6,max_dim=0.217
hardback,chumjg,graspable,200,5,21.5,max_dim=0.264
hardback,crlzzv,graspable,200,5,50.6,max_dim=0.295
hardback,csgebz,graspable,200,5,28.9,max_dim=0.154
hardback,csjnvj,graspable,200,5,26.8,max_dim=0.250
hardback,cvotie,graspable,200,5,49.2,max_dim=0.367
hardback,cwkwqk,graspable,200,5,16.1,max_dim=0.284
hardback,dbmzmo,graspable,200,5,29.6,max_dim=0.319
hardback,deroar,graspable,200,5,16.8,max_dim=0.235
hardback,dichmv,graspable,200,5,33.0,max_dim=0.171
hardback,dkspkn,graspable,200,5,17.8,max_dim=0.254
hardback,dmqfqx,graspable,200,5,27.3,max_dim=0.192
hardback,dwozht,graspable,200,5,34.5,max_dim=0.202
hardback,dyqykd,graspable,200,5,33.8,max_dim=0.227
hardback,dystbu,graspable,200,5,32.1,max_dim=0.248
hardback,eaktib,graspable,200,5,50.7,max_dim=0.265
hardback,eegpmu,graspable,200,5,22.7,max_dim=0.235
hardback,egvwya,graspable,200,5,29.2,max_dim=0.153
hardback,ekefru,graspable,200,5,35.8,max_dim=0.251
hardback,emqjpl,graspable,200,5,13.5,max_dim=0.192
hardback,eqeruw,graspable,200,5,19.3,max_dim=0.219
hardback,eqhjud,graspable,200,5,47.8,max_dim=0.300
hardback,esxakn,graspable,200,5,26.6,max_dim=0.215
hardback,etodez,graspable,200,5,34.3,max_dim=0.246
hardback,ewjgzf,graspable,200,5,31.7,max_dim=0.229
hardback,ewktjc,graspable,200,5,21.1,max_dim=0.139
hardback,eycrsb,graspable,200,5,20.7,max_dim=0.218
hardback,fdpfan,graspable,200,5,32.3,max_dim=0.219
hardback,fgyzry,graspable,200,5,28.0,max_dim=0.367
hardback,fhwnhz,not_ready,0,0,0.0,max_dim=0.358
hardback,fnruqu,graspable,200,5,13.7,max_dim=0.195
hardback,fqnrwx,graspable,200,5,26.8,max_dim=0.230
hardback,frymkm,graspable,200,5,60.1,max_dim=0.367
hardback,gacoxw,graspable,200,5,60.8,max_dim=0.271
hardback,gcytxe,graspable,200,2,105.6,max_dim=0.395
hardback,gdaauh,graspable,200,5,31.1,max_dim=0.277
hardback,gevalg,graspable,200,3,92.4,max_dim=0.366
hardback,ggfkba,graspable,200,5,24.3,max_dim=0.241
hardback,gophxm,graspable,200,5,17.9,max_dim=0.306
hardback,gpefzh,graspable,200,5,28.3,max_dim=0.153
hardback,grxiqn,graspable,200,5,28.3,max_dim=0.208
hardback,grxvdw,graspable,200,5,23.3,max_dim=0.235
hardback,gyfnow,graspable,200,5,34.6,max_dim=0.189
hardback,gyixdh,graspable,200,5,25.1,max_dim=0.218
hardback,gyjbgp,graspable,200,5,29.9,max_dim=0.209
hardback,gyshpg,graspable,200,5,21.1,max_dim=0.226
hardback,gznwgd,graspable,200,1,89.3,max_dim=0.346
hardback,hbszjg,graspable,200,5,33.8,max_dim=0.210
hardback,hccdxo,graspable,200,5,35.8,max_dim=0.236
hardback,hcwuuq,graspable,200,5,20.9,max_dim=0.249
hardback,hdczhd,graspable,200,5,34.1,max_dim=0.233
hardback,hhbfwv,graspable,200,5,27.1,max_dim=0.232
hardback,hitufw,graspable,200,5,33.0,max_dim=0.216
hardback,hrxujh,graspable,200,5,42.5,max_dim=0.182
hardback,hvllsq,graspable,200,5,31.4,max_dim=0.292
hardback,hwhsfu,graspable,200,5,20.0,max_dim=0.214
hardback,hxjtci,graspable,200,5,33.8,max_dim=0.280
hardback,ihstiw,graspable,200,5,23.6,max_dim=0.261
hardback,iklrpf,graspable,200,5,15.8,max_dim=0.272
hardback,ildqmz,graspable,200,5,18.9,max_dim=0.243
hardback,iobfrl,graspable,200,5,34.8,max_dim=0.268
hardback,ipkwys,graspable,200,5,29.8,max_dim=0.141
hardback,iqervp,graspable,200,5,27.8,max_dim=0.189
hardback,isjnmo,graspable,200,5,29.8,max_dim=0.271
hardback,isznan,graspable,200,5,27.6,max_dim=0.216
hardback,itjgnt,graspable,200,4,98.9,max_dim=0.395
hardback,itskbu,graspable,200,1,88.9,max_dim=0.388
hardback,jaifmc,graspable,200,2,99.5,max_dim=0.395
hardback,jcsevf,graspable,200,3,89.2,max_dim=0.395
hardback,jemhbb,graspable,200,5,31.4,max_dim=0.209
hardback,jeqtsl,graspable,200,5,37.7,max_dim=0.147
hardback,jfnwwu,graspable,200,5,14.7,max_dim=0.221
hardback,jikaee,graspable,200,5,45.7,max_dim=0.215
hardback,jpgboz,graspable,200,3,99.4,max_dim=0.358
hardback,jqddwn,graspable,200,5,20.7,max_dim=0.233
hardback,jsbpva,graspable,200,5,39.1,max_dim=0.309
hardback,jupphn,graspable,200,5,22.8,max_dim=0.309
hardback,jvgryr,no_grasp,200,0,109.0,max_dim=0.370
hardback,jyxmam,graspable,200,5,28.2,max_dim=0.256
hardback,keailc,graspable,200,5,80.4,max_dim=0.369
hardback,kerenw,graspable,200,5,17.1,max_dim=0.218
hardback,klpwul,graspable,200,5,37.4,max_dim=0.171
hardback,knmcwa,graspable,200,5,27.6,max_dim=0.207
hardback,kpoyem,graspable,200,5,17.9,max_dim=0.216
hardback,ktlyoa,graspable,200,5,19.2,max_dim=0.268
hardback,kvaorj,graspable,200,5,91.3,max_dim=0.315
hardback,kwkwiq,graspable,200,5,36.5,max_dim=0.271
hardback,kyyluq,graspable,200,5,23.8,max_dim=0.225
hardback,kzdjtz,graspable,200,5,36.2,max_dim=0.133
hardback,lbjkhk,graspable,200,5,10.3,max_dim=0.285
hardback,lebhqw,graspable,200,5,21.2,max_dim=0.219
hardback,lekmfy,graspable,200,5,25.1,max_dim=0.191
hardback,lfbzdu,graspable,200,5,25.1,max_dim=0.267
hardback,lffzty,graspable,200,5,39.8,max_dim=0.187
hardback,lixbdf,graspable,200,5,26.5,max_dim=0.262
hardback,ljuqil,graspable,200,5,29.4,max_dim=0.216
hardback,lktpjp,graspable,200,5,23.2,max_dim=0.228
hardback,lmxzhj,graspable,200,5,17.8,max_dim=0.305
hardback,loazgc,graspable,200,5,26.2,max_dim=0.287
hardback,lpnxqn,graspable,200,5,72.5,max_dim=0.396
hardback,lqdzfa,graspable,200,5,36.1,max_dim=0.253
hardback,ltfqpb,graspable,200,5,24.2,max_dim=0.212
hardback,lxbcpf,graspable,200,5,46.7,max_dim=0.349
hardback,lzdite,graspable,200,5,15.8,max_dim=0.245
hardback,mekfxk,graspable,200,5,35.2,max_dim=0.221
hardback,mijfhq,graspable,200,5,22.0,max_dim=0.253
hardback,mkfrad,graspable,200,5,25.4,max_dim=0.260
hardback,mkxbhk,not_ready,0,0,0.0,max_dim=0.206
hardback,mlxtxh,graspable,200,5,30.6,max_dim=0.259
hardback,mmscwm,graspable,200,5,20.3,max_dim=0.247
hardback,mpclle,graspable,200,5,23.4,max_dim=0.267
hardback,mpqusy,graspable,200,5,15.9,max_dim=0.257
hardback,mptjse,graspable,200,5,18.9,max_dim=0.209
hardback,mrquvx,graspable,200,5,24.4,max_dim=0.224
hardback,nathmv,graspable,200,5,21.1,max_dim=0.264
hardback,nbuuwf,graspable,200,5,29.8,max_dim=0.209
hardback,ndmbuu,graspable,200,5,21.3,max_dim=0.235
hardback,ngesty,graspable,200,5,23.7,max_dim=0.256
hardback,nhdqlm,graspable,200,5,41.7,max_dim=0.238
hardback,nubbfj,graspable,200,5,28.7,max_dim=0.239
hardback,numppv,graspable,200,5,13.3,max_dim=0.249
hardback,ohcbwk,graspable,200,4,96.0,max_dim=0.396
hardback,okcflv,graspable,200,5,19.1,max_dim=0.255
hardback,onlare,graspable,200,5,20.2,max_dim=0.235
hardback,onmmao,graspable,200,5,25.8,max_dim=0.259
hardback,oonryj,graspable,200,5,17.7,max_dim=0.189
hardback,oqemit,graspable,200,5,113.3,max_dim=0.396
hardback,orkzoz,graspable,200,5,23.2,max_dim=0.204
hardback,orxaxf,graspable,200,5,25.0,max_dim=0.231
hardback,otvmvn,graspable,200,5,17.7,max_dim=0.133
hardback,oxvgoe,graspable,200,5,45.9,max_dim=0.217
hardback,pagmpi,graspable,200,5,27.7,max_dim=0.195
hardback,pfvucb,graspable,200,5,12.7,max_dim=0.243
hardback,piaesm,graspable,200,5,31.6,max_dim=0.199
hardback,plimis,graspable,200,5,27.7,max_dim=0.182
hardback,pmnfgl,graspable,200,5,29.2,max_dim=0.246
hardback,pnjosu,graspable,200,5,22.2,max_dim=0.288
hardback,poanfs,graspable,200,5,45.5,max_dim=0.305
hardback,ppelap,graspable,200,5,23.5,max_dim=0.161
hardback,prifte,graspable,200,5,24.5,max_dim=0.256
hardback,pzjsfl,graspable,200,5,40.4,max_dim=0.270
hardback,qbllsj,graspable,200,5,34.1,max_dim=0.286
hardback,qdkajy,graspable,200,5,29.7,max_dim=0.209
hardback,qhvvlh,graspable,200,5,35.5,max_dim=0.321
hardback,qomarm,graspable,200,5,18.8,max_dim=0.184
hardback,qompdt,graspable,200,5,31.9,max_dim=0.152
hardback,qsssng,graspable,200,5,18.7,max_dim=0.196
hardback,quiqrp,graspable,200,5,87.2,max_dim=0.338
hardback,rbtywt,graspable,200,5,18.4,max_dim=0.197
hardback,rdpznw,graspable,200,5,24.9,max_dim=0.203
hardback,rdqqum,graspable,200,5,26.3,max_dim=0.241
hardback,rgzvyu,graspable,200,5,19.2,max_dim=0.181
hardback,ropdih,graspable,200,5,30.0,max_dim=0.223
hardback,rpptjr,graspable,200,5,64.7,max_dim=0.368
hardback,ruifbr,graspable,200,5,30.8,max_dim=0.181
hardback,rwkajx,graspable,200,5,25.4,max_dim=0.223
hardback,ryzohp,graspable,200,5,33.0,max_dim=0.288
hardback,rzuzmj,graspable,200,5,27.1,max_dim=0.216
hardback,sbrrwi,graspable,200,5,27.3,max_dim=0.210
hardback,scdwke,graspable,200,5,36.7,max_dim=0.262
hardback,sfrlsf,graspable,200,5,42.6,max_dim=0.275
hardback,sinlfd,graspable,200,5,23.0,max_dim=0.256
hardback,skqbff,graspable,200,5,22.0,max_dim=0.300
hardback,slckfs,graspable,200,5,23.3,max_dim=0.221
hardback,sndyvj,graspable,200,5,29.5,max_dim=0.192
hardback,snfzce,graspable,200,5,15.7,max_dim=0.200
hardback,sswztv,graspable,200,5,31.6,max_dim=0.253
hardback,tfwohd,graspable,200,5,25.6,max_dim=0.234
hardback,tgfofw,graspable,200,5,29.2,max_dim=0.229
hardback,tlezqg,graspable,200,5,31.3,max_dim=0.223
hardback,tmiacj,graspable,200,5,31.3,max_dim=0.208
hardback,tmlwev,graspable,200,5,36.6,max_dim=0.149
hardback,tqrqbu,graspable,200,5,30.7,max_dim=0.228
hardback,trlvhd,graspable,200,5,13.2,max_dim=0.258
hardback,tvmcgq,graspable,200,5,23.7,max_dim=0.217
hardback,tvrnpi,graspable,200,5,36.6,max_dim=0.214
hardback,tvydcv,graspable,200,2,94.4,max_dim=0.358
hardback,tybynw,graspable,200,5,21.7,max_dim=0.243
hardback,tyfzvl,graspable,200,5,40.3,max_dim=0.235
hardback,ucicpd,graspable,200,5,38.7,max_dim=0.268
hardback,udqhcl,graspable,200,5,26.8,max_dim=0.219
hardback,ufgtdl,graspable,200,5,38.2,max_dim=0.235
hardback,ujtvvt,graspable,200,5,77.5,max_dim=0.395
hardback,umdcwo,graspable,200,5,30.1,max_dim=0.269
hardback,umtflg,graspable,200,5,21.0,max_dim=0.235
hardback,unpvyf,graspable,200,5,33.4,max_dim=0.148
hardback,urfwur,graspable,200,5,30.2,max_dim=0.182
hardback,uwaqwg,graspable,200,5,21.9,max_dim=0.245
hardback,uzmhnf,graspable,200,5,23.9,max_dim=0.249
hardback,vbofme,graspable,200,5,25.2,max_dim=0.228
hardback,vdchph,graspable,200,5,36.0,max_dim=0.319
hardback,vgsbfh,graspable,200,5,20.6,max_dim=0.235
hardback,vjsenc,graspable,200,5,34.3,max_dim=0.243
hardback,vsbhgn,graspable,200,5,25.5,max_dim=0.263
hardback,vujkvf,graspable,200,5,28.3,max_dim=0.261
hardback,vxjpqu,graspable,200,5,90.8,max_dim=0.331
hardback,vywxev,not_ready,0,0,0.0,max_dim=0.162
hardback,waxszs,graspable,200,5,23.1,max_dim=0.223
hardback,wbprfv,graspable,200,5,26.5,max_dim=0.182
hardback,wdnkpr,graspable,200,5,17.9,max_dim=0.200
hardback,wehqno,graspable,200,5,63.3,max_dim=0.365
hardback,wfjsog,graspable,200,5,32.6,max_dim=0.196
hardback,winxhu,graspable,200,5,34.3,max_dim=0.206
hardback,wiydxy,graspable,200,5,28.4,max_dim=0.133
hardback,wudyye,graspable,200,5,23.5,max_dim=0.249
hardback,wxcndu,graspable,200,5,30.2,max_dim=0.256
hardback,xasgrq,graspable,200,5,26.8,max_dim=0.171
hardback,xbpozs,graspable,200,5,14.6,max_dim=0.171
hardback,xcxndi,graspable,200,5,20.8,max_dim=0.267
hardback,xefjtm,graspable,200,5,24.3,max_dim=0.235
hardback,xgxeev,graspable,200,5,16.5,max_dim=0.232
hardback,xkjctf,graspable,200,5,31.7,max_dim=0.188
hardback,xnxlqk,graspable,200,5,28.3,max_dim=0.181
hardback,xoephz,graspable,200,5,25.4,max_dim=0.156
hardback,xxnzwn,graspable,200,5,32.2,max_dim=0.189
hardback,xxwigj,graspable,200,5,33.0,max_dim=0.223
hardback,ycklwl,graspable,200,5,25.9,max_dim=0.184
hardback,ydgedi,graspable,200,5,42.7,max_dim=0.277
hardback,yjkktz,graspable,200,5,35.2,max_dim=0.245
hardback,yljvbc,graspable,200,5,23.4,max_dim=0.229
hardback,ymqzzc,graspable,200,5,19.4,max_dim=0.186
hardback,yomcyv,graspable,200,5,18.5,max_dim=0.216
hardback,zcnoxe,graspable,200,5,22.2,max_dim=0.190
hardback,zcpgyx,graspable,200,5,31.5,max_dim=0.229
hardback,zcyoll,graspable,200,5,20.2,max_dim=0.209
hardback,zegvtj,graspable,200,5,28.5,max_dim=0.367
hardback,zelcjs,graspable,200,5,43.5,max_dim=0.235
hardback,zgeveh,graspable,200,5,31.8,max_dim=0.268
hardback,ziyrti,graspable,200,5,35.4,max_dim=0.229
hardback,zmjcet,graspable,200,5,25.1,max_dim=0.228
hardback,znlewl,graspable,200,3,97.3,max_dim=0.366
hardback,ztoris,graspable,200,5,16.0,max_dim=0.323
hardback,zxjfcp,graspable,200,5,30.1,max_dim=0.255
hardback,zzevep,graspable,200,5,25.6,max_dim=0.200
hat,avvknr,graspable,200,5,62.7,max_dim=0.453
hat,ldxyyc,graspable,200,5,21.1,max_dim=0.375
hat,ljyldk,not_ready,0,0,0.0,max_dim=0.431
hat,rfwrrv,not_ready,0,0,0.0,max_dim=0.238
hat,wkrzep,graspable,200,5,55.3,max_dim=0.412
hat,zymxgw,graspable,200,1,98.3,max_dim=0.412
hazelnut,nkjtmd,graspable,200,5,12.8,max_dim=0.018
hazelnut,rhfksw,graspable,200,5,12.6,max_dim=0.023
head_cabbage,tqohvs,graspable,200,5,30.1,max_dim=0.148
headset,oytuam,graspable,200,5,10.2,max_dim=0.094
headstone,rlynvy,too_large,0,0,0.0,max_dim=1.367
heap_of_granola,mwhrhm,graspable,200,5,10.6,max_dim=0.082
heap_of_gravel,kcsyrn,graspable,200,5,10.4,max_dim=0.055
heap_of_raisins,gihwbe,graspable,200,5,10.8,max_dim=0.080
heatgun,vvndqp,graspable,200,5,71.2,max_dim=0.462
herbicide_bottle,aeslmf,graspable,200,5,13.0,max_dim=0.276
high_heel,htqifz,graspable,200,5,12.5,max_dim=0.197
high_heel,omckzr,graspable,200,5,13.2,max_dim=0.197
highchair,eteuuf,too_large,0,0,0.0,max_dim=0.780
highchair,pahqnp,too_large,0,0,0.0,max_dim=0.780
hiking_boot,ljiila,graspable,200,5,26.9,max_dim=0.265
hiking_boot,tariyy,graspable,200,5,25.1,max_dim=0.265
hinge,qroify,not_ready,0,0,0.0,max_dim=0.079
hinged_jar,gqtsam,no_grasp,200,0,6.4,max_dim=0.204
hinged_jar,jnjtrl,no_grasp,200,0,2.3,max_dim=0.174
hinged_jar,kijnrj,not_ready,0,0,0.0,max_dim=0.204
hinged_jar,vzwhbg,no_grasp,200,0,2.4,max_dim=0.270
hingeless_jar,bqpmsv,no_grasp,200,0,2.1,max_dim=0.205
hingeless_jar,crlhmi,no_grasp,200,0,1.7,max_dim=0.114
hingeless_jar,gejwoi,not_ready,0,0,0.0,max_dim=0.176
hingeless_jar,hjrnct,no_grasp,200,0,1.7,max_dim=0.117
hingeless_jar,ifgcmr,not_ready,0,0,0.0,max_dim=0.101
hingeless_jar,jdwvyt,not_ready,0,0,0.0,max_dim=0.204
hingeless_jar,lvuvbf,no_grasp,200,0,2.0,max_dim=0.168
hingeless_jar,mefezc,no_grasp,200,0,2.1,max_dim=0.250
hingeless_jar,pjaljg,not_ready,0,0,0.0,max_dim=0.122
hingeless_jar,qdnmwg,not_ready,0,0,0.0,max_dim=0.157
hingeless_jar,qzwijs,graspable,200,5,38.2,max_dim=0.270
hingeless_jar,vxqpnm,not_ready,0,0,0.0,max_dim=0.298
hingeless_jar,waousd,graspable,200,5,13.6,max_dim=0.114
hingeless_jar,wcqjew,graspable,200,5,11.1,max_dim=0.205
hingeless_jar,zdeyzf,graspable,200,5,9.5,max_dim=0.060
hitch,eqwskw,not_ready,0,0,0.0,max_dim=0.323
hockey_puck,smhogx,not_ready,0,0,0.0,max_dim=0.075
hockey_stick,jvgphb,too_large,0,0,0.0,max_dim=1.144
hoe,nycggc,too_large,0,0,0.0,max_dim=1.340
holly_decoration,shmkir,graspable,200,5,13.1,max_dim=0.122
honey_jar,dhgtvg,not_ready,0,0,0.0,max_dim=0.204
honing_steel,ugerym,graspable,200,5,26.7,max_dim=0.290
hoodie,agftpm,too_large,0,0,0.0,max_dim=0.787
hook,akwlam,graspable,200,5,10.3,max_dim=0.069
hook,ddbsdk,graspable,200,5,10.7,max_dim=0.073
hook,hewhtl,graspable,200,5,17.4,max_dim=0.108
hook,wmvozo,graspable,200,5,12.8,max_dim=0.041
hook,yfikis,graspable,200,5,14.3,max_dim=0.066
hook_rack,mdnfjr,too_large,0,0,0.0,max_dim=0.956
hose,qxgbfv,graspable,200,5,30.6,max_dim=0.461
hose_cart,gavrvw,too_large,0,0,0.0,max_dim=1.002
hospital_bed,muuddx,too_large,0,0,0.0,max_dim=2.117
hot_sauce_bottle,qvpthd,graspable,200,5,15.3,max_dim=0.258
hot_tub,nuzkuf,too_large,0,0,0.0,max_dim=1.815
hot_tub,wbnkfk,too_large,0,0,0.0,max_dim=1.806
hotdog,lsajfg,graspable,200,5,11.8,max_dim=0.158
hotdog_bun,ajlvvj,graspable,200,5,41.2,max_dim=0.158
hotdog_frank,dvoeyy,graspable,200,5,98.4,max_dim=0.155
hotdog_frank,qijvmi,graspable,200,5,64.0,max_dim=0.145
hourglass,sdzunm,not_ready,0,0,0.0,max_dim=0.228
hummus_box,jvnqly,not_ready,0,0,0.0,max_dim=0.204
hutch,vsqsuy,too_large,0,0,0.0,max_dim=0.948
hydrogen_peroxide_bottle,luhnej,graspable,200,5,12.8,max_dim=0.276
ice,cmjpva,graspable,200,5,10.2,max_dim=0.021
ice,ddmbhf,graspable,200,5,9.8,max_dim=0.021
ice,mkjogt,graspable,200,5,10.9,max_dim=0.021
ice_bucket,vlurir,graspable,200,2,104.1,max_dim=0.411
ice_cream_carton,lulzdz,not_ready,0,0,0.0,max_dim=0.204
ice_cream_cone,thwtmp,not_ready,0,0,0.0,max_dim=0.115
ice_cube,czbfpm,graspable,200,5,13.8,max_dim=0.022
ice_cube,dueotq,graspable,200,5,13.0,max_dim=0.022
ice_cube,iiimgo,not_ready,0,0,0.0,max_dim=0.020
ice_cube,kdlafa,graspable,200,5,13.1,max_dim=0.021
ice_cube,lkirej,graspable,200,5,11.9,max_dim=0.022
ice_cube,pjgror,graspable,200,5,10.4,max_dim=0.023
ice_cube,tqsquu,graspable,200,5,11.2,max_dim=0.023
ice_cube,ujmgkb,graspable,200,5,9.9,max_dim=0.022
ice_cube,xupugj,graspable,200,5,12.1,max_dim=0.022
ice_lolly,kcfwxs,graspable,200,5,14.4,max_dim=0.137
ice_tray,gewlsk,graspable,200,5,50.7,max_dim=0.320
icicle_lights,lbwpka,too_large,0,0,0.0,max_dim=2.022
infant_car_seat,nulroi,too_large,0,0,0.0,max_dim=0.650
information_bulletin,utvtam,too_large,0,0,0.0,max_dim=2.084
inhaler,iksfbo,graspable,200,5,12.2,max_dim=0.096
ink_bottle,gcyvrx,graspable,200,5,9.5,max_dim=0.090
insectifuge_atomizer,qnroki,graspable,200,5,13.8,max_dim=0.151
instant_coffee_jar,ycgxwb,no_grasp,200,0,4.0,max_dim=0.204
instant_pot,lkbvad,not_ready,0,0,0.0,max_dim=0.395
instant_pot,wengzf,no_grasp,200,0,3.1,max_dim=0.413
iron,fzbvce,no_grasp,200,0,1.9,max_dim=0.267
iron,vlvslm,not_ready,0,0,0.0,max_dim=0.304
ironing_board,uwwdky,too_large,0,0,0.0,max_dim=1.573
isopropanol_dispenser,mjcbfc,no_grasp,200,0,1.6,max_dim=0.131
jade,fzobtk,no_grasp,200,0,1.5,max_dim=0.062
jade,ylbnwn,no_grasp,200,0,1.5,max_dim=0.055
jade_roller,chplbu,no_grasp,200,0,1.9,max_dim=0.127
jam_dispenser,gnpgeh,no_grasp,200,0,1.9,max_dim=0.306
jam_dispenser,kerjkh,no_grasp,200,0,1.9,max_dim=0.385
jar_of_bath_salt,dtrjxi,no_grasp,200,0,2.2,max_dim=0.071
jar_of_bath_salt,erglwp,no_grasp,200,0,2.5,max_dim=0.070
jar_of_chilli_powder,mxhrcl,not_ready,0,0,0.0,max_dim=0.132
jar_of_clove,dlvall,no_grasp,200,0,2.2,max_dim=0.132
jar_of_cocoa,sjwgfn,not_ready,0,0,0.0,max_dim=0.162
jar_of_coffee,bnrvcs,not_ready,0,0,0.0,max_dim=0.193
jar_of_cumin,bpxhso,not_ready,0,0,0.0,max_dim=0.132
jar_of_cumin,tsktnz,graspable,200,5,15.9,max_dim=0.072
jar_of_cumin,vyfehw,not_ready,0,0,0.0,max_dim=0.132
jar_of_curry_powder,ozhftu,graspable,200,5,10.3,max_dim=0.072
jar_of_dill_seed,reavkt,graspable,200,5,12.9,max_dim=0.074
jar_of_grains,fyfahz,graspable,200,5,14.8,max_dim=0.265
jar_of_grains,irqkdw,graspable,200,5,10.8,max_dim=0.265
jar_of_grains,jbhdeu,graspable,200,5,40.3,max_dim=0.264
jar_of_grains,lnxzuy,graspable,200,5,16.4,max_dim=0.265
jar_of_grains,piemou,graspable,200,5,27.1,max_dim=0.264
jar_of_grains,pluujx,graspable,200,5,22.7,max_dim=0.266
jar_of_grains,uydvnv,graspable,200,5,25.8,max_dim=0.266
jar_of_grains,vuolos,graspable,200,5,20.7,max_dim=0.265
jar_of_grains,xebmcy,graspable,200,5,32.2,max_dim=0.265
jar_of_grains,xrirkq,graspable,200,5,22.9,max_dim=0.264
jar_of_grains,ykrdzg,graspable,200,5,31.0,max_dim=0.265
jar_of_grains,zqoboc,graspable,200,5,45.9,max_dim=0.264
jar_of_honey,wdxfaq,graspable,200,5,27.4,max_dim=0.261
jar_of_jam,vxjbjf,graspable,200,5,11.1,max_dim=0.104
jar_of_jelly,ytlmmb,graspable,200,5,14.2,max_dim=0.141
jar_of_kidney_beans,kfzxah,not_ready,0,0,0.0,max_dim=0.132
jar_of_mayonnaise,gjwjet,graspable,200,5,13.7,max_dim=0.103
jar_of_mayonnaise,ktmjvg,graspable,200,5,18.4,max_dim=0.090
jar_of_orange_sauce,xfxfig,graspable,200,5,38.5,max_dim=0.094
jar_of_pepper,nzcbda,graspable,200,5,16.0,max_dim=0.265
jar_of_pepper_seasoning,iuydyz,not_ready,0,0,0.0,max_dim=0.132
jar_of_peppercorns,gkakwk,not_ready,0,0,0.0,max_dim=0.132
jar_of_puree,raagvm,graspable,200,5,12.0,max_dim=0.080
jar_of_sesame_seed,acsllv,not_ready,0,0,0.0,max_dim=0.132
jar_of_spaghetti_sauce,efrxze,graspable,200,5,64.0,max_dim=0.132
jar_of_spaghetti_sauce,exmsmm,graspable,200,5,22.2,max_dim=0.132
jar_of_spaghetti_sauce,fyocnu,graspable,200,5,41.0,max_dim=0.129
jar_of_spaghetti_sauce,xpasvb,graspable,200,5,32.1,max_dim=0.129
jar_of_spaghetti_sauce,yqnmoy,graspable,200,5,29.7,max_dim=0.130
jar_of_spaghetti_sauce,zahyds,graspable,200,5,18.6,max_dim=0.106
jar_of_strawberry_jam,busiti,graspable,200,5,27.2,max_dim=0.180
jar_of_sugar,bholak,graspable,200,5,21.1,max_dim=0.133
jar_of_sugar,pnbbfb,not_ready,0,0,0.0,max_dim=0.101
jar_of_sugar,rfzqei,not_ready,0,0,0.0,max_dim=0.145
jar_of_sugar,vrmrci,not_ready,0,0,0.0,max_dim=0.105
jar_of_tumeric,miivhi,graspable,200,5,24.7,max_dim=0.132
jar_of_vegetable,rdngsc,graspable,200,5,27.5,max_dim=0.267
jeans,nmvvil,too_large,0,0,0.0,max_dim=0.762
jeans,pvzxyp,too_large,0,0,0.0,max_dim=0.681
jelly_bean_jar,nftsal,not_ready,0,0,0.0,max_dim=0.204
jelly_jar,lrjoro,not_ready,0,0,0.0,max_dim=0.204
jersey,wiwont,too_large,0,0,0.0,max_dim=0.766
jigger,aysfhf,graspable,200,5,10.9,max_dim=0.080
jigsaw_puzzle,antykn,graspable,200,5,32.2,max_dim=0.195
jigsaw_puzzle_piece,jcafwy,graspable,200,5,17.9,max_dim=0.034
jigsaw_puzzle_piece,moneds,graspable,200,5,10.0,max_dim=0.042
jigsaw_puzzle_piece,ppikln,graspable,200,5,13.1,max_dim=0.033
jimmies_jar,oqyoos,not_ready,0,0,0.0,max_dim=0.204
jug,gjgwvi,graspable,200,5,70.7,max_dim=0.294
jug,hjjeeh,graspable,200,5,15.6,max_dim=0.247
jug,llexze,graspable,200,5,21.4,max_dim=0.227
jug,pvxfot,graspable,200,5,10.8,max_dim=0.246
jug,quzmfw,graspable,200,5,16.9,max_dim=0.305
jug_of_milk,xbvdpc,graspable,200,5,11.9,max_dim=0.217
juicer,mvrllt,no_grasp,200,0,13.3,max_dim=0.436
jukebox,nijgrl,too_large,0,0,0.0,max_dim=1.467
kabob,icxokf,not_ready,0,0,0.0,max_dim=0.340
kabob,khdosp,not_ready,0,0,0.0,max_dim=0.130
kabob,vderrf,not_ready,0,0,0.0,max_dim=0.342
kale,kjyfdx,no_grasp,200,0,1.7,max_dim=0.104
kayak,dkizyc,too_large,0,0,0.0,max_dim=3.057
kayak_rack,goewhp,too_large,0,0,0.0,max_dim=0.853
kebab,ezgwob,no_grasp,200,0,1.7,max_dim=0.216
kebab,mmvcsx,no_grasp,200,0,1.7,max_dim=0.217
kebab,qkupnz,no_grasp,200,0,1.5,max_dim=0.216
kettle,bzisss,no_grasp,200,0,2.2,max_dim=0.185
kettle,vjbldp,no_grasp,200,0,1.8,max_dim=0.181
key,ftdfir,no_grasp,200,0,1.6,max_dim=0.034
key_chain,gqbwfv,not_ready,0,0,0.0,max_dim=0.115
key_chain,wirxcw,not_ready,0,0,0.0,max_dim=0.146
keyboard,hgtbot,no_grasp,200,0,1.9,max_dim=0.496
keyboard,injrgc,no_grasp,200,0,1.6,max_dim=0.484
keyboard,jtdyix,no_grasp,200,0,1.9,max_dim=0.426
keyboard,kzcreb,graspable,200,5,64.1,max_dim=0.430
keyboard,mzskhj,not_ready,0,0,0.0,max_dim=0.440
keyboard,nddmmy,graspable,200,5,47.0,max_dim=0.340
keyboard,pwgnjb,not_ready,0,0,0.0,max_dim=0.439
keyboard,uwacaq,graspable,200,5,27.1,max_dim=0.477
keyboard,wziopn,not_ready,0,0,0.0,max_dim=0.439
keyboard,ybreuw,not_ready,0,0,0.0,max_dim=0.500
keys,olymng,graspable,200,5,12.0,max_dim=0.064
kielbasa,amhjme,graspable,200,5,56.4,max_dim=0.177
kielbasa,pvzhlm,graspable,200,5,23.4,max_dim=0.177
kitchen_analog_scale,lpjpez,graspable,200,5,71.0,max_dim=0.230
kitchen_analog_scale,tqvnpo,graspable,200,1,125.6,max_dim=0.321
kitchen_analog_scale,zpmpoq,graspable,200,5,72.7,max_dim=0.296
kiwi,khupqq,graspable,200,5,10.1,max_dim=0.113
knife_block,mjywpg,not_ready,0,0,0.0,max_dim=0.410
knife_block,ukmecq,no_grasp,200,0,76.3,max_dim=0.335
l_shaped_handle,xksaux,too_large,0,0,0.0,max_dim=0.802
lab_exhaust_hood,sdlkyk,too_large,0,0,0.0,max_dim=1.782
lab_table,ishrsy,too_large,0,0,0.0,max_dim=4.001
lab_table,jkemfk,too_large,0,0,0.0,max_dim=2.269
lab_table,vujgjq,too_large,0,0,0.0,max_dim=2.169
lace,xhphik,graspable,200,5,11.6,max_dim=0.193
lace,ymxgjr,graspable,200,5,16.4,max_dim=0.194
lace,zfmaws,graspable,200,5,13.9,max_dim=0.194
ladder,axywzt,too_large,0,0,0.0,max_dim=1.900
ladder,shfvtl,too_large,0,0,0.0,max_dim=2.412
ladder,vpmrlk,too_large,0,0,0.0,max_dim=1.808
lamb,zzwdks,graspable,200,5,22.8,max_dim=0.214
lampshade,crzpcw,not_ready,0,0,0.0,max_dim=0.250
lampshade,dizlbd,not_ready,0,0,0.0,max_dim=0.375
lampshade,drlveg,not_ready,0,0,0.0,max_dim=0.250
lampshade,zadmdc,not_ready,0,0,0.0,max_dim=0.292
laptop,izydvb,not_ready,0,0,0.0,max_dim=0.445
laptop,nvulcs,no_grasp,200,0,15.3,max_dim=0.268
laptop,pczjnr,not_ready,0,0,0.0,max_dim=0.325
laptop,rocupn,not_ready,0,0,0.0,max_dim=0.303
laptop,sngiih,not_ready,0,0,0.0,max_dim=0.375
laptop,vhbsgv,not_ready,0,0,0.0,max_dim=0.325
lasagna,eovigz,no_grasp,200,0,1.6,max_dim=0.066
lawn,aztwla,too_large,0,0,0.0,max_dim=46.317
lawn,djekse,too_large,0,0,0.0,max_dim=19.528
lawn,fjlcsj,too_large,0,0,0.0,max_dim=31.661
lawn,goumgk,too_large,0,0,0.0,max_dim=5.893
lawn,mgxskp,too_large,0,0,0.0,max_dim=28.098
lawn,qaedpx,too_large,0,0,0.0,max_dim=51.162
lawn,srfikq,too_large,0,0,0.0,max_dim=6.472
lawn,tewkte,too_large,0,0,0.0,max_dim=6.348
lawn,tiqndr,too_large,0,0,0.0,max_dim=4.189
lawn,ucjwnm,too_large,0,0,0.0,max_dim=33.056
lawn,uinmme,too_large,0,0,0.0,max_dim=21.920
lawn,wwoqjw,too_large,0,0,0.0,max_dim=59.000
lawn,zijpqt,too_large,0,0,0.0,max_dim=22.595
lawn,zjtrpt,too_large,0,0,0.0,max_dim=9.819
lawn_mower,bterwo,too_large,0,0,0.0,max_dim=1.412
lawn_mower,hrebgj,too_large,0,0,0.0,max_dim=1.031
leaf,lrwbfy,no_grasp,200,0,1.6,max_dim=0.130
leaf,qykzem,no_grasp,200,0,1.6,max_dim=0.089
leaf,rqcqvu,no_grasp,200,0,2.0,max_dim=0.162
leaf,tvqiye,no_grasp,200,0,2.0,max_dim=0.187
leaf,vqnsmw,no_grasp,200,0,1.5,max_dim=0.148
leaf,vsbwzz,no_grasp,200,0,1.5,max_dim=0.097
leaf,vydlnm,no_grasp,200,0,1.5,max_dim=0.171
leaf,wtluvw,no_grasp,200,0,1.5,max_dim=0.187
leaf,xmzxqj,no_grasp,200,0,2.0,max_dim=0.226
leaf_blower,omfuej,too_large,0,0,0.0,max_dim=0.645
leek,fyihsq,no_grasp,200,0,1.5,max_dim=0.312
legal_document,mougvz,graspable,200,2,108.8,max_dim=0.349
legal_document,qkrlsi,graspable,200,2,107.3,max_dim=0.345
legal_document,uchhwn,not_ready,0,0,0.0,max_dim=0.269
legging,izafif,too_large,0,0,0.0,max_dim=0.976
lemon,asdada,graspable,200,5,10.1,max_dim=0.095
lemon,bbvonm,graspable,200,5,10.2,max_dim=0.057
lemon,bmvxas,graspable,200,5,10.6,max_dim=0.091
lemon,dsacfa,graspable,200,5,9.5,max_dim=0.102
lemon,gkrfha,graspable,200,5,9.7,max_dim=0.086
lemon,hoghjl,graspable,200,5,9.6,max_dim=0.101
lemon,kvgfdl,graspable,200,5,10.4,max_dim=0.087
lemon,ovbcff,graspable,200,5,12.9,max_dim=0.098
lemon,peqwoa,graspable,200,5,10.7,max_dim=0.100
lemon,pffkae,graspable,200,5,9.8,max_dim=0.103
lemon,pqweio,graspable,200,5,10.3,max_dim=0.090
lemon,pwqedq,graspable,200,5,9.5,max_dim=0.102
lemon,vuwehu,graspable,200,5,12.3,max_dim=0.104
lemon_juice_bottle,qsdqik,not_ready,0,0,0.0,max_dim=0.281
lemon_peel,mrvvpr,not_ready,0,0,0.0,max_dim=0.040
lemon_peel,qirncy,not_ready,0,0,0.0,max_dim=0.041
lemon_peel,sdvrmi,not_ready,0,0,0.0,max_dim=0.038
lemon_pepper_seasoning_shaker,ucwqcy,graspable,200,5,12.4,max_dim=0.160
lemonade_bottle,yprkek,graspable,200,5,13.0,max_dim=0.255
lens,oeeuic,not_ready,0,0,0.0,max_dim=0.123
leotard,ededis,too_large,0,0,0.0,max_dim=0.588
letter,bdlpry,graspable,200,5,66.1,max_dim=0.315
letter,bswqmq,graspable,200,5,41.8,max_dim=0.307
letter,csncjv,graspable,200,5,49.0,max_dim=0.319
letter,cvtjcy,graspable,200,5,74.9,max_dim=0.308
letter,dyvllf,graspable,200,5,24.8,max_dim=0.316
letter,esmoua,graspable,200,5,27.7,max_dim=0.316
letter,fnaqcr,graspable,200,5,86.0,max_dim=0.316
letter,igvnic,graspable,200,5,68.4,max_dim=0.316
letter,jafvfh,graspable,200,5,56.1,max_dim=0.314
letter,jgnowc,graspable,200,5,37.2,max_dim=0.314
letter,oheufk,graspable,200,3,112.7,max_dim=0.315
letter,pieqjf,graspable,200,5,67.9,max_dim=0.316
letter,pvuaxx,graspable,200,5,52.7,max_dim=0.322
letter,qhqhwk,graspable,200,5,38.7,max_dim=0.311
letter,qljxat,graspable,200,5,75.0,max_dim=0.316
letter,qrykxc,graspable,200,5,16.3,max_dim=0.312
letter,sjoqrj,graspable,200,5,23.8,max_dim=0.304
lettuce,jnagox,graspable,200,5,48.7,max_dim=0.247
lettuce,orsjxq,not_ready,0,0,0.0,max_dim=0.154
lettuce,yxemcs,graspable,200,5,25.5,max_dim=0.154
license_plate,hjdaqn,graspable,200,5,37.1,max_dim=0.308
license_plate,naclac,graspable,200,5,68.0,max_dim=0.308
license_plate,nuqnlr,graspable,200,5,41.4,max_dim=0.308
license_plate,nwfbxn,graspable,200,5,28.3,max_dim=0.308
license_plate,yepdrj,graspable,200,5,51.0,max_dim=0.308
lid,aybgkm,graspable,200,5,26.1,max_dim=0.112
lid,bemtjd,graspable,200,5,20.3,max_dim=0.179
lid,chwwdg,graspable,200,5,17.8,max_dim=0.125
lid,ckgilb,graspable,200,5,14.4,max_dim=0.119
lid,cofhlg,graspable,200,4,26.4,max_dim=0.397
lid,dadswa,graspable,200,5,16.5,max_dim=0.187
lid,dkncbi,graspable,200,5,10.9,max_dim=0.200
lid,egfobe,graspable,200,5,35.1,max_dim=0.243
lid,ejywmx,graspable,200,5,21.2,max_dim=0.283
lid,exiqxa,graspable,200,5,14.6,max_dim=0.200
lid,exzfzm,not_ready,0,0,0.0,max_dim=0.087
lid,fnqhbz,graspable,200,5,15.5,max_dim=0.200
lid,fvebnu,not_ready,0,0,0.0,max_dim=0.092
lid,geesvf,not_ready,0,0,0.0,max_dim=0.226
lid,gerjlh,graspable,200,5,21.0,max_dim=0.296
lid,gploju,not_ready,0,0,0.0,max_dim=0.250
lid,haxrqc,graspable,200,5,10.4,max_dim=0.200
lid,iojcmf,graspable,200,5,15.1,max_dim=0.092
lid,itwwle,not_ready,0,0,0.0,max_dim=0.177
lid,iuhvrv,not_ready,0,0,0.0,max_dim=0.267
lid,jqvurl,graspable,200,5,38.8,max_dim=0.157
lid,jvqtqi,graspable,200,5,14.8,max_dim=0.165
lid,jvzjzp,graspable,200,5,13.4,max_dim=0.120
lid,jzwezh,no_grasp,200,0,69.3,max_dim=0.419
lid,kbuqww,not_ready,0,0,0.0,max_dim=0.176
lid,kdswwr,too_large,0,0,0.0,max_dim=0.813
lid,kgjkzr,not_ready,0,0,0.0,max_dim=0.191
lid,kuibhu,not_ready,0,0,0.0,max_dim=0.136
lid,lkaasa,not_ready,0,0,0.0,max_dim=0.174
lid,lryrtt,not_ready,0,0,0.0,max_dim=0.317
lid,lwyfab,graspable,200,5,12.6,max_dim=0.148
lid,mdowoz,graspable,200,5,23.1,max_dim=0.222
lid,mlkmlk,not_ready,0,0,0.0,max_dim=0.295
lid,muczdt,graspable,200,5,16.2,max_dim=0.200
lid,myrzac,graspable,200,5,20.4,max_dim=0.266
lid,ndafok,graspable,200,5,28.6,max_dim=0.318
lid,niarsj,graspable,200,5,17.1,max_dim=0.200
lid,oawddr,too_large,0,0,0.0,max_dim=0.518
lid,obuzeh,graspable,200,2,77.1,max_dim=0.453
lid,pbmsji,graspable,200,3,41.2,max_dim=0.339
lid,picclm,graspable,200,5,13.2,max_dim=0.165
lid,ppkjuy,graspable,200,5,11.2,max_dim=0.232
lid,pwgbsb,graspable,200,5,11.8,max_dim=0.090
lid,qferch,graspable,200,5,11.9,max_dim=0.200
lid,qfqccp,not_ready,0,0,0.0,max_dim=0.198
lid,qhlsdq,graspable,200,5,11.3,max_dim=0.090
lid,qkogll,graspable,200,5,10.8,max_dim=0.200
lid,qkpdih,graspable,200,5,23.3,max_dim=0.256
lid,sihkub,graspable,200,5,19.6,max_dim=0.119
lid,snklci,graspable,200,5,17.5,max_dim=0.179
lid,swszeb,not_ready,0,0,0.0,max_dim=0.192
lid,tnwisp,graspable,200,5,12.8,max_dim=0.095
lid,tzbbeo,not_ready,0,0,0.0,max_dim=0.118
lid,ugfmpq,graspable,200,5,17.5,max_dim=0.089
lid,utfcdx,graspable,200,5,12.2,max_dim=0.199
lid,uwzqlf,graspable,200,5,13.8,max_dim=0.200
lid,vkepll,graspable,200,5,19.6,max_dim=0.134
lid,wjrwer,graspable,200,5,21.5,max_dim=0.201
lid,wtjthb,graspable,200,5,16.7,max_dim=0.288
lid,wxdxss,graspable,200,5,10.5,max_dim=0.142
lid,xdvzpr,graspable,200,5,28.9,max_dim=0.279
lid,xdyddo,no_grasp,200,0,81.1,max_dim=0.435
lid,zjtjrn,not_ready,0,0,0.0,max_dim=0.344
lid,zkderg,graspable,200,5,10.0,max_dim=0.076
lid,zxlntj,graspable,200,5,21.2,max_dim=0.330
life_jacket,uevmzv,too_large,0,0,0.0,max_dim=0.634
light_bulb,kfmkwd,graspable,200,5,19.6,max_dim=0.113
light_bulb,sxkjea,no_grasp,200,0,20.4,max_dim=0.107
light_bulb,ymomhw,no_grasp,200,0,1.9,max_dim=0.210
lighter,zsxfjz,no_grasp,200,0,1.7,max_dim=0.102
lily,jfeimu,not_ready,0,0,0.0,max_dim=0.425
lily,jobzwo,not_ready,0,0,0.0,max_dim=0.467
lily,jtouad,not_ready,0,0,0.0,max_dim=0.424
lily,mohrqo,not_ready,0,0,0.0,max_dim=0.462
lily,pfodaq,not_ready,0,0,0.0,max_dim=0.424
lily,qpqtlz,not_ready,0,0,0.0,max_dim=0.424
lily,qqtrts,not_ready,0,0,0.0,max_dim=0.467
lily,relerp,not_ready,0,0,0.0,max_dim=0.425
lily,rygjjm,not_ready,0,0,0.0,max_dim=0.424
lily,yltekp,not_ready,0,0,0.0,max_dim=0.470
lily_pad,kglgih,too_large,0,0,0.0,max_dim=0.557
lily_pad,lnnxee,too_large,0,0,0.0,max_dim=0.657
lily_pad,phusby,no_grasp,200,0,1.5,max_dim=0.450
lime,iwjcjp,no_grasp,200,0,1.8,max_dim=0.078
lime_juice_bottle,bnekjp,not_ready,0,0,0.0,max_dim=0.276
lint_roller,itbtor,no_grasp,200,0,1.6,max_dim=0.220
lint_screen,wnbcnn,not_ready,0,0,0.0,max_dim=0.207
lip_balm,sqjhbz,no_grasp,200,0,1.7,max_dim=0.095
lipstick,albshz,no_grasp,200,0,1.6,max_dim=0.146
lipstick,petufo,no_grasp,200,0,1.7,max_dim=0.080
lipstick,xnyivq,no_grasp,200,0,1.6,max_dim=0.122
liquid_carton,rsvypp,not_ready,0,0,0.0,max_dim=0.316
liquid_carton,ykfkyq,not_ready,0,0,0.0,max_dim=0.305
liquid_soap_bottle,hazvbh,no_grasp,200,0,2.1,max_dim=0.276
litter_box,rwnakn,too_large,0,0,0.0,max_dim=0.531
lobster,fhvrtx,too_large,0,0,0.0,max_dim=0.505
lock,pngvzn,no_grasp,200,0,1.6,max_dim=0.085
locker,bxlkyo,too_large,0,0,0.0,max_dim=2.304
locker,gemgfz,too_large,0,0,0.0,max_dim=1.804
locker,umumgu,too_large,0,0,0.0,max_dim=2.100
locker,yhthgr,too_large,0,0,0.0,max_dim=1.800
log,ehkwjg,too_large,0,0,0.0,max_dim=0.609
log,fhhuic,no_grasp,200,0,1.4,max_dim=0.428
log,fkaapx,no_grasp,200,0,1.4,max_dim=0.434
log,huvmgu,no_grasp,200,0,1.4,max_dim=0.402
log,pepele,no_grasp,200,0,1.6,max_dim=0.446
log,rlhqcm,too_large,0,0,0.0,max_dim=0.501
log,sboyet,no_grasp,200,0,1.5,max_dim=0.475
log,tujlga,too_large,0,0,0.0,max_dim=0.500
log,ubcyhk,too_large,0,0,0.0,max_dim=0.572
log,ujwecs,no_grasp,200,0,1.4,max_dim=0.403
log,wdablp,too_large,0,0,0.0,max_dim=0.511
loin,vdfkby,graspable,200,5,15.5,max_dim=0.130
lollipop,bhjyff,graspable,200,5,10.5,max_dim=0.147
lollipop,vtxiqm,graspable,200,5,9.7,max_dim=0.067
longboard,osdbnt,too_large,0,0,0.0,max_dim=1.044
loofah,uudvib,graspable,200,5,11.1,max_dim=0.216
loofah,vtvqwc,graspable,200,5,11.9,max_dim=0.185
lorry,oxbgfh,too_large,0,0,0.0,max_dim=10.561
loudspeaker,avtlcj,graspable,200,5,37.8,max_dim=0.175
loudspeaker,bmpdyv,graspable,200,5,16.1,max_dim=0.175
loudspeaker,eylavt,not_ready,0,0,0.0,max_dim=0.174
loudspeaker,fsyioq,graspable,200,5,46.1,max_dim=0.293
loudspeaker,xpoajn,not_ready,0,0,0.0,max_dim=0.213
low_resolution_tree,bxcorf,too_large,0,0,0.0,max_dim=13.780
low_resolution_tree,clcozg,too_large,0,0,0.0,max_dim=9.145
low_resolution_tree,djpxqx,too_large,0,0,0.0,max_dim=8.596
low_resolution_tree,elrvnt,too_large,0,0,0.0,max_dim=12.209
low_resolution_tree,enxjlj,too_large,0,0,0.0,max_dim=11.223
low_resolution_tree,hsycwe,too_large,0,0,0.0,max_dim=7.680
low_resolution_tree,qoqswr,too_large,0,0,0.0,max_dim=9.124
low_resolution_tree,vpbrij,too_large,0,0,0.0,max_dim=7.005
low_resolution_tree,wcadtc,too_large,0,0,0.0,max_dim=13.468
lubricant_bottle,omknho,graspable,200,5,12.7,max_dim=0.276
lunch_box,adxzhe,not_ready,0,0,0.0,max_dim=0.254
mac_and_cheese,gamhfg,graspable,200,5,12.1,max_dim=0.057
macaron,ggffjy,not_ready,0,0,0.0,max_dim=0.050
macaron,szcqkk,not_ready,0,0,0.0,max_dim=0.051
macaron,yhsnod,not_ready,0,0,0.0,max_dim=0.053
magazine,ajitiv,graspable,200,5,41.1,max_dim=0.217
magazine,ehdwsd,graspable,200,5,25.9,max_dim=0.270
magazine,kbzalg,not_ready,0,0,0.0,max_dim=0.301
magazine,kjfxxx,graspable,200,5,70.3,max_dim=0.279
magazine,tfovwy,graspable,200,5,22.2,max_dim=0.218
magazine,vvcrhu,graspable,200,5,57.0,max_dim=0.279
magazine,yijmro,too_large,0,0,0.0,max_dim=0.560
magazine,ymfwaz,graspable,200,5,25.8,max_dim=0.219
magazine,zfeoeu,graspable,200,5,65.6,max_dim=0.311
magazine_rack,cdhybw,graspable,200,5,33.6,max_dim=0.283
magazine_rack,enzfco,graspable,200,5,26.2,max_dim=0.302
magazine_rack,fvkjpt,graspable,200,5,17.0,max_dim=0.302
magazine_rack,szdjbr,graspable,200,5,62.2,max_dim=0.383
magazine_rack,yvhjht,graspable,200,5,12.9,max_dim=0.284
magazine_stand,apfdcj,too_large,0,0,0.0,max_dim=2.218
magazine_stand,arrjbg,too_large,0,0,0.0,max_dim=1.756
magazine_stand,rkpmec,too_large,0,0,0.0,max_dim=1.605
magnetic_stirrer,xtamki,graspable,200,5,11.5,max_dim=0.188
magnifying_glass,clyiol,graspable,200,5,33.8,max_dim=0.227
mail,azunex,graspable,200,5,14.5,max_dim=0.200
mail,gvivdi,graspable,200,5,33.8,max_dim=0.275
mail,mbbwhn,graspable,200,5,26.9,max_dim=0.271
mail,ojkepk,graspable,200,5,12.6,max_dim=0.191
mail,qpwlor,graspable,200,5,20.3,max_dim=0.191
mailbox,bktljr,too_large,0,0,0.0,max_dim=1.573
maillot,rygqoc,too_large,0,0,0.0,max_dim=0.583
makeup_mirror,vtccbu,too_large,0,0,0.0,max_dim=0.887
mallet,wpswgw,graspable,200,5,26.0,max_dim=0.253
mango,nwwjbw,graspable,200,5,17.1,max_dim=0.119
mango,phdamg,graspable,200,5,11.6,max_dim=0.118
mango,qqnarm,graspable,200,5,10.6,max_dim=0.099
mango,toddjy,graspable,200,5,18.9,max_dim=0.160
mango,xkvwti,graspable,200,5,30.2,max_dim=0.139
mannequin,nphsfp,too_large,0,0,0.0,max_dim=1.743
map,fdtxut,graspable,200,5,41.5,max_dim=0.238
map,hsbtqi,graspable,200,5,12.2,max_dim=0.081
map,umftoc,too_large,0,0,0.0,max_dim=2.146
maple_syrup_jar,wigtue,not_ready,0,0,0.0,max_dim=0.236
marigold,arvona,graspable,200,5,28.1,max_dim=0.235
marigold,bioksr,graspable,200,5,16.1,max_dim=0.224
marigold,fseapn,graspable,200,5,12.0,max_dim=0.209
marigold,jmomsu,graspable,200,5,16.2,max_dim=0.199
marigold,kzyxgd,graspable,200,5,12.7,max_dim=0.222
marigold,nghkfn,graspable,200,5,14.9,max_dim=0.184
marigold,rlapyi,graspable,200,5,12.0,max_dim=0.205
marigold,ugezjo,graspable,200,5,16.9,max_dim=0.188
marigold,xjqpmb,graspable,200,5,15.4,max_dim=0.203
marigold,zdlpfb,graspable,200,5,16.4,max_dim=0.161
marinara_jar,cydfkt,no_grasp,200,0,7.6,max_dim=0.204
marjoram_shaker,xlspnl,no_grasp,200,0,2.1,max_dim=0.160
marker,ablbdc,no_grasp,200,0,1.4,max_dim=0.154
marker,asrobz,not_ready,0,0,0.0,max_dim=0.165
marker,bwwkmb,no_grasp,200,0,1.4,max_dim=0.154
marker,erhlbb,no_grasp,200,0,1.4,max_dim=0.164
marker,gldosk,no_grasp,200,0,1.5,max_dim=0.154
marker,hmlofs,no_grasp,200,0,1.5,max_dim=0.187
marker,jlvneb,no_grasp,200,0,1.4,max_dim=0.164
marker,kjxpdi,no_grasp,200,0,1.5,max_dim=0.108
marker,mcpkkq,no_grasp,200,0,1.4,max_dim=0.154
marker,mznenj,no_grasp,200,0,1.5,max_dim=0.154
marker,nqxveo,no_grasp,200,0,1.4,max_dim=0.126
marker,oyjbhy,graspable,200,5,39.3,max_dim=0.154
marker,qemval,graspable,200,5,13.8,max_dim=0.100
marker,rkxsiu,not_ready,0,0,0.0,max_dim=0.165
marker,rsxbso,graspable,200,5,11.3,max_dim=0.167
marker,scplur,not_ready,0,0,0.0,max_dim=0.150
marker,shyzgp,not_ready,0,0,0.0,max_dim=0.159
marker,slgheo,graspable,200,5,35.3,max_dim=0.154
marker,tcsmqv,graspable,200,5,18.7,max_dim=0.134
marker,vjjsul,graspable,200,5,22.6,max_dim=0.154
marker,vrjwkg,graspable,200,5,23.0,max_dim=0.154
marker,xakoic,graspable,200,5,17.2,max_dim=0.154
marker,zmimhb,graspable,200,5,19.6,max_dim=0.127
marker,zvvovh,graspable,200,5,22.5,max_dim=0.154
marshmallow,nteslm,graspable,200,5,9.7,max_dim=0.069
marshmallow,qtgehn,graspable,200,5,9.3,max_dim=0.070
marshmallow,swbhik,graspable,200,5,10.1,max_dim=0.066
masking_tape,vpgzne,graspable,200,5,10.4,max_dim=0.050
massage_bed,jkeydh,too_large,0,0,0.0,max_dim=1.830
massage_bed,snqlsq,too_large,0,0,0.0,max_dim=2.018
mat,ieqyct,too_large,0,0,0.0,max_dim=0.720
match,xlqbjh,graspable,200,5,30.0,max_dim=0.064
match_box,xpnfjz,graspable,200,5,15.8,max_dim=0.105
mattress,hvvpgo,too_large,0,0,0.0,max_dim=2.343
mattress,spvovw,too_large,0,0,0.0,max_dim=2.313
mattress,urvkxg,too_large,0,0,0.0,max_dim=2.998
measuring_cup,ahtzhp,not_ready,0,0,0.0,max_dim=0.274
meat_loaf,ecmacb,graspable,200,5,46.3,max_dim=0.246
meat_loaf,qdzskd,graspable,200,5,56.5,max_dim=0.247
meat_thermometer,idugwc,graspable,200,5,14.3,max_dim=0.243
meatball,ctdwth,graspable,200,5,12.2,max_dim=0.036
menu,keaqlh,graspable,200,5,103.0,max_dim=0.318
menu,ncfnii,graspable,200,5,17.7,max_dim=0.201
menu,qmypsm,graspable,200,5,97.5,max_dim=0.315
menu,tissfg,graspable,200,5,30.0,max_dim=0.255
menu,ugplzr,graspable,200,5,56.4,max_dim=0.201
menu,wqhybr,graspable,200,5,89.0,max_dim=0.267
metal_bottom_cabinet,bbjuqu,too_large,0,0,0.0,max_dim=1.404
metal_bottom_cabinet,jqyhjy,too_large,0,0,0.0,max_dim=1.252
metal_bottom_cabinet,melxmd,too_large,0,0,0.0,max_dim=1.006
metal_bottom_cabinet,mvsgdm,too_large,0,0,0.0,max_dim=0.923
metal_bottom_cabinet,yfycfx,too_large,0,0,0.0,max_dim=1.522
microfiber_cloth,zpllxb,not_ready,0,0,0.0,max_dim=0.155
microphone,eyleyk,graspable,200,5,62.7,max_dim=0.265
microscope,ktzwez,graspable,200,5,65.9,max_dim=0.480
microwave,abzvij,not_ready,0,0,0.0,max_dim=0.498
microwave,bfbeeb,too_large,0,0,0.0,max_dim=0.517
microwave,hjjxmi,too_large,0,0,0.0,max_dim=0.517
microwave,ihxrvr,not_ready,0,0,0.0,max_dim=0.496
microwave,rtfebu,not_ready,0,0,0.0,max_dim=0.414
microwave,snsqrt,too_large,0,0,0.0,max_dim=0.517
microwave,vuezel,not_ready,0,0,0.0,max_dim=0.405
milk_carton,icvmix,graspable,200,5,16.7,max_dim=0.305
mint,asdasd,graspable,200,5,14.5,max_dim=0.022
mint,jezepy,not_ready,0,0,0.0,max_dim=0.079
mint,oewhqr,not_ready,0,0,0.0,max_dim=0.049
mint,sivqgq,not_ready,0,0,0.0,max_dim=0.079
mint,ujfdga,graspable,200,5,11.9,max_dim=0.031
mirror,catitv,too_large,0,0,0.0,max_dim=1.908
mirror,ddmyjg,too_large,0,0,0.0,max_dim=2.570
mirror,edxfnt,too_large,0,0,0.0,max_dim=0.784
mirror,ffoudz,too_large,0,0,0.0,max_dim=2.202
mirror,jpktmn,too_large,0,0,0.0,max_dim=1.892
mirror,jtgjha,too_large,0,0,0.0,max_dim=2.057
mirror,kglofh,too_large,0,0,0.0,max_dim=2.203
mirror,kujdxi,too_large,0,0,0.0,max_dim=1.991
mirror,lkmqmv,too_large,0,0,0.0,max_dim=3.094
mirror,lkzwcd,too_large,0,0,0.0,max_dim=5.935
mirror,lobucc,too_large,0,0,0.0,max_dim=3.296
mirror,ndvgah,too_large,0,0,0.0,max_dim=1.612
mirror,ovdinr,too_large,0,0,0.0,max_dim=1.171
mirror,pevdqu,too_large,0,0,0.0,max_dim=0.572
mirror,qqniad,too_large,0,0,0.0,max_dim=0.998
mirror,rgbvxy,too_large,0,0,0.0,max_dim=0.502
mirror,tytkbq,too_large,0,0,0.0,max_dim=2.263
mirror,vibcfd,too_large,0,0,0.0,max_dim=1.044
mirror,ztefpk,too_large,0,0,0.0,max_dim=4.509
mixing_bowl,bsgybx,graspable,200,5,22.6,max_dim=0.239
mixing_bowl,deudkt,graspable,200,5,27.2,max_dim=0.263
mixing_bowl,xifive,graspable,200,5,35.1,max_dim=0.290
modem,axqxsv,graspable,200,5,21.2,max_dim=0.204
money,atvcng,graspable,200,5,9.9,max_dim=0.156
money,bhklvt,graspable,200,5,10.6,max_dim=0.156
money,cgtmzo,graspable,200,5,13.7,max_dim=0.156
money,eqwggh,graspable,200,5,12.1,max_dim=0.156
money,mtenfi,graspable,200,5,15.3,max_dim=0.156
money,tpeext,graspable,200,5,10.0,max_dim=0.156
money,wfooon,graspable,200,5,10.4,max_dim=0.156
monitor,acltvl,not_ready,0,0,0.0,max_dim=0.485
monitor,fpkdou,not_ready,0,0,0.0,max_dim=0.485
monitor,huvcgu,no_grasp,200,0,35.1,max_dim=0.437
monitor,kmltvq,too_large,0,0,0.0,max_dim=0.620
monitor,mlyppp,too_large,0,0,0.0,max_dim=0.567
monitor,nghyiv,no_grasp,200,0,1.8,max_dim=0.496
monitor,okfatx,not_ready,0,0,0.0,max_dim=0.468
monitor,qaacxt,too_large,0,0,0.0,max_dim=0.650
monitor,qvpbge,too_large,0,0,0.0,max_dim=0.819
monitor,rbqanz,no_grasp,200,0,1.7,max_dim=0.374
monitor,wxhvqc,no_grasp,200,0,1.8,max_dim=0.495
monitor,xffisd,no_grasp,200,0,1.7,max_dim=0.453
monitor,xhxcyg,no_grasp,200,0,1.6,max_dim=0.479
mop,qclfvj,too_large,0,0,0.0,max_dim=1.289
mop_bucket,xjzyfc,too_large,0,0,0.0,max_dim=0.593
mortar,ftszbl,no_grasp,200,0,2.0,max_dim=0.118
moth_ball,nogvls,no_grasp,200,0,1.5,max_dim=0.003
moth_ball,nyoucp,no_grasp,200,0,1.5,max_dim=0.003
motion_sensor,aecflf,no_grasp,200,0,1.5,max_dim=0.081
motorcycle,aocuum,too_large,0,0,0.0,max_dim=2.200
mouse,cduwda,no_grasp,200,0,1.6,max_dim=0.124
mouse,chqwqp,not_ready,0,0,0.0,max_dim=0.132
mouse,eosngb,no_grasp,200,0,1.5,max_dim=0.109
mouse,fjljxp,graspable,200,5,22.2,max_dim=0.106
mouse,ihpnjx,graspable,200,5,17.6,max_dim=0.106
mouse,ofdmmj,not_ready,0,0,0.0,max_dim=0.118
mouse,oydobn,graspable,200,5,10.1,max_dim=0.031
mouse,pljjtu,graspable,200,5,11.9,max_dim=0.119
mouse,wwyopp,graspable,200,5,21.8,max_dim=0.117
mousepad,mfrcto,graspable,200,5,104.9,max_dim=0.312
mousepad,oeljiw,too_large,0,0,0.0,max_dim=0.848
mousetrap,mwfwsv,graspable,200,5,19.9,max_dim=0.108
mozzarella,rsiccz,not_ready,0,0,0.0,max_dim=0.059
muffin,pxrntz,graspable,200,5,9.7,max_dim=0.080
muffin,upcxno,not_ready,0,0,0.0,max_dim=0.087
mug,dhnxww,not_ready,0,0,0.0,max_dim=0.121
mug,ehnmxj,graspable,200,5,16.7,max_dim=0.113
mug,fapsrj,graspable,200,5,15.2,max_dim=0.113
mug,jgethp,graspable,200,5,13.3,max_dim=0.137
mug,kewbyf,not_ready,0,0,0.0,max_dim=0.088
mug,kitxam,not_ready,0,0,0.0,max_dim=0.086
mug,lgxhsc,graspable,200,5,10.5,max_dim=0.105
mug,ntgftr,graspable,200,5,10.4,max_dim=0.144
mug,ppdqbj,graspable,200,5,9.8,max_dim=0.129
mug,ppzttc,graspable,200,5,14.9,max_dim=0.109
mug,waqrdy,graspable,200,5,13.6,max_dim=0.135
mug,ycbmug,graspable,200,5,22.9,max_dim=0.117
mug,yiamah,not_ready,0,0,0.0,max_dim=0.105
mug,yxaapv,graspable,200,5,19.4,max_dim=0.128
mulch_bag,zsrpiu,graspable,200,5,60.5,max_dim=0.367
multi_station_furniture_sink,ejooms,too_large,0,0,0.0,max_dim=2.644
multi_station_furniture_sink,upwldu,too_large,0,0,0.0,max_dim=1.615
multi_station_furniture_sink,wavlkt,too_large,0,0,0.0,max_dim=3.086
multi_station_furniture_sink,yfaufu,too_large,0,0,0.0,max_dim=1.542
multi_station_furniture_sink,yyntym,too_large,0,0,0.0,max_dim=2.965
multi_station_tabletop_sink,ekkwsy,too_large,0,0,0.0,max_dim=1.000
multi_station_wall_mounted_sink,pbmwrv,too_large,0,0,0.0,max_dim=3.815
mushroom,zlukhz,graspable,200,5,10.5,max_dim=0.030
music_stool,bjtbrp,too_large,0,0,0.0,max_dim=0.574
music_stool,dqvlff,too_large,0,0,0.0,max_dim=1.048
music_stool,qwqxew,too_large,0,0,0.0,max_dim=0.636
mussel,hhegox,graspable,200,5,10.2,max_dim=0.139
mustard_bottle,lgxfyv,graspable,200,5,12.0,max_dim=0.258
mustard_leaf,mfjykp,graspable,200,5,10.6,max_dim=0.048
mustard_leaf,rhufup,graspable,200,5,12.8,max_dim=0.067
mustard_leaf,ubloux,graspable,200,5,12.2,max_dim=0.060
mustard_seed_shaker,apuolt,graspable,200,5,11.8,max_dim=0.160
name_tag,xmncvq,graspable,200,5,55.4,max_dim=0.148
national_flag,akeryo,too_large,0,0,0.0,max_dim=1.548
nativity_figurine,iuislr,graspable,200,5,27.1,max_dim=0.339
necklace,ythgnf,not_ready,0,0,0.0,max_dim=0.188
necktie,llnxru,not_ready,0,0,0.0,max_dim=0.361
nectarine,frutec,graspable,200,5,9.8,max_dim=0.080
newspaper,edarlp,graspable,200,1,104.1,max_dim=0.413
newspaper,omsont,not_ready,0,0,0.0,max_dim=0.292
newspaper,ukamcl,graspable,200,2,106.8,max_dim=0.391
nickel,joqvbk,graspable,200,5,14.7,max_dim=0.021
nightstand,aykehx,too_large,0,0,0.0,max_dim=0.636
nightstand,geeldi,too_large,0,0,0.0,max_dim=0.756
nightstand,gjwjtj,too_large,0,0,0.0,max_dim=0.524
nightstand,hessxe,too_large,0,0,0.0,max_dim=0.596
nightstand,kanola,too_large,0,0,0.0,max_dim=0.756
nightstand,ljtrka,too_large,0,0,0.0,max_dim=0.756
nightstand,roxnbe,too_large,0,0,0.0,max_dim=0.775
nightstand,uudzva,too_large,0,0,0.0,max_dim=0.700
nightstand,uzxrlg,too_large,0,0,0.0,max_dim=0.775
nightstand,wbxekb,too_large,0,0,0.0,max_dim=0.776
noodle_jar,tmjxno,no_grasp,200,0,4.0,max_dim=0.204
notebook,aanuhi,no_grasp,200,0,1.6,max_dim=0.151
notebook,bnsvvw,no_grasp,200,0,1.5,max_dim=0.308
notebook,djtnsj,not_ready,0,0,0.0,max_dim=0.220
notebook,dlhxxl,no_grasp,200,0,1.5,max_dim=0.121
notebook,eijrqw,no_grasp,200,0,1.7,max_dim=0.205
notebook,fckzgw,no_grasp,200,0,1.6,max_dim=0.276
notebook,ffdjzp,no_grasp,200,0,1.5,max_dim=0.251
notebook,flpxdx,no_grasp,200,0,1.5,max_dim=0.308
notebook,gqkaqu,no_grasp,200,0,1.5,max_dim=0.163
notebook,hwhisw,no_grasp,200,0,1.5,max_dim=0.296
notebook,ioaxit,no_grasp,200,0,1.5,max_dim=0.308
notebook,jxabmj,no_grasp,200,0,1.5,max_dim=0.169
notebook,jzwprb,no_grasp,200,0,1.5,max_dim=0.308
notebook,kchdrf,no_grasp,200,0,1.5,max_dim=0.308
notebook,ksxknp,no_grasp,200,0,1.7,max_dim=0.110
notebook,mtveio,no_grasp,200,0,1.5,max_dim=0.367
notebook,nxegkh,no_grasp,200,0,1.5,max_dim=0.308
notebook,qehiwi,not_ready,0,0,0.0,max_dim=0.162
notebook,qwhiqc,graspable,200,5,29.7,max_dim=0.213
notebook,rwhloa,graspable,200,5,74.2,max_dim=0.308
notebook,sommfe,graspable,200,5,27.3,max_dim=0.240
notebook,svisnb,graspable,200,5,19.3,max_dim=0.193
notebook,tbzucx,graspable,200,5,22.7,max_dim=0.291
notebook,tshsaq,graspable,200,5,24.0,max_dim=0.307
notebook,ugpged,graspable,200,5,26.1,max_dim=0.308
notebook,ukdkpe,graspable,200,5,26.1,max_dim=0.308
notebook,umxsmd,graspable,200,5,19.8,max_dim=0.110
notebook,vicgic,graspable,200,5,60.5,max_dim=0.308
notebook,xdnswn,graspable,200,5,25.8,max_dim=0.209
notebook,xhigou,graspable,200,5,15.2,max_dim=0.155
notebook,xpqslr,graspable,200,1,98.5,max_dim=0.308
notebook,yibctu,no_grasp,200,0,9.5,max_dim=0.292
notebook,ylrwil,no_grasp,200,0,1.6,max_dim=0.263
notebook,yzopor,no_grasp,200,0,1.5,max_dim=0.308
notebook,zkmmnf,no_grasp,200,0,1.6,max_dim=0.127
notebook,zkpswz,no_grasp,200,0,1.6,max_dim=0.122
notepad,awcyha,no_grasp,200,0,1.6,max_dim=0.329
notepad,hirdfd,no_grasp,200,0,1.6,max_dim=0.345
notepad,njeocp,no_grasp,200,0,1.5,max_dim=0.260
notepad,oaikde,no_grasp,200,0,1.5,max_dim=0.189
notepad,rvevdj,no_grasp,200,0,1.5,max_dim=0.257
nutmeg_shaker,truuld,no_grasp,200,0,2.7,max_dim=0.160
oat_box,xdhysb,not_ready,0,0,0.0,max_dim=0.204
octopus,nmgedh,no_grasp,200,0,2.3,max_dim=0.105
oden_cooker,fjpams,too_large,0,0,0.0,max_dim=0.655
oil_bottle,gcixra,graspable,200,5,14.8,max_dim=0.163
oil_bottle,yoxfyu,not_ready,0,0,0.0,max_dim=0.276
okra,mopall,not_ready,0,0,0.0,max_dim=0.096
okra,oezxso,not_ready,0,0,0.0,max_dim=0.099
okra,oibmms,not_ready,0,0,0.0,max_dim=0.081
olive,ghjddf,not_ready,0,0,0.0,max_dim=0.027
olive,gtitsg,graspable,200,5,10.3,max_dim=0.027
olive,mhnfdr,not_ready,0,0,0.0,max_dim=0.024
olive,npbtjs,graspable,200,5,10.9,max_dim=0.024
olive,rstwkd,not_ready,0,0,0.0,max_dim=0.026
olive,rzktwr,not_ready,0,0,0.0,max_dim=0.024
olive_oil_bottle,zfvhus,not_ready,0,0,0.0,max_dim=0.276
omelet,bnetuu,graspable,200,5,21.0,max_dim=0.218
onesie,pbytey,too_large,0,0,0.0,max_dim=1.290
onion_powder_shaker,rrlopw,not_ready,0,0,0.0,max_dim=0.160
open_end_wrench,klnawb,graspable,200,5,21.1,max_dim=0.212
openable_window,agoayg,too_large,0,0,0.0,max_dim=1.742
openable_window,bhwwja,too_large,0,0,0.0,max_dim=1.001
openable_window,bpmpuw,too_large,0,0,0.0,max_dim=2.095
openable_window,bxydsr,too_large,0,0,0.0,max_dim=1.524
openable_window,cbudyv,too_large,0,0,0.0,max_dim=3.004
openable_window,dlficn,too_large,0,0,0.0,max_dim=1.078
openable_window,dpngol,too_large,0,0,0.0,max_dim=3.830
openable_window,eyvzfu,too_large,0,0,0.0,max_dim=2.840
openable_window,fufios,too_large,0,0,0.0,max_dim=1.016
openable_window,inmymj,too_large,0,0,0.0,max_dim=1.830
openable_window,irfkql,too_large,0,0,0.0,max_dim=1.109
openable_window,ithrgo,too_large,0,0,0.0,max_dim=1.524
openable_window,iwcqsz,too_large,0,0,0.0,max_dim=0.950
openable_window,jdxnzi,too_large,0,0,0.0,max_dim=1.622
openable_window,jongdb,too_large,0,0,0.0,max_dim=1.618
openable_window,jpftow,too_large,0,0,0.0,max_dim=2.284
openable_window,jzxtbv,too_large,0,0,0.0,max_dim=0.764
openable_window,mfiens,too_large,0,0,0.0,max_dim=1.615
openable_window,mjssrd,too_large,0,0,0.0,max_dim=0.748
openable_window,nirntp,too_large,0,0,0.0,max_dim=1.830
openable_window,ntlgsx,too_large,0,0,0.0,max_dim=1.618
openable_window,qdkcdn,too_large,0,0,0.0,max_dim=1.321
openable_window,rgmujm,too_large,0,0,0.0,max_dim=1.660
openable_window,subxdn,too_large,0,0,0.0,max_dim=0.828
openable_window,tflzbx,too_large,0,0,0.0,max_dim=1.021
openable_window,tuztdv,too_large,0,0,0.0,max_dim=1.018
openable_window,ulnafj,too_large,0,0,0.0,max_dim=0.918
openable_window,uzxlbr,too_large,0,0,0.0,max_dim=2.182
openable_window,wwhydr,too_large,0,0,0.0,max_dim=1.834
openable_window,xljwun,too_large,0,0,0.0,max_dim=2.818
openable_window,yorgot,too_large,0,0,0.0,max_dim=1.398
orange,cwcefi,not_ready,0,0,0.0,max_dim=0.111
orange,nlygru,graspable,200,5,11.8,max_dim=0.087
orange,ucstpm,graspable,200,5,11.3,max_dim=0.085
orange_juice_carton,jjlfla,graspable,200,5,16.0,max_dim=0.305
ottoman,hnmndv,too_large,0,0,0.0,max_dim=1.474
ottoman,lsaxch,too_large,0,0,0.0,max_dim=0.821
ottoman,miftfy,graspable,200,5,42.2,max_dim=0.406
ottoman,mjmkdw,too_large,0,0,0.0,max_dim=0.976
ottoman,qsnawv,no_grasp,0,0,0.8,max_dim=0.453
ottoman,wkmbra,too_large,0,0,0.0,max_dim=0.543
ottoman,xcmniq,too_large,0,0,0.0,max_dim=0.664
ottoman,xcuyiw,too_large,0,0,0.0,max_dim=1.323
ottoman,ycfbsd,too_large,0,0,0.0,max_dim=0.597
outlet,alwlfr,graspable,200,5,51.2,max_dim=0.122
outlet,ndmqrv,graspable,200,5,23.9,max_dim=0.162
outlet,obxxkt,graspable,200,5,38.4,max_dim=0.114
outlet,pqgeot,graspable,200,5,26.7,max_dim=0.114
outlet,rdinfq,graspable,200,5,37.5,max_dim=0.116
outlet,ushowc,graspable,200,5,34.0,max_dim=0.116
outline_tray,mmegts,graspable,200,5,11.5,max_dim=0.276
outline_vase,pqsamn,graspable,200,5,13.4,max_dim=0.192
outline_vase,szsudo,graspable,200,5,48.9,max_dim=0.364
outline_vase,wmuysk,graspable,200,5,55.1,max_dim=0.200
oven,amblrk,too_large,0,0,0.0,max_dim=1.672
oven,cgtaer,too_large,0,0,0.0,max_dim=1.297
oven,fexqbj,too_large,0,0,0.0,max_dim=0.604
oven,ffitak,too_large,0,0,0.0,max_dim=0.595
oven,hxorzh,too_large,0,0,0.0,max_dim=0.768
oven,kenajw,too_large,0,0,0.0,max_dim=0.635
oven,kfftgk,too_large,0,0,0.0,max_dim=0.536
oven,leqtlc,too_large,0,0,0.0,max_dim=0.525
oven,nkxhvf,too_large,0,0,0.0,max_dim=0.845
oven,nvqqkv,too_large,0,0,0.0,max_dim=0.679
oven,qriitd,too_large,0,0,0.0,max_dim=0.525
oven,qygclv,too_large,0,0,0.0,max_dim=0.768
oven,rwuazb,too_large,0,0,0.0,max_dim=0.535
oven,tllnvs,too_large,0,0,0.0,max_dim=0.525
oven,vduyjh,too_large,0,0,0.0,max_dim=0.813
oven,wuinhm,too_large,0,0,0.0,max_dim=0.699
oyster,enzocs,graspable,200,5,12.1,max_dim=0.112
pack_of_bread,fckfij,graspable,200,5,12.8,max_dim=0.300
pack_of_bread,sfupqo,graspable,200,5,53.1,max_dim=0.276
pack_of_bread,wjbnfu,graspable,200,5,64.6,max_dim=0.248
pack_of_bread,yehtiv,graspable,200,5,24.9,max_dim=0.246
pack_of_chocolate_bar,bxgewr,graspable,200,5,23.0,max_dim=0.100
pack_of_chocolate_bar,tidcst,graspable,200,5,25.6,max_dim=0.098
pack_of_chocolate_bar,wgrkhn,graspable,200,5,16.0,max_dim=0.063
pack_of_cigarettes,ajphvf,graspable,200,5,26.3,max_dim=0.110
pack_of_cigarettes,cfmlhf,graspable,200,5,23.1,max_dim=0.110
pack_of_cigarettes,dthkix,graspable,200,5,19.6,max_dim=0.110
pack_of_cigarettes,ghbqav,graspable,200,5,22.4,max_dim=0.110
pack_of_cigarettes,gzxueq,graspable,200,5,20.3,max_dim=0.110
pack_of_cigarettes,hmhqkq,graspable,200,5,18.7,max_dim=0.110
pack_of_cigarettes,ipmejr,graspable,200,5,28.9,max_dim=0.110
pack_of_cigarettes,kienyo,graspable,200,5,11.5,max_dim=0.125
pack_of_cigarettes,ohpqua,graspable,200,5,14.7,max_dim=0.125
pack_of_cigarettes,ppbmak,graspable,200,5,29.2,max_dim=0.110
pack_of_cigarettes,qabdgg,graspable,200,5,11.7,max_dim=0.125
pack_of_cigarettes,qldhnm,graspable,200,5,11.9,max_dim=0.110
pack_of_cigarettes,rmrubd,graspable,200,5,10.4,max_dim=0.125
pack_of_cigarettes,tngixy,graspable,200,5,12.1,max_dim=0.125
pack_of_cigarettes,wjfbhw,graspable,200,5,10.6,max_dim=0.126
pack_of_cigarettes,wpmpcf,graspable,200,5,20.9,max_dim=0.110
pack_of_ground_beef,ctmcjn,graspable,200,5,36.0,max_dim=0.231
pack_of_kielbasa,bhkkiq,graspable,200,5,14.9,max_dim=0.130
pack_of_kielbasa,biokqz,graspable,200,5,30.5,max_dim=0.161
pack_of_kielbasa,bzlsuh,graspable,200,5,65.7,max_dim=0.190
pack_of_kielbasa,ckzejj,graspable,200,5,20.2,max_dim=0.133
pack_of_kielbasa,dgodnn,graspable,200,5,28.9,max_dim=0.221
pack_of_kielbasa,femhoz,graspable,200,5,63.9,max_dim=0.236
pack_of_kielbasa,fwqdoy,graspable,200,5,18.1,max_dim=0.260
pack_of_kielbasa,gmwwsh,graspable,200,5,38.4,max_dim=0.201
pack_of_kielbasa,herxxh,graspable,200,5,12.5,max_dim=0.130
pack_of_kielbasa,ktjjlo,graspable,200,5,30.0,max_dim=0.171
pack_of_kielbasa,lwrdjd,graspable,200,5,15.2,max_dim=0.130
pack_of_kielbasa,nhkuzn,graspable,200,5,31.1,max_dim=0.311
pack_of_kielbasa,nqtltw,graspable,200,5,71.3,max_dim=0.233
pack_of_kielbasa,qwdfea,graspable,200,5,19.1,max_dim=0.155
pack_of_kielbasa,rvhpal,graspable,200,5,27.4,max_dim=0.257
pack_of_kielbasa,twgpur,graspable,200,5,46.6,max_dim=0.307
pack_of_pasta,gwqhko,graspable,200,5,23.0,max_dim=0.238
pack_of_protein_powder,rikjwx,graspable,200,5,56.9,max_dim=0.163
pack_of_protein_powder,tpcsve,graspable,200,5,87.8,max_dim=0.160
pack_of_ramen,bcfzfr,not_ready,0,0,0.0,max_dim=0.178
pack_of_ramen,fqnsjp,not_ready,0,0,0.0,max_dim=0.177
pack_of_ramen,ptxndt,not_ready,0,0,0.0,max_dim=0.180
package,mvvnqm,graspable,200,5,49.8,max_dim=0.301
packing_box,cjhskr,no_grasp,0,0,0.7,max_dim=0.468
paddle,gvgbcp,too_large,0,0,0.0,max_dim=2.131
paint_roller,jcqwrt,graspable,200,5,42.2,max_dim=0.415
paint_roller,nbwihe,too_large,0,0,0.0,max_dim=1.540
paintbrush,gngyrk,graspable,200,5,26.6,max_dim=0.144
paintbrush,tivzcl,graspable,200,5,53.3,max_dim=0.219
painting,cjrilr,too_large,0,0,0.0,max_dim=3.310
painting,dacihj,too_large,0,0,0.0,max_dim=0.502
painting,eexydp,too_large,0,0,0.0,max_dim=1.218
painting,ejhanr,too_large,0,0,0.0,max_dim=1.039
painting,fmcgul,graspable,200,3,107.9,max_dim=0.271
painting,fmlmox,graspable,200,5,55.5,max_dim=0.183
painting,fqlxxd,too_large,0,0,0.0,max_dim=1.489
painting,fwuole,too_large,0,0,0.0,max_dim=1.129
painting,fyoxcq,no_grasp,200,0,103.3,max_dim=0.359
painting,gardkz,graspable,200,2,103.0,max_dim=0.324
painting,ggloob,no_grasp,200,0,95.5,max_dim=0.300
painting,ifdzgs,graspable,200,3,109.0,max_dim=0.325
painting,ixbmia,too_large,0,0,0.0,max_dim=0.706
painting,jayvqq,graspable,200,1,99.0,max_dim=0.355
painting,jfkvxh,too_large,0,0,0.0,max_dim=1.073
painting,jreujf,too_large,0,0,0.0,max_dim=1.808
painting,jwqlzb,graspable,200,5,111.6,max_dim=0.251
painting,jykkya,too_large,0,0,0.0,max_dim=0.781
painting,ljabhq,too_large,0,0,0.0,max_dim=0.586
painting,lxirlt,too_large,0,0,0.0,max_dim=1.799
painting,msquxr,graspable,200,5,95.2,max_dim=0.149
painting,oegvpy,too_large,0,0,0.0,max_dim=5.561
painting,pefmap,graspable,200,2,98.0,max_dim=0.355
painting,pqsidc,too_large,0,0,0.0,max_dim=1.039
painting,pwklyc,too_large,0,0,0.0,max_dim=2.935
painting,qvmegb,too_large,0,0,0.0,max_dim=0.886
painting,rmsbpu,too_large,0,0,0.0,max_dim=7.785
painting,tkcdhf,graspable,200,1,107.2,max_dim=0.496
painting,tpmcuj,too_large,0,0,0.0,max_dim=0.713
painting,tqlvuf,no_grasp,200,0,97.8,max_dim=0.494
painting,twvyzs,graspable,200,1,90.1,max_dim=0.300
painting,uzhuyu,graspable,200,1,93.8,max_dim=0.300
painting,wduwwo,graspable,200,2,95.4,max_dim=0.324
painting,wlrptk,graspable,200,1,96.8,max_dim=0.289
painting,wwnloz,graspable,200,2,125.5,max_dim=0.155
painting,xlzxry,too_large,0,0,0.0,max_dim=0.771
painting,xpxncg,graspable,200,5,120.4,max_dim=0.336
painting,xxmpoi,too_large,0,0,0.0,max_dim=2.935
painting,zfyrna,too_large,0,0,0.0,max_dim=0.873
pajamas,rcgdde,too_large,0,0,0.0,max_dim=0.734
pallet,autwkf,too_large,0,0,0.0,max_dim=1.075
pants,tnirgd,too_large,0,0,0.0,max_dim=0.969
papaya,bwcsvx,graspable,200,5,59.6,max_dim=0.148
papaya,izjnbc,graspable,200,5,46.5,max_dim=0.161
papaya,rsoqeq,graspable,200,5,52.1,max_dim=0.149
papaya,zsdzix,graspable,200,5,32.7,max_dim=0.136
paper_bag,bzsxgw,graspable,200,5,16.5,max_dim=0.240
paper_bag,ruryqd,graspable,200,5,14.2,max_dim=0.202
paper_bag,wvhmww,too_large,0,0,0.0,max_dim=0.508
paper_clip,xjfirk,not_ready,0,0,0.0,max_dim=0.020
paper_coffee_filter,kizndy,not_ready,0,0,0.0,max_dim=0.140
paper_cup,guobeq,graspable,200,5,15.3,max_dim=0.105
paper_lantern,cvzqeb,too_large,0,0,0.0,max_dim=2.474
paper_lantern,hcieco,too_large,0,0,0.0,max_dim=0.745
paper_lantern,hgmreo,too_large,0,0,0.0,max_dim=0.611
paper_liners,yvuilk,graspable,200,5,10.6,max_dim=0.081
paper_sheet,afdjfk,graspable,200,5,58.8,max_dim=0.279
paper_sheet,uqbipw,graspable,200,5,15.2,max_dim=0.290
paper_towel,mdcnha,not_ready,0,0,0.0,max_dim=0.168
paper_towel_dispenser,jacqxv,graspable,200,5,56.6,max_dim=0.397
paper_towel_dispenser,lahuhb,no_grasp,200,0,100.4,max_dim=0.397
paper_towel_dispenser,ovwdpz,no_grasp,200,0,110.9,max_dim=0.443
paper_towel_dispenser,tuvnnt,graspable,200,5,27.3,max_dim=0.397
paper_towel_dispenser,zpfghl,graspable,200,5,13.9,max_dim=0.320
paper_towel_holder,rntefx,graspable,200,5,18.2,max_dim=0.211
paperback_book,aubynm,graspable,200,5,92.2,max_dim=0.293
paperback_book,bisnup,graspable,200,5,77.9,max_dim=0.305
paperback_book,eqzjjk,graspable,200,5,99.8,max_dim=0.305
paperback_book,fvzdec,graspable,200,5,43.0,max_dim=0.307
paperback_book,hdhhqo,graspable,200,5,34.2,max_dim=0.222
paperback_book,hrtflt,graspable,200,5,81.1,max_dim=0.309
paperback_book,ixwtnb,graspable,200,5,72.0,max_dim=0.307
paperback_book,jhaltj,graspable,200,5,78.8,max_dim=0.305
paperback_book,ncjkcg,graspable,200,5,95.7,max_dim=0.307
paperback_book,nozsed,not_ready,0,0,0.0,max_dim=0.286
paperback_book,phsgun,graspable,200,5,55.9,max_dim=0.305
paperback_book,rougms,not_ready,0,0,0.0,max_dim=0.254
paperback_book,vciijb,graspable,200,5,65.8,max_dim=0.305
paperback_book,vuploz,not_ready,0,0,0.0,max_dim=0.288
paperback_book,wfcxjv,graspable,200,5,83.0,max_dim=0.289
paperback_book,xhibsy,graspable,200,5,23.7,max_dim=0.242
paperback_book,xtnqza,not_ready,0,0,0.0,max_dim=0.239
paperback_book,xxknda,graspable,200,5,18.5,max_dim=0.209
paperback_book,xzxgfw,graspable,200,5,23.7,max_dim=0.277
paperback_book,ydarnr,graspable,200,5,41.4,max_dim=0.238
paperback_book,yfhdvx,graspable,200,5,76.6,max_dim=0.307
paperback_book,ysbzis,graspable,200,5,46.5,max_dim=0.258
paperback_book,yxujzs,graspable,200,5,50.2,max_dim=0.252
paprika_shaker,nvpttt,graspable,200,5,13.1,max_dim=0.160
paraffin_wax,nnbvcm,not_ready,0,0,0.0,max_dim=0.134
paraffin_wax,onopqz,not_ready,0,0,0.0,max_dim=0.115
parallel_bars,wnfyin,too_large,0,0,0.0,max_dim=2.260
parer,lwpdhi,graspable,200,5,55.1,max_dim=0.268
parer,zpkhwi,graspable,200,5,51.0,max_dim=0.174
parmesan_shaker,kppzim,graspable,200,5,12.6,max_dim=0.160
parsley,acotgf,not_ready,0,0,0.0,max_dim=0.041
parsley,bvekjv,not_ready,0,0,0.0,max_dim=0.022
parsley,coghab,not_ready,0,0,0.0,max_dim=0.041
parsley,ipknzh,graspable,200,5,17.0,max_dim=0.057
parsley,jirtgx,not_ready,0,0,0.0,max_dim=0.023
parsley,kavoif,not_ready,0,0,0.0,max_dim=0.032
parsley,kkgkkd,graspable,200,5,10.9,max_dim=0.060
parsley,nasgbx,not_ready,0,0,0.0,max_dim=0.023
parsley,nikwgc,graspable,200,5,15.4,max_dim=0.057
parsley,okmcfy,not_ready,0,0,0.0,max_dim=0.064
parsley,paksij,not_ready,0,0,0.0,max_dim=0.015
parsley,rispvj,not_ready,0,0,0.0,max_dim=0.053
parsnip,fwmatc,graspable,200,5,37.8,max_dim=0.246
parsnip,invznw,graspable,200,5,70.6,max_dim=0.188
parsnip,jidpjl,graspable,200,5,26.9,max_dim=0.246
parsnip,jmxlll,graspable,200,5,52.2,max_dim=0.186
parsnip,osqisk,graspable,200,5,66.9,max_dim=0.225
parsnip,racjko,graspable,200,5,50.5,max_dim=0.235
pasta_box,jaypjo,not_ready,0,0,0.0,max_dim=0.204
pasta_server,kwyoqh,not_ready,0,0,0.0,max_dim=0.307
pasta_server,lmilmj,graspable,200,5,38.2,max_dim=0.333
pastry,bqjjie,not_ready,0,0,0.0,max_dim=0.200
pastry_cutter,fconda,graspable,200,5,20.7,max_dim=0.162
patty,ejbije,not_ready,0,0,0.0,max_dim=0.089
pattypan_squash,dybtwb,graspable,200,5,23.3,max_dim=0.212
paver,eskaca,too_large,0,0,0.0,max_dim=6.595
paver,lmdfdn,too_large,0,0,0.0,max_dim=4.388
paver,sekqqq,too_large,0,0,0.0,max_dim=27.323
paving_stone,yencys,graspable,200,5,60.3,max_dim=0.195
pay_phone,poyfzg,too_large,0,0,0.0,max_dim=0.692
pea_pod,qntgxe,not_ready,0,0,0.0,max_dim=0.117
peach,wrutgk,graspable,200,5,10.1,max_dim=0.095
peanut_butter_jar,xdxqxj,no_grasp,200,0,17.6,max_dim=0.204
pear,clvnqe,no_grasp,200,0,6.1,max_dim=0.093
pear,ngtwvy,no_grasp,200,0,5.3,max_dim=0.120
pear,vjqkwh,not_ready,0,0,0.0,max_dim=0.164
pear,vutulb,no_grasp,200,0,3.6,max_dim=0.125
pearl,cqumnb,no_grasp,200,0,1.6,max_dim=0.012
pebble,bpwpcd,no_grasp,200,0,1.7,max_dim=0.167
pebble,dwqodj,no_grasp,200,0,1.6,max_dim=0.167
pebble,hgwpzl,no_grasp,200,0,1.9,max_dim=0.134
pedestal,povrmw,too_large,0,0,0.0,max_dim=2.590
pedestal,ussokc,too_large,0,0,0.0,max_dim=1.504
pedestal_sink,ksecxq,too_large,0,0,0.0,max_dim=1.030
pedestal_sink,wikvlp,too_large,0,0,0.0,max_dim=0.927
pedestal_table,aympln,too_large,0,0,0.0,max_dim=0.900
pedestal_table,djflkd,too_large,0,0,0.0,max_dim=0.977
pedestal_table,dmghrm,too_large,0,0,0.0,max_dim=1.092
pedestal_table,gikdir,too_large,0,0,0.0,max_dim=0.791
pedestal_table,gkkxaj,too_large,0,0,0.0,max_dim=0.761
pedestal_table,ifmhpn,too_large,0,0,0.0,max_dim=1.132
pedestal_table,jdilum,too_large,0,0,0.0,max_dim=0.900
pedestal_table,ktevfe,too_large,0,0,0.0,max_dim=0.749
pedestal_table,mbojpo,too_large,0,0,0.0,max_dim=0.762
pedestal_table,nlfgwe,too_large,0,0,0.0,max_dim=1.074
pedestal_table,nyprvh,too_large,0,0,0.0,max_dim=0.623
pedestal_table,oqclwq,too_large,0,0,0.0,max_dim=0.908
pedestal_table,pljlcn,too_large,0,0,0.0,max_dim=0.588
pedestal_table,poukwl,too_large,0,0,0.0,max_dim=0.907
pedestal_table,pyybeq,too_large,0,0,0.0,max_dim=0.759
pedestal_table,ssnzie,too_large,0,0,0.0,max_dim=0.617
pedestal_table,swgvxs,too_large,0,0,0.0,max_dim=1.008
pedestal_table,tdpuit,too_large,0,0,0.0,max_dim=1.249
pedestal_table,wnqrci,too_large,0,0,0.0,max_dim=0.826
pedestal_table,xcnvsy,too_large,0,0,0.0,max_dim=1.524
pedestal_table,xrrhik,too_large,0,0,0.0,max_dim=0.780
pegboard,jafivf,no_grasp,200,0,1.8,max_dim=0.457
pellet,jfrauq,no_grasp,200,0,2.6,max_dim=0.044
pellet_food_bag,jgyqpd,no_grasp,200,0,3.3,max_dim=0.367
pen,enfumt,no_grasp,200,0,1.8,max_dim=0.175
pen,gqwdor,no_grasp,200,0,2.1,max_dim=0.186
pen,gzrbrx,no_grasp,200,0,1.7,max_dim=0.158
pen,hiyeki,no_grasp,200,0,1.6,max_dim=0.142
pen,izhouj,not_ready,0,0,0.0,max_dim=0.175
pen,nvyicz,no_grasp,200,0,1.6,max_dim=0.149
pen,ubwjqa,graspable,200,5,40.3,max_dim=0.126
pen,vgsgxk,not_ready,0,0,0.0,max_dim=0.175
pen,zfyxul,not_ready,0,0,0.0,max_dim=0.140
pencil,almpve,graspable,200,5,43.9,max_dim=0.186
pencil,bfkwhb,graspable,200,5,22.6,max_dim=0.186
pencil,boykzh,graspable,200,5,83.3,max_dim=0.129
pencil,bsrfog,graspable,200,5,49.3,max_dim=0.129
pencil,bzcuth,graspable,200,5,53.0,max_dim=0.129
pencil,cexjew,graspable,200,5,50.2,max_dim=0.186
pencil,cjvaxt,graspable,200,5,37.2,max_dim=0.180
pencil,cxuaxg,graspable,200,5,44.3,max_dim=0.129
pencil,dcqvto,graspable,200,5,38.5,max_dim=0.160
pencil,ddjmwx,graspable,200,3,94.7,max_dim=0.129
pencil,ddptpt,graspable,200,5,34.5,max_dim=0.129
pencil,efaadr,graspable,200,5,32.3,max_dim=0.213
pencil,faudjj,graspable,200,5,90.1,max_dim=0.139
pencil,fgkyhk,graspable,200,5,41.4,max_dim=0.129
pencil,fnlbpu,graspable,200,5,63.4,max_dim=0.124
pencil,ftvtbb,graspable,200,5,51.0,max_dim=0.129
pencil,fuiwrd,graspable,200,5,60.4,max_dim=0.203
pencil,gbzzcg,graspable,200,5,116.4,max_dim=0.124
pencil,gflxcq,graspable,200,5,31.2,max_dim=0.129
pencil,ggxzdy,graspable,200,5,115.1,max_dim=0.129
pencil,habhcf,graspable,200,5,81.9,max_dim=0.129
pencil,heqkmr,graspable,200,4,124.1,max_dim=0.124
pencil,hetnrn,graspable,200,5,52.3,max_dim=0.129
pencil,hmawzy,graspable,200,4,134.6,max_dim=0.124
pencil,hwkudt,graspable,200,5,37.0,max_dim=0.129
pencil,ieescz,graspable,200,5,71.5,max_dim=0.129
pencil,ieyqkf,graspable,200,5,37.5,max_dim=0.129
pencil,ilaszu,graspable,200,5,108.3,max_dim=0.145
pencil,iygidu,graspable,200,5,40.6,max_dim=0.124
pencil,jgfsgv,graspable,200,5,92.3,max_dim=0.129
pencil,jntybl,graspable,200,5,57.4,max_dim=0.124
pencil,jvakba,graspable,200,5,57.3,max_dim=0.129
pencil,kdpdvw,graspable,200,5,47.2,max_dim=0.129
pencil,kfnckk,graspable,200,5,37.7,max_dim=0.129
pencil,kkrlrc,not_ready,0,0,0.0,max_dim=0.200
pencil,kxgcgy,graspable,200,5,90.6,max_dim=0.129
pencil,lamaxq,graspable,200,5,63.5,max_dim=0.129
pencil,lphubb,graspable,200,5,123.2,max_dim=0.129
pencil,lruiot,graspable,200,5,98.9,max_dim=0.124
pencil,lrwosa,graspable,200,5,56.8,max_dim=0.160
pencil,lykqoh,graspable,200,5,98.3,max_dim=0.124
pencil,mhzqwu,graspable,200,5,72.5,max_dim=0.129
pencil,mvmxfo,graspable,200,5,109.6,max_dim=0.124
pencil,pqydvm,graspable,200,5,37.1,max_dim=0.213
pencil,qefchi,graspable,200,5,64.6,max_dim=0.129
pencil,qhkqvt,graspable,200,5,80.8,max_dim=0.129
pencil,qpcsjc,graspable,200,5,116.2,max_dim=0.129
pencil,qrqzyq,graspable,200,5,49.4,max_dim=0.129
pencil,qvypft,graspable,200,5,69.5,max_dim=0.124
pencil,qznteb,graspable,200,5,53.1,max_dim=0.129
pencil,rbkfxp,graspable,200,5,70.2,max_dim=0.129
pencil,rwciyo,graspable,200,5,39.9,max_dim=0.178
pencil,rzscao,graspable,200,5,103.1,max_dim=0.124
pencil,scyvsz,graspable,200,5,28.0,max_dim=0.129
pencil,tqrrbk,graspable,200,5,36.5,max_dim=0.160
pencil,tyipwi,graspable,200,5,52.3,max_dim=0.129
pencil,ueshkr,graspable,200,5,32.1,max_dim=0.129
pencil,ugvzfa,graspable,200,5,100.7,max_dim=0.129
pencil,vakowb,graspable,200,5,99.2,max_dim=0.136
pencil,vedvit,graspable,200,5,17.8,max_dim=0.124
pencil,vmrwlp,graspable,200,5,39.8,max_dim=0.129
pencil,vpzhth,graspable,200,5,109.3,max_dim=0.124
pencil,vvofwr,graspable,200,5,84.7,max_dim=0.124
pencil,wvhqac,graspable,200,3,98.0,max_dim=0.124
pencil,xdrqaq,graspable,200,5,44.5,max_dim=0.129
pencil,xslrbt,graspable,200,5,48.4,max_dim=0.129
pencil,xuanpj,graspable,200,4,108.2,max_dim=0.138
pencil,zcapdd,graspable,200,5,36.1,max_dim=0.129
pencil,zemxrz,graspable,200,5,56.0,max_dim=0.129
pencil,zzzvln,graspable,200,5,83.5,max_dim=0.160
pencil_case,acikzo,graspable,200,5,9.7,max_dim=0.193
pencil_case,cqxkgl,graspable,200,5,13.1,max_dim=0.156
pencil_case,otcmih,graspable,200,5,11.2,max_dim=0.197
pencil_holder,bnzugk,not_ready,0,0,0.0,max_dim=0.127
pencil_holder,eodvyo,not_ready,0,0,0.0,max_dim=0.142
pencil_holder,ipeltj,not_ready,0,0,0.0,max_dim=0.153
pencil_holder,jkuiqg,graspable,200,5,10.9,max_dim=0.078
pencil_holder,jyetcl,graspable,200,5,10.4,max_dim=0.113
pencil_holder,mrrpay,graspable,200,5,11.4,max_dim=0.079
pencil_holder,muqeud,not_ready,0,0,0.0,max_dim=0.123
pencil_holder,nqiujp,graspable,200,5,12.2,max_dim=0.484
pencil_holder,qwqsgi,not_ready,0,0,0.0,max_dim=0.142
pencil_holder,taixcy,graspable,200,5,10.1,max_dim=0.113
pencil_holder,vdtheb,not_ready,0,0,0.0,max_dim=0.152
pennant,tfnwti,graspable,200,5,47.4,max_dim=0.246
penny,dscjon,graspable,200,5,13.6,max_dim=0.019
pepper_grinder,tfoogy,graspable,200,5,11.2,max_dim=0.140
pepper_shaker,stbqbt,graspable,200,5,37.7,max_dim=0.073
pepper_shaker,tgcwtr,graspable,200,5,10.4,max_dim=0.160
pepper_shaker,ykujyn,graspable,200,5,10.1,max_dim=0.160
peppermint,ghhekw,graspable,200,5,15.5,max_dim=0.027
peppermint,pbrxfe,graspable,200,5,12.1,max_dim=0.040
peppermint,qvszrs,graspable,200,5,13.3,max_dim=0.018
peppermint_candy,dqpiet,graspable,200,5,13.2,max_dim=0.153
pepperoni,xcurfr,graspable,200,5,10.6,max_dim=0.046
pergola,xfciuu,too_large,0,0,0.0,max_dim=5.619
periodic_table,mhwwtu,too_large,0,0,0.0,max_dim=1.918
pesticide_atomizer,eisckl,graspable,200,5,11.2,max_dim=0.151
pestle,dzhzot,not_ready,0,0,0.0,max_dim=0.122
pestle,wzbodb,graspable,200,5,46.1,max_dim=0.170
pet_bed,ynznsw,too_large,0,0,0.0,max_dim=0.881
petfood_bag,fhfqys,graspable,200,5,26.4,max_dim=0.367
petri_dish,vbiqcq,graspable,200,5,14.6,max_dim=0.101
petri_dish,xfqatj,graspable,200,5,9.6,max_dim=0.072
pewter_teapot,dwfdpi,graspable,200,5,30.6,max_dim=0.297
phonograph_record,couvrd,graspable,200,2,89.2,max_dim=0.356
phonograph_record,ejxxmy,graspable,200,1,114.9,max_dim=0.356
phonograph_record,krnmnc,graspable,200,5,103.3,max_dim=0.356
phonograph_record,reunea,graspable,200,3,107.1,max_dim=0.356
phonograph_record,urcabe,graspable,200,5,120.7,max_dim=0.356
photocopier,hemqez,too_large,0,0,0.0,max_dim=1.150
photocopier,ittctd,too_large,0,0,0.0,max_dim=1.058
photocopier,jgqfsa,too_large,0,0,0.0,max_dim=1.058
photocopier,tajnkx,too_large,0,0,0.0,max_dim=0.864
photocopier,tlbmhm,too_large,0,0,0.0,max_dim=1.213
piano,bnxcvw,too_large,0,0,0.0,max_dim=1.512
piano,ojoiqt,too_large,0,0,0.0,max_dim=0.816
piano,qlcpph,too_large,0,0,0.0,max_dim=1.896
piano,ygmqqa,too_large,0,0,0.0,max_dim=1.812
pickle,gytwes,graspable,200,5,10.7,max_dim=0.090
pickle,ifterk,graspable,200,5,13.9,max_dim=0.100
pickle,iobrqp,graspable,200,5,11.6,max_dim=0.100
pickle,rxuimv,graspable,200,5,10.4,max_dim=0.080
pickle,vuspsy,graspable,200,5,11.7,max_dim=0.110
pickup_truck,zppyty,too_large,0,0,0.0,max_dim=4.873
picture,abtgvz,graspable,200,5,13.2,max_dim=0.096
picture,aicjaq,too_large,0,0,0.0,max_dim=0.615
picture,alwmys,too_large,0,0,0.0,max_dim=0.666
picture,aqahkx,not_ready,0,0,0.0,max_dim=0.384
picture,bxpohm,too_large,0,0,0.0,max_dim=0.842
picture,bzmdxc,graspable,200,5,14.1,max_dim=0.072
picture,cgvoho,too_large,0,0,0.0,max_dim=0.745
picture,chfljy,too_large,0,0,0.0,max_dim=0.900
picture,cltbty,too_large,0,0,0.0,max_dim=0.686
picture,dogydw,too_large,0,0,0.0,max_dim=0.653
picture,ekagyj,too_large,0,0,0.0,max_dim=1.298
picture,etixod,too_large,0,0,0.0,max_dim=0.686
picture,fanvpf,too_large,0,0,0.0,max_dim=0.686
picture,fhkzlm,too_large,0,0,0.0,max_dim=1.028
picture,ggajdz,graspable,200,5,34.5,max_dim=0.257
picture,gwricv,too_large,0,0,0.0,max_dim=0.686
picture,hdcvfu,not_ready,0,0,0.0,max_dim=0.336
picture,hffaxw,too_large,0,0,0.0,max_dim=0.658
picture,hhxttu,too_large,0,0,0.0,max_dim=0.686
picture,hvjwvj,too_large,0,0,0.0,max_dim=0.742
picture,hxbrop,too_large,0,0,0.0,max_dim=0.742
picture,hyjqxp,not_ready,0,0,0.0,max_dim=0.415
picture,jmvdxm,too_large,0,0,0.0,max_dim=0.666
picture,jnecmu,too_large,0,0,0.0,max_dim=0.615
picture,jovfqj,no_grasp,200,0,97.7,max_dim=0.385
picture,jpfyrq,too_large,0,0,0.0,max_dim=0.686
picture,kigjuq,too_large,0,0,0.0,max_dim=0.697
picture,krwzus,not_ready,0,0,0.0,max_dim=0.300
picture,lowoid,too_large,0,0,0.0,max_dim=0.653
picture,lucjyq,too_large,0,0,0.0,max_dim=0.686
picture,mbfgxr,too_large,0,0,0.0,max_dim=0.742
picture,mstxjw,too_large,0,0,0.0,max_dim=0.742
picture,nbwrns,too_large,0,0,0.0,max_dim=0.742
picture,ngyduh,too_large,0,0,0.0,max_dim=0.615
picture,nxjgqw,too_large,0,0,0.0,max_dim=0.615
picture,nxqoed,too_large,0,0,0.0,max_dim=0.615
picture,nzctlq,not_ready,0,0,0.0,max_dim=0.303
picture,oshvew,graspable,200,5,66.9,max_dim=0.369
picture,ougrxx,graspable,200,5,19.2,max_dim=0.252
picture,pblkaf,not_ready,0,0,0.0,max_dim=0.300
picture,pixmmn,too_large,0,0,0.0,max_dim=0.653
picture,pmtynn,too_large,0,0,0.0,max_dim=0.742
picture,qavxsz,too_large,0,0,0.0,max_dim=0.686
picture,qjkajj,too_large,0,0,0.0,max_dim=0.686
picture,qlkknu,too_large,0,0,0.0,max_dim=1.401
picture,qlsyco,graspable,200,5,25.4,max_dim=0.280
picture,qtvjzk,too_large,0,0,0.0,max_dim=0.686
picture,qvvvxz,too_large,0,0,0.0,max_dim=0.742
picture,qzrpiw,too_large,0,0,0.0,max_dim=0.742
picture,rciuob,too_large,0,0,0.0,max_dim=0.686
picture,rypaxo,not_ready,0,0,0.0,max_dim=0.315
picture,sfqdjg,too_large,0,0,0.0,max_dim=0.666
picture,sjmxgo,not_ready,0,0,0.0,max_dim=0.307
picture,svpzro,no_grasp,200,0,125.2,max_dim=0.131
picture,szpupz,too_large,0,0,0.0,max_dim=0.686
picture,tfrisv,too_large,0,0,0.0,max_dim=0.742
picture,tlwjpv,too_large,0,0,0.0,max_dim=0.686
picture,trqgni,too_large,0,0,0.0,max_dim=0.615
picture,ttwhjj,not_ready,0,0,0.0,max_dim=0.434
picture,tveyoh,too_large,0,0,0.0,max_dim=0.745
picture,uokrzt,too_large,0,0,0.0,max_dim=0.666
picture,uwlqdu,graspable,200,5,62.8,max_dim=0.364
picture,verboh,too_large,0,0,0.0,max_dim=3.621
picture,vezfau,not_ready,0,0,0.0,max_dim=0.406
picture,vhgkix,too_large,0,0,0.0,max_dim=0.666
picture,vkjonm,no_grasp,200,0,96.9,max_dim=0.399
picture,vzomxk,not_ready,0,0,0.0,max_dim=0.399
picture,watgtj,too_large,0,0,0.0,max_dim=0.775
picture,weqggl,too_large,0,0,0.0,max_dim=0.686
picture,wfdvzv,too_large,0,0,0.0,max_dim=0.686
picture,wttqrk,too_large,0,0,0.0,max_dim=0.742
picture,wvymrn,too_large,0,0,0.0,max_dim=0.666
picture,wxwera,too_large,0,0,0.0,max_dim=0.666
picture,xmrjoj,too_large,0,0,0.0,max_dim=0.666
picture,xnuynn,too_large,0,0,0.0,max_dim=0.688
picture,ydfgju,too_large,0,0,0.0,max_dim=0.742
picture,yrgaal,too_large,0,0,0.0,max_dim=0.686
picture,yrkfct,not_ready,0,0,0.0,max_dim=0.409
picture,ytxhyl,too_large,0,0,0.0,max_dim=1.028
picture,yzbpie,too_large,0,0,0.0,max_dim=0.760
picture,zarhyi,too_large,0,0,0.0,max_dim=0.653
picture,zrsytt,too_large,0,0,0.0,max_dim=0.742
picture,zsirgc,too_large,0,0,0.0,max_dim=0.686
picture,zughoy,too_large,0,0,0.0,max_dim=0.742
picture,zywgbh,too_large,0,0,0.0,max_dim=0.742
picture_frame,brhofj,graspable,200,5,37.1,max_dim=0.158
picture_frame,byaund,graspable,200,5,27.5,max_dim=0.202
picture_frame,cvyfaw,not_ready,0,0,0.0,max_dim=0.071
picture_frame,fgsgpu,graspable,200,5,80.4,max_dim=0.270
picture_frame,guatvs,graspable,200,5,25.7,max_dim=0.159
picture_frame,htwjfo,not_ready,0,0,0.0,max_dim=0.202
picture_frame,ibhiuq,not_ready,0,0,0.0,max_dim=0.202
picture_frame,kncybf,graspable,200,5,15.5,max_dim=0.233
picture_frame,lsqclh,graspable,200,5,90.6,max_dim=0.301
picture_frame,lxpxcf,graspable,200,5,30.6,max_dim=0.220
picture_frame,nrviiu,graspable,200,5,87.4,max_dim=0.300
picture_frame,vmyqsm,graspable,200,5,54.0,max_dim=0.232
picture_frame,yxmjdx,graspable,200,5,29.2,max_dim=0.228
pill_bottle,csvdbe,not_ready,0,0,0.0,max_dim=0.055
pill_bottle,wsasmm,not_ready,0,0,0.0,max_dim=0.055
pillar,afgytu,too_large,0,0,0.0,max_dim=4.099
pillar,aljtps,too_large,0,0,0.0,max_dim=4.500
pillar,bxqiwq,too_large,0,0,0.0,max_dim=2.373
pillar,etiret,too_large,0,0,0.0,max_dim=2.156
pillar,gqjdgx,too_large,0,0,0.0,max_dim=2.504
pillar,hfianz,too_large,0,0,0.0,max_dim=2.938
pillar,iertyj,too_large,0,0,0.0,max_dim=2.156
pillar,jwkwer,too_large,0,0,0.0,max_dim=2.156
pillar,keesuv,too_large,0,0,0.0,max_dim=10.151
pillar,komgra,too_large,0,0,0.0,max_dim=4.961
pillar,lhruoz,too_large,0,0,0.0,max_dim=2.509
pillar,necxcp,too_large,0,0,0.0,max_dim=2.920
pillar,oukzkz,too_large,0,0,0.0,max_dim=10.554
pillar,poetje,too_large,0,0,0.0,max_dim=2.156
pillar,rijdzv,too_large,0,0,0.0,max_dim=2.750
pillar,vzzejz,too_large,0,0,0.0,max_dim=3.450
pillar,xnxycq,too_large,0,0,0.0,max_dim=3.100
pillar,xznmxo,too_large,0,0,0.0,max_dim=7.942
pillar,yrbqij,too_large,0,0,0.0,max_dim=2.301
pillar,zjotnf,too_large,0,0,0.0,max_dim=7.471
pillar_candle,acycbi,not_ready,0,0,0.0,max_dim=0.350
pillar_candle,aqryfd,not_ready,0,0,0.0,max_dim=0.291
pillar_candle,bdahdx,graspable,200,5,16.8,max_dim=0.131
pillar_candle,bhaqam,graspable,200,5,9.0,max_dim=0.108
pillar_candle,cxswbc,graspable,200,5,12.7,max_dim=0.139
pillar_candle,iotqru,not_ready,0,0,0.0,max_dim=0.234
pillar_candle,omdnwg,graspable,200,5,29.2,max_dim=0.212
pillar_candle,qevocc,not_ready,0,0,0.0,max_dim=0.237
pillow,aetpte,too_large,0,0,0.0,max_dim=0.776
pillow,agclpq,not_ready,0,0,0.0,max_dim=0.472
pillow,ahvodn,too_large,0,0,0.0,max_dim=0.651
pillow,ajpapo,no_grasp,200,0,88.3,max_dim=0.490
pillow,ajxhun,too_large,0,0,0.0,max_dim=0.587
pillow,aoziug,too_large,0,0,0.0,max_dim=0.636
pillow,apnicw,too_large,0,0,0.0,max_dim=0.638
pillow,axyuhm,too_large,0,0,0.0,max_dim=0.693
pillow,bartck,too_large,0,0,0.0,max_dim=0.889
pillow,bfword,too_large,0,0,0.0,max_dim=0.619
pillow,bgqjtg,no_grasp,200,0,81.7,max_dim=0.482
pillow,bszeyg,graspable,200,3,103.2,max_dim=0.464
pillow,byzkkw,no_grasp,200,0,80.5,max_dim=0.474
pillow,cakwer,too_large,0,0,0.0,max_dim=0.601
pillow,cfqdde,no_grasp,200,0,88.5,max_dim=0.403
pillow,ckjpxj,too_large,0,0,0.0,max_dim=0.630
pillow,cnaerr,too_large,0,0,0.0,max_dim=0.774
pillow,cnskfp,too_large,0,0,0.0,max_dim=0.601
pillow,cosbis,no_grasp,200,0,79.7,max_dim=0.441
pillow,cyvojp,too_large,0,0,0.0,max_dim=0.866
pillow,dabalr,too_large,0,0,0.0,max_dim=0.534
pillow,dayain,too_large,0,0,0.0,max_dim=0.716
pillow,dbmico,too_large,0,0,0.0,max_dim=0.747
pillow,ddfduj,too_large,0,0,0.0,max_dim=0.585
pillow,dkdrwr,no_grasp,200,0,84.4,max_dim=0.487
pillow,dkrddy,too_large,0,0,0.0,max_dim=0.531
pillow,dmnvmr,too_large,0,0,0.0,max_dim=0.810
pillow,dsvtfz,no_grasp,200,0,102.5,max_dim=0.450
pillow,dvxydk,too_large,0,0,0.0,max_dim=0.756
pillow,eghwza,too_large,0,0,0.0,max_dim=0.763
pillow,ermyjf,no_grasp,200,0,101.5,max_dim=0.339
pillow,euryeh,graspable,200,5,65.0,max_dim=0.459
pillow,ewukqj,too_large,0,0,0.0,max_dim=0.690
pillow,eyioee,too_large,0,0,0.0,max_dim=0.618
pillow,eynvbz,graspable,200,1,78.4,max_dim=0.453
pillow,fhsner,too_large,0,0,0.0,max_dim=0.662
pillow,flwire,no_grasp,200,0,98.0,max_dim=0.338
pillow,fopwio,no_grasp,200,0,78.0,max_dim=0.485
pillow,fqsbkx,too_large,0,0,0.0,max_dim=0.547
pillow,fxeiee,graspable,200,5,40.2,max_dim=0.322
pillow,fxxpwf,too_large,0,0,0.0,max_dim=0.549
pillow,gitbli,too_large,0,0,0.0,max_dim=0.507
pillow,gjsepr,too_large,0,0,0.0,max_dim=0.888
pillow,gksezx,graspable,200,1,104.1,max_dim=0.420
pillow,gqsmrz,no_grasp,200,0,104.9,max_dim=0.463
pillow,gtrmqh,no_grasp,200,0,103.5,max_dim=0.443
pillow,gvfumz,no_grasp,200,0,93.8,max_dim=0.478
pillow,gyazja,graspable,200,5,84.6,max_dim=0.492
pillow,hegzyu,no_grasp,200,0,87.3,max_dim=0.477
pillow,hehuhe,too_large,0,0,0.0,max_dim=0.819
pillow,hhkvgh,too_large,0,0,0.0,max_dim=0.840
pillow,hrmwzv,too_large,0,0,0.0,max_dim=0.582
pillow,ikenre,too_large,0,0,0.0,max_dim=0.619
pillow,ikzabe,graspable,200,5,70.8,max_dim=0.393
pillow,ilcleb,no_grasp,200,0,85.2,max_dim=0.481
pillow,inhmhc,too_large,0,0,0.0,max_dim=0.764
pillow,iuyheh,too_large,0,0,0.0,max_dim=0.789
pillow,iwvzrt,no_grasp,200,0,73.2,max_dim=0.486
pillow,iyjelw,too_large,0,0,0.0,max_dim=0.625
pillow,jalllb,too_large,0,0,0.0,max_dim=0.839
pillow,jghdke,too_large,0,0,0.0,max_dim=0.598
pillow,joidyf,graspable,200,1,95.6,max_dim=0.481
pillow,jsdeew,no_grasp,200,0,90.3,max_dim=0.493
pillow,kasajy,too_large,0,0,0.0,max_dim=0.519
pillow,kktvay,too_large,0,0,0.0,max_dim=0.681
pillow,kqjtnx,too_large,0,0,0.0,max_dim=1.005
pillow,kvqbla,too_large,0,0,0.0,max_dim=0.573
pillow,kwgaoc,graspable,200,2,79.4,max_dim=0.483
pillow,libtpu,no_grasp,200,0,86.9,max_dim=0.451
pillow,loyrpj,too_large,0,0,0.0,max_dim=0.544
pillow,ltnljq,too_large,0,0,0.0,max_dim=0.506
pillow,lujrap,too_large,0,0,0.0,max_dim=0.564
pillow,lvhnbb,graspable,200,5,71.9,max_dim=0.408
pillow,mcaxez,too_large,0,0,0.0,max_dim=0.887
pillow,mebark,too_large,0,0,0.0,max_dim=0.501
pillow,mgofxe,too_large,0,0,0.0,max_dim=0.520
pillow,mltefs,too_large,0,0,0.0,max_dim=0.836
pillow,mrctox,graspable,200,5,85.8,max_dim=0.425
pillow,msghqj,too_large,0,0,0.0,max_dim=0.836
pillow,nbtsys,too_large,0,0,0.0,max_dim=0.630
pillow,nbwibo,too_large,0,0,0.0,max_dim=0.511
pillow,njlcap,too_large,0,0,0.0,max_dim=0.551
pillow,njused,no_grasp,200,0,72.4,max_dim=0.403
pillow,nolefc,too_large,0,0,0.0,max_dim=0.786
pillow,nxosyv,too_large,0,0,0.0,max_dim=0.698
pillow,obamfr,too_large,0,0,0.0,max_dim=0.944
pillow,odbass,too_large,0,0,0.0,max_dim=0.877
pillow,ozlnml,graspable,200,5,101.1,max_dim=0.465
pillow,oznryc,too_large,0,0,0.0,max_dim=0.666
pillow,pdkrer,graspable,200,1,91.0,max_dim=0.391
pillow,pfwumr,too_large,0,0,0.0,max_dim=0.553
pillow,phtzvr,too_large,0,0,0.0,max_dim=0.728
pillow,pjqqmb,too_large,0,0,0.0,max_dim=0.769
pillow,poyzyt,too_large,0,0,0.0,max_dim=0.555
pillow,presgs,too_large,0,0,0.0,max_dim=0.863
pillow,pwjehr,too_large,0,0,0.0,max_dim=0.517
pillow,qcedjz,too_large,0,0,0.0,max_dim=0.520
pillow,qhulyc,too_large,0,0,0.0,max_dim=0.634
pillow,qlzotg,too_large,0,0,0.0,max_dim=0.502
pillow,qmsouy,too_large,0,0,0.0,max_dim=0.666
pillow,qpwaxt,too_large,0,0,0.0,max_dim=0.561
pillow,qtgqhd,too_large,0,0,0.0,max_dim=0.571
pillow,qyvppj,too_large,0,0,0.0,max_dim=0.741
pillow,rgdzmp,too_large,0,0,0.0,max_dim=0.531
pillow,rhewoi,too_large,0,0,0.0,max_dim=0.783
pillow,rladdl,too_large,0,0,0.0,max_dim=0.507
pillow,ropyde,too_large,0,0,0.0,max_dim=0.834
pillow,rteuzs,too_large,0,0,0.0,max_dim=0.691
pillow,sbxekf,graspable,200,4,93.8,max_dim=0.499
pillow,sjeori,graspable,200,1,96.5,max_dim=0.472
pillow,spethe,too_large,0,0,0.0,max_dim=0.642
pillow,spkcvl,too_large,0,0,0.0,max_dim=0.646
pillow,tepkbl,graspable,200,3,106.1,max_dim=0.257
pillow,tgtele,too_large,0,0,0.0,max_dim=0.841
pillow,tittti,too_large,0,0,0.0,max_dim=0.967
pillow,tlcxuw,no_grasp,200,0,87.1,max_dim=0.482
pillow,tmacdl,too_large,0,0,0.0,max_dim=0.943
pillow,tvmuxs,too_large,0,0,0.0,max_dim=0.612
pillow,tzjozh,too_large,0,0,0.0,max_dim=0.552
pillow,uavnng,no_grasp,200,0,86.2,max_dim=0.401
pillow,uvfhjn,too_large,0,0,0.0,max_dim=0.527
pillow,vbgcmf,too_large,0,0,0.0,max_dim=0.611
pillow,vffqky,too_large,0,0,0.0,max_dim=0.696
pillow,vkuzzw,too_large,0,0,0.0,max_dim=0.535
pillow,vxmqaj,too_large,0,0,0.0,max_dim=0.805
pillow,wirpqe,graspable,200,2,97.9,max_dim=0.440
pillow,wrteaw,graspable,200,1,74.0,max_dim=0.483
pillow,wsfewt,too_large,0,0,0.0,max_dim=0.822
pillow,wsvvxa,too_large,0,0,0.0,max_dim=0.553
pillow,xcpjug,too_large,0,0,0.0,max_dim=1.069
pillow,xgyuns,graspable,200,5,79.3,max_dim=0.419
pillow,xstiee,too_large,0,0,0.0,max_dim=0.576
pillow,xuxkvl,too_large,0,0,0.0,max_dim=0.586
pillow,yfibot,too_large,0,0,0.0,max_dim=0.760
pillow,yiuopu,too_large,0,0,0.0,max_dim=0.563
pillow,yjxvug,too_large,0,0,0.0,max_dim=0.642
pillow,yomjjl,too_large,0,0,0.0,max_dim=0.506
pillow,yrkfhi,too_large,0,0,0.0,max_dim=0.563
pillow,yzpcwx,too_large,0,0,0.0,max_dim=0.642
pillow,zblvpg,no_grasp,200,0,98.9,max_dim=0.499
pillow,zjsugs,too_large,0,0,0.0,max_dim=0.544
pillow,zkytcf,too_large,0,0,0.0,max_dim=0.623
pillow,zlsrbz,graspable,200,4,83.6,max_dim=0.326
pillow,zqlhih,too_large,0,0,0.0,max_dim=0.547
pillow,zxxdwe,too_large,0,0,0.0,max_dim=0.519
pillowcase,dtoahb,too_large,0,0,0.0,max_dim=0.555
pillowcase,yakvci,too_large,0,0,0.0,max_dim=0.578
pine_cone,bmvhss,graspable,200,5,11.7,max_dim=0.087
pine_cone,fmskdx,graspable,200,5,9.5,max_dim=0.070
pine_cone,pyxarv,graspable,200,5,16.2,max_dim=0.164
pine_cone,vbqhas,graspable,200,5,12.1,max_dim=0.070
pineapple,ttviux,not_ready,0,0,0.0,max_dim=0.260
pineapple,wfaybl,graspable,200,5,8.8,max_dim=0.279
pineapple_juice_carton,barzwx,graspable,200,5,45.7,max_dim=0.305
ping_pong_ball,eutewe,graspable,200,5,25.7,max_dim=0.007
ping_pong_ball,gsekwe,graspable,200,5,29.3,max_dim=0.007
ping_pong_ball,jrwhre,graspable,200,5,38.9,max_dim=0.006
ping_pong_paddle,xcyejf,graspable,200,5,13.0,max_dim=0.038
ping_pong_table,herems,graspable,200,5,23.8,max_dim=0.305
pipe,czrytv,graspable,200,5,12.3,max_dim=0.134
pipe,ewjter,graspable,200,5,11.1,max_dim=0.078
pipe,kfvkxx,graspable,200,5,25.6,max_dim=0.310
pipe,kqgqlv,graspable,200,5,18.0,max_dim=0.118
pipe,odqmuk,graspable,200,5,10.7,max_dim=0.109
pipe,sloscn,graspable,200,5,17.4,max_dim=0.175
pipe,szrjmz,too_large,0,0,0.0,max_dim=2.000
pipe,yeizsx,graspable,200,5,17.2,max_dim=0.176
pipe_cleaner,bulgvr,graspable,200,5,11.7,max_dim=0.203
pipe_cleaner,qdazrd,graspable,200,5,10.6,max_dim=0.262
pipe_cleaner,qxeedt,graspable,200,5,10.2,max_dim=0.196
pipe_cleaner,snyjah,graspable,200,5,12.7,max_dim=0.303
pipe_cleaner,yccyjo,graspable,200,5,12.1,max_dim=0.215
pita,igejpf,not_ready,0,0,0.0,max_dim=0.252
pitcher,ankfvi,graspable,200,5,18.6,max_dim=0.280
pitcher,bbewjo,graspable,200,5,13.1,max_dim=0.244
pitcher,mbrlge,graspable,200,5,19.1,max_dim=0.280
pitcher,tsyims,graspable,200,5,23.0,max_dim=0.355
pitcher,tzbnmh,graspable,200,5,35.0,max_dim=0.355
pizza,vyfhkm,graspable,200,1,100.7,max_dim=0.473
pizza_box,hvaucj,no_grasp,200,0,12.0,max_dim=0.403
pizza_dough,jguwbv,not_ready,0,0,0.0,max_dim=0.317
place_mat,inqmsu,no_grasp,200,0,1.5,max_dim=0.436
place_mat,mayaur,no_grasp,200,0,1.4,max_dim=0.299
place_mat,nxzfmz,too_large,0,0,0.0,max_dim=1.416
place_mat,ujaolf,too_large,0,0,0.0,max_dim=0.566
plant_pot,gtnmis,no_grasp,200,0,2.0,max_dim=0.237
plant_pot,ihnfbi,no_grasp,200,0,1.9,max_dim=0.164
plant_pot,skbcqq,not_ready,0,0,0.0,max_dim=0.099
plant_pot,vhglly,no_grasp,200,0,1.8,max_dim=0.244
plant_pot,wvgsqk,no_grasp,200,0,1.7,max_dim=0.247
plant_pot,ygrtaz,not_ready,0,0,0.0,max_dim=0.271
plant_pot_stand,dylpyb,too_large,0,0,0.0,max_dim=0.828
plant_stem,apmuwj,no_grasp,200,0,1.5,max_dim=0.215
plant_stem,ipypqt,no_grasp,200,0,1.5,max_dim=0.203
plant_stem,qeslgb,no_grasp,200,0,1.6,max_dim=0.157
plastic_bag,fwxfpe,no_grasp,200,0,1.8,max_dim=0.387
plastic_wrap,nzbhjq,no_grasp,200,0,1.4,max_dim=0.305
plate,aewthq,no_grasp,200,0,2.3,max_dim=0.170
plate,akfjxx,no_grasp,200,0,1.7,max_dim=0.209
plate,amhlqh,no_grasp,200,0,1.7,max_dim=0.411
plate,aynjhg,no_grasp,200,0,1.7,max_dim=0.241
plate,bgxzec,no_grasp,200,0,2.0,max_dim=0.231
plate,dbprwc,graspable,200,5,21.4,max_dim=0.218
plate,dnqekb,graspable,200,5,49.7,max_dim=0.330
plate,eixyyn,graspable,200,5,18.6,max_dim=0.162
plate,eozsdg,graspable,200,5,52.6,max_dim=0.330
plate,fhdyrj,graspable,200,5,50.5,max_dim=0.332
plate,fkpaie,graspable,200,5,18.8,max_dim=0.297
plate,iawoof,graspable,200,5,21.4,max_dim=0.200
plate,ihrjrb,not_ready,0,0,0.0,max_dim=0.126
plate,itoeew,too_large,0,0,0.0,max_dim=0.515
plate,ivbrtz,graspable,200,4,115.0,max_dim=0.379
plate,ivuveo,graspable,200,5,64.1,max_dim=0.266
plate,iwfvwf,graspable,200,5,12.3,max_dim=0.299
plate,kkjiko,graspable,200,5,14.8,max_dim=0.240
plate,kkmkbd,graspable,200,5,31.4,max_dim=0.312
plate,ksgizx,graspable,200,5,29.2,max_dim=0.265
plate,lixwwc,graspable,200,5,53.6,max_dim=0.116
plate,lkomhp,graspable,200,5,15.9,max_dim=0.176
plate,luhkiz,graspable,200,5,28.1,max_dim=0.241
plate,molqhs,too_large,0,0,0.0,max_dim=0.515
plate,mtetqm,graspable,200,5,21.6,max_dim=0.219
plate,nbuspz,graspable,200,5,27.5,max_dim=0.290
plate,nhodax,graspable,200,5,26.4,max_dim=0.265
plate,nikfgd,not_ready,0,0,0.0,max_dim=0.203
plate,nrjump,graspable,200,5,18.9,max_dim=0.169
plate,ntedfx,graspable,200,5,14.8,max_dim=0.238
plate,odmjdd,graspable,200,5,27.8,max_dim=0.231
plate,pjinwe,graspable,200,1,101.2,max_dim=0.422
plate,pkkgzc,graspable,200,5,16.9,max_dim=0.259
plate,qbxfmv,graspable,200,5,19.9,max_dim=0.262
plate,qtfzeq,graspable,200,5,21.1,max_dim=0.246
plate,qyuyjr,graspable,200,5,19.9,max_dim=0.297
plate,spppps,graspable,200,5,35.6,max_dim=0.262
plate,tgrsui,graspable,200,5,18.7,max_dim=0.180
plate,uakqei,graspable,200,5,16.9,max_dim=0.160
plate,ujodgo,graspable,200,5,16.9,max_dim=0.284
plate,uumkbl,not_ready,0,0,0.0,max_dim=0.121
plate,vitdwc,graspable,200,5,49.5,max_dim=0.117
plate,vjqzwa,graspable,200,5,13.7,max_dim=0.199
plate,vtjwof,graspable,200,5,12.3,max_dim=0.230
plate,wgcgia,graspable,200,5,19.7,max_dim=0.265
plate,wqgndf,not_ready,0,0,0.0,max_dim=0.218
plate,xfjmld,graspable,200,5,48.1,max_dim=0.310
plate,xtdcau,graspable,200,5,10.1,max_dim=0.152
plate,ypdfrp,graspable,200,5,14.0,max_dim=0.182
plate,zpddxu,graspable,200,5,15.0,max_dim=0.226
platter,csanbr,graspable,200,5,22.3,max_dim=0.345
platter,ekjpdj,graspable,200,5,20.9,max_dim=0.340
platter,hnlivs,graspable,200,5,19.7,max_dim=0.340
platter,iadlti,graspable,200,5,16.8,max_dim=0.262
platter,ieoasd,graspable,200,5,12.3,max_dim=0.255
platter,kiiamx,graspable,200,5,11.0,max_dim=0.340
playground,vojjkc,too_large,0,0,0.0,max_dim=10.555
playground,xdlcdi,too_large,0,0,0.0,max_dim=5.598
plier,zwzncq,no_grasp,200,0,2.8,max_dim=0.154
plug,mkfczr,not_ready,0,0,0.0,max_dim=0.051
plum,rhaemq,no_grasp,200,0,1.5,max_dim=0.061
plywood,fkmkqa,no_grasp,200,0,1.5,max_dim=0.472
pocketknife,ngtgdn,no_grasp,200,0,1.7,max_dim=0.139
poinsettia,eefcsd,no_grasp,200,0,2.0,max_dim=0.281
poinsettia,peeehg,no_grasp,200,0,2.0,max_dim=0.343
poinsettia,qdcipo,no_grasp,200,0,1.8,max_dim=0.284
poker,rwypbs,too_large,0,0,0.0,max_dim=0.664
pole,pkzvpk,too_large,0,0,0.0,max_dim=1.397
polish_bottle,hldhxl,no_grasp,200,0,2.1,max_dim=0.276
pomegranate,tldskr,no_grasp,200,0,1.5,max_dim=0.089
pomelo,ezckjt,no_grasp,200,0,1.5,max_dim=0.088
pommel_horse,safhsw,too_large,0,0,0.0,max_dim=1.048
pool_ball,uoirje,no_grasp,200,0,1.4,max_dim=0.059
pool_stick,werrrt,too_large,0,0,0.0,max_dim=1.591
pool_table,atjfhn,too_large,0,0,0.0,max_dim=2.032
pop_case,dufbnv,no_grasp,200,0,1.4,max_dim=0.394
pop_case,gwgaqb,no_grasp,200,0,1.4,max_dim=0.360
pop_case,noiyxv,no_grasp,200,0,1.5,max_dim=0.394
pop_case,oarbks,no_grasp,200,0,102.6,max_dim=0.394
pop_case,pldtgy,no_grasp,200,0,92.9,max_dim=0.327
pop_case,qcfxec,graspable,200,1,101.0,max_dim=0.325
pop_case,qwtbon,graspable,200,2,99.1,max_dim=0.394
pop_case,rzhvvk,graspable,200,2,86.1,max_dim=0.295
pop_case,seiatm,no_grasp,200,0,104.1,max_dim=0.394
pop_case,sqiatv,no_grasp,200,0,96.3,max_dim=0.394
pop_case,unmexe,graspable,200,1,98.3,max_dim=0.268
pop_case,zfyatg,graspable,200,1,109.0,max_dim=0.223
pop_case,zxguap,graspable,200,1,105.0,max_dim=0.394
popcorn_bag,hdcpqg,graspable,200,5,25.1,max_dim=0.367
popcorn_machine,ignowl,too_large,0,0,0.0,max_dim=0.674
pork,ihekpm,graspable,200,5,11.0,max_dim=0.117
pork_chop,bdwvkg,graspable,200,5,34.9,max_dim=0.147
pork_rib,tkqvnq,not_ready,0,0,0.0,max_dim=0.204
portable_game_console,muwcnf,graspable,200,5,24.8,max_dim=0.096
portafilter,obdthu,not_ready,0,0,0.0,max_dim=0.200
portrait,xsayvx,too_large,0,0,0.0,max_dim=1.887
post_it,drlhqi,graspable,200,5,10.9,max_dim=0.077
post_it,ooetjh,graspable,200,5,9.6,max_dim=0.075
post_it,xakxes,graspable,200,5,10.5,max_dim=0.075
postage_stamp,biqmtn,not_ready,0,0,0.0,max_dim=0.035
postage_stamp,yszkpy,not_ready,0,0,0.0,max_dim=0.035
postcard,aujfqp,graspable,200,5,21.1,max_dim=0.160
poster,dsrcyt,too_large,0,0,0.0,max_dim=0.888
poster_roll,iqnvyu,graspable,200,5,13.7,max_dim=0.441
poster_roll,mlezct,graspable,200,5,11.0,max_dim=0.427
poster_roll,sjrlmi,graspable,200,1,103.4,max_dim=0.426
poster_roll,vqkwuk,too_large,0,0,0.0,max_dim=0.542
pot_plant,aantth,graspable,200,5,70.6,max_dim=0.407
pot_plant,arwvvc,not_ready,0,0,0.0,max_dim=0.438
pot_plant,asnsgf,too_large,0,0,0.0,max_dim=0.630
pot_plant,azfbnd,graspable,200,5,51.9,max_dim=0.335
pot_plant,bjwskl,too_large,0,0,0.0,max_dim=1.163
pot_plant,cecdwu,too_large,0,0,0.0,max_dim=0.678
pot_plant,cqqyzp,graspable,200,5,39.2,max_dim=0.419
pot_plant,cvthyv,not_ready,0,0,0.0,max_dim=0.214
pot_plant,dbjcic,not_ready,0,0,0.0,max_dim=0.244
pot_plant,dxypbs,too_large,0,0,0.0,max_dim=1.554
pot_plant,eixiaq,too_large,0,0,0.0,max_dim=2.649
pot_plant,ftbsdt,too_large,0,0,0.0,max_dim=0.605
pot_plant,iblutb,too_large,0,0,0.0,max_dim=1.032
pot_plant,ibvdwh,too_large,0,0,0.0,max_dim=1.223
pot_plant,imhfnc,too_large,0,0,0.0,max_dim=0.594
pot_plant,irdjit,too_large,0,0,0.0,max_dim=1.824
pot_plant,irffta,too_large,0,0,0.0,max_dim=0.909
pot_plant,irtlsj,not_ready,0,0,0.0,max_dim=0.370
pot_plant,jaofyw,too_large,0,0,0.0,max_dim=1.077
pot_plant,jatssq,graspable,200,5,38.5,max_dim=0.286
pot_plant,jaunqh,graspable,200,5,32.3,max_dim=0.290
pot_plant,jgkozi,graspable,200,5,13.0,max_dim=0.113
pot_plant,jrvtso,not_ready,0,0,0.0,max_dim=0.444
pot_plant,jtkcip,too_large,0,0,0.0,max_dim=2.360
pot_plant,kjnypo,graspable,200,5,13.5,max_dim=0.256
pot_plant,kndwfb,too_large,0,0,0.0,max_dim=1.101
pot_plant,koloae,too_large,0,0,0.0,max_dim=1.293
pot_plant,kxmvco,graspable,200,5,117.2,max_dim=0.370
pot_plant,kyrcpw,not_ready,0,0,0.0,max_dim=0.482
pot_plant,liqyem,too_large,0,0,0.0,max_dim=0.604
pot_plant,lligdl,too_large,0,0,0.0,max_dim=1.919
pot_plant,mfnact,too_large,0,0,0.0,max_dim=0.782
pot_plant,mkhbtk,too_large,0,0,0.0,max_dim=1.744
pot_plant,mqhlkf,too_large,0,0,0.0,max_dim=1.844
pot_plant,mypsrd,graspable,200,5,15.9,max_dim=0.225
pot_plant,niavbx,too_large,0,0,0.0,max_dim=1.097
pot_plant,nscddw,graspable,200,3,99.5,max_dim=0.442
pot_plant,opykqm,too_large,0,0,0.0,max_dim=0.517
pot_plant,peypuq,too_large,0,0,0.0,max_dim=1.052
pot_plant,qenqqv,graspable,200,5,79.2,max_dim=0.463
pot_plant,qftnsu,too_large,0,0,0.0,max_dim=0.924
pot_plant,qlyaks,too_large,0,0,0.0,max_dim=0.993
pot_plant,quaxmw,graspable,200,5,52.3,max_dim=0.305
pot_plant,qwtwrx,too_large,0,0,0.0,max_dim=1.077
pot_plant,qyarus,not_ready,0,0,0.0,max_dim=0.370
pot_plant,spmhnj,not_ready,0,0,0.0,max_dim=0.254
pot_plant,stawgx,too_large,0,0,0.0,max_dim=0.642
pot_plant,tbsjnw,graspable,200,5,27.4,max_dim=0.349
pot_plant,ttijye,too_large,0,0,0.0,max_dim=1.176
pot_plant,udqjui,too_large,0,0,0.0,max_dim=0.671
pot_plant,usrbxb,not_ready,0,0,0.0,max_dim=0.452
pot_plant,uvbpsf,graspable,200,4,98.7,max_dim=0.399
pot_plant,vcwwrd,not_ready,0,0,0.0,max_dim=0.469
pot_plant,vycujf,too_large,0,0,0.0,max_dim=0.860
pot_plant,vyswzs,too_large,0,0,0.0,max_dim=0.538
pot_plant,xcybvc,too_large,0,0,0.0,max_dim=1.547
pot_plant,xyczqb,graspable,200,5,79.8,max_dim=0.465
pot_plant,xzoovy,graspable,200,5,19.4,max_dim=0.290
pot_plant,yrakhf,not_ready,0,0,0.0,max_dim=0.369
pot_plant,yvuagy,graspable,200,5,20.6,max_dim=0.299
pot_plant,zkbbdm,too_large,0,0,0.0,max_dim=1.243
pot_plant,ztnfnw,too_large,0,0,0.0,max_dim=0.765
potato,bpwohr,graspable,200,5,9.8,max_dim=0.081
potato,lgupkq,not_ready,0,0,0.0,max_dim=0.136
potato,ljfitc,graspable,200,5,12.0,max_dim=0.076
potato,lqjear,graspable,200,5,10.5,max_dim=0.077
potato,ngjeog,graspable,200,5,10.4,max_dim=0.084
potato,reczhi,graspable,200,5,10.0,max_dim=0.106
potato_masher,qxfadi,graspable,200,5,24.1,max_dim=0.357
pottable_beefsteak_tomato,rrjizb,too_large,0,0,0.0,max_dim=0.628
pottable_cactus,fcqqsz,not_ready,0,0,0.0,max_dim=0.135
pottable_chili,lpshnm,not_ready,0,0,0.0,max_dim=0.301
pottable_chili,pwalol,not_ready,0,0,0.0,max_dim=0.305
pottable_daffodil,yuuyxp,graspable,200,5,13.1,max_dim=0.186
pottable_dahlia,shchvh,graspable,200,5,33.6,max_dim=0.407
pottable_dahlia,wcgqlj,graspable,200,5,11.0,max_dim=0.280
pottable_marigold,clbgcs,not_ready,0,0,0.0,max_dim=0.215
power_drill,hdvnxd,not_ready,0,0,0.0,max_dim=0.289
power_strip,czvrku,too_large,0,0,0.0,max_dim=0.551
power_washer,pkhrip,too_large,0,0,0.0,max_dim=0.824
pressure_cooker,otyngn,graspable,200,5,38.9,max_dim=0.394
pretzel,rmutwn,graspable,200,5,31.6,max_dim=0.241
price_tag,uijuyh,graspable,200,5,12.1,max_dim=0.090
printer,icxhbx,too_large,0,0,0.0,max_dim=0.621
printer,kqmlho,not_ready,0,0,0.0,max_dim=0.366
printer,kqzshp,too_large,0,0,0.0,max_dim=1.130
printer,oyqbtq,too_large,0,0,0.0,max_dim=0.582
printer,tiioui,no_grasp,200,0,80.8,max_dim=0.440
projection_screen,dyhmgd,too_large,0,0,0.0,max_dim=1.473
projection_screen,owgtas,too_large,0,0,0.0,max_dim=3.115
projection_screen,ubdmvn,too_large,0,0,0.0,max_dim=1.473
projection_screen,zsquya,too_large,0,0,0.0,max_dim=1.701
projector,pqtbkr,too_large,0,0,0.0,max_dim=0.614
projector,spedyw,no_grasp,200,0,103.3,max_dim=0.463
prosciutto,udjqae,graspable,200,5,41.7,max_dim=0.227
pruner,lucqrs,no_grasp,200,0,31.0,max_dim=0.228
public_trash_can,aefcem,too_large,0,0,0.0,max_dim=0.659
public_trash_can,duugbb,too_large,0,0,0.0,max_dim=0.743
public_trash_can,fkosow,too_large,0,0,0.0,max_dim=0.664
public_trash_can,glzckq,too_large,0,0,0.0,max_dim=0.657
public_trash_can,gsgutn,too_large,0,0,0.0,max_dim=0.693
public_trash_can,gvnfgj,no_grasp,200,0,2.0,max_dim=0.349
public_trash_can,hxsyxo,too_large,0,0,0.0,max_dim=0.779
public_trash_can,leazin,too_large,0,0,0.0,max_dim=0.711
public_trash_can,mcukuh,too_large,0,0,0.0,max_dim=0.907
public_trash_can,rteihy,too_large,0,0,0.0,max_dim=0.771
public_trash_can,xkqkbf,too_large,0,0,0.0,max_dim=0.980
public_trash_can,zotrbg,too_large,0,0,0.0,max_dim=0.891
pump,wqbseg,too_large,0,0,0.0,max_dim=0.524
pumpkin,apitmi,no_grasp,200,0,1.6,max_dim=0.150
pumpkin,mrntpd,no_grasp,200,0,1.6,max_dim=0.150
pumpkin_seed_bag,wyojnz,no_grasp,200,0,2.8,max_dim=0.367
punching_bag,svkdji,too_large,0,0,0.0,max_dim=1.432
putty_knife,qmdkub,no_grasp,200,0,1.9,max_dim=0.251
quail_breast,ncpuwf,no_grasp,200,0,1.5,max_dim=0.158
quail_breast_raw,fddlep,no_grasp,200,0,1.7,max_dim=0.158
quail_leg,kbwdrb,no_grasp,200,0,1.5,max_dim=0.061
quarter,hujmer,no_grasp,200,0,1.5,max_dim=0.024
quartz,drqtci,no_grasp,200,0,2.0,max_dim=0.069
quartz,kilkpz,no_grasp,200,0,1.4,max_dim=0.080
quartz,klgses,graspable,200,5,19.7,max_dim=0.127
quartz,poplsu,graspable,200,5,10.8,max_dim=0.064
quartz,tgqodl,graspable,200,5,7.7,max_dim=0.134
quartz,vfuilh,graspable,200,5,20.2,max_dim=0.118
quiche,borxmv,graspable,200,5,12.5,max_dim=0.220
quiche,fvhqcu,not_ready,0,0,0.0,max_dim=0.132
quilt,getwzm,too_large,0,0,0.0,max_dim=1.525
quilt,gxmcpy,too_large,0,0,0.0,max_dim=1.546
quilt,mksdlu,too_large,0,0,0.0,max_dim=1.576
quilt,prhems,too_large,0,0,0.0,max_dim=2.788
quilt,xewyiz,degenerate_bbox,0,0,0.0,"[1.5000001220703125, 1.5000001220703125, 0.0]"
radiator,arfdpk,no_grasp,200,0,83.9,max_dim=0.356
radiator,arsjbe,too_large,0,0,0.0,max_dim=1.274
radiator,bftrar,too_large,0,0,0.0,max_dim=1.274
radiator,cbjgea,too_large,0,0,0.0,max_dim=0.938
radiator,dwmloz,no_grasp,200,0,114.5,max_dim=0.356
radiator,jgqckb,too_large,0,0,0.0,max_dim=1.495
radiator,jlhyiq,too_large,0,0,0.0,max_dim=0.708
radiator,jxrlul,too_large,0,0,0.0,max_dim=0.708
radiator,lnvush,too_large,0,0,0.0,max_dim=0.708
radiator,lwgvaq,too_large,0,0,0.0,max_dim=1.831
radiator,sxsljf,too_large,0,0,0.0,max_dim=1.837
radiator,talsmj,too_large,0,0,0.0,max_dim=1.798
radiator,wntwxx,no_grasp,200,0,94.2,max_dim=0.356
radiator,xnoiwp,too_large,0,0,0.0,max_dim=1.250
radiator,zgjthd,too_large,0,0,0.0,max_dim=0.708
radiator,znmvtw,too_large,0,0,0.0,max_dim=0.938
radio,vgioak,graspable,200,5,16.0,max_dim=0.315
radio,wxnicr,graspable,200,5,34.6,max_dim=0.321
radish,bpmjki,graspable,200,5,12.6,max_dim=0.051
radish,vztgpr,graspable,200,5,23.5,max_dim=0.130
rag,oocmed,not_ready,0,0,0.0,max_dim=0.278
rail_fence,akeroe,too_large,0,0,0.0,max_dim=3.109
rail_fence,alekre,too_large,0,0,0.0,max_dim=8.494
rail_fence,aoppol,too_large,0,0,0.0,max_dim=2.985
rail_fence,cfcgtl,too_large,0,0,0.0,max_dim=51.310
rail_fence,czawic,too_large,0,0,0.0,max_dim=3.682
rail_fence,eiaekr,too_large,0,0,0.0,max_dim=5.196
rail_fence,eoeeeo,too_large,0,0,0.0,max_dim=31.789
rail_fence,eorler,too_large,0,0,0.0,max_dim=4.540
rail_fence,ewgkos,too_large,0,0,0.0,max_dim=3.787
rail_fence,friakc,too_large,0,0,0.0,max_dim=21.035
rail_fence,iduxiv,too_large,0,0,0.0,max_dim=1.200
rail_fence,jayfuh,too_large,0,0,0.0,max_dim=33.156
rail_fence,lamwbr,too_large,0,0,0.0,max_dim=8.885
rail_fence,lqwler,too_large,0,0,0.0,max_dim=30.058
rail_fence,nmmzqh,too_large,0,0,0.0,max_dim=33.156
rail_fence,nrcmie,too_large,0,0,0.0,max_dim=5.839
rail_fence,oserie,too_large,0,0,0.0,max_dim=5.502
rail_fence,owbrvb,too_large,0,0,0.0,max_dim=23.052
rail_fence,poseqe,too_large,0,0,0.0,max_dim=21.187
rail_fence,qgpjhr,too_large,0,0,0.0,max_dim=31.789
rail_fence,qksssk,too_large,0,0,0.0,max_dim=18.368
rail_fence,qmsnld,too_large,0,0,0.0,max_dim=1.200
rail_fence,roemfr,too_large,0,0,0.0,max_dim=58.766
rail_fence,vjfdnl,too_large,0,0,0.0,max_dim=6.914
rail_fence,vwpqly,too_large,0,0,0.0,max_dim=1.200
rail_fence,wcocar,too_large,0,0,0.0,max_dim=21.136
rail_fence,wvfgad,too_large,0,0,0.0,max_dim=52.743
rail_fence,yhhgte,too_large,0,0,0.0,max_dim=24.149
rail_fence,yyyoer,too_large,0,0,0.0,max_dim=8.374
railing,mkhabj,too_large,0,0,0.0,max_dim=3.361
railing,pqzbbb,too_large,0,0,0.0,max_dim=1.008
railing,ysodgc,too_large,0,0,0.0,max_dim=3.654
raincoat,wczokr,too_large,0,0,0.0,max_dim=0.930
raisin_box,yowyst,not_ready,0,0,0.0,max_dim=0.204
rake,jjetot,too_large,0,0,0.0,max_dim=1.023
rake,yadqbu,too_large,0,0,0.0,max_dim=1.405
ramen,ofnvor,not_ready,0,0,0.0,max_dim=0.103
range_hood,beanpv,too_large,0,0,0.0,max_dim=1.053
range_hood,duqgcu,too_large,0,0,0.0,max_dim=0.717
range_hood,eckiyr,too_large,0,0,0.0,max_dim=2.912
range_hood,iqbpie,too_large,0,0,0.0,max_dim=0.716
range_hood,lejkwg,too_large,0,0,0.0,max_dim=0.920
range_hood,uokzpw,too_large,0,0,0.0,max_dim=1.052
range_hood,xnokqb,too_large,0,0,0.0,max_dim=3.659
range_hood,xvdfpp,too_large,0,0,0.0,max_dim=1.128
range_hood,ylsdmp,too_large,0,0,0.0,max_dim=0.717
raspberry,spkers,not_ready,0,0,0.0,max_dim=0.011
raspberry,ygrfsn,not_ready,0,0,0.0,max_dim=0.020
raw_egg,ydgivr,not_ready,0,0,0.0,max_dim=0.143
razor,jocsgp,graspable,200,5,11.5,max_dim=0.068
reagent_bottle,tnjpsf,not_ready,0,0,0.0,max_dim=0.185
reagent_bottle,trtrsl,not_ready,0,0,0.0,max_dim=0.185
reagent_bottle,uaijua,graspable,200,5,12.7,max_dim=0.185
reagent_bottle,ukayce,not_ready,0,0,0.0,max_dim=0.185
reagent_bottle,xstykf,not_ready,0,0,0.0,max_dim=0.185
receipt,hgnbjj,graspable,200,5,28.9,max_dim=0.127
receipt,qfaleu,graspable,200,5,17.3,max_dim=0.196
receipt,rzrhlo,graspable,200,5,20.9,max_dim=0.200
receipt,xvfean,graspable,200,5,31.8,max_dim=0.128
receipt,zsxylm,graspable,200,5,30.6,max_dim=0.196
reception_desk,kjmhgc,too_large,0,0,0.0,max_dim=1.451
reception_desk,qztpgl,too_large,0,0,0.0,max_dim=2.420
reception_desk,ukonss,too_large,0,0,0.0,max_dim=2.563
reception_desk,vxombm,too_large,0,0,0.0,max_dim=2.160
recreational_vehicle,doiucd,too_large,0,0,0.0,max_dim=4.567
rectangular_light,jnnhzm,too_large,0,0,0.0,max_dim=1.993
rectangular_light,lmicjz,too_large,0,0,0.0,max_dim=1.500
rectangular_light,nsjice,too_large,0,0,0.0,max_dim=2.051
recycling_bin,mdojox,too_large,0,0,0.0,max_dim=0.880
recycling_bin,nuoypc,too_large,0,0,0.0,max_dim=0.765
recycling_bin,pdmzhv,too_large,0,0,0.0,max_dim=0.815
reed_diffuser,kfdaui,too_large,0,0,0.0,max_dim=0.799
reed_diffuser,ngcvaw,not_ready,0,0,0.0,max_dim=0.378
refried_beans_can,dafdgk,not_ready,0,0,0.0,max_dim=0.204
retainer,umtnei,graspable,200,5,9.3,max_dim=0.063
rhubarb,njgkah,graspable,200,5,10.6,max_dim=0.097
rib,nzbnqp,graspable,200,5,106.8,max_dim=0.345
ribbon,apyxhw,graspable,200,5,10.7,max_dim=0.251
rice_cooker,qatgeb,not_ready,0,0,0.0,max_dim=0.398
ring,oolbrj,graspable,200,5,13.1,max_dim=0.015
ripsaw,laysom,graspable,200,5,48.4,max_dim=0.345
roasting_pan,nrecsa,not_ready,0,0,0.0,max_dim=0.350
rocking_chair,drpbxj,too_large,0,0,0.0,max_dim=0.660
rocking_chair,tjaphm,too_large,0,0,0.0,max_dim=0.647
rocking_chair,wkduul,too_large,0,0,0.0,max_dim=0.732
rocking_chair,zgmspi,too_large,0,0,0.0,max_dim=0.793
roll_dough,plwpgb,not_ready,0,0,0.0,max_dim=0.200
rolled_yoga_mat,podgkd,too_large,0,0,0.0,max_dim=0.610
rolling_pin,mwrdae,graspable,200,5,57.8,max_dim=0.417
rolling_pin,smnklu,graspable,200,5,69.2,max_dim=0.398
roof,acfbve,too_large,0,0,0.0,max_dim=16.010
roof,amxayl,too_large,0,0,0.0,max_dim=19.476
roof,cpxkyn,too_large,0,0,0.0,max_dim=9.610
roof,flecvu,too_large,0,0,0.0,max_dim=14.325
roof,hbnfbg,too_large,0,0,0.0,max_dim=12.061
roof,jqqtaq,too_large,0,0,0.0,max_dim=29.025
roof,pgwmer,too_large,0,0,0.0,max_dim=13.582
roof,whdldt,too_large,0,0,0.0,max_dim=14.812
room_divider,bydmct,too_large,0,0,0.0,max_dim=1.600
room_divider,doxkzb,too_large,0,0,0.0,max_dim=1.223
room_divider,ifajxj,too_large,0,0,0.0,max_dim=2.700
room_divider,ispwfg,too_large,0,0,0.0,max_dim=3.793
room_divider,lgrcuq,too_large,0,0,0.0,max_dim=2.025
room_divider,mtamtq,too_large,0,0,0.0,max_dim=2.701
room_divider,ngwbgo,too_large,0,0,0.0,max_dim=3.275
room_divider,oufvle,too_large,0,0,0.0,max_dim=3.793
room_divider,ridxcj,too_large,0,0,0.0,max_dim=3.525
room_divider,vwnumt,too_large,0,0,0.0,max_dim=4.898
room_divider,vzwwqo,too_large,0,0,0.0,max_dim=1.915
room_divider,xqxcue,too_large,0,0,0.0,max_dim=2.700
room_light,acksaa,too_large,0,0,0.0,max_dim=0.944
room_light,bgvpxl,too_large,0,0,0.0,max_dim=1.099
room_light,bypxxd,too_large,0,0,0.0,max_dim=1.338
room_light,cucdgm,too_large,0,0,0.0,max_dim=0.744
room_light,ddvvuq,too_large,0,0,0.0,max_dim=1.126
room_light,dthvxn,too_large,0,0,0.0,max_dim=0.856
room_light,eqbjaz,too_large,0,0,0.0,max_dim=1.133
room_light,frjwas,too_large,0,0,0.0,max_dim=2.172
room_light,fxtqtn,too_large,0,0,0.0,max_dim=1.822
room_light,houchv,too_large,0,0,0.0,max_dim=1.980
room_light,hqxyvs,too_large,0,0,0.0,max_dim=0.986
room_light,htznln,too_large,0,0,0.0,max_dim=1.212
room_light,ijvlre,too_large,0,0,0.0,max_dim=1.061
room_light,kiuayi,too_large,0,0,0.0,max_dim=0.563
room_light,ktlgie,too_large,0,0,0.0,max_dim=3.476
room_light,mhcbeg,too_large,0,0,0.0,max_dim=2.780
room_light,mjfjhn,too_large,0,0,0.0,max_dim=0.899
room_light,nimhbn,too_large,0,0,0.0,max_dim=2.780
room_light,occcxo,too_large,0,0,0.0,max_dim=1.148
room_light,paewfc,too_large,0,0,0.0,max_dim=0.673
room_light,podyre,too_large,0,0,0.0,max_dim=0.729
room_light,qqihah,too_large,0,0,0.0,max_dim=2.780
room_light,rueuqi,too_large,0,0,0.0,max_dim=1.314
room_light,uptmal,too_large,0,0,0.0,max_dim=1.719
room_light,vbaigh,too_large,0,0,0.0,max_dim=2.066
room_light,widhrs,too_large,0,0,0.0,max_dim=0.913
room_light,wvctnb,too_large,0,0,0.0,max_dim=0.856
room_light,xaezsw,too_large,0,0,0.0,max_dim=1.436
room_light,xiajyb,too_large,0,0,0.0,max_dim=2.520
room_light,xyvxhs,too_large,0,0,0.0,max_dim=1.099
room_ventilator,jhceta,no_grasp,200,0,89.6,max_dim=0.426
room_ventilator,pbceln,graspable,200,5,81.0,max_dim=0.432
room_ventilator,qijbza,too_large,0,0,0.0,max_dim=0.743
room_ventilator,twffnv,not_ready,0,0,0.0,max_dim=0.432
room_ventilator,yvpfsq,graspable,200,5,14.8,max_dim=0.205
rope,lasdsa,too_large,0,0,0.0,max_dim=2.103
rose,hrwson,graspable,200,5,10.3,max_dim=0.298
rosehip,xembcb,graspable,200,5,9.8,max_dim=0.059
rosemary_shaker,iayqxs,graspable,200,5,10.2,max_dim=0.160
round_bottom_flask,fjytro,graspable,200,5,9.7,max_dim=0.210
round_bottom_flask,hmzafz,graspable,200,5,52.6,max_dim=0.218
round_bottom_flask,injdmj,graspable,200,5,10.7,max_dim=0.092
round_bottom_flask,tqyiso,graspable,200,5,35.9,max_dim=0.183
router,tokdic,graspable,200,5,30.2,max_dim=0.275
rubber_boot,ejwnhl,graspable,200,4,87.5,max_dim=0.313
rubber_boot,fajzct,graspable,200,5,52.6,max_dim=0.337
rubber_boot,wsjpfi,graspable,200,5,30.0,max_dim=0.337
rubber_boot,zzwsnw,graspable,200,3,119.1,max_dim=0.438
rubber_eraser,cungod,graspable,200,5,11.0,max_dim=0.050
rubber_glove,crbvcg,not_ready,0,0,0.0,max_dim=0.150
rubber_glove,feadfc,graspable,200,5,29.7,max_dim=0.164
rubber_glove,gjdier,not_ready,0,0,0.0,max_dim=0.226
rubber_glove,hsaxtc,graspable,200,5,34.4,max_dim=0.216
rubber_glove,jkdfea,not_ready,0,0,0.0,max_dim=0.264
rubber_glove,leuiso,not_ready,0,0,0.0,max_dim=0.321
rubber_glove,plffer,not_ready,0,0,0.0,max_dim=0.150
rubber_glove,rlzvry,not_ready,0,0,0.0,max_dim=0.322
rubbing_alcohol_atomizer,kbnobp,graspable,200,5,15.0,max_dim=0.257
ruby,syneus,graspable,200,5,34.5,max_dim=0.005
ruler,ckywbx,graspable,200,5,62.3,max_dim=0.115
ruler,gajhql,graspable,200,5,19.4,max_dim=0.168
ruler,rutqab,graspable,200,5,34.4,max_dim=0.330
ruler,ujizkx,graspable,200,5,86.5,max_dim=0.332
ruler,vmnaih,graspable,200,5,59.8,max_dim=0.332
rum_bottle,ueagnt,graspable,200,5,76.1,max_dim=0.205
rutabaga,qpwfps,not_ready,0,0,0.0,max_dim=0.113
saddle_soap_bottle,ugqdao,graspable,200,5,11.9,max_dim=0.276
saffron_shaker,xrlamf,graspable,200,5,11.3,max_dim=0.160
sage_shaker,eerlcy,graspable,200,5,10.6,max_dim=0.160
salad,nffvob,not_ready,0,0,0.0,max_dim=0.170
salmon,glrmfn,graspable,200,5,44.4,max_dim=0.134
salsa_bottle,kydilb,graspable,200,5,32.5,max_dim=0.258
salt_bottle,wdpcmk,graspable,200,5,15.7,max_dim=0.129
salt_shaker,fonexa,graspable,200,5,12.4,max_dim=0.155
salt_shaker,fztfsi,not_ready,0,0,0.0,max_dim=0.172
salt_shaker,iomwtn,graspable,200,5,13.8,max_dim=0.140
salt_shaker,qowouj,graspable,200,5,40.1,max_dim=0.073
salt_shaker,zkpgkl,not_ready,0,0,0.0,max_dim=0.084
sandal,chgcrm,graspable,200,5,29.5,max_dim=0.243
sandal,dfkzbd,graspable,200,5,16.4,max_dim=0.256
sandal,shdahi,graspable,200,5,31.3,max_dim=0.236
sandal,spcddb,graspable,200,5,36.1,max_dim=0.236
sandal,tkfdsk,graspable,200,5,23.9,max_dim=0.237
sandal,txkidl,graspable,200,5,29.6,max_dim=0.237
sandal,uhzfis,graspable,200,5,18.6,max_dim=0.214
sandal,vwbomj,graspable,200,5,12.1,max_dim=0.256
sandal,zafskl,graspable,200,5,50.6,max_dim=0.224
sandbox,dcqptj,too_large,0,0,0.0,max_dim=3.270
sanitary_napkin,axqfpb,graspable,200,5,15.1,max_dim=0.202
satchel,ppzjuj,too_large,0,0,0.0,max_dim=0.544
saucepan,fsinsu,graspable,200,5,12.0,max_dim=0.300
saucepot,chjetk,graspable,200,5,18.7,max_dim=0.345
saucepot,fbfmwt,too_large,0,0,0.0,max_dim=0.539
saucepot,kvgaar,graspable,200,5,78.7,max_dim=0.452
saucepot,obuxbe,graspable,200,5,69.6,max_dim=0.288
saucepot,ozrwwk,too_large,0,0,0.0,max_dim=0.530
saucepot,pkfydm,graspable,200,5,67.7,max_dim=0.413
saucepot,sthkfz,too_large,0,0,0.0,max_dim=0.512
saucepot,tfzijn,graspable,200,5,18.9,max_dim=0.416
saucepot,urqzec,graspable,200,5,52.8,max_dim=0.433
saucepot,uvzmss,graspable,200,5,25.2,max_dim=0.300
saucepot,vqtkwq,graspable,200,5,33.2,max_dim=0.393
saucepot,wfryvm,graspable,200,5,33.6,max_dim=0.400
saucer,mgbeah,graspable,200,4,119.2,max_dim=0.157
saucer,oxivmf,graspable,200,5,69.3,max_dim=0.267
saucer,szzjzd,graspable,200,5,37.4,max_dim=0.109
saucer,vghfkh,graspable,200,5,89.7,max_dim=0.144
sauna_bench,chviag,too_large,0,0,0.0,max_dim=4.004
sauna_bench,glyeot,too_large,0,0,0.0,max_dim=2.850
sauna_bench,umcfkh,too_large,0,0,0.0,max_dim=1.931
sauna_heater,etqusf,too_large,0,0,0.0,max_dim=0.645
sauna_heater,jgmzza,too_large,0,0,0.0,max_dim=0.768
sauna_suit,bgvwes,too_large,0,0,0.0,max_dim=1.608
saxophone,kladff,too_large,0,0,0.0,max_dim=1.001
scallop,phgkmn,graspable,200,5,20.6,max_dim=0.158
scanner,juzkjp,graspable,200,4,105.9,max_dim=0.310
scarf,kclcrj,too_large,0,0,0.0,max_dim=0.848
schnitzel,yswhcs,graspable,200,5,43.1,max_dim=0.133
scone,gwdhyj,graspable,200,5,22.1,max_dim=0.112
scone,sgiols,not_ready,0,0,0.0,max_dim=0.116
scoop,oaghrf,graspable,200,5,68.6,max_dim=0.173
scoop_of_ice_cream,dodndj,not_ready,0,0,0.0,max_dim=0.049
scoop_of_ice_cream,kmbwth,not_ready,0,0,0.0,max_dim=0.049
scoop_of_ice_cream,trpctm,not_ready,0,0,0.0,max_dim=0.049
scoop_of_ice_cream,vdtzvz,not_ready,0,0,0.0,max_dim=0.049
scoop_of_ice_cream,zenrml,not_ready,0,0,0.0,max_dim=0.049
scoreboard,oiiyae,too_large,0,0,0.0,max_dim=2.490
scraper,icqmje,graspable,200,5,32.5,max_dim=0.175
screw,bkxwfh,graspable,200,5,11.7,max_dim=0.042
screw,lczbkm,graspable,200,5,13.6,max_dim=0.041
screw,mkfodk,graspable,200,5,14.3,max_dim=0.048
screwdriver,irtslw,graspable,200,5,13.9,max_dim=0.196
screwdriver,uajlga,graspable,200,5,26.3,max_dim=0.196
scrub_brush,hsejyi,graspable,200,5,53.7,max_dim=0.127
sealant_atomizer,wwpgax,graspable,200,5,13.4,max_dim=0.151
seashell,iuoykx,not_ready,0,0,0.0,max_dim=0.094
seashell,lbzsnp,graspable,200,5,13.9,max_dim=0.037
seashell,nalnmu,graspable,200,5,13.1,max_dim=0.019
seashell,nekgsq,graspable,200,5,52.8,max_dim=0.114
seashell,snrgok,graspable,200,5,15.4,max_dim=0.171
security_camera,bhsikv,graspable,200,3,132.5,max_dim=0.440
security_camera,tiscsa,not_ready,0,0,0.0,max_dim=0.162
serving_cart,heqtlk,too_large,0,0,0.0,max_dim=0.849
serving_cart,lwgmcc,too_large,0,0,0.0,max_dim=0.985
serving_cart,ouddxy,too_large,0,0,0.0,max_dim=1.016
serving_cart,revrxw,too_large,0,0,0.0,max_dim=0.884
serving_cart,vvtcby,too_large,0,0,0.0,max_dim=0.643
serving_cart,yaabya,too_large,0,0,0.0,max_dim=1.175
sesame_oil_bottle,bupgpj,not_ready,0,0,0.0,max_dim=0.276
sesame_seed_shaker,txxyce,graspable,200,5,12.4,max_dim=0.160
set_triangle,swlgkg,graspable,200,5,46.8,max_dim=0.117
shaker,hbheag,not_ready,0,0,0.0,max_dim=0.092
shaker,nbjgci,graspable,200,5,24.1,max_dim=0.099
shampoo_bottle,tukaoq,graspable,200,5,13.6,max_dim=0.277
shampoo_dispenser,eblcnw,graspable,200,5,18.2,max_dim=0.145
shampoo_dispenser,eywylh,graspable,200,5,11.4,max_dim=0.154
shampoo_dispenser,kkbhzw,graspable,200,5,16.1,max_dim=0.204
shampoo_dispenser,ndrvvm,graspable,200,5,18.5,max_dim=0.151
shampoo_dispenser,nrthyl,graspable,200,5,11.2,max_dim=0.134
shampoo_dispenser,thurmw,graspable,200,5,15.7,max_dim=0.094
shampoo_dispenser,tnfhlf,not_ready,0,0,0.0,max_dim=0.168
shampoo_dispenser,vnyzbu,not_ready,0,0,0.0,max_dim=0.236
shampoo_dispenser,zoyyia,graspable,200,5,10.3,max_dim=0.092
shears,iizidc,graspable,200,5,26.1,max_dim=0.128
shelf,adgrkb,too_large,0,0,0.0,max_dim=0.755
shelf,amyper,too_large,0,0,0.0,max_dim=1.743
shelf,apiaid,too_large,0,0,0.0,max_dim=1.490
shelf,aqtmhm,too_large,0,0,0.0,max_dim=2.292
shelf,cbidyu,too_large,0,0,0.0,max_dim=2.562
shelf,cyckht,graspable,200,2,107.6,max_dim=0.286
shelf,fjozhc,too_large,0,0,0.0,max_dim=3.213
shelf,hrfwyd,graspable,200,1,95.4,max_dim=0.267
shelf,hrrrbw,too_large,0,0,0.0,max_dim=7.012
shelf,ibrbnl,too_large,0,0,0.0,max_dim=0.916
shelf,iruewm,too_large,0,0,0.0,max_dim=0.602
shelf,kxvbui,too_large,0,0,0.0,max_dim=1.241
shelf,nbmidu,too_large,0,0,0.0,max_dim=1.511
shelf,notszn,too_large,0,0,0.0,max_dim=1.106
shelf,nuzsvi,too_large,0,0,0.0,max_dim=3.875
shelf,pfusrd,too_large,0,0,0.0,max_dim=0.785
shelf,qrmiur,too_large,0,0,0.0,max_dim=0.555
shelf,rglkkf,too_large,0,0,0.0,max_dim=1.724
shelf,sapyzl,too_large,0,0,0.0,max_dim=1.515
shelf,ubsonj,too_large,0,0,0.0,max_dim=1.598
shelf,vanltx,too_large,0,0,0.0,max_dim=1.185
shelf,wiiyfk,too_large,0,0,0.0,max_dim=1.397
shelf,wvkefp,too_large,0,0,0.0,max_dim=0.902
shelf,xezdng,too_large,0,0,0.0,max_dim=2.772
shelf,xogqqm,too_large,0,0,0.0,max_dim=1.777
shelf,xrnzjv,no_grasp,200,0,92.8,max_dim=0.418
shelf,xuhsfd,too_large,0,0,0.0,max_dim=2.486
shelf,yursyw,too_large,0,0,0.0,max_dim=1.600
shelf,zadqqv,too_large,0,0,0.0,max_dim=0.513
shiitake,iwrtus,graspable,200,5,11.2,max_dim=0.052
shiitake,lrejyh,graspable,200,5,10.3,max_dim=0.047
shiitake,oirawt,graspable,200,5,10.2,max_dim=0.050
shoe_box,gvwcka,graspable,200,5,96.7,max_dim=0.268
shoe_box,ioetqp,graspable,200,1,108.1,max_dim=0.417
shoe_box,oiqahr,no_grasp,200,0,116.9,max_dim=0.293
shoe_box,pitwey,graspable,200,3,110.6,max_dim=0.306
shoe_box,towipq,graspable,200,2,100.6,max_dim=0.282
shoe_box,tqohgp,no_grasp,200,0,114.4,max_dim=0.293
shoe_rack,spdrzb,too_large,0,0,0.0,max_dim=0.805
shopping_basket,nedrsh,too_large,0,0,0.0,max_dim=0.614
shopping_basket,vsxhsv,graspable,200,5,94.2,max_dim=0.369
shopping_cart,igqaol,too_large,0,0,0.0,max_dim=1.015
shopping_cart,kmgltg,too_large,0,0,0.0,max_dim=0.836
shortening_carton,gswpdr,graspable,200,5,21.2,max_dim=0.305
shorts,rlespi,not_ready,0,0,0.0,max_dim=0.427
shoulder_bag,cqoesa,not_ready,0,0,0.0,max_dim=0.322
shoulder_bag,czcujg,not_ready,0,0,0.0,max_dim=0.289
shoulder_bag,exvfii,not_ready,0,0,0.0,max_dim=0.423
shoulder_bag,itlkfz,not_ready,0,0,0.0,max_dim=0.273
shoulder_bag,mcualj,graspable,200,5,52.9,max_dim=0.150
shoulder_bag,nkzulg,not_ready,0,0,0.0,max_dim=0.268
shoulder_bag,pxvcyu,graspable,200,5,63.5,max_dim=0.421
shoulder_bag,rykngq,not_ready,0,0,0.0,max_dim=0.270
shoulder_bag,upxnpu,not_ready,0,0,0.0,max_dim=0.382
shoulder_bag,vxobmt,not_ready,0,0,0.0,max_dim=0.421
shoulder_bag,xipfrv,not_ready,0,0,0.0,max_dim=0.378
shovel,guynvr,too_large,0,0,0.0,max_dim=0.737
shower,giialz,too_large,0,0,0.0,max_dim=1.240
shower,qkgvsz,too_large,0,0,0.0,max_dim=1.061
shower_stall,aktzdp,too_large,0,0,0.0,max_dim=2.032
shower_stall,atiuco,too_large,0,0,0.0,max_dim=1.812
shower_stall,gqxmqf,too_large,0,0,0.0,max_dim=2.100
shower_stall,invgma,too_large,0,0,0.0,max_dim=2.032
shower_stall,nvempw,too_large,0,0,0.0,max_dim=2.440
shower_stall,rhvubh,too_large,0,0,0.0,max_dim=2.150
shower_stall,sqzpmj,too_large,0,0,0.0,max_dim=2.078
shower_stall,taqzxq,too_large,0,0,0.0,max_dim=2.079
shower_stall,vcwkma,too_large,0,0,0.0,max_dim=2.005
shower_stall,vshrva,too_large,0,0,0.0,max_dim=2.079
showerhead,afoeoa,too_large,0,0,0.0,max_dim=1.131
showerhead,hukknl,too_large,0,0,0.0,max_dim=0.839
showerhead,kdvrbf,too_large,0,0,0.0,max_dim=1.448
showerhead,lfwwnr,too_large,0,0,0.0,max_dim=0.702
showerhead,lrfpvk,too_large,0,0,0.0,max_dim=1.102
showerhead,psscka,too_large,0,0,0.0,max_dim=1.046
showerhead,rhrpdm,too_large,0,0,0.0,max_dim=1.299
showerhead,svuhzb,too_large,0,0,0.0,max_dim=1.335
showerhead,tksyhh,too_large,0,0,0.0,max_dim=0.702
showerhead,vbijwn,too_large,0,0,0.0,max_dim=1.957
showerhead,vuswbv,too_large,0,0,0.0,max_dim=1.957
shredder,wkconu,no_grasp,200,0,93.1,max_dim=0.472
shrimp,mnpgev,graspable,200,5,11.5,max_dim=0.066
shutter,srfhbe,too_large,0,0,0.0,max_dim=1.377
sieve,ucrzlb,graspable,200,5,41.9,max_dim=0.328
signpost,axhlim,graspable,200,5,38.0,max_dim=0.221
signpost,bzkvvl,graspable,200,5,70.9,max_dim=0.305
signpost,ivvjfv,graspable,200,1,99.8,max_dim=0.408
signpost,mexzmk,graspable,200,5,29.7,max_dim=0.225
signpost,mlvfbp,graspable,200,5,38.6,max_dim=0.226
signpost,sdsfzw,graspable,200,5,45.7,max_dim=0.194
signpost,tplfny,too_large,0,0,0.0,max_dim=0.587
signpost,vvjtkv,too_large,0,0,0.0,max_dim=0.503
signpost,vwhtlm,too_large,0,0,0.0,max_dim=0.626
signpost,zwkfzz,graspable,200,5,80.9,max_dim=0.305
silver_coin,cuvzim,graspable,200,5,20.4,max_dim=0.017
silver_coin,jurber,graspable,200,5,34.8,max_dim=0.030
skateboard_deck,tgfidu,too_large,0,0,0.0,max_dim=1.044
skateboard_wheel,bbkthh,not_ready,0,0,0.0,max_dim=0.096
skateboard_wheel,lzdgcs,not_ready,0,0,0.0,max_dim=0.077
skateboard_wheel_assembly,acmbvb,graspable,200,5,11.9,max_dim=0.316
skateboard_wheel_assembly,jljqtt,graspable,200,5,15.0,max_dim=0.327
skates,igyveo,graspable,200,5,87.4,max_dim=0.369
skates,sjehwr,graspable,200,5,76.1,max_dim=0.370
skeletal_frame,cfqmqw,too_large,0,0,0.0,max_dim=14.413
skeletal_frame,cvtaos,too_large,0,0,0.0,max_dim=14.674
skeletal_frame,hjudzd,too_large,0,0,0.0,max_dim=15.603
skeletal_frame,nxyffe,too_large,0,0,0.0,max_dim=3.602
skeletal_frame,twalud,too_large,0,0,0.0,max_dim=3.591
ski,hwsrog,too_large,0,0,0.0,max_dim=2.675
ski,plzlek,too_large,0,0,0.0,max_dim=2.675
skiff,coanpv,too_large,0,0,0.0,max_dim=2.151
skimmer,wvmcce,graspable,200,5,75.1,max_dim=0.400
skimmer,xocqxg,graspable,200,5,76.9,max_dim=0.285
skirt,qofxar,graspable,200,5,49.2,max_dim=0.470
skyrocket,moxhuh,graspable,200,5,68.5,max_dim=0.226
sleeping_bag,uxqrod,too_large,0,0,0.0,max_dim=2.105
sliced_brisket,bzazex,graspable,200,5,11.0,max_dim=0.076
sliced_brisket,trtnba,graspable,200,5,10.3,max_dim=0.067
sliced_chocolate_cake,unwjgp,graspable,200,5,40.9,max_dim=0.142
sliced_cucumber,diiokc,graspable,200,5,12.0,max_dim=0.043
sliced_cucumber,ojnoxi,graspable,200,5,10.0,max_dim=0.043
sliced_eggplant,pdfkep,graspable,200,5,10.5,max_dim=0.059
sliced_lemon,brmhaw,graspable,200,5,9.7,max_dim=0.067
sliced_lemon,dladkr,graspable,200,5,10.6,max_dim=0.057
sliced_lemon,gikfar,graspable,200,5,10.4,max_dim=0.072
sliced_lemon,kafipe,graspable,200,5,10.1,max_dim=0.072
sliced_lemon,zdvobn,graspable,200,5,11.8,max_dim=0.057
sliced_melon,idsani,graspable,200,5,30.9,max_dim=0.359
sliced_melon,quxcke,graspable,200,5,78.2,max_dim=0.358
sliced_mushroom,jnfabw,not_ready,0,0,0.0,max_dim=0.040
sliced_onion,ndwwog,graspable,200,5,11.2,max_dim=0.076
sliced_papaya,dlykve,graspable,200,5,12.4,max_dim=0.088
sliced_papaya,dqymro,graspable,200,5,10.9,max_dim=0.075
sliced_roast_beef,cpdfcf,graspable,200,5,53.0,max_dim=0.281
sliced_tomato,bgcdjr,graspable,200,5,10.1,max_dim=0.075
sliced_tomato,qjpofs,not_ready,0,0,0.0,max_dim=0.082
sliced_tomato,whfsoo,not_ready,0,0,0.0,max_dim=0.082
sliced_watermelon,zgmaqe,graspable,200,5,24.2,max_dim=0.200
sliding_door,hgcxno,too_large,0,0,0.0,max_dim=4.474
sliding_door,lrvyvc,too_large,0,0,0.0,max_dim=4.178
sliding_door,tprpvb,too_large,0,0,0.0,max_dim=2.344
slingback,jbuius,not_ready,0,0,0.0,max_dim=0.203
slingback,qwdcvv,not_ready,0,0,0.0,max_dim=0.203
smoker,uihgsf,too_large,0,0,0.0,max_dim=1.265
snack_rack,bfdnho,too_large,0,0,0.0,max_dim=3.094
snack_rack,mmaeua,too_large,0,0,0.0,max_dim=0.802
snack_rack,ytrmpz,too_large,0,0,0.0,max_dim=0.637
snapper,vfncga,graspable,200,5,64.3,max_dim=0.450
snapper,wmiodz,graspable,200,2,96.6,max_dim=0.458
snow_globe,owteks,graspable,200,5,12.1,max_dim=0.100
soap_bottle,hamffy,graspable,200,5,12.0,max_dim=0.276
soap_dish,gnndfy,graspable,200,5,17.5,max_dim=0.089
soap_dish,ownvqj,graspable,200,5,68.6,max_dim=0.181
soap_dish,slksbk,graspable,200,5,30.0,max_dim=0.153
soap_dispenser,cgxrwd,graspable,200,5,32.9,max_dim=0.145
soap_dispenser,edinmg,graspable,200,5,15.4,max_dim=0.207
soap_dispenser,ijxawq,graspable,200,5,29.3,max_dim=0.139
soap_dispenser,jmulpc,graspable,200,5,19.5,max_dim=0.184
soap_dispenser,sinntg,graspable,200,5,24.4,max_dim=0.140
soap_dispenser,ycvrcg,not_ready,0,0,0.0,max_dim=0.145
soap_dispenser,zwudcz,graspable,200,5,14.8,max_dim=0.129
soccer_ball,ikagkc,graspable,200,5,47.5,max_dim=0.243
soccer_ball,nlpvzv,graspable,200,4,104.1,max_dim=0.255
sock,vpafgj,graspable,200,5,13.6,max_dim=0.283
sod,hngisa,too_large,0,0,0.0,max_dim=0.602
soda_cup,fsfsas,graspable,200,5,12.4,max_dim=0.106
soda_cup,gnzegv,graspable,200,5,11.9,max_dim=0.157
soda_cup,lpanoc,graspable,200,5,11.6,max_dim=0.106
soda_cup,vicaqs,graspable,200,5,10.6,max_dim=0.129
soda_water_bottle,upfssc,graspable,200,5,13.9,max_dim=0.255
sodium_carbonate_jar,vxtjjn,not_ready,0,0,0.0,max_dim=0.224
sofa,ahgkci,too_large,0,0,0.0,max_dim=2.167
sofa,bskyog,too_large,0,0,0.0,max_dim=2.282
sofa,cozrjc,too_large,0,0,0.0,max_dim=1.075
sofa,ctjgcl,too_large,0,0,0.0,max_dim=1.652
sofa,ewview,too_large,0,0,0.0,max_dim=2.218
sofa,frlxgz,too_large,0,0,0.0,max_dim=3.293
sofa,ggaqxz,too_large,0,0,0.0,max_dim=4.755
sofa,hiphpn,too_large,0,0,0.0,max_dim=2.757
sofa,hxlckz,too_large,0,0,0.0,max_dim=3.656
sofa,hzzthj,too_large,0,0,0.0,max_dim=4.503
sofa,itbkff,too_large,0,0,0.0,max_dim=2.884
sofa,ksabpq,too_large,0,0,0.0,max_dim=2.665
sofa,ksbdlf,too_large,0,0,0.0,max_dim=1.127
sofa,kupqto,too_large,0,0,0.0,max_dim=2.855
sofa,llsxsg,too_large,0,0,0.0,max_dim=2.161
sofa,lugrhk,too_large,0,0,0.0,max_dim=2.349
sofa,mismdx,too_large,0,0,0.0,max_dim=3.061
sofa,mnfbbh,too_large,0,0,0.0,max_dim=2.234
sofa,ocydlq,too_large,0,0,0.0,max_dim=1.970
sofa,otxxor,too_large,0,0,0.0,max_dim=2.473
sofa,qnnwfx,too_large,0,0,0.0,max_dim=1.763
sofa,rdmsoc,too_large,0,0,0.0,max_dim=1.792
sofa,rdvxkm,too_large,0,0,0.0,max_dim=2.958
sofa,rqipbs,too_large,0,0,0.0,max_dim=1.995
sofa,rtqxpf,too_large,0,0,0.0,max_dim=3.061
sofa,rxtscm,too_large,0,0,0.0,max_dim=3.490
sofa,tlsxpc,too_large,0,0,0.0,max_dim=2.168
sofa,uixwiv,too_large,0,0,0.0,max_dim=3.880
sofa,ukfaaz,too_large,0,0,0.0,max_dim=3.515
sofa,uonbcs,too_large,0,0,0.0,max_dim=4.753
sofa,wjytsn,too_large,0,0,0.0,max_dim=2.154
sofa,wnzdke,too_large,0,0,0.0,max_dim=1.146
sofa,xhxdqf,too_large,0,0,0.0,max_dim=2.384
sofa,yiniqe,too_large,0,0,0.0,max_dim=4.494
sofa,zslkbl,too_large,0,0,0.0,max_dim=2.000
soft_roll,jelruc,graspable,200,5,20.7,max_dim=0.128
soft_roll,ogaivq,graspable,200,5,10.3,max_dim=0.106
softball,erhbze,graspable,200,5,10.7,max_dim=0.098
soil_bag,gzcqwx,graspable,200,5,70.4,max_dim=0.367
solvent_bottle,nbctrk,graspable,200,5,14.5,max_dim=0.276
sound_system,hftvcq,graspable,200,5,30.3,max_dim=0.285
sound_system,wllxyl,not_ready,0,0,0.0,max_dim=0.213
soup_ladle,cfzneb,graspable,200,5,17.7,max_dim=0.339
soup_ladle,gxsrhh,graspable,200,5,20.9,max_dim=0.276
soup_ladle,hgvzdm,graspable,200,5,39.9,max_dim=0.317
soup_ladle,rqnufc,graspable,200,5,14.0,max_dim=0.326
soup_ladle,tmdqpb,graspable,200,5,20.0,max_dim=0.358
soupspoon,qqvgml,not_ready,0,0,0.0,max_dim=0.311
soupspoon,wrctgd,graspable,200,5,38.9,max_dim=0.208
sourdough,jgydml,not_ready,0,0,0.0,max_dim=0.090
sourdough,lourny,not_ready,0,0,0.0,max_dim=0.310
sourdough,ltjltm,not_ready,0,0,0.0,max_dim=0.123
sourdough,mtvmux,graspable,200,5,26.0,max_dim=0.163
sourdough,ndcexh,not_ready,0,0,0.0,max_dim=0.196
sourdough,srvbxf,graspable,200,4,77.6,max_dim=0.310
sourdough,znibqw,not_ready,0,0,0.0,max_dim=0.309
soy_sauce_bottle,saujjl,graspable,200,5,16.1,max_dim=0.258
space_heater,kxzqpr,graspable,200,5,58.4,max_dim=0.390
sparkler,owuetb,graspable,200,5,27.2,max_dim=0.254
spatula,bqsefv,graspable,200,5,57.8,max_dim=0.321
spatula,ckpgkc,not_ready,0,0,0.0,max_dim=0.286
spatula,crkmux,graspable,200,5,56.8,max_dim=0.367
spatula,hkvsep,graspable,200,5,44.2,max_dim=0.351
spatula,iktnwh,graspable,200,5,35.5,max_dim=0.239
spatula,jzaedf,graspable,200,5,62.2,max_dim=0.325
spatula,kqpoxk,not_ready,0,0,0.0,max_dim=0.331
spatula,ktkigm,graspable,200,5,49.8,max_dim=0.266
spatula,pdqgzq,graspable,200,5,49.5,max_dim=0.393
spatula,pxwpuw,graspable,200,5,40.5,max_dim=0.345
spatula,vnymjm,not_ready,0,0,0.0,max_dim=0.320
spatula,ymvrct,graspable,200,5,47.2,max_dim=0.351
spatula,yppdij,not_ready,0,0,0.0,max_dim=0.314
specimen_bottle,vlplhs,not_ready,0,0,0.0,max_dim=0.174
spice_cookie,fwnyyy,not_ready,0,0,0.0,max_dim=0.072
spice_cookie_dough,iuiioe,not_ready,0,0,0.0,max_dim=0.200
spinach,gojnss,graspable,200,5,10.0,max_dim=0.098
spinach,lcmibz,graspable,200,5,9.7,max_dim=0.098
spinach,levzwe,graspable,200,5,10.0,max_dim=0.093
spinach,mkemen,graspable,200,5,10.8,max_dim=0.083
spinach,nshkpm,graspable,200,5,12.1,max_dim=0.089
spinach,uxhqeq,graspable,200,5,12.3,max_dim=0.091
spirit_lamp,dnyzym,graspable,200,5,14.2,max_dim=0.067
sponge,aewrov,graspable,200,5,19.5,max_dim=0.105
sponge,klwueh,graspable,200,5,12.7,max_dim=0.105
sponge,qewotb,graspable,200,5,11.1,max_dim=0.105
spotlight,gbvzvy,not_ready,0,0,0.0,max_dim=0.226
spotlight,odrdjb,graspable,200,5,12.9,max_dim=0.110
spotlight,vojnfz,not_ready,0,0,0.0,max_dim=0.188
spotlight,wtrjoa,not_ready,0,0,0.0,max_dim=0.388
spotlight,xwotqa,not_ready,0,0,0.0,max_dim=0.148
spray_bottle,asztxi,graspable,200,5,21.9,max_dim=0.255
spray_bottle,lwmelf,graspable,200,5,14.8,max_dim=0.268
spray_bottle,miqtui,graspable,200,5,15.1,max_dim=0.267
spray_bottle,wegawe,graspable,200,5,25.9,max_dim=0.255
spray_can,bgalkx,graspable,200,5,42.5,max_dim=0.232
spray_can,buxqkr,graspable,200,5,80.4,max_dim=0.151
spray_can,tehmzy,graspable,200,5,97.7,max_dim=0.151
spray_paint_can,pgbbbb,graspable,200,5,10.5,max_dim=0.151
square_light,bmrewz,too_large,0,0,0.0,max_dim=0.763
square_light,eephxy,too_large,0,0,0.0,max_dim=0.959
square_light,gqjmyu,too_large,0,0,0.0,max_dim=1.000
square_light,hwozjd,too_large,0,0,0.0,max_dim=1.127
square_light,hylkmj,too_large,0,0,0.0,max_dim=3.000
square_light,odlphz,too_large,0,0,0.0,max_dim=1.068
square_light,ojaviq,too_large,0,0,0.0,max_dim=0.767
square_light,qebtel,too_large,0,0,0.0,max_dim=0.600
square_light,tgtowc,too_large,0,0,0.0,max_dim=0.776
square_light,zljdtm,too_large,0,0,0.0,max_dim=0.600
squeegee,hgeqlw,graspable,200,5,32.4,max_dim=0.250
squeeze_bottle,cuvgtq,not_ready,0,0,0.0,max_dim=0.267
squeeze_bottle,exfkfw,not_ready,0,0,0.0,max_dim=0.258
squeeze_bottle,ikiwps,not_ready,0,0,0.0,max_dim=0.267
squeeze_bottle,snyiat,not_ready,0,0,0.0,max_dim=0.267
squeeze_bottle,uzmhdn,graspable,200,5,18.3,max_dim=0.258
squid,advitb,graspable,200,5,10.6,max_dim=0.050
squid,nlsbfd,graspable,200,5,10.6,max_dim=0.051
squid,nolavg,graspable,200,5,11.1,max_dim=0.058
stadium_stand,mtoaja,too_large,0,0,0.0,max_dim=8.184
stadium_stand,psxwbh,too_large,0,0,0.0,max_dim=8.623
stairs,tikozn,too_large,0,0,0.0,max_dim=3.966
stake,hnasfo,graspable,200,5,52.9,max_dim=0.219
stand,dbskvf,too_large,0,0,0.0,max_dim=7.539
stand,kwkcjq,too_large,0,0,0.0,max_dim=0.626
stand,maeowc,too_large,0,0,0.0,max_dim=0.616
stand,nkijqa,too_large,0,0,0.0,max_dim=0.826
stand,oyenza,too_large,0,0,0.0,max_dim=0.626
stand,vyrick,too_large,0,0,0.0,max_dim=0.894
stand,waxtja,too_large,0,0,0.0,max_dim=0.600
standing_loudspeaker,lgkhqt,graspable,200,5,116.9,max_dim=0.375
standing_loudspeaker,ogytka,no_grasp,200,0,85.9,max_dim=0.266
standing_loudspeaker,snbvop,no_grasp,200,0,102.2,max_dim=0.439
standing_loudspeaker,suzqfe,graspable,200,5,45.9,max_dim=0.439
standing_loudspeaker,wsghki,too_large,0,0,0.0,max_dim=0.850
standing_mirror,hnadel,too_large,0,0,0.0,max_dim=1.141
standing_mirror,wwkuuf,too_large,0,0,0.0,max_dim=1.490
standing_tv,bkyguk,too_large,0,0,0.0,max_dim=0.612
standing_tv,blyapt,too_large,0,0,0.0,max_dim=0.720
standing_tv,ghxsoy,too_large,0,0,0.0,max_dim=0.539
standing_tv,gjlztf,too_large,0,0,0.0,max_dim=0.990
standing_tv,jszpwr,too_large,0,0,0.0,max_dim=1.054
standing_tv,lkpsai,too_large,0,0,0.0,max_dim=0.718
standing_tv,sbxgwj,too_large,0,0,0.0,max_dim=1.158
standing_tv,udotid,too_large,0,0,0.0,max_dim=0.927
standing_tv,wbkvxr,too_large,0,0,0.0,max_dim=0.762
staple,ldvmsa,graspable,200,5,28.5,max_dim=0.013
stapler,kgnsas,graspable,200,5,13.9,max_dim=0.087
stapler,wheosp,not_ready,0,0,0.0,max_dim=0.142
star_anise,fwjuab,graspable,200,5,14.3,max_dim=0.028
star_anise,nbawoz,graspable,200,5,11.9,max_dim=0.030
star_anise,njpqwe,graspable,200,5,15.3,max_dim=0.024
statue,bpqnof,not_ready,0,0,0.0,max_dim=0.071
statue,cfrsik,not_ready,0,0,0.0,max_dim=0.441
statue,cgzwut,not_ready,0,0,0.0,max_dim=0.260
statue,cxsvwj,graspable,200,5,43.7,max_dim=0.322
statue,eyepsu,not_ready,0,0,0.0,max_dim=0.162
statue,hhipck,not_ready,0,0,0.0,max_dim=0.261
statue,hlkcni,not_ready,0,0,0.0,max_dim=0.231
statue,ihagjy,graspable,200,5,21.8,max_dim=0.191
statue,iqaldl,too_large,0,0,0.0,max_dim=0.919
statue,krsfzi,not_ready,0,0,0.0,max_dim=0.258
statue,lcgvzq,not_ready,0,0,0.0,max_dim=0.255
statue,noykhv,graspable,200,5,41.5,max_dim=0.318
statue,oaxifo,not_ready,0,0,0.0,max_dim=0.300
statue,oxgpfk,graspable,200,5,32.1,max_dim=0.231
statue,ponfvo,graspable,200,5,16.4,max_dim=0.488
statue,qbfkek,graspable,200,5,48.1,max_dim=0.447
statue,rtegzq,not_ready,0,0,0.0,max_dim=0.392
statue,ssooxw,not_ready,0,0,0.0,max_dim=0.262
statue,tuldri,graspable,200,5,11.4,max_dim=0.070
statue,wqseas,too_large,0,0,0.0,max_dim=0.558
statue,wrtqik,graspable,200,5,98.8,max_dim=0.268
statue,xzdgim,not_ready,0,0,0.0,max_dim=0.248
steak,akoxpw,graspable,200,5,21.4,max_dim=0.259
steak,cuowqg,graspable,200,5,13.8,max_dim=0.316
steak,hnifkz,graspable,200,5,46.5,max_dim=0.441
steak,jtgckm,not_ready,0,0,0.0,max_dim=0.166
steak,lcebsq,graspable,200,5,11.5,max_dim=0.251
steak,ppykkp,graspable,200,5,12.1,max_dim=0.194
steak,ynyhnd,not_ready,0,0,0.0,max_dim=0.484
steamer_basket,lageli,graspable,200,5,13.7,max_dim=0.234
steamer_basket,qpzbqp,graspable,200,5,14.2,max_dim=0.154
steel_wool,egeolq,graspable,200,5,44.8,max_dim=0.311
sticker,njigvs,not_ready,0,0,0.0,max_dim=0.108
sticker,wshged,graspable,200,5,19.6,max_dim=0.108
sticky_note,tghqep,graspable,200,5,10.2,max_dim=0.055
stockpot,azoiaq,not_ready,0,0,0.0,max_dim=0.294
stockpot,dcleem,graspable,200,5,124.4,max_dim=0.412
stockpot,fuzmdd,graspable,200,5,14.7,max_dim=0.278
stockpot,grrcna,graspable,200,5,76.8,max_dim=0.400
stockpot,gxiqbw,graspable,200,5,24.7,max_dim=0.373
stockpot,lfnbhc,graspable,200,5,112.7,max_dim=0.452
stockpot,oshwps,graspable,200,5,49.2,max_dim=0.447
stockpot,yvhmex,graspable,200,5,32.9,max_dim=0.354
stone_wall,shqfvd,too_large,0,0,0.0,max_dim=30.058
storage_box,aqdbdu,graspable,200,5,74.9,max_dim=0.204
storage_box,bwbpvg,graspable,200,5,18.5,max_dim=0.251
storage_box,eicujj,graspable,200,5,83.6,max_dim=0.311
storage_box,izcglf,no_grasp,0,0,0.7,max_dim=0.406
storage_organizer,hmygav,too_large,0,0,0.0,max_dim=0.952
stove,dusebh,too_large,0,0,0.0,max_dim=0.762
stove,dwhqap,too_large,0,0,0.0,max_dim=0.930
stove,igwqpj,too_large,0,0,0.0,max_dim=0.777
stove,kfhkqp,too_large,0,0,0.0,max_dim=0.992
stove,qbjiva,too_large,0,0,0.0,max_dim=0.764
stove,rgpphy,too_large,0,0,0.0,max_dim=0.930
stove,urgtyy,too_large,0,0,0.0,max_dim=1.982
stove,xspxzg,too_large,0,0,0.0,max_dim=1.274
stove,yhjzwg,too_large,0,0,0.0,max_dim=0.907
stove,ykretu,too_large,0,0,0.0,max_dim=1.026
straight_chair,amgwaw,too_large,0,0,0.0,max_dim=0.780
straight_chair,askrhs,too_large,0,0,0.0,max_dim=0.972
straight_chair,axmhdk,too_large,0,0,0.0,max_dim=0.780
straight_chair,dgqubu,too_large,0,0,0.0,max_dim=0.910
straight_chair,dmcixv,too_large,0,0,0.0,max_dim=0.780
straight_chair,dmdipc,too_large,0,0,0.0,max_dim=0.780
straight_chair,dxusxd,too_large,0,0,0.0,max_dim=0.942
straight_chair,dzrlfn,too_large,0,0,0.0,max_dim=0.776
straight_chair,enuago,too_large,0,0,0.0,max_dim=0.780
straight_chair,eospnr,too_large,0,0,0.0,max_dim=0.780
straight_chair,fffhmn,too_large,0,0,0.0,max_dim=0.780
straight_chair,fgoezn,too_large,0,0,0.0,max_dim=0.780
straight_chair,fmdswa,too_large,0,0,0.0,max_dim=0.749
straight_chair,gktknj,too_large,0,0,0.0,max_dim=0.615
straight_chair,gxzrim,too_large,0,0,0.0,max_dim=0.780
straight_chair,hetymd,too_large,0,0,0.0,max_dim=0.780
straight_chair,hgunnf,too_large,0,0,0.0,max_dim=0.824
straight_chair,hicyww,too_large,0,0,0.0,max_dim=0.941
straight_chair,htssho,too_large,0,0,0.0,max_dim=0.780
straight_chair,hwpixe,too_large,0,0,0.0,max_dim=0.780
straight_chair,hxuygm,too_large,0,0,0.0,max_dim=0.939
straight_chair,isirjh,too_large,0,0,0.0,max_dim=0.780
straight_chair,iugguz,too_large,0,0,0.0,max_dim=0.858
straight_chair,jdtdpa,too_large,0,0,0.0,max_dim=0.941
straight_chair,jgoolz,too_large,0,0,0.0,max_dim=0.845
straight_chair,kusubw,too_large,0,0,0.0,max_dim=0.831
straight_chair,kywbxv,too_large,0,0,0.0,max_dim=0.780
straight_chair,laxufh,too_large,0,0,0.0,max_dim=0.780
straight_chair,lfgxjk,too_large,0,0,0.0,max_dim=0.780
straight_chair,lxmgbs,too_large,0,0,0.0,max_dim=0.780
straight_chair,mdnhjm,too_large,0,0,0.0,max_dim=0.780
straight_chair,mgzcic,too_large,0,0,0.0,max_dim=0.678
straight_chair,myxhad,too_large,0,0,0.0,max_dim=0.780
straight_chair,nntxvr,too_large,0,0,0.0,max_dim=0.920
straight_chair,ocyvcb,too_large,0,0,0.0,max_dim=0.897
straight_chair,osvmes,too_large,0,0,0.0,max_dim=0.711
straight_chair,pmpwwi,too_large,0,0,0.0,max_dim=0.780
straight_chair,psoizi,too_large,0,0,0.0,max_dim=0.780
straight_chair,qkyfxr,too_large,0,0,0.0,max_dim=0.776
straight_chair,qnjtxe,too_large,0,0,0.0,max_dim=0.825
straight_chair,qwrqlh,too_large,0,0,0.0,max_dim=0.892
straight_chair,rihcpx,too_large,0,0,0.0,max_dim=0.807
straight_chair,rljebp,not_ready,0,0,0.0,max_dim=0.373
straight_chair,rosdkm,too_large,0,0,0.0,max_dim=0.780
straight_chair,tfdjag,too_large,0,0,0.0,max_dim=0.780
straight_chair,ukuwuu,too_large,0,0,0.0,max_dim=0.941
straight_chair,uofiqj,too_large,0,0,0.0,max_dim=0.824
straight_chair,vkgbbl,too_large,0,0,0.0,max_dim=0.780
straight_chair,xfhcep,too_large,0,0,0.0,max_dim=0.780
straight_chair,xtqgrr,too_large,0,0,0.0,max_dim=0.895
straight_chair,zdhnyg,too_large,0,0,0.0,max_dim=0.824
straight_chair,zhojwx,too_large,0,0,0.0,max_dim=0.780
straight_pin,lpxemb,graspable,200,3,96.8,max_dim=0.031
straight_pin,ohhsqc,not_ready,0,0,0.0,max_dim=0.015
straw,gewoqg,graspable,200,5,37.3,max_dim=0.187
straw,ovckrp,graspable,200,5,24.0,max_dim=0.203
straw,qcqvjt,graspable,200,5,13.1,max_dim=0.178
strawberry,ntxofi,graspable,200,5,10.1,max_dim=0.054
strawberry,xcnzxh,not_ready,0,0,0.0,max_dim=0.037
stroller,jtraqt,too_large,0,0,0.0,max_dim=0.930
structural_element,fhkiwo,too_large,0,0,0.0,max_dim=7.447
structural_element,hbnzdh,too_large,0,0,0.0,max_dim=4.405
structural_element,kebons,too_large,0,0,0.0,max_dim=4.619
structural_element,pzuwme,too_large,0,0,0.0,max_dim=6.790
sugar_cookie,cgkiti,graspable,200,5,11.2,max_dim=0.077
sugar_cookie,feirtr,not_ready,0,0,0.0,max_dim=0.075
sugar_cookie,hlyeaq,graspable,200,5,10.1,max_dim=0.077
sugar_cookie_dough,qewbbb,not_ready,0,0,0.0,max_dim=0.200
sugar_cube,xqhxqy,graspable,200,5,9.6,max_dim=0.020
sugar_sack,xixblr,no_grasp,200,0,105.4,max_dim=0.367
sugar_syrup_bottle,kdlbbq,graspable,200,5,19.0,max_dim=0.258
suitcase,fqsjey,too_large,0,0,0.0,max_dim=0.623
suitcase,njalke,too_large,0,0,0.0,max_dim=0.606
suitcase,oqiwhb,too_large,0,0,0.0,max_dim=0.606
suitcase,qthouj,too_large,0,0,0.0,max_dim=0.606
sunflower,dkajbh,graspable,200,5,38.9,max_dim=0.192
sunflower,hvpodm,graspable,200,5,35.9,max_dim=0.199
sunflower,itrbng,graspable,200,5,11.5,max_dim=0.129
sunflower,jsgdlc,graspable,200,5,36.4,max_dim=0.195
sunflower,mastuj,graspable,200,5,10.8,max_dim=0.143
sunflower,mdpoct,graspable,200,5,24.7,max_dim=0.191
sunflower,npxkrn,graspable,200,5,12.8,max_dim=0.116
sunflower,oaglch,graspable,200,5,10.9,max_dim=0.116
sunflower,ooefvj,graspable,200,5,13.7,max_dim=0.138
sunflower,oqcslb,graspable,200,5,14.8,max_dim=0.105
sunflower,pibfxd,graspable,200,5,18.9,max_dim=0.191
sunflower,psrfmx,graspable,200,5,16.3,max_dim=0.138
sunflower,rkwubf,graspable,200,5,28.3,max_dim=0.196
sunflower,urpskm,graspable,200,5,28.0,max_dim=0.196
sunflower,vkgdsl,graspable,200,5,29.3,max_dim=0.223
sunflower,wpzsyk,graspable,200,5,9.8,max_dim=0.142
sunflower,ysogni,graspable,200,5,42.5,max_dim=0.238
sunflower,zdmbjt,graspable,200,5,37.6,max_dim=0.223
sunflower_seed_bag,dhwlaw,graspable,200,5,41.4,max_dim=0.367
sunglasses,gqawld,graspable,200,5,62.3,max_dim=0.141
sunglasses,nxfifs,graspable,200,5,19.5,max_dim=0.095
sunglasses,qiwncl,graspable,200,5,25.6,max_dim=0.128
sunglasses,wdxiwf,not_ready,0,0,0.0,max_dim=0.107
sushi,akpnxn,graspable,200,5,9.8,max_dim=0.036
sweatshirt,nowqqh,too_large,0,0,0.0,max_dim=0.780
sweet_corn,dacgvr,graspable,200,5,36.0,max_dim=0.306
sweet_corn,eloalv,graspable,200,5,45.0,max_dim=0.272
sweet_corn,qtesku,graspable,200,5,49.3,max_dim=0.261
sweet_corn,srlqrg,graspable,200,5,55.8,max_dim=0.261
swimming_pool,kohria,too_large,0,0,0.0,max_dim=1.383
swimming_pool,qjhauf,too_large,0,0,0.0,max_dim=5.532
swimming_pool,vnvmkx,too_large,0,0,0.0,max_dim=21.432
swing,nppayh,too_large,0,0,0.0,max_dim=4.077
swing,ujsdou,too_large,0,0,0.0,max_dim=2.972
swing_set,yzhrgz,too_large,0,0,0.0,max_dim=3.432
swiss_cheese,hwxeto,graspable,200,5,53.5,max_dim=0.123
swivel_chair,aepbmj,too_large,0,0,0.0,max_dim=0.892
swivel_chair,alvjtk,too_large,0,0,0.0,max_dim=0.969
swivel_chair,aqobyj,too_large,0,0,0.0,max_dim=1.004
swivel_chair,barmrv,too_large,0,0,0.0,max_dim=0.914
swivel_chair,bukrxm,too_large,0,0,0.0,max_dim=1.006
swivel_chair,bvqqps,too_large,0,0,0.0,max_dim=0.833
swivel_chair,danzuv,too_large,0,0,0.0,max_dim=1.048
swivel_chair,dmedmy,too_large,0,0,0.0,max_dim=0.943
swivel_chair,dqkces,too_large,0,0,0.0,max_dim=0.924
swivel_chair,dqllma,too_large,0,0,0.0,max_dim=1.048
swivel_chair,elwzdc,too_large,0,0,0.0,max_dim=0.826
swivel_chair,ffvxwn,too_large,0,0,0.0,max_dim=1.048
swivel_chair,fieiyo,too_large,0,0,0.0,max_dim=1.295
swivel_chair,fqbnuk,too_large,0,0,0.0,max_dim=1.048
swivel_chair,fvfaeu,too_large,0,0,0.0,max_dim=0.924
swivel_chair,gbknnw,too_large,0,0,0.0,max_dim=0.907
swivel_chair,gfixyb,too_large,0,0,0.0,max_dim=0.934
swivel_chair,iageoq,too_large,0,0,0.0,max_dim=0.937
swivel_chair,iiihwn,too_large,0,0,0.0,max_dim=0.997
swivel_chair,imhixv,too_large,0,0,0.0,max_dim=0.991
swivel_chair,irlmpz,too_large,0,0,0.0,max_dim=0.903
swivel_chair,iyruig,too_large,0,0,0.0,max_dim=1.039
swivel_chair,jhipgz,too_large,0,0,0.0,max_dim=0.988
swivel_chair,kjrrxi,too_large,0,0,0.0,max_dim=1.013
swivel_chair,lafeot,too_large,0,0,0.0,max_dim=0.799
swivel_chair,lhkkri,too_large,0,0,0.0,max_dim=1.090
swivel_chair,lizuow,too_large,0,0,0.0,max_dim=0.889
swivel_chair,llckbs,too_large,0,0,0.0,max_dim=0.980
swivel_chair,lmmjpk,too_large,0,0,0.0,max_dim=0.901
swivel_chair,lxupys,too_large,0,0,0.0,max_dim=1.048
swivel_chair,mhsjfu,too_large,0,0,0.0,max_dim=0.938
swivel_chair,moimne,too_large,0,0,0.0,max_dim=0.983
swivel_chair,mqxrim,too_large,0,0,0.0,max_dim=1.048
swivel_chair,mrjlps,too_large,0,0,0.0,max_dim=0.986
swivel_chair,njxooh,too_large,0,0,0.0,max_dim=0.885
swivel_chair,nqojos,too_large,0,0,0.0,max_dim=0.781
swivel_chair,odoklx,too_large,0,0,0.0,max_dim=0.975
swivel_chair,opkoam,too_large,0,0,0.0,max_dim=0.944
swivel_chair,pkpcew,too_large,0,0,0.0,max_dim=0.736
swivel_chair,qtqitn,too_large,0,0,0.0,max_dim=1.048
swivel_chair,ryznxk,too_large,0,0,0.0,max_dim=0.830
swivel_chair,sddcnh,too_large,0,0,0.0,max_dim=0.849
swivel_chair,spwzyt,too_large,0,0,0.0,max_dim=0.881
swivel_chair,srucpc,too_large,0,0,0.0,max_dim=0.841
swivel_chair,tbzfgf,too_large,0,0,0.0,max_dim=0.826
swivel_chair,uauzsu,too_large,0,0,0.0,max_dim=1.054
swivel_chair,ucawqa,too_large,0,0,0.0,max_dim=0.846
swivel_chair,vhlzdb,too_large,0,0,0.0,max_dim=1.048
swivel_chair,wcitvd,too_large,0,0,0.0,max_dim=1.040
swivel_chair,wksozf,too_large,0,0,0.0,max_dim=1.062
swivel_chair,xppcsn,too_large,0,0,0.0,max_dim=0.908
swivel_chair,xvpywp,too_large,0,0,0.0,max_dim=1.085
swivel_chair,yiphfr,too_large,0,0,0.0,max_dim=0.954
swivel_chair,ywqhzu,too_large,0,0,0.0,max_dim=1.048
swivel_chair,zcegqh,too_large,0,0,0.0,max_dim=1.048
swivel_chair,zswgck,too_large,0,0,0.0,max_dim=1.019
swivel_chair,zvwpfc,too_large,0,0,0.0,max_dim=1.085
syringe,gagwke,graspable,200,5,19.5,max_dim=0.118
t_shirt,kvidcx,too_large,0,0,0.0,max_dim=0.847
table_knife,eebpap,graspable,200,5,94.9,max_dim=0.265
table_knife,jxdfyy,graspable,200,5,36.7,max_dim=0.242
table_knife,lrdmpf,graspable,200,5,58.0,max_dim=0.137
table_knife,nmkend,not_ready,0,0,0.0,max_dim=0.137
table_knife,nvwmkx,not_ready,0,0,0.0,max_dim=0.233
table_knife,oceyno,not_ready,0,0,0.0,max_dim=0.184
table_lamp,ajrzlq,too_large,0,0,0.0,max_dim=0.549
table_lamp,awfehr,no_grasp,200,0,27.6,max_dim=0.245
table_lamp,bbentu,too_large,0,0,0.0,max_dim=0.500
table_lamp,bhdxug,no_grasp,200,0,2.1,max_dim=0.280
table_lamp,dkfwyb,not_ready,0,0,0.0,max_dim=0.360
table_lamp,ehjsdz,too_large,0,0,0.0,max_dim=0.732
table_lamp,eosezn,no_grasp,200,0,1.7,max_dim=0.367
table_lamp,erfbgw,not_ready,0,0,0.0,max_dim=0.470
table_lamp,fhsorf,not_ready,0,0,0.0,max_dim=0.425
table_lamp,gycqmt,too_large,0,0,0.0,max_dim=0.771
table_lamp,htinka,not_ready,0,0,0.0,max_dim=0.360
table_lamp,htmtsr,too_large,0,0,0.0,max_dim=0.711
table_lamp,jiuwwn,not_ready,0,0,0.0,max_dim=0.360
table_lamp,kwkqot,not_ready,0,0,0.0,max_dim=0.357
table_lamp,lshxmu,not_ready,0,0,0.0,max_dim=0.470
table_lamp,lyjkje,not_ready,0,0,0.0,max_dim=0.246
table_lamp,midfvh,not_ready,0,0,0.0,max_dim=0.360
table_lamp,ncgcgo,not_ready,0,0,0.0,max_dim=0.360
table_lamp,pmekkr,not_ready,0,0,0.0,max_dim=0.280
table_lamp,pxdhzm,no_grasp,200,0,2.3,max_dim=0.280
table_lamp,qgdwbh,too_large,0,0,0.0,max_dim=0.551
table_lamp,qsajsm,not_ready,0,0,0.0,max_dim=0.470
table_lamp,tggobp,not_ready,0,0,0.0,max_dim=0.360
table_lamp,tnbwvj,not_ready,0,0,0.0,max_dim=0.360
table_lamp,utsqrs,not_ready,0,0,0.0,max_dim=0.355
table_lamp,uupwiq,no_grasp,200,0,2.1,max_dim=0.388
table_lamp,uzrovn,too_large,0,0,0.0,max_dim=0.584
table_lamp,wbcgev,too_large,0,0,0.0,max_dim=0.519
table_lamp,wdqvjl,no_grasp,200,0,2.1,max_dim=0.360
table_lamp,wslomg,no_grasp,200,0,2.0,max_dim=0.295
table_lamp,wvysoe,no_grasp,200,0,2.3,max_dim=0.329
table_lamp,xbfgjc,no_grasp,200,0,2.0,max_dim=0.360
table_lamp,ykhxso,too_large,0,0,0.0,max_dim=0.943
table_lamp,zpqejt,not_ready,0,0,0.0,max_dim=0.280
table_runner,mxxyva,too_large,0,0,0.0,max_dim=1.609
table_runner,vyogzt,too_large,0,0,0.0,max_dim=2.530
tablecloth,egtqpa,too_large,0,0,0.0,max_dim=3.114
tablecloth,gwgbkq,too_large,0,0,0.0,max_dim=1.864
tablecloth,sgmepr,too_large,0,0,0.0,max_dim=2.390
tablecloth,shgmwu,too_large,0,0,0.0,max_dim=1.335
tablefork,flexrc,no_grasp,200,0,1.5,max_dim=0.201
tablefork,hktwlm,no_grasp,200,0,1.5,max_dim=0.183
tablefork,osfjvs,not_ready,0,0,0.0,max_dim=0.213
tablefork,pqrtkc,no_grasp,200,0,1.5,max_dim=0.201
tablefork,ptqjqv,not_ready,0,0,0.0,max_dim=0.150
tablefork,uodzrq,no_grasp,200,0,1.5,max_dim=0.189
tablefork,yuihyg,no_grasp,200,0,1.5,max_dim=0.233
tablespoon,huudhe,not_ready,0,0,0.0,max_dim=0.130
tablespoon,mwzxal,not_ready,0,0,0.0,max_dim=0.122
tablespoon,oacqcl,not_ready,0,0,0.0,max_dim=0.240
tablespoon,pltxjb,no_grasp,200,0,1.6,max_dim=0.158
tablespoon,tqqwys,no_grasp,200,0,1.5,max_dim=0.177
tablespoon,ubuhoz,no_grasp,200,0,1.7,max_dim=0.124
tablespoon,yxxfdj,no_grasp,200,0,1.6,max_dim=0.165
tablet,kywsta,no_grasp,200,0,2.0,max_dim=0.248
tabletop_sink,kqnonf,too_large,0,0,0.0,max_dim=0.531
tabletop_sink,qnequy,too_large,0,0,0.0,max_dim=0.503
tabletop_sink,vekaaf,too_large,0,0,0.0,max_dim=0.644
taboret,bciekv,graspable,200,5,49.1,max_dim=0.427
taboret,cgwxtq,too_large,0,0,0.0,max_dim=0.528
taboret,ehaclu,too_large,0,0,0.0,max_dim=0.794
taboret,hugvml,too_large,0,0,0.0,max_dim=0.579
taboret,ivtoxu,too_large,0,0,0.0,max_dim=0.624
taboret,stnoqf,too_large,0,0,0.0,max_dim=0.753
taboret,vzzmir,too_large,0,0,0.0,max_dim=0.549
taboret,wjrpwg,too_large,0,0,0.0,max_dim=0.577
taboret,ysrhuw,too_large,0,0,0.0,max_dim=0.737
taboret,zxoexh,not_ready,0,0,0.0,max_dim=0.498
tackle_box,inboqz,too_large,0,0,0.0,max_dim=0.596
taco,werkla,graspable,200,5,22.0,max_dim=0.164
tag,bxailw,graspable,200,5,18.0,max_dim=0.152
tag,ohegnp,graspable,200,5,12.5,max_dim=0.142
tank,bsdexp,too_large,0,0,0.0,max_dim=0.655
tank_top,nobisg,too_large,0,0,0.0,max_dim=0.516
tarp,beaglk,too_large,0,0,0.0,max_dim=1.723
tarp,hijmda,too_large,0,0,0.0,max_dim=1.930
tarp,jpawpo,too_large,0,0,0.0,max_dim=1.958
tartlet,ewlvxw,not_ready,0,0,0.0,max_dim=0.093
tartlet,zvoeav,not_ready,0,0,0.0,max_dim=0.099
tassel,bgiewk,graspable,200,5,46.3,max_dim=0.284
tea_bag,kmvcrb,graspable,200,5,10.8,max_dim=0.051
teacup,cpozxi,graspable,200,5,10.7,max_dim=0.106
teacup,kccqwj,not_ready,0,0,0.0,max_dim=0.096
teacup,oxfzfe,graspable,200,5,10.5,max_dim=0.130
teacup,tfzfam,graspable,200,5,10.7,max_dim=0.073
teacup,vckahe,graspable,200,5,11.4,max_dim=0.091
teacup,wopjex,graspable,200,5,11.0,max_dim=0.115
teacup,zdvgol,graspable,200,5,12.0,max_dim=0.075
teapot,foaehs,graspable,200,5,13.1,max_dim=0.264
teapot,jlalfc,graspable,200,5,11.3,max_dim=0.290
teapot,mvrhya,graspable,200,5,10.0,max_dim=0.235
teaspoon,asapmn,not_ready,0,0,0.0,max_dim=0.181
teaspoon,bjzgmj,graspable,200,5,42.4,max_dim=0.250
teaspoon,eilfij,graspable,200,5,39.1,max_dim=0.187
teaspoon,fgeimy,graspable,200,5,32.2,max_dim=0.132
teaspoon,mgdfcz,graspable,200,5,28.3,max_dim=0.131
teaspoon,nxddfp,graspable,200,5,34.3,max_dim=0.130
teaspoon,piqabk,graspable,200,5,28.8,max_dim=0.147
teaspoon,prbhag,graspable,200,5,21.1,max_dim=0.130
teaspoon,qdepdj,graspable,200,5,19.4,max_dim=0.130
teaspoon,rycter,not_ready,0,0,0.0,max_dim=0.119
teaspoon,vgbcmo,graspable,200,5,36.6,max_dim=0.123
teaspoon,wzsvzv,not_ready,0,0,0.0,max_dim=0.099
teddy_bear,dgagea,graspable,200,5,10.6,max_dim=0.244
teddy_bear,ecvxmu,graspable,200,5,10.3,max_dim=0.152
teddy_bear,faxvha,graspable,200,5,76.5,max_dim=0.431
teddy_bear,hqlobx,graspable,200,5,54.9,max_dim=0.468
teddy_bear,mvwvlv,graspable,200,5,12.9,max_dim=0.274
tenderloin,gbyqap,not_ready,0,0,0.0,max_dim=0.104
tennis_ball,rgekxe,graspable,200,5,11.9,max_dim=0.067
tennis_racket,rmvafy,too_large,0,0,0.0,max_dim=0.819
tent,qwngit,too_large,0,0,0.0,max_dim=2.744
terrarium,eqxkys,too_large,0,0,0.0,max_dim=0.836
terrarium,rxwfcx,too_large,0,0,0.0,max_dim=1.175
terrarium,zjyscx,too_large,0,0,0.0,max_dim=0.842
test_tube,apybok,graspable,200,5,12.3,max_dim=0.136
test_tube_clamp,zssaul,graspable,200,5,12.8,max_dim=0.274
test_tube_holder,twrtcq,graspable,200,5,63.8,max_dim=0.192
test_tube_rack,csvkvs,graspable,200,5,15.7,max_dim=0.207
test_tube_rack,ertfpr,graspable,200,5,8.9,max_dim=0.261
test_tube_rack,mgzyjy,too_large,0,0,0.0,max_dim=0.503
textbook,nloqia,not_ready,0,0,0.0,max_dim=0.384
thermostat,jophec,graspable,200,5,23.1,max_dim=0.147
thumbtack,qfrphh,graspable,200,5,26.1,max_dim=0.010
thyme_shaker,kuuwti,graspable,200,5,9.3,max_dim=0.160
ticket,ahknpi,graspable,200,5,17.3,max_dim=0.076
tights,miarwh,too_large,0,0,0.0,max_dim=0.928
tile,kuombe,graspable,200,5,32.1,max_dim=0.300
tile,vowkci,not_ready,0,0,0.0,max_dim=0.185
tinsel,ndmqqw,too_large,0,0,0.0,max_dim=0.700
tiramisu,inoudh,graspable,200,5,10.8,max_dim=0.096
tiramisu,pjchip,graspable,200,5,9.0,max_dim=0.097
tissue_dispenser,frdbld,graspable,200,5,11.0,max_dim=0.191
tissue_dispenser,nflhrf,graspable,200,5,44.6,max_dim=0.235
tissue_dispenser,rkljcx,graspable,200,5,30.4,max_dim=0.304
tissue_dispenser,sqmqyj,graspable,200,5,21.3,max_dim=0.253
tissue_dispenser,xffebs,graspable,200,3,98.0,max_dim=0.212
tissue_dispenser,ypekre,graspable,200,5,12.3,max_dim=0.232
toast,ygginu,not_ready,0,0,0.0,max_dim=0.156
toaster,kjwqav,graspable,200,5,20.4,max_dim=0.284
toaster_oven,ctrngh,not_ready,0,0,0.0,max_dim=0.488
toasting_fork,aytnwm,graspable,200,5,81.5,max_dim=0.410
toasting_fork,osrfkc,graspable,200,5,47.0,max_dim=0.225
toasting_fork,vokznh,graspable,200,5,49.2,max_dim=0.450
tobacco_pipe,pznufl,graspable,200,5,12.4,max_dim=0.144
tofu,bklygk,graspable,200,5,11.2,max_dim=0.034
tofu,tjgejo,graspable,200,5,10.6,max_dim=0.030
tofu,uecgbv,graspable,200,5,11.2,max_dim=0.026
toilet,aapttl,too_large,0,0,0.0,max_dim=0.581
toilet,chuack,too_large,0,0,0.0,max_dim=0.589
toilet,jkwccu,too_large,0,0,0.0,max_dim=0.581
toilet,kfmkbm,too_large,0,0,0.0,max_dim=0.598
toilet,mminnd,too_large,0,0,0.0,max_dim=0.929
toilet,mzocsn,too_large,0,0,0.0,max_dim=0.600
toilet,nqwekw,too_large,0,0,0.0,max_dim=0.581
toilet,obhimx,too_large,0,0,0.0,max_dim=0.734
toilet,prpnvd,too_large,0,0,0.0,max_dim=0.618
toilet,rqxqtd,too_large,0,0,0.0,max_dim=0.593
toilet,sjjweo,too_large,0,0,0.0,max_dim=0.586
toilet,udiezm,too_large,0,0,0.0,max_dim=0.818
toilet,uyisfw,too_large,0,0,0.0,max_dim=0.734
toilet,vcgvfe,too_large,0,0,0.0,max_dim=0.581
toilet,vdbmon,too_large,0,0,0.0,max_dim=0.581
toilet,vtqdev,too_large,0,0,0.0,max_dim=0.581
toilet,wkltpj,too_large,0,0,0.0,max_dim=0.600
toilet,wusctd,too_large,0,0,0.0,max_dim=0.604
toilet,yxbgey,too_large,0,0,0.0,max_dim=0.581
toilet_paper,jlifcx,graspable,200,5,14.8,max_dim=0.102
toilet_paper,phrpmu,graspable,200,5,9.5,max_dim=0.115
toilet_paper,qibjff,graspable,200,5,11.9,max_dim=0.119
toilet_paper,vbomsx,graspable,200,5,18.2,max_dim=0.102
toilet_paper_dispenser,anrnaw,graspable,200,1,102.2,max_dim=0.291
toilet_paper_dispenser,awuosg,graspable,200,5,20.3,max_dim=0.313
toilet_paper_dispenser,buljwa,graspable,200,5,14.4,max_dim=0.140
toilet_paper_dispenser,ligksj,too_large,0,0,0.0,max_dim=0.635
toilet_paper_dispenser,rlccfh,too_large,0,0,0.0,max_dim=0.635
toilet_paper_holder,rdfixx,graspable,200,5,20.2,max_dim=0.173
toilet_paper_holder,xkaybg,graspable,200,5,15.5,max_dim=0.138
toilet_soap_bottle,iyrrna,graspable,200,5,12.8,max_dim=0.276
tomato_paste_can,krarex,graspable,200,5,14.3,max_dim=0.255
tomato_sauce_jar,krfzqk,no_grasp,200,0,9.9,max_dim=0.204
tongs,gbjqyn,no_grasp,200,0,1.6,max_dim=0.247
tongs,igsklx,no_grasp,200,0,1.5,max_dim=0.247
tongs,rcpjld,no_grasp,200,0,1.6,max_dim=0.130
tongs,yljsbm,not_ready,0,0,0.0,max_dim=0.262
toolbox,redmtl,too_large,0,0,0.0,max_dim=0.608
toothbrush,ifxlss,no_grasp,200,0,1.8,max_dim=0.170
toothbrush,nbgpwg,no_grasp,200,0,1.6,max_dim=0.108
toothbrush,qbkrzg,no_grasp,200,0,1.8,max_dim=0.144
toothbrush,vkrjps,no_grasp,200,0,1.7,max_dim=0.147
toothpick,deysav,no_grasp,200,0,1.4,max_dim=0.051
top_cabinet,dhguym,too_large,0,0,0.0,max_dim=0.565
top_cabinet,dmwxyl,too_large,0,0,0.0,max_dim=0.624
top_cabinet,eobsmt,too_large,0,0,0.0,max_dim=0.624
top_cabinet,fqhdne,too_large,0,0,0.0,max_dim=0.571
top_cabinet,fqitbw,too_large,0,0,0.0,max_dim=0.565
top_cabinet,jvdbxh,too_large,0,0,0.0,max_dim=0.565
top_cabinet,ldmnwh,too_large,0,0,0.0,max_dim=1.220
top_cabinet,lkxmne,too_large,0,0,0.0,max_dim=1.132
top_cabinet,lsyzkh,too_large,0,0,0.0,max_dim=0.566
top_cabinet,lxznit,too_large,0,0,0.0,max_dim=0.971
top_cabinet,nitufd,too_large,0,0,0.0,max_dim=1.130
top_cabinet,nkrgez,too_large,0,0,0.0,max_dim=1.211
top_cabinet,oztrra,too_large,0,0,0.0,max_dim=0.565
top_cabinet,qiausz,no_grasp,200,0,2.0,max_dim=0.406
top_cabinet,tactqn,too_large,0,0,0.0,max_dim=0.565
top_cabinet,twjqua,too_large,0,0,0.0,max_dim=0.565
top_cabinet,tynnnw,too_large,0,0,0.0,max_dim=1.204
top_cabinet,yegcau,too_large,0,0,0.0,max_dim=0.684
top_cabinet,zjtaus,too_large,0,0,0.0,max_dim=0.910
tortilla,vpokzi,no_grasp,200,0,1.5,max_dim=0.245
tortilla_chips,aiohfb,no_grasp,200,0,1.6,max_dim=0.074
tortilla_chips,dlkrgq,no_grasp,200,0,1.5,max_dim=0.093
tortilla_chips,herjym,no_grasp,200,0,1.5,max_dim=0.074
tortilla_chips,kdjrni,no_grasp,200,0,1.5,max_dim=0.119
tortilla_chips,mhbnsy,no_grasp,200,0,1.5,max_dim=0.084
tortilla_chips,yreyjs,no_grasp,200,0,1.5,max_dim=0.100
tote,bnkjle,graspable,200,1,143.4,max_dim=0.474
towel_rack,crivoa,graspable,200,5,48.6,max_dim=0.474
towel_rack,ibrplo,not_ready,0,0,0.0,max_dim=0.495
towel_rack,kqrmrh,graspable,200,5,52.6,max_dim=0.474
towel_rack,nhlijv,too_large,0,0,0.0,max_dim=0.792
towel_rack,pqhsry,graspable,200,5,39.9,max_dim=0.474
towel_rack,qedffr,too_large,0,0,0.0,max_dim=1.669
towel_rack,quznqx,graspable,200,5,42.2,max_dim=0.407
toy_box,aviadj,not_ready,0,0,0.0,max_dim=0.290
toy_box,kvithq,graspable,200,5,10.6,max_dim=0.126
toy_box,qgfbdj,too_large,0,0,0.0,max_dim=0.800
toy_box,uvhflb,graspable,200,5,10.2,max_dim=0.145
toy_car,dgnnin,too_large,0,0,0.0,max_dim=0.886
toy_car,ksijjl,graspable,200,5,26.8,max_dim=0.448
toy_car,kvjpue,too_large,0,0,0.0,max_dim=0.579
toy_car,nhtywr,too_large,0,0,0.0,max_dim=0.560
toy_dice,akguod,graspable,200,5,10.3,max_dim=0.041
toy_dice,bjrxkj,graspable,200,5,9.9,max_dim=0.041
toy_dice,cmqtch,graspable,200,5,10.3,max_dim=0.041
toy_dice,dupdoy,graspable,200,5,10.4,max_dim=0.115
toy_dice,eqwazv,graspable,200,5,10.8,max_dim=0.041
toy_dice,gcevml,graspable,200,5,11.6,max_dim=0.042
toy_dice,haqumx,graspable,200,5,9.6,max_dim=0.107
toy_dice,hbkqqp,graspable,200,5,9.9,max_dim=0.041
toy_dice,ievnsq,graspable,200,5,10.0,max_dim=0.041
toy_dice,kmagva,graspable,200,5,10.1,max_dim=0.041
toy_dice,krpdji,graspable,200,5,12.3,max_dim=0.041
toy_dice,meyqyk,graspable,200,5,11.2,max_dim=0.106
toy_dice,mqvaaa,graspable,200,5,9.8,max_dim=0.041
toy_dice,nmhsvp,graspable,200,5,10.3,max_dim=0.041
toy_dice,pzbapa,graspable,200,5,11.6,max_dim=0.114
toy_dice,qtcfxi,graspable,200,5,11.4,max_dim=0.110
toy_dice,rbzyrv,graspable,200,5,13.3,max_dim=0.041
toy_dice,wyxlhc,graspable,200,5,11.7,max_dim=0.041
toy_dice,xfqqhh,graspable,200,5,10.3,max_dim=0.041
toy_dice,zublep,graspable,200,5,9.9,max_dim=0.106
toy_figure,acymin,graspable,200,5,17.9,max_dim=0.151
toy_figure,aihmqy,graspable,200,5,11.2,max_dim=0.158
toy_figure,cobfpg,graspable,200,5,25.9,max_dim=0.149
toy_figure,cqeowc,graspable,200,5,16.7,max_dim=0.154
toy_figure,dgphap,graspable,200,5,17.0,max_dim=0.162
toy_figure,eulekw,graspable,200,5,32.7,max_dim=0.338
toy_figure,fekpjq,graspable,200,5,12.1,max_dim=0.114
toy_figure,fnueyn,graspable,200,5,12.6,max_dim=0.146
toy_figure,gdekzd,graspable,200,5,12.0,max_dim=0.150
toy_figure,gnofgv,graspable,200,5,15.3,max_dim=0.150
toy_figure,gqspnb,graspable,200,5,14.5,max_dim=0.150
toy_figure,grsmja,graspable,200,5,14.3,max_dim=0.271
toy_figure,gyrsew,graspable,200,5,20.9,max_dim=0.150
toy_figure,isdkwp,graspable,200,5,35.6,max_dim=0.267
toy_figure,issvzv,graspable,200,5,17.9,max_dim=0.149
toy_figure,jddrck,graspable,200,5,28.4,max_dim=0.150
toy_figure,jwjrza,graspable,200,5,36.8,max_dim=0.150
toy_figure,kitqln,graspable,200,5,25.5,max_dim=0.237
toy_figure,krmxjk,graspable,200,5,13.0,max_dim=0.150
toy_figure,lfxygp,graspable,200,5,11.7,max_dim=0.150
toy_figure,nncqfn,graspable,200,5,33.8,max_dim=0.150
toy_figure,orunry,graspable,200,5,17.3,max_dim=0.150
toy_figure,psfkaj,graspable,200,5,43.2,max_dim=0.167
toy_figure,rkqqay,graspable,200,5,71.6,max_dim=0.488
toy_figure,tjchdg,graspable,200,5,24.1,max_dim=0.151
toy_figure,tmbrrq,graspable,200,5,59.4,max_dim=0.423
toy_figure,txgpxx,graspable,200,5,11.2,max_dim=0.150
toy_figure,ukalmn,graspable,200,5,22.4,max_dim=0.302
toy_figure,usnnxe,graspable,200,5,31.9,max_dim=0.197
toy_figure,vansnq,too_large,0,0,0.0,max_dim=0.685
toy_figure,vcmcoi,graspable,200,5,10.9,max_dim=0.138
toy_figure,wvpqbf,graspable,200,5,12.7,max_dim=0.149
toy_figure,yxiksm,too_large,0,0,0.0,max_dim=0.521
toy_figure,zltgeo,graspable,200,5,14.5,max_dim=0.211
toy_figure,zuntus,graspable,200,5,18.7,max_dim=0.150
toy_train,zdfhbw,too_large,0,0,0.0,max_dim=0.553
track_light,gypkjo,too_large,0,0,0.0,max_dim=5.671
track_light,ltnnrc,too_large,0,0,0.0,max_dim=1.965
trailer_truck,dnvcsu,too_large,0,0,0.0,max_dim=6.738
trampoline,utbouk,too_large,0,0,0.0,max_dim=2.192
trampoline_leg,qkerde,too_large,0,0,0.0,max_dim=0.820
trampoline_top,iemeer,too_large,0,0,0.0,max_dim=2.192
trash_can,cdzyew,no_grasp,200,0,11.7,max_dim=0.391
trash_can,cjmezk,no_grasp,0,0,1.3,max_dim=0.421
trash_can,djgllo,no_grasp,200,0,1.6,max_dim=0.397
trash_can,dnvpag,no_grasp,200,0,2.1,max_dim=0.358
trash_can,eahqyq,no_grasp,0,0,0.7,max_dim=0.486
trash_can,gilsji,no_grasp,200,0,1.7,max_dim=0.397
trash_can,gxajos,no_grasp,0,0,1.3,max_dim=0.396
trash_can,hqdnjz,no_grasp,200,0,1.9,max_dim=0.410
trash_can,ifzxzj,too_large,0,0,0.0,max_dim=0.795
trash_can,jlawet,no_grasp,200,0,2.1,max_dim=0.280
trash_can,rbqckd,too_large,0,0,0.0,max_dim=0.503
trash_can,uknjdm,no_grasp,0,0,1.3,max_dim=0.421
trash_can,vasiit,no_grasp,0,0,1.3,max_dim=0.421
trash_can,wklill,no_grasp,0,0,0.6,max_dim=0.440
trash_can,wkxtxh,graspable,200,5,51.3,max_dim=0.279
tray,avotsj,not_ready,0,0,0.0,max_dim=0.290
tray,coqeme,graspable,200,5,11.1,max_dim=0.222
tray,glwebh,graspable,200,5,23.4,max_dim=0.207
tray,gsxbym,graspable,200,5,67.5,max_dim=0.437
tray,hbjdlb,graspable,200,5,26.2,max_dim=0.390
tray,hjxczh,graspable,200,5,35.2,max_dim=0.350
tray,huwhjg,too_large,0,0,0.0,max_dim=0.685
tray,hvlfig,graspable,200,4,92.4,max_dim=0.437
tray,iaaiyi,not_ready,0,0,0.0,max_dim=0.300
tray,incirm,graspable,200,5,62.7,max_dim=0.495
tray,jpcflq,graspable,200,5,31.5,max_dim=0.302
tray,mhhoga,graspable,200,4,100.6,max_dim=0.462
tray,mkdcha,graspable,200,5,31.5,max_dim=0.436
tray,spopfj,graspable,200,5,28.4,max_dim=0.325
tray,thkphg,graspable,200,2,112.1,max_dim=0.405
tray,tkgsho,not_ready,0,0,0.0,max_dim=0.272
tray,txcjux,too_large,0,0,0.0,max_dim=0.612
tray,uekqey,too_large,0,0,0.0,max_dim=0.565
tray,vxbtax,graspable,200,5,95.7,max_dim=0.477
tray,wbwmcs,graspable,200,5,19.8,max_dim=0.270
tray,xzcnjq,graspable,200,5,20.8,max_dim=0.346
tray,yqtlhy,too_large,0,0,0.0,max_dim=0.911
tray,zcmnji,graspable,200,5,62.2,max_dim=0.330
tray,zsddtq,graspable,200,5,29.3,max_dim=0.267
treadmill,ackppx,too_large,0,0,0.0,max_dim=1.746
treadmill,ahwnhu,too_large,0,0,0.0,max_dim=1.485
treadmill,hhpgha,too_large,0,0,0.0,max_dim=2.102
tree,dyymaq,too_large,0,0,0.0,max_dim=8.565
tree,fggodd,too_large,0,0,0.0,max_dim=4.394
tree,flkzbo,too_large,0,0,0.0,max_dim=9.141
tree,gmzozb,too_large,0,0,0.0,max_dim=13.662
tree,hvdcql,too_large,0,0,0.0,max_dim=11.151
tree,rrhqpw,too_large,0,0,0.0,max_dim=13.324
tree,stbfpu,too_large,0,0,0.0,max_dim=12.016
tree,wtyipq,too_large,0,0,0.0,max_dim=9.137
trombone,pianqd,too_large,0,0,0.0,max_dim=1.268
trophy,afownt,too_large,0,0,0.0,max_dim=0.516
trophy,arbekb,not_ready,0,0,0.0,max_dim=0.439
trophy,ayuubt,not_ready,0,0,0.0,max_dim=0.237
trophy,bgpvtb,not_ready,0,0,0.0,max_dim=0.322
trophy,hlktkb,not_ready,0,0,0.0,max_dim=0.270
trophy,jchomn,not_ready,0,0,0.0,max_dim=0.399
trophy,jwagmm,not_ready,0,0,0.0,max_dim=0.400
trophy,ldbalq,not_ready,0,0,0.0,max_dim=0.499
trophy,myaxie,not_ready,0,0,0.0,max_dim=0.311
trophy,paaegg,not_ready,0,0,0.0,max_dim=0.431
trophy,rpprcc,too_large,0,0,0.0,max_dim=0.510
trophy,shnohg,too_large,0,0,0.0,max_dim=0.505
trophy,tjawkk,not_ready,0,0,0.0,max_dim=0.402
trophy,wraizn,not_ready,0,0,0.0,max_dim=0.400
trophy,xnjodq,not_ready,0,0,0.0,max_dim=0.344
trophy,zoolef,not_ready,0,0,0.0,max_dim=0.241
trout,kqpeke,graspable,200,5,39.2,max_dim=0.321
trout,qofuoa,graspable,200,5,55.0,max_dim=0.218
trowel,ematag,graspable,200,5,19.5,max_dim=0.279
trumpet,bafgow,too_large,0,0,0.0,max_dim=0.911
tube_of_lotion,ixfuxm,graspable,200,5,61.1,max_dim=0.234
tube_of_toothpaste,vsclsj,graspable,200,5,47.5,max_dim=0.140
tulip,bnfgel,not_ready,0,0,0.0,max_dim=0.308
tulip,fbaloe,not_ready,0,0,0.0,max_dim=0.312
tulip,hohneq,not_ready,0,0,0.0,max_dim=0.308
tuna,xkjged,too_large,0,0,0.0,max_dim=0.887
tupperware,mkstwr,graspable,200,5,11.3,max_dim=0.219
turkey,ppaslw,not_ready,0,0,0.0,max_dim=0.333
turkey_leg,bqugmh,graspable,200,5,23.6,max_dim=0.156
turnstile,uzrfpq,too_large,0,0,0.0,max_dim=1.720
tweezers,jghpwr,graspable,200,5,11.1,max_dim=0.048
tweezers,ngwoat,graspable,200,5,15.3,max_dim=0.032
twine,fngeov,not_ready,0,0,0.0,max_dim=0.059
umbrella,cqfbku,too_large,0,0,0.0,max_dim=0.503
umbrella,frpfnc,too_large,0,0,0.0,max_dim=0.712
umbrella,hdfkbc,too_large,0,0,0.0,max_dim=0.939
umbrella,ziqzqo,too_large,0,0,0.0,max_dim=0.813
umbrella,zxnjwz,too_large,0,0,0.0,max_dim=1.027
umbrella_rack,lttkuq,too_large,0,0,0.0,max_dim=0.565
urinal,akmwjs,too_large,0,0,0.0,max_dim=1.037
urinal,btvdju,too_large,0,0,0.0,max_dim=0.898
urinal,lowprn,too_large,0,0,0.0,max_dim=0.502
urinal,pfzmpd,too_large,0,0,0.0,max_dim=0.514
utility_knife,kridpz,graspable,200,5,52.6,max_dim=0.258
vacuum,amnmmq,too_large,0,0,0.0,max_dim=0.593
vacuum,bdmsbr,too_large,0,0,0.0,max_dim=1.015
vacuum,wikhik,too_large,0,0,0.0,max_dim=0.852
valentine_wreath,xpbsof,graspable,200,5,19.9,max_dim=0.241
vanilla_bottle,drevku,graspable,200,5,13.3,max_dim=0.258
vanilla_flower,vynsdy,graspable,200,5,10.9,max_dim=0.065
vase,aegxpb,graspable,200,5,48.4,max_dim=0.269
vase,atgnsc,graspable,200,5,12.4,max_dim=0.161
vase,bbduix,not_ready,0,0,0.0,max_dim=0.166
vase,bcirge,graspable,200,5,13.1,max_dim=0.166
vase,bedkqu,graspable,200,5,10.7,max_dim=0.227
vase,cvyops,graspable,200,5,53.6,max_dim=0.170
vase,dfjcsi,not_ready,0,0,0.0,max_dim=0.207
vase,dwspgo,not_ready,0,0,0.0,max_dim=0.250
vase,eqhgiy,graspable,200,5,19.8,max_dim=0.225
vase,euqzpy,not_ready,0,0,0.0,max_dim=0.237
vase,gopbrh,graspable,200,5,21.9,max_dim=0.163
vase,hkwtnf,graspable,200,5,12.3,max_dim=0.187
vase,hliauj,graspable,200,5,83.5,max_dim=0.315
vase,htyvuz,graspable,200,5,72.0,max_dim=0.193
vase,icpews,graspable,200,5,23.8,max_dim=0.169
vase,ipbgrw,graspable,200,5,42.8,max_dim=0.190
vase,jdddsr,graspable,200,5,22.3,max_dim=0.214
vase,jpwsrp,graspable,200,5,13.9,max_dim=0.195
vase,kjeudr,graspable,200,5,13.6,max_dim=0.127
vase,mawxva,too_large,0,0,0.0,max_dim=1.499
vase,mdmwcs,graspable,200,5,14.3,max_dim=0.177
vase,meetii,graspable,200,5,11.4,max_dim=0.301
vase,nodcpg,graspable,200,5,12.1,max_dim=0.161
vase,nuqzjs,too_large,0,0,0.0,max_dim=0.768
vase,qebiei,graspable,200,5,11.8,max_dim=0.113
vase,rfegnv,not_ready,0,0,0.0,max_dim=0.218
vase,rfigof,not_ready,0,0,0.0,max_dim=0.229
vase,rusmlm,graspable,200,5,13.3,max_dim=0.136
vase,rwotxo,graspable,200,5,12.7,max_dim=0.175
vase,saenda,graspable,200,5,39.8,max_dim=0.417
vase,stqkvx,graspable,200,5,18.5,max_dim=0.208
vase,tjrbxv,no_grasp,0,0,1.2,max_dim=0.473
vase,toreid,not_ready,0,0,0.0,max_dim=0.280
vase,twknia,too_large,0,0,0.0,max_dim=1.043
vase,uuypot,too_large,0,0,0.0,max_dim=1.132
vase,vmbzmm,not_ready,0,0,0.0,max_dim=0.184
vase,wltgjn,graspable,200,5,11.7,max_dim=0.228
vase,xfduug,graspable,200,5,11.9,max_dim=0.249
vase,yfqgfd,graspable,200,5,30.8,max_dim=0.184
vase,ysdoep,graspable,200,5,10.1,max_dim=0.252
vase,zaziny,graspable,200,5,13.7,max_dim=0.194
vase,zwekzu,graspable,200,5,13.6,max_dim=0.094
veal,vlgemr,graspable,200,5,14.3,max_dim=0.254
vegetable_peeler,njgqao,graspable,200,5,31.5,max_dim=0.181
vegetable_peeler,wqtpjz,graspable,200,5,17.2,max_dim=0.179
vending_machine,ocnbil,too_large,0,0,0.0,max_dim=1.810
vending_machine,wogoig,too_large,0,0,0.0,max_dim=1.810
venison,dhhbvg,not_ready,0,0,0.0,max_dim=0.166
vest,girtqm,too_large,0,0,0.0,max_dim=0.584
vidalia_onion,buyxll,graspable,200,5,9.8,max_dim=0.100
vidalia_onion,dejqhf,graspable,200,5,12.1,max_dim=0.082
vidalia_onion,ldeuli,graspable,200,5,13.2,max_dim=0.100
video_game,apjpos,graspable,200,5,13.5,max_dim=0.086
video_game,ceaxsd,graspable,200,5,12.8,max_dim=0.087
video_game,ckugyi,graspable,200,5,9.5,max_dim=0.066
video_game,coiafo,graspable,200,5,11.7,max_dim=0.064
video_game,lfdpse,graspable,200,5,9.7,max_dim=0.067
video_game,ppnzqm,graspable,200,5,10.2,max_dim=0.069
video_game,pujfzk,graspable,200,5,10.7,max_dim=0.069
video_game,qsyyql,graspable,200,5,10.5,max_dim=0.042
video_game,quzjuo,graspable,200,5,15.3,max_dim=0.065
video_game,rzaxlj,graspable,200,5,10.2,max_dim=0.033
video_game,veodkq,graspable,200,5,10.0,max_dim=0.024
video_game,yyvkel,graspable,200,5,14.8,max_dim=0.085
vine,bftzho,too_large,0,0,0.0,max_dim=1.544
vine,evmhsg,too_large,0,0,0.0,max_dim=1.529
vine,fotcaz,too_large,0,0,0.0,max_dim=1.750
vine,gccsfy,too_large,0,0,0.0,max_dim=1.287
vine,hchlkz,too_large,0,0,0.0,max_dim=1.412
vine,hdbgla,too_large,0,0,0.0,max_dim=1.509
vine,kcajqg,too_large,0,0,0.0,max_dim=1.562
vine,nuhdae,too_large,0,0,0.0,max_dim=1.265
vine,nxvleg,too_large,0,0,0.0,max_dim=1.549
vine,sfqnem,too_large,0,0,0.0,max_dim=1.509
vine,voaeps,too_large,0,0,0.0,max_dim=1.277
vine,xjcnky,too_large,0,0,0.0,max_dim=1.252
vine,xwzycj,too_large,0,0,0.0,max_dim=1.418
vine,xzdszm,too_large,0,0,0.0,max_dim=1.286
vinegar_atomizer,kwcahz,graspable,200,5,11.8,max_dim=0.255
vinegar_bottle,hbsbwt,graspable,200,5,16.7,max_dim=0.208
vinegar_bottle,ykysuc,not_ready,0,0,0.0,max_dim=0.276
violin,rgwsac,too_large,0,0,0.0,max_dim=0.603
violin_case,jlasop,too_large,0,0,0.0,max_dim=0.651
virginia_ham,jqfkdb,graspable,200,1,98.6,max_dim=0.284
vodka_bottle,bojwlu,graspable,200,5,12.1,max_dim=0.277
volleyball,nofzds,graspable,200,5,81.5,max_dim=0.236
volleyball_net,ykiiqr,too_large,0,0,0.0,max_dim=11.518
wading_pool,sbvksi,too_large,0,0,0.0,max_dim=3.024
wading_pool,xixlzr,too_large,0,0,0.0,max_dim=2.262
wafer,ramcrb,graspable,200,5,18.6,max_dim=0.199
wafer,yegxsp,graspable,200,5,32.9,max_dim=0.217
waffle,gjwper,graspable,200,5,25.7,max_dim=0.284
waffle_maker,yjmnej,no_grasp,200,0,4.8,max_dim=0.268
walker,cmfdmv,no_grasp,200,0,7.3,max_dim=0.120
walker,dgewyj,no_grasp,200,0,11.4,max_dim=0.224
walker,dlwoej,no_grasp,200,0,13.0,max_dim=0.222
walker,fdklhj,no_grasp,200,0,14.8,max_dim=0.248
walker,glrsok,no_grasp,200,0,16.1,max_dim=0.120
walker,ndexvs,no_grasp,200,0,18.4,max_dim=0.265
walker,pmypfd,no_grasp,200,0,19.4,max_dim=0.239
walker,scbatq,no_grasp,200,0,21.0,max_dim=0.120
walker,txpihh,no_grasp,200,0,24.8,max_dim=0.120
walker,uewtgk,no_grasp,200,0,26.3,max_dim=0.239
walker,xnpimz,no_grasp,200,0,30.5,max_dim=0.249
walker,ykjauh,graspable,200,5,20.5,max_dim=0.120
wall_clock,fnwzqj,no_grasp,200,0,87.9,max_dim=0.300
wall_clock,fqvgny,too_large,0,0,0.0,max_dim=0.569
wall_clock,jerval,too_large,0,0,0.0,max_dim=0.564
wall_clock,oqmbtp,too_large,0,0,0.0,max_dim=0.619
wall_clock,przkmo,graspable,200,5,15.5,max_dim=0.308
wall_clock,vaoegv,not_ready,0,0,0.0,max_dim=0.335
wall_clock,xevvel,no_grasp,200,0,98.4,max_dim=0.308
wall_clock,zpctvp,too_large,0,0,0.0,max_dim=0.534
wall_mounted_light,bkaivt,too_large,0,0,0.0,max_dim=0.615
wall_mounted_light,bxsyxf,graspable,200,5,31.0,max_dim=0.215
wall_mounted_light,etqbld,too_large,0,0,0.0,max_dim=0.502
wall_mounted_light,jhpygl,too_large,0,0,0.0,max_dim=0.620
wall_mounted_light,kzpogm,too_large,0,0,0.0,max_dim=1.038
wall_mounted_light,mbhxbg,not_ready,0,0,0.0,max_dim=0.410
wall_mounted_light,pqomwb,too_large,0,0,0.0,max_dim=0.840
wall_mounted_light,trxlgu,graspable,200,5,15.8,max_dim=0.281
wall_mounted_light,urhftt,too_large,0,0,0.0,max_dim=0.615
wall_mounted_light,wcnxct,too_large,0,0,0.0,max_dim=0.558
wall_mounted_light,yylrlu,not_ready,0,0,0.0,max_dim=0.083
wall_mounted_loudspeaker,gsdmee,not_ready,0,0,0.0,max_dim=0.308
wall_mounted_loudspeaker,wxkuww,graspable,200,5,20.7,max_dim=0.308
wall_mounted_sink,buifoi,too_large,0,0,0.0,max_dim=1.181
wall_mounted_sink,jbborl,too_large,0,0,0.0,max_dim=2.567
wall_mounted_sink,vbquye,too_large,0,0,0.0,max_dim=0.851
wall_mounted_sink,wxoxxg,too_large,0,0,0.0,max_dim=1.286
wall_mounted_soap_dispenser,aofnyo,graspable,200,5,12.9,max_dim=0.194
wall_mounted_soap_dispenser,byjkkn,graspable,200,5,17.1,max_dim=0.372
wall_mounted_soap_dispenser,zvslvk,graspable,200,5,10.8,max_dim=0.194
wall_mounted_tv,aelksc,too_large,0,0,0.0,max_dim=0.695
wall_mounted_tv,aoqsbu,too_large,0,0,0.0,max_dim=1.470
wall_mounted_tv,bfehsl,too_large,0,0,0.0,max_dim=1.107
wall_mounted_tv,cwdngq,too_large,0,0,0.0,max_dim=1.312
wall_mounted_tv,dkpfys,too_large,0,0,0.0,max_dim=5.158
wall_mounted_tv,dxyfxf,too_large,0,0,0.0,max_dim=0.901
wall_mounted_tv,eqnopt,too_large,0,0,0.0,max_dim=1.059
wall_mounted_tv,gffrzl,too_large,0,0,0.0,max_dim=1.128
wall_mounted_tv,ggfznh,too_large,0,0,0.0,max_dim=0.559
wall_mounted_tv,hviblz,too_large,0,0,0.0,max_dim=0.942
wall_mounted_tv,leeqgt,too_large,0,0,0.0,max_dim=1.318
wall_mounted_tv,nmquap,too_large,0,0,0.0,max_dim=0.929
wall_mounted_tv,ovzajm,too_large,0,0,0.0,max_dim=1.318
wall_mounted_tv,pghmyr,too_large,0,0,0.0,max_dim=1.518
wall_mounted_tv,rifpjo,too_large,0,0,0.0,max_dim=1.666
wall_mounted_tv,sodbbr,too_large,0,0,0.0,max_dim=0.901
wall_mounted_tv,uvlqsl,too_large,0,0,0.0,max_dim=1.449
wall_mounted_tv,xldpbf,too_large,0,0,0.0,max_dim=2.675
wall_mounted_tv,ylvjhb,too_large,0,0,0.0,max_dim=0.925
wall_mounted_tv,zesqym,too_large,0,0,0.0,max_dim=1.641
wall_nail,wlnail,graspable,200,5,10.8,max_dim=0.012
wall_socket,hocerb,not_ready,0,0,0.0,max_dim=0.106
wall_socket,ilzahp,graspable,200,5,41.7,max_dim=0.219
wall_socket,neqiyu,graspable,200,5,10.3,max_dim=0.086
wall_socket,nujxel,graspable,200,5,15.5,max_dim=0.086
wall_socket,plssag,graspable,200,5,15.3,max_dim=0.086
wallet,lagjae,graspable,200,5,92.6,max_dim=0.129
walls,aakqqd,too_large,0,0,0.0,max_dim=2.400
walls,aanbqa,too_large,0,0,0.0,max_dim=3.502
walls,abeith,too_large,0,0,0.0,max_dim=6.739
walls,abqeqz,too_large,0,0,0.0,max_dim=0.713
walls,abtbfo,too_large,0,0,0.0,max_dim=3.055
walls,accpnc,too_large,0,0,0.0,max_dim=2.700
walls,accxms,degenerate_bbox,0,0,0.0,"[0.0, 78.48555078125, 4.7474921875]"
walls,adgmxy,too_large,0,0,0.0,max_dim=4.000
walls,adkdbx,too_large,0,0,0.0,max_dim=4.080
walls,adqmpz,too_large,0,0,0.0,max_dim=2.400
walls,aescmv,too_large,0,0,0.0,max_dim=2.069
walls,afdfgb,too_large,0,0,0.0,max_dim=3.590
walls,affyzw,too_large,0,0,0.0,max_dim=3.647
walls,afifli,too_large,0,0,0.0,max_dim=7.454
walls,afsofl,too_large,0,0,0.0,max_dim=3.405
walls,ahpkeh,too_large,0,0,0.0,max_dim=3.106
walls,ahzqhk,too_large,0,0,0.0,max_dim=7.703
walls,aigrtq,too_large,0,0,0.0,max_dim=2.870
walls,ajkcwv,too_large,0,0,0.0,max_dim=2.249
walls,ajqvoa,too_large,0,0,0.0,max_dim=3.000
walls,ajtqcv,too_large,0,0,0.0,max_dim=4.732
walls,aknoez,too_large,0,0,0.0,max_dim=4.712
walls,akntsr,too_large,0,0,0.0,max_dim=3.400
walls,aljtes,too_large,0,0,0.0,max_dim=3.058
walls,alkqkp,too_large,0,0,0.0,max_dim=2.150
walls,amfsqq,too_large,0,0,0.0,max_dim=4.296
walls,amllyu,too_large,0,0,0.0,max_dim=2.492
walls,amolcz,too_large,0,0,0.0,max_dim=6.683
walls,anepvh,too_large,0,0,0.0,max_dim=0.867
walls,anjroq,too_large,0,0,0.0,max_dim=21.065
walls,ankbvr,too_large,0,0,0.0,max_dim=5.980
walls,anksht,too_large,0,0,0.0,max_dim=3.333
walls,apfnfp,too_large,0,0,0.0,max_dim=2.450
walls,apmlgo,too_large,0,0,0.0,max_dim=4.750
walls,apmsgb,too_large,0,0,0.0,max_dim=2.400
walls,aquxtu,too_large,0,0,0.0,max_dim=2.613
walls,aquzfl,too_large,0,0,0.0,max_dim=2.400
walls,asahjx,too_large,0,0,0.0,max_dim=4.732
walls,asykgf,too_large,0,0,0.0,max_dim=2.400
walls,aszfdq,too_large,0,0,0.0,max_dim=2.400
walls,atghwq,too_large,0,0,0.0,max_dim=3.800
walls,atjaxs,too_large,0,0,0.0,max_dim=2.027
walls,atzkmh,too_large,0,0,0.0,max_dim=2.438
walls,aurbip,too_large,0,0,0.0,max_dim=7.455
walls,auxobz,too_large,0,0,0.0,max_dim=13.295
walls,avabgo,too_large,0,0,0.0,max_dim=3.158
walls,avigim,too_large,0,0,0.0,max_dim=9.790
walls,avkurm,too_large,0,0,0.0,max_dim=11.338
walls,avovfj,too_large,0,0,0.0,max_dim=3.000
walls,awowtd,too_large,0,0,0.0,max_dim=9.908
walls,awyfix,too_large,0,0,0.0,max_dim=2.086
walls,axhynp,too_large,0,0,0.0,max_dim=6.200
walls,axkjhh,too_large,0,0,0.0,max_dim=0.875
walls,ayjzsb,too_large,0,0,0.0,max_dim=2.960
walls,baahfr,too_large,0,0,0.0,max_dim=3.840
walls,babjhv,too_large,0,0,0.0,max_dim=3.054
walls,bafezw,too_large,0,0,0.0,max_dim=7.263
walls,bafyrz,too_large,0,0,0.0,max_dim=2.938
walls,baibaz,too_large,0,0,0.0,max_dim=3.107
walls,bamxmo,too_large,0,0,0.0,max_dim=3.000
walls,bbokbs,too_large,0,0,0.0,max_dim=2.400
walls,bbqdud,too_large,0,0,0.0,max_dim=20.690
walls,bcjmdz,too_large,0,0,0.0,max_dim=7.710
walls,bcpase,too_large,0,0,0.0,max_dim=2.938
walls,bcuahp,degenerate_bbox,0,0,0.0,"[0.0, 2.3039560546875, 3.0000001220703125]"
walls,bdxwvm,too_large,0,0,0.0,max_dim=4.590
walls,beqqbw,too_large,0,0,0.0,max_dim=3.550
walls,beuioj,too_large,0,0,0.0,max_dim=2.474
walls,bfdewd,too_large,0,0,0.0,max_dim=4.405
walls,bfhmxg,too_large,0,0,0.0,max_dim=7.263
walls,bfmsav,too_large,0,0,0.0,max_dim=3.200
walls,bftgiq,too_large,0,0,0.0,max_dim=8.796
walls,bgmpqm,too_large,0,0,0.0,max_dim=4.210
walls,bgoxzh,too_large,0,0,0.0,max_dim=2.400
walls,bgsmqx,too_large,0,0,0.0,max_dim=4.712
walls,bgwwet,too_large,0,0,0.0,max_dim=2.400
walls,bgymrg,too_large,0,0,0.0,max_dim=8.620
walls,bhcmue,too_large,0,0,0.0,max_dim=2.700
walls,bhpjmj,too_large,0,0,0.0,max_dim=7.341
walls,bhrrch,too_large,0,0,0.0,max_dim=4.349
walls,bhvazq,too_large,0,0,0.0,max_dim=6.738
walls,bhvyap,too_large,0,0,0.0,max_dim=2.938
walls,bigboy,too_large,0,0,0.0,max_dim=4.293
walls,bjaxrt,too_large,0,0,0.0,max_dim=2.084
walls,bjekee,too_large,0,0,0.0,max_dim=2.808
walls,bjofqm,too_large,0,0,0.0,max_dim=3.000
walls,bjybja,too_large,0,0,0.0,max_dim=11.599
walls,blfeln,too_large,0,0,0.0,max_dim=4.000
walls,bmthbv,too_large,0,0,0.0,max_dim=6.300
walls,bncgrb,too_large,0,0,0.0,max_dim=3.930
walls,bnfxcd,too_large,0,0,0.0,max_dim=2.400
walls,bnscme,too_large,0,0,0.0,max_dim=2.700
walls,bntgiu,too_large,0,0,0.0,max_dim=10.030
walls,boflea,too_large,0,0,0.0,max_dim=12.993
walls,bogber,too_large,0,0,0.0,max_dim=3.333
walls,bouphi,too_large,0,0,0.0,max_dim=2.420
walls,bpaayh,too_large,0,0,0.0,max_dim=2.400
walls,bpbucg,too_large,0,0,0.0,max_dim=3.149
walls,bpmwqx,too_large,0,0,0.0,max_dim=3.940
walls,bqdrep,too_large,0,0,0.0,max_dim=7.130
walls,bqgzsg,too_large,0,0,0.0,max_dim=3.614
walls,bqhsfi,too_large,0,0,0.0,max_dim=4.750
walls,bqjvho,too_large,0,0,0.0,max_dim=3.746
walls,bqocyc,too_large,0,0,0.0,max_dim=0.989
walls,breuts,too_large,0,0,0.0,max_dim=12.642
walls,briycm,too_large,0,0,0.0,max_dim=5.800
walls,bstmin,too_large,0,0,0.0,max_dim=2.134
walls,bsypmj,too_large,0,0,0.0,max_dim=4.050
walls,btbqgm,too_large,0,0,0.0,max_dim=2.400
walls,btcoak,too_large,0,0,0.0,max_dim=2.131
walls,btvwzs,too_large,0,0,0.0,max_dim=8.640
walls,btxdrd,too_large,0,0,0.0,max_dim=2.400
walls,bubmvu,too_large,0,0,0.0,max_dim=7.563
walls,buhmrc,too_large,0,0,0.0,max_dim=3.455
walls,bvcaju,too_large,0,0,0.0,max_dim=12.165
walls,bvpzet,too_large,0,0,0.0,max_dim=7.810
walls,bvtxbv,too_large,0,0,0.0,max_dim=2.400
walls,bwgquk,too_large,0,0,0.0,max_dim=4.000
walls,bwmadg,degenerate_bbox,0,0,0.0,"[0.0, 0.28821875, 3.0000001220703125]"
walls,bwugbm,too_large,0,0,0.0,max_dim=3.000
walls,bxewmp,too_large,0,0,0.0,max_dim=5.250
walls,bxvhde,too_large,0,0,0.0,max_dim=11.400
walls,byqfbc,too_large,0,0,0.0,max_dim=4.381
walls,camhvs,too_large,0,0,0.0,max_dim=7.734
walls,cauebt,too_large,0,0,0.0,max_dim=3.000
walls,cazhvf,too_large,0,0,0.0,max_dim=14.280
walls,cdjsgw,degenerate_bbox,0,0,0.0,"[7.34070703125, 0.0, 4.74748828125]"
walls,cdwbza,too_large,0,0,0.0,max_dim=5.397
walls,cesukw,too_large,0,0,0.0,max_dim=2.400
walls,cezdjs,too_large,0,0,0.0,max_dim=2.400
walls,cfcpxc,too_large,0,0,0.0,max_dim=2.900
walls,cghewb,too_large,0,0,0.0,max_dim=2.700
walls,cgmdtf,too_large,0,0,0.0,max_dim=2.613
walls,cgqrnl,too_large,0,0,0.0,max_dim=4.741
walls,chibax,too_large,0,0,0.0,max_dim=2.134
walls,chjfxn,too_large,0,0,0.0,max_dim=2.052
walls,chmqjn,too_large,0,0,0.0,max_dim=0.888
walls,chsrxr,too_large,0,0,0.0,max_dim=3.106
walls,chtiea,too_large,0,0,0.0,max_dim=3.106
walls,chzguy,too_large,0,0,0.0,max_dim=2.400
walls,cjxcfc,too_large,0,0,0.0,max_dim=3.106
walls,cjxuff,too_large,0,0,0.0,max_dim=2.950
walls,ckmffa,too_large,0,0,0.0,max_dim=7.341
walls,ckyhcv,too_large,0,0,0.0,max_dim=2.027
walls,cnlgjq,too_large,0,0,0.0,max_dim=3.106
walls,cnqnew,too_large,0,0,0.0,max_dim=3.054
walls,coluyn,too_large,0,0,0.0,max_dim=3.141
walls,cphcnn,too_large,0,0,0.0,max_dim=2.700
walls,cqizpg,too_large,0,0,0.0,max_dim=1.574
walls,cqliyr,too_large,0,0,0.0,max_dim=22.961
walls,cqojjq,too_large,0,0,0.0,max_dim=3.600
walls,crohyh,too_large,0,0,0.0,max_dim=3.332
walls,crydgh,too_large,0,0,0.0,max_dim=3.000
walls,crykxf,too_large,0,0,0.0,max_dim=2.400
walls,cudsjn,too_large,0,0,0.0,max_dim=2.910
walls,cufcke,too_large,0,0,0.0,max_dim=2.650
walls,cuglzp,too_large,0,0,0.0,max_dim=2.870
walls,cusskx,too_large,0,0,0.0,max_dim=2.400
walls,cvdpaq,too_large,0,0,0.0,max_dim=4.991
walls,cvtrhg,too_large,0,0,0.0,max_dim=2.700
walls,cxcmht,too_large,0,0,0.0,max_dim=2.400
walls,cxlwho,too_large,0,0,0.0,max_dim=3.811
walls,cxmuxl,too_large,0,0,0.0,max_dim=4.051
walls,cxsmhr,too_large,0,0,0.0,max_dim=2.697
walls,cyflyo,too_large,0,0,0.0,max_dim=2.400
walls,czdjmo,too_large,0,0,0.0,max_dim=2.613
walls,dbcxft,too_large,0,0,0.0,max_dim=2.910
walls,dbehis,too_large,0,0,0.0,max_dim=2.430
walls,dbgtnc,too_large,0,0,0.0,max_dim=2.943
walls,dbxono,too_large,0,0,0.0,max_dim=2.950
walls,dcigho,too_large,0,0,0.0,max_dim=12.039
walls,dcyrxu,too_large,0,0,0.0,max_dim=2.950
walls,ddqeze,too_large,0,0,0.0,max_dim=3.300
walls,ddswbg,too_large,0,0,0.0,max_dim=5.470
walls,dekben,too_large,0,0,0.0,max_dim=4.060
walls,deodph,too_large,0,0,0.0,max_dim=3.795
walls,detmse,too_large,0,0,0.0,max_dim=2.938
walls,dewyls,too_large,0,0,0.0,max_dim=1.522
walls,dfenga,too_large,0,0,0.0,max_dim=4.000
walls,dfktez,too_large,0,0,0.0,max_dim=2.400
walls,dfkxqx,too_large,0,0,0.0,max_dim=2.670
walls,dfnqnk,too_large,0,0,0.0,max_dim=2.400
walls,dgtuks,too_large,0,0,0.0,max_dim=2.289
walls,dgwjzr,too_large,0,0,0.0,max_dim=11.338
walls,dhsptd,too_large,0,0,0.0,max_dim=3.054
walls,diijaq,too_large,0,0,0.0,max_dim=7.039
walls,diztjx,too_large,0,0,0.0,max_dim=2.400
walls,djfood,too_large,0,0,0.0,max_dim=10.920
walls,djtwqa,too_large,0,0,0.0,max_dim=16.285
walls,djwcfj,too_large,0,0,0.0,max_dim=4.490
walls,dkoolt,too_large,0,0,0.0,max_dim=2.279
walls,dlency,too_large,0,0,0.0,max_dim=2.649
walls,dlfarz,too_large,0,0,0.0,max_dim=4.493
walls,dmdnmr,too_large,0,0,0.0,max_dim=1.025
walls,dmjgyl,too_large,0,0,0.0,max_dim=2.400
walls,dmjwhh,too_large,0,0,0.0,max_dim=4.240
walls,dmlmhz,too_large,0,0,0.0,max_dim=6.240
walls,dmoicd,too_large,0,0,0.0,max_dim=6.514
walls,dmusnk,too_large,0,0,0.0,max_dim=2.400
walls,dmvmyw,too_large,0,0,0.0,max_dim=2.440
walls,dnelov,too_large,0,0,0.0,max_dim=8.313
walls,dnsqaj,too_large,0,0,0.0,max_dim=10.300
walls,dnwxds,too_large,0,0,0.0,max_dim=2.674
walls,dondsu,too_large,0,0,0.0,max_dim=14.740
walls,dpagby,too_large,0,0,0.0,max_dim=2.400
walls,dpcrak,too_large,0,0,0.0,max_dim=3.229
walls,dpphuu,too_large,0,0,0.0,max_dim=3.570
walls,dpponz,too_large,0,0,0.0,max_dim=56.000
walls,drwyhj,too_large,0,0,0.0,max_dim=4.358
walls,dslvpd,too_large,0,0,0.0,max_dim=5.030
walls,dstwoi,too_large,0,0,0.0,max_dim=2.400
walls,dsuxez,too_large,0,0,0.0,max_dim=5.324
walls,dswbqz,too_large,0,0,0.0,max_dim=2.999
walls,dtdcvu,too_large,0,0,0.0,max_dim=3.058
walls,dthtvd,too_large,0,0,0.0,max_dim=2.920
walls,dtyudh,too_large,0,0,0.0,max_dim=2.400
walls,duatwe,too_large,0,0,0.0,max_dim=4.705
walls,duepvi,too_large,0,0,0.0,max_dim=3.054
walls,dyajzl,too_large,0,0,0.0,max_dim=12.642
walls,dyeubz,too_large,0,0,0.0,max_dim=3.962
walls,dyicpd,too_large,0,0,0.0,max_dim=3.930
walls,dzhpsr,too_large,0,0,0.0,max_dim=4.065
walls,dzlwbx,too_large,0,0,0.0,max_dim=2.400
walls,dzmpgj,too_large,0,0,0.0,max_dim=2.513
walls,dzvwke,too_large,0,0,0.0,max_dim=2.800
walls,dzwthn,too_large,0,0,0.0,max_dim=6.300
walls,ealxzl,too_large,0,0,0.0,max_dim=2.400
walls,eazpgw,too_large,0,0,0.0,max_dim=9.651
walls,ebfjro,too_large,0,0,0.0,max_dim=10.036
walls,ebhgft,too_large,0,0,0.0,max_dim=2.938
walls,ebkrdz,too_large,0,0,0.0,max_dim=22.961
walls,ebolxd,too_large,0,0,0.0,max_dim=2.400
walls,ecwlnf,too_large,0,0,0.0,max_dim=4.680
walls,eduovz,too_large,0,0,0.0,max_dim=2.440
walls,eefxlg,too_large,0,0,0.0,max_dim=9.102
walls,eervot,too_large,0,0,0.0,max_dim=2.195
walls,efqvsv,too_large,0,0,0.0,max_dim=3.600
walls,efuaku,too_large,0,0,0.0,max_dim=4.000
walls,eguptx,too_large,0,0,0.0,max_dim=3.018
walls,ehfawi,too_large,0,0,0.0,max_dim=1.720
walls,ehzlaj,too_large,0,0,0.0,max_dim=11.554
walls,eideiv,too_large,0,0,0.0,max_dim=2.082
walls,eiepif,too_large,0,0,0.0,max_dim=4.775
walls,eimtph,degenerate_bbox,0,0,0.0,"[0.0, 3.500001953125, 3.0000001220703125]"
walls,eiobkz,too_large,0,0,0.0,max_dim=2.682
walls,eiunty,too_large,0,0,0.0,max_dim=2.400
walls,eizliu,too_large,0,0,0.0,max_dim=5.193
walls,ejzliv,too_large,0,0,0.0,max_dim=2.400
walls,elcxze,too_large,0,0,0.0,max_dim=3.000
walls,eltakf,too_large,0,0,0.0,max_dim=3.602
walls,emivcc,too_large,0,0,0.0,max_dim=2.674
walls,enjbmy,too_large,0,0,0.0,max_dim=7.284
walls,enkevn,too_large,0,0,0.0,max_dim=2.674
walls,enroos,too_large,0,0,0.0,max_dim=2.400
walls,enzltq,too_large,0,0,0.0,max_dim=5.325
walls,eoobmm,degenerate_bbox,0,0,0.0,"[4.3240117187500005, 0.0, 4.2376777343750005]"
walls,epfcom,too_large,0,0,0.0,max_dim=2.700
walls,epketb,too_large,0,0,0.0,max_dim=0.898
walls,eqdfde,too_large,0,0,0.0,max_dim=6.553
walls,eqqfqj,too_large,0,0,0.0,max_dim=3.764
walls,esfiux,too_large,0,0,0.0,max_dim=7.578
walls,esuxme,too_large,0,0,0.0,max_dim=2.261
walls,etksmo,too_large,0,0,0.0,max_dim=5.560
walls,ettplk,too_large,0,0,0.0,max_dim=3.000
walls,etttgp,too_large,0,0,0.0,max_dim=5.720
walls,eugiyg,too_large,0,0,0.0,max_dim=2.400
walls,evgaml,too_large,0,0,0.0,max_dim=4.470
walls,evibnm,degenerate_bbox,0,0,0.0,"[0.0, 1.3, 2.7999898681640625]"
walls,eviihi,degenerate_bbox,0,0,0.0,"[0.0, 6.749999755859375, 2.7000009765625]"
walls,ewecsu,too_large,0,0,0.0,max_dim=9.870
walls,ewqsej,too_large,0,0,0.0,max_dim=7.703
walls,ewsqzu,too_large,0,0,0.0,max_dim=2.027
walls,ewvyod,too_large,0,0,0.0,max_dim=6.600
walls,exahpb,too_large,0,0,0.0,max_dim=5.220
walls,exiopd,too_large,0,0,0.0,max_dim=6.260
walls,exsogt,too_large,0,0,0.0,max_dim=5.640
walls,eyalcx,too_large,0,0,0.0,max_dim=2.400
walls,ezgaki,too_large,0,0,0.0,max_dim=2.400
walls,ezmpyn,too_large,0,0,0.0,max_dim=7.263
walls,eznvuh,too_large,0,0,0.0,max_dim=14.800
walls,ezpvbf,too_large,0,0,0.0,max_dim=14.100
walls,ezsfkl,too_large,0,0,0.0,max_dim=2.195
walls,farddf,too_large,0,0,0.0,max_dim=2.613
walls,fbdhsz,too_large,0,0,0.0,max_dim=3.000
walls,fctnym,too_large,0,0,0.0,max_dim=5.510
walls,fcwcwf,too_large,0,0,0.0,max_dim=7.263
walls,fdxtnx,too_large,0,0,0.0,max_dim=7.908
walls,fecefe,too_large,0,0,0.0,max_dim=6.250
walls,fevgpn,too_large,0,0,0.0,max_dim=6.060
walls,ffeqfb,too_large,0,0,0.0,max_dim=4.172
walls,ffoeix,too_large,0,0,0.0,max_dim=3.350
walls,fglkmr,too_large,0,0,0.0,max_dim=3.054
walls,fhngna,too_large,0,0,0.0,max_dim=2.400
walls,fhpijr,too_large,0,0,0.0,max_dim=4.286
walls,fhxrzm,too_large,0,0,0.0,max_dim=7.403
walls,fhydgh,too_large,0,0,0.0,max_dim=2.613
walls,fjhbza,too_large,0,0,0.0,max_dim=2.938
walls,fjxunn,too_large,0,0,0.0,max_dim=4.663
walls,fkmigx,too_large,0,0,0.0,max_dim=0.993
walls,flehto,too_large,0,0,0.0,max_dim=4.400
walls,fmzgpb,too_large,0,0,0.0,max_dim=3.000
walls,foactj,too_large,0,0,0.0,max_dim=2.110
walls,foyiqv,too_large,0,0,0.0,max_dim=7.341
walls,fpscit,too_large,0,0,0.0,max_dim=2.440
walls,fpwgxq,too_large,0,0,0.0,max_dim=4.000
walls,frgwwc,too_large,0,0,0.0,max_dim=3.106
walls,frkwfk,too_large,0,0,0.0,max_dim=7.770
walls,frmaew,too_large,0,0,0.0,max_dim=4.120
walls,frqhms,too_large,0,0,0.0,max_dim=12.492
walls,fsaxgs,too_large,0,0,0.0,max_dim=7.150
walls,fsviea,too_large,0,0,0.0,max_dim=3.500
walls,fsygco,too_large,0,0,0.0,max_dim=2.150
walls,fteroj,too_large,0,0,0.0,max_dim=2.400
walls,ftntmw,too_large,0,0,0.0,max_dim=2.700
walls,fuiqpw,too_large,0,0,0.0,max_dim=1.024
walls,fuuaks,too_large,0,0,0.0,max_dim=10.060
walls,fvansx,too_large,0,0,0.0,max_dim=3.625
walls,fvckzc,too_large,0,0,0.0,max_dim=0.996
walls,fvrxbt,too_large,0,0,0.0,max_dim=2.440
walls,fwcncx,too_large,0,0,0.0,max_dim=2.700
walls,fwsbwf,too_large,0,0,0.0,max_dim=3.508
walls,fwtwla,too_large,0,0,0.0,max_dim=5.681
walls,fxeanq,too_large,0,0,0.0,max_dim=3.106
walls,fxflqu,too_large,0,0,0.0,max_dim=3.350
walls,fxibmi,too_large,0,0,0.0,max_dim=2.400
walls,fxmppo,too_large,0,0,0.0,max_dim=2.920
walls,fxofyj,too_large,0,0,0.0,max_dim=1.039
walls,fyjrnv,too_large,0,0,0.0,max_dim=3.054
walls,fylrki,too_large,0,0,0.0,max_dim=7.992
walls,fymkuk,too_large,0,0,0.0,max_dim=3.602
walls,fzfeof,too_large,0,0,0.0,max_dim=3.156
walls,gadgor,too_large,0,0,0.0,max_dim=3.270
walls,gajqmw,too_large,0,0,0.0,max_dim=7.461
walls,galkwn,too_large,0,0,0.0,max_dim=0.713
walls,gbbxxg,too_large,0,0,0.0,max_dim=12.642
walls,gcfmvy,too_large,0,0,0.0,max_dim=4.350
walls,gcjrbz,too_large,0,0,0.0,max_dim=5.710
walls,gcoyse,too_large,0,0,0.0,max_dim=4.286
walls,gdajid,too_large,0,0,0.0,max_dim=5.450
walls,gdcxkm,too_large,0,0,0.0,max_dim=3.000
walls,gdzeao,too_large,0,0,0.0,max_dim=2.440
walls,gevsml,too_large,0,0,0.0,max_dim=2.700
walls,geyqrr,too_large,0,0,0.0,max_dim=2.450
walls,gfiikc,too_large,0,0,0.0,max_dim=5.965
walls,gfpsmo,too_large,0,0,0.0,max_dim=2.990
walls,gfsjqz,too_large,0,0,0.0,max_dim=2.400
walls,gfxhgi,too_large,0,0,0.0,max_dim=10.740
walls,ggcuux,too_large,0,0,0.0,max_dim=10.270
walls,ggligz,too_large,0,0,0.0,max_dim=2.400
walls,ggtriw,too_large,0,0,0.0,max_dim=3.106
walls,ghlnbb,too_large,0,0,0.0,max_dim=2.440
walls,ghsgja,too_large,0,0,0.0,max_dim=2.400
walls,gimcls,too_large,0,0,0.0,max_dim=2.400
walls,girfza,too_large,0,0,0.0,max_dim=2.082
walls,gishpf,too_large,0,0,0.0,max_dim=4.289
walls,gitxjr,too_large,0,0,0.0,max_dim=2.400
walls,gjrlnv,too_large,0,0,0.0,max_dim=1.024
walls,gkfnio,too_large,0,0,0.0,max_dim=4.426
walls,gkmbnp,too_large,0,0,0.0,max_dim=3.410
walls,gkmwvy,too_large,0,0,0.0,max_dim=1.087
walls,gknbia,too_large,0,0,0.0,max_dim=6.641
walls,gkwemu,too_large,0,0,0.0,max_dim=3.054
walls,gkyims,too_large,0,0,0.0,max_dim=4.275
walls,gkzeyc,too_large,0,0,0.0,max_dim=3.000
walls,glkvdl,too_large,0,0,0.0,max_dim=6.020
walls,gmdnub,too_large,0,0,0.0,max_dim=2.400
walls,gmwqcf,too_large,0,0,0.0,max_dim=0.989
walls,gnewgv,too_large,0,0,0.0,max_dim=4.296
walls,gnsefd,too_large,0,0,0.0,max_dim=2.175
walls,goiiwo,too_large,0,0,0.0,max_dim=12.398
walls,gpfsgj,too_large,0,0,0.0,max_dim=2.831
walls,gpucms,too_large,0,0,0.0,max_dim=2.400
walls,gqvjdy,too_large,0,0,0.0,max_dim=5.500
walls,grbaxo,too_large,0,0,0.0,max_dim=1.431
walls,grclwc,too_large,0,0,0.0,max_dim=7.311
walls,gtaxam,too_large,0,0,0.0,max_dim=3.660
walls,gtdjcf,too_large,0,0,0.0,max_dim=2.440
walls,gudcjw,too_large,0,0,0.0,max_dim=3.348
walls,gupuvk,too_large,0,0,0.0,max_dim=1.070
walls,guswuo,too_large,0,0,0.0,max_dim=2.400
walls,guxxwh,too_large,0,0,0.0,max_dim=3.106
walls,gvpjlc,too_large,0,0,0.0,max_dim=2.155
walls,gvpsby,too_large,0,0,0.0,max_dim=0.713
walls,gxpqau,too_large,0,0,0.0,max_dim=22.974
walls,gxvcis,too_large,0,0,0.0,max_dim=2.938
walls,gxvfxw,too_large,0,0,0.0,max_dim=8.010
walls,gxynpx,too_large,0,0,0.0,max_dim=2.400
walls,gyzgdj,too_large,0,0,0.0,max_dim=2.400
walls,gzymzl,too_large,0,0,0.0,max_dim=4.706
walls,hajmoj,too_large,0,0,0.0,max_dim=7.938
walls,hbacbx,too_large,0,0,0.0,max_dim=0.855
walls,hbnjvp,too_large,0,0,0.0,max_dim=8.796
walls,hbsgdb,too_large,0,0,0.0,max_dim=2.756
walls,hcbqvq,too_large,0,0,0.0,max_dim=2.697
walls,hcdfmx,too_large,0,0,0.0,max_dim=6.894
walls,hcljaj,too_large,0,0,0.0,max_dim=32.930
walls,hcpcxo,too_large,0,0,0.0,max_dim=7.311
walls,hczqhb,too_large,0,0,0.0,max_dim=3.106
walls,hdbypk,too_large,0,0,0.0,max_dim=3.333
walls,hddwcd,too_large,0,0,0.0,max_dim=2.849
walls,hdgaqd,too_large,0,0,0.0,max_dim=8.073
walls,hdicxf,too_large,0,0,0.0,max_dim=2.999
walls,hdrtcw,too_large,0,0,0.0,max_dim=3.390
walls,hebzpp,too_large,0,0,0.0,max_dim=2.027
walls,hevnoq,too_large,0,0,0.0,max_dim=2.200
walls,hffrei,too_large,0,0,0.0,max_dim=2.640
walls,hfwelb,too_large,0,0,0.0,max_dim=2.400
walls,hfxeuh,too_large,0,0,0.0,max_dim=3.106
walls,hgaazx,too_large,0,0,0.0,max_dim=3.054
walls,hggpqm,too_large,0,0,0.0,max_dim=1.999
walls,hguvbe,too_large,0,0,0.0,max_dim=3.570
walls,hhbfdf,too_large,0,0,0.0,max_dim=0.967
walls,hhxupj,too_large,0,0,0.0,max_dim=2.400
walls,hjezae,too_large,0,0,0.0,max_dim=2.938
walls,hjkqrr,too_large,0,0,0.0,max_dim=38.744
walls,hjnrkf,too_large,0,0,0.0,max_dim=2.084
walls,hkbszu,too_large,0,0,0.0,max_dim=81.000
walls,hkjvci,too_large,0,0,0.0,max_dim=5.925
walls,hlasgx,too_large,0,0,0.0,max_dim=3.000
walls,hmdsyk,too_large,0,0,0.0,max_dim=7.039
walls,hmfnpr,too_large,0,0,0.0,max_dim=3.500
walls,hmgtnl,too_large,0,0,0.0,max_dim=3.689
walls,hmmmqw,too_large,0,0,0.0,max_dim=2.400
walls,hnmcoo,too_large,0,0,0.0,max_dim=3.970
walls,hnqdjb,too_large,0,0,0.0,max_dim=2.613
walls,hnqegn,too_large,0,0,0.0,max_dim=6.840
walls,hnulxt,too_large,0,0,0.0,max_dim=5.000
walls,homply,too_large,0,0,0.0,max_dim=2.700
walls,hosciu,too_large,0,0,0.0,max_dim=2.570
walls,houvgp,too_large,0,0,0.0,max_dim=2.134
walls,hoyudj,too_large,0,0,0.0,max_dim=3.054
walls,hpmdwp,too_large,0,0,0.0,max_dim=3.000
walls,hpsypc,too_large,0,0,0.0,max_dim=12.642
walls,hqkpgu,too_large,0,0,0.0,max_dim=0.739
walls,hqpeoy,too_large,0,0,0.0,max_dim=5.320
walls,hqyggi,too_large,0,0,0.0,max_dim=2.519
walls,hrpcjc,too_large,0,0,0.0,max_dim=4.547
walls,hspvgd,too_large,0,0,0.0,max_dim=7.263
walls,hsudbq,too_large,0,0,0.0,max_dim=6.470
walls,htpoqj,too_large,0,0,0.0,max_dim=3.106
walls,htrllg,degenerate_bbox,0,0,0.0,"[0.0, 1.5, 3.0000001220703125]"
walls,htybxg,too_large,0,0,0.0,max_dim=13.550
walls,hubdfx,too_large,0,0,0.0,max_dim=24.950
walls,hukjxe,too_large,0,0,0.0,max_dim=7.890
walls,hukrvr,too_large,0,0,0.0,max_dim=6.155
walls,huoqsn,too_large,0,0,0.0,max_dim=5.530
walls,hvqsio,too_large,0,0,0.0,max_dim=5.293
walls,hvqwhz,too_large,0,0,0.0,max_dim=3.316
walls,hvshfl,too_large,0,0,0.0,max_dim=5.800
walls,hwdoys,too_large,0,0,0.0,max_dim=3.462
walls,hwglfw,too_large,0,0,0.0,max_dim=17.600
walls,hwzmyf,too_large,0,0,0.0,max_dim=0.806
walls,hxakof,too_large,0,0,0.0,max_dim=5.210
walls,hxvyjx,too_large,0,0,0.0,max_dim=12.342
walls,hyhpha,too_large,0,0,0.0,max_dim=23.803
walls,hyimlw,too_large,0,0,0.0,max_dim=2.624
walls,hyizxy,too_large,0,0,0.0,max_dim=4.870
walls,hzepkq,too_large,0,0,0.0,max_dim=0.998
walls,hzhlyw,too_large,0,0,0.0,max_dim=5.778
walls,iapoei,too_large,0,0,0.0,max_dim=4.450
walls,ibczvg,too_large,0,0,0.0,max_dim=3.158
walls,ibhpug,too_large,0,0,0.0,max_dim=3.401
walls,icgqdt,too_large,0,0,0.0,max_dim=2.400
walls,icgyhn,too_large,0,0,0.0,max_dim=3.010
walls,icyzno,too_large,0,0,0.0,max_dim=2.513
walls,iddpet,too_large,0,0,0.0,max_dim=6.696
walls,ieyjnv,degenerate_bbox,0,0,0.0,"[7.34070703125, 0.0, 7.1843974609375]"
walls,ifeyfb,too_large,0,0,0.0,max_dim=4.320
walls,ifhuaw,too_large,0,0,0.0,max_dim=2.400
walls,ifljlu,too_large,0,0,0.0,max_dim=17.959
walls,ignqog,too_large,0,0,0.0,max_dim=4.657
walls,ihirsz,too_large,0,0,0.0,max_dim=10.020
walls,ihrcrz,too_large,0,0,0.0,max_dim=2.400
walls,iidweb,too_large,0,0,0.0,max_dim=2.134
walls,iivarc,too_large,0,0,0.0,max_dim=9.687
walls,iixdsg,degenerate_bbox,0,0,0.0,"[14.837490478515626, 0.0, 5.241698684692383]"
walls,ijhavy,too_large,0,0,0.0,max_dim=2.400
walls,ijouus,too_large,0,0,0.0,max_dim=10.758
walls,ikdmsd,too_large,0,0,0.0,max_dim=3.000
walls,ikmafn,too_large,0,0,0.0,max_dim=2.843
walls,ikwaza,too_large,0,0,0.0,max_dim=7.263
walls,ikynne,too_large,0,0,0.0,max_dim=4.450
walls,imakfv,too_large,0,0,0.0,max_dim=2.400
walls,inhngq,too_large,0,0,0.0,max_dim=16.418
walls,inmtpp,too_large,0,0,0.0,max_dim=2.674
walls,insggh,too_large,0,0,0.0,max_dim=7.920
walls,inysln,too_large,0,0,0.0,max_dim=2.975
walls,iopurg,too_large,0,0,0.0,max_dim=2.400
walls,ioxzum,too_large,0,0,0.0,max_dim=2.400
walls,ipoatq,too_large,0,0,0.0,max_dim=3.638
walls,iprwqi,too_large,0,0,0.0,max_dim=2.440
walls,ipzkkp,too_large,0,0,0.0,max_dim=4.040
walls,iqbzlu,too_large,0,0,0.0,max_dim=7.950
walls,iqkhbi,too_large,0,0,0.0,max_dim=6.150
walls,irhsnk,too_large,0,0,0.0,max_dim=15.624
walls,irnnhp,too_large,0,0,0.0,max_dim=2.732
walls,irwbya,too_large,0,0,0.0,max_dim=6.640
walls,irxipd,too_large,0,0,0.0,max_dim=7.814
walls,isnclr,too_large,0,0,0.0,max_dim=3.054
walls,isrini,too_large,0,0,0.0,max_dim=2.950
walls,isxfce,too_large,0,0,0.0,max_dim=2.700
walls,iuloqw,too_large,0,0,0.0,max_dim=6.300
walls,iunist,too_large,0,0,0.0,max_dim=2.400
walls,ivezzr,too_large,0,0,0.0,max_dim=3.196
walls,ivkrev,too_large,0,0,0.0,max_dim=5.509
walls,iwdnuy,too_large,0,0,0.0,max_dim=7.263
walls,iwgkkg,too_large,0,0,0.0,max_dim=2.400
walls,iwipoh,too_large,0,0,0.0,max_dim=4.620
walls,ixenbe,too_large,0,0,0.0,max_dim=22.087
walls,ixkwwc,too_large,0,0,0.0,max_dim=9.825
walls,iygrys,too_large,0,0,0.0,max_dim=2.950
walls,izcwsg,too_large,0,0,0.0,max_dim=3.054
walls,iznxop,too_large,0,0,0.0,max_dim=9.752
walls,izojlc,too_large,0,0,0.0,max_dim=8.860
walls,izuhev,degenerate_bbox,0,0,0.0,"[0.0, 1.6500000000000001, 3.0000001220703125]"
walls,jariht,too_large,0,0,0.0,max_dim=3.000
walls,jbwydo,too_large,0,0,0.0,max_dim=3.106
walls,jcsihj,too_large,0,0,0.0,max_dim=6.627
walls,jdilmn,too_large,0,0,0.0,max_dim=2.134
walls,jemunw,too_large,0,0,0.0,max_dim=3.993
walls,jfyqek,too_large,0,0,0.0,max_dim=3.150
walls,jglkyp,too_large,0,0,0.0,max_dim=2.697
walls,jhakil,too_large,0,0,0.0,max_dim=2.680
walls,jhfkbw,too_large,0,0,0.0,max_dim=3.000
walls,jhlvtf,too_large,0,0,0.0,max_dim=2.400
walls,jhnhwj,too_large,0,0,0.0,max_dim=5.324
walls,jitdfm,too_large,0,0,0.0,max_dim=2.154
walls,jiubjd,too_large,0,0,0.0,max_dim=6.520
walls,jkgued,too_large,0,0,0.0,max_dim=5.450
walls,jkkqre,too_large,0,0,0.0,max_dim=23.552
walls,jlndff,too_large,0,0,0.0,max_dim=8.003
walls,jlqtbf,too_large,0,0,0.0,max_dim=11.937
walls,jmaaga,too_large,0,0,0.0,max_dim=17.300
walls,jmfaff,too_large,0,0,0.0,max_dim=2.649
walls,jmnoau,too_large,0,0,0.0,max_dim=6.307
walls,jmzsfh,too_large,0,0,0.0,max_dim=2.262
walls,jnbgxj,too_large,0,0,0.0,max_dim=1.587
walls,jngdxy,too_large,0,0,0.0,max_dim=7.400
walls,jomzar,too_large,0,0,0.0,max_dim=3.200
walls,jothjy,too_large,0,0,0.0,max_dim=5.505
walls,joztgu,too_large,0,0,0.0,max_dim=6.010
walls,jpdrrk,too_large,0,0,0.0,max_dim=4.393
walls,jpglof,too_large,0,0,0.0,max_dim=5.900
walls,jrmnlu,too_large,0,0,0.0,max_dim=2.400
walls,jrrget,too_large,0,0,0.0,max_dim=2.400
walls,jsgjgn,too_large,0,0,0.0,max_dim=2.938
walls,jshqhr,too_large,0,0,0.0,max_dim=0.723
walls,jtxtbi,too_large,0,0,0.0,max_dim=6.842
walls,jukzkm,too_large,0,0,0.0,max_dim=2.400
walls,juqfoo,too_large,0,0,0.0,max_dim=5.324
walls,jvltxt,too_large,0,0,0.0,max_dim=2.400
walls,jvlvng,too_large,0,0,0.0,max_dim=4.176
walls,jvpdej,too_large,0,0,0.0,max_dim=7.062
walls,jwjnmx,too_large,0,0,0.0,max_dim=2.400
walls,jwmigd,too_large,0,0,0.0,max_dim=2.674
walls,jwppes,too_large,0,0,0.0,max_dim=7.473
walls,jxctiw,too_large,0,0,0.0,max_dim=0.977
walls,jxhdba,too_large,0,0,0.0,max_dim=14.050
walls,jyrekv,too_large,0,0,0.0,max_dim=2.700
walls,jyvcbs,too_large,0,0,0.0,max_dim=4.690
walls,jyxmbq,too_large,0,0,0.0,max_dim=2.040
walls,jzvfvo,too_large,0,0,0.0,max_dim=3.348
walls,jzwmhx,too_large,0,0,0.0,max_dim=2.697
walls,kabquv,too_large,0,0,0.0,max_dim=6.040
walls,kakzdk,degenerate_bbox,0,0,0.0,"[5.454625, 0.0, 3.0000001220703125]"
walls,kbfwsp,too_large,0,0,0.0,max_dim=4.000
walls,kbfyvb,too_large,0,0,0.0,max_dim=8.747
walls,kbzgho,too_large,0,0,0.0,max_dim=5.043
walls,kdmgth,too_large,0,0,0.0,max_dim=4.100
walls,kebfof,degenerate_bbox,0,0,0.0,"[0.0, 19.45620654296875, 5.241698684692383]"
walls,kesywo,too_large,0,0,0.0,max_dim=2.400
walls,kfkuxu,too_large,0,0,0.0,max_dim=7.345
walls,kgsmvf,too_large,0,0,0.0,max_dim=7.499
walls,kgxnls,too_large,0,0,0.0,max_dim=2.600
walls,kgxoad,too_large,0,0,0.0,max_dim=11.525
walls,kgyjuy,too_large,0,0,0.0,max_dim=3.333
walls,khkkca,too_large,0,0,0.0,max_dim=3.106
walls,kiagzh,too_large,0,0,0.0,max_dim=48.653
walls,kjruwg,too_large,0,0,0.0,max_dim=3.058
walls,kjzouu,too_large,0,0,0.0,max_dim=10.020
walls,kkibut,too_large,0,0,0.0,max_dim=6.960
walls,kkltnz,too_large,0,0,0.0,max_dim=3.054
walls,kknxpz,too_large,0,0,0.0,max_dim=7.341
walls,kkyrqq,too_large,0,0,0.0,max_dim=2.950
walls,kmgqsi,too_large,0,0,0.0,max_dim=20.790
walls,kmxvob,too_large,0,0,0.0,max_dim=0.713
walls,kmywfp,too_large,0,0,0.0,max_dim=12.642
walls,knhryu,too_large,0,0,0.0,max_dim=3.106
walls,kntomh,too_large,0,0,0.0,max_dim=3.333
walls,koanhs,too_large,0,0,0.0,max_dim=4.162
walls,kosnbd,too_large,0,0,0.0,max_dim=2.950
walls,kptxkg,too_large,0,0,0.0,max_dim=4.430
walls,kpxpyc,too_large,0,0,0.0,max_dim=4.840
walls,kqskfv,too_large,0,0,0.0,max_dim=5.250
walls,kqwkhu,too_large,0,0,0.0,max_dim=3.970
walls,krfqkh,too_large,0,0,0.0,max_dim=2.400
walls,krpumb,too_large,0,0,0.0,max_dim=4.060
walls,kstqar,degenerate_bbox,0,0,0.0,"[26.229306640625, 0.0, 5.241698684692383]"
walls,ktjnvh,too_large,0,0,0.0,max_dim=3.333
walls,ktvxpa,too_large,0,0,0.0,max_dim=1.468
walls,kuqtul,too_large,0,0,0.0,max_dim=2.438
walls,kveeyj,too_large,0,0,0.0,max_dim=2.400
walls,kvilhq,too_large,0,0,0.0,max_dim=3.000
walls,kvmewy,too_large,0,0,0.0,max_dim=2.640
walls,kvrkmr,too_large,0,0,0.0,max_dim=2.400
walls,kvuivq,too_large,0,0,0.0,max_dim=3.001
walls,kyasul,too_large,0,0,0.0,max_dim=2.400
walls,kydyel,too_large,0,0,0.0,max_dim=3.500
walls,kzncyd,too_large,0,0,0.0,max_dim=2.950
walls,laaoid,too_large,0,0,0.0,max_dim=4.446
walls,laibhi,too_large,0,0,0.0,max_dim=3.050
walls,lbhapt,too_large,0,0,0.0,max_dim=2.400
walls,lblwvg,too_large,0,0,0.0,max_dim=2.697
walls,lbvctz,too_large,0,0,0.0,max_dim=3.900
walls,lbxvwa,too_large,0,0,0.0,max_dim=3.106
walls,ldoefg,too_large,0,0,0.0,max_dim=2.826
walls,ldphwm,too_large,0,0,0.0,max_dim=5.324
walls,ldwqlk,too_large,0,0,0.0,max_dim=3.150
walls,lempwq,too_large,0,0,0.0,max_dim=3.877
walls,leuomc,too_large,0,0,0.0,max_dim=3.141
walls,levbrm,too_large,0,0,0.0,max_dim=5.733
walls,lexgeg,too_large,0,0,0.0,max_dim=2.440
walls,lgkqiw,too_large,0,0,0.0,max_dim=14.937
walls,lgrimj,too_large,0,0,0.0,max_dim=10.373
walls,lgvfbm,too_large,0,0,0.0,max_dim=20.592
walls,lhemrv,too_large,0,0,0.0,max_dim=4.350
walls,lhyxmc,too_large,0,0,0.0,max_dim=3.158
walls,likzkw,too_large,0,0,0.0,max_dim=3.997
walls,ljngkt,too_large,0,0,0.0,max_dim=2.400
walls,ljrujr,too_large,0,0,0.0,max_dim=3.359
walls,lkxreb,too_large,0,0,0.0,max_dim=4.000
walls,llgahv,too_large,0,0,0.0,max_dim=2.400
walls,lljiyl,too_large,0,0,0.0,max_dim=2.680
walls,llpoke,too_large,0,0,0.0,max_dim=1.999
walls,lmdouk,too_large,0,0,0.0,max_dim=3.710
walls,lmjkkp,too_large,0,0,0.0,max_dim=3.106
walls,lmuzxd,too_large,0,0,0.0,max_dim=4.438
walls,lnikgo,too_large,0,0,0.0,max_dim=6.390
walls,lnuyge,too_large,0,0,0.0,max_dim=2.044
walls,lnvsgj,too_large,0,0,0.0,max_dim=2.400
walls,lnvsue,too_large,0,0,0.0,max_dim=34.910
walls,lnyvlo,too_large,0,0,0.0,max_dim=4.000
walls,lorhsv,too_large,0,0,0.0,max_dim=6.400
walls,lovfhw,too_large,0,0,0.0,max_dim=2.697
walls,loxfub,too_large,0,0,0.0,max_dim=2.400
walls,lpbyji,too_large,0,0,0.0,max_dim=3.763
walls,lpdzjx,too_large,0,0,0.0,max_dim=7.490
walls,lpuxgh,too_large,0,0,0.0,max_dim=2.674
walls,lqvggk,too_large,0,0,0.0,max_dim=2.400
walls,lsfzjg,too_large,0,0,0.0,max_dim=56.059
walls,lsngcu,too_large,0,0,0.0,max_dim=5.509
walls,lsywqt,too_large,0,0,0.0,max_dim=2.888
walls,ltirav,too_large,0,0,0.0,max_dim=2.400
walls,ltqrqp,too_large,0,0,0.0,max_dim=3.106
walls,luowiu,too_large,0,0,0.0,max_dim=2.400
walls,lveewk,too_large,0,0,0.0,max_dim=0.764
walls,lvnabe,too_large,0,0,0.0,max_dim=8.250
walls,lvpqgb,too_large,0,0,0.0,max_dim=2.938
walls,lvqeld,too_large,0,0,0.0,max_dim=3.000
walls,lwkmsr,too_large,0,0,0.0,max_dim=2.400
walls,lxqjnd,too_large,0,0,0.0,max_dim=3.054
walls,lxzuqa,too_large,0,0,0.0,max_dim=4.630
walls,lybykw,too_large,0,0,0.0,max_dim=2.400
walls,lysuls,too_large,0,0,0.0,max_dim=2.400
walls,lyuheh,too_large,0,0,0.0,max_dim=4.310
walls,lziiqq,too_large,0,0,0.0,max_dim=2.400
walls,lzkdkf,too_large,0,0,0.0,max_dim=1.036
walls,mafsga,too_large,0,0,0.0,max_dim=2.134
walls,mbxkax,too_large,0,0,0.0,max_dim=2.613
walls,mcwkoq,too_large,0,0,0.0,max_dim=14.334
walls,mdbihb,too_large,0,0,0.0,max_dim=1.800
walls,mdwfhn,too_large,0,0,0.0,max_dim=2.440
walls,mesrth,too_large,0,0,0.0,max_dim=4.970
walls,mezeys,too_large,0,0,0.0,max_dim=2.027
walls,mfnlvv,too_large,0,0,0.0,max_dim=8.881
walls,mfpqjg,too_large,0,0,0.0,max_dim=19.745
walls,mgubmm,too_large,0,0,0.0,max_dim=19.800
walls,mgumxz,too_large,0,0,0.0,max_dim=0.859
walls,mgvplr,too_large,0,0,0.0,max_dim=13.866
walls,mgvxov,too_large,0,0,0.0,max_dim=2.697
walls,mgwnwy,too_large,0,0,0.0,max_dim=3.106
walls,mgybhc,too_large,0,0,0.0,max_dim=6.117
walls,mhguff,too_large,0,0,0.0,max_dim=4.800
walls,mhzijm,too_large,0,0,0.0,max_dim=7.341
walls,mianco,too_large,0,0,0.0,max_dim=3.106
walls,miioiw,too_large,0,0,0.0,max_dim=3.480
walls,miltge,too_large,0,0,0.0,max_dim=7.918
walls,mimdov,too_large,0,0,0.0,max_dim=2.400
walls,minoww,too_large,0,0,0.0,max_dim=2.027
walls,mjuutw,too_large,0,0,0.0,max_dim=2.700
walls,mkgplc,too_large,0,0,0.0,max_dim=2.038
walls,mkhdgc,too_large,0,0,0.0,max_dim=2.938
walls,mkvxcd,too_large,0,0,0.0,max_dim=2.400
walls,mlnhxt,too_large,0,0,0.0,max_dim=2.400
walls,mlpstc,too_large,0,0,0.0,max_dim=7.039
walls,mlwwng,too_large,0,0,0.0,max_dim=1.386
walls,mmrdwr,too_large,0,0,0.0,max_dim=3.359
walls,mmsorl,too_large,0,0,0.0,max_dim=3.600
walls,mmxuts,too_large,0,0,0.0,max_dim=2.400
walls,mndzqa,too_large,0,0,0.0,max_dim=7.263
walls,mngjct,too_large,0,0,0.0,max_dim=3.889
walls,morhpd,too_large,0,0,0.0,max_dim=6.277
walls,moxkxl,too_large,0,0,0.0,max_dim=7.170
walls,mpswiy,too_large,0,0,0.0,max_dim=3.795
walls,mqmdyl,too_large,0,0,0.0,max_dim=3.940
walls,mqmejb,too_large,0,0,0.0,max_dim=14.164
walls,mqqmct,too_large,0,0,0.0,max_dim=4.450
walls,mqvlev,too_large,0,0,0.0,max_dim=3.655
walls,mrghjk,too_large,0,0,0.0,max_dim=5.305
walls,mtgkak,too_large,0,0,0.0,max_dim=2.400
walls,mtnluu,too_large,0,0,0.0,max_dim=3.001
walls,mtxeea,too_large,0,0,0.0,max_dim=7.311
walls,mubpun,too_large,0,0,0.0,max_dim=3.854
walls,muwkdc,degenerate_bbox,0,0,0.0,"[0.0, 0.275125, 3.0000001220703125]"
walls,mvcnbj,too_large,0,0,0.0,max_dim=12.942
walls,mwlvfb,too_large,0,0,0.0,max_dim=1.567
walls,mwpnqm,too_large,0,0,0.0,max_dim=2.938
walls,mwseii,too_large,0,0,0.0,max_dim=38.759
walls,mwvthl,too_large,0,0,0.0,max_dim=9.220
walls,mxdvsa,too_large,0,0,0.0,max_dim=2.938
walls,mxhvpj,too_large,0,0,0.0,max_dim=0.991
walls,mxpwbb,too_large,0,0,0.0,max_dim=3.158
walls,mxwoul,too_large,0,0,0.0,max_dim=3.750
walls,mzhfxw,too_large,0,0,0.0,max_dim=22.974
walls,mzmzrc,too_large,0,0,0.0,max_dim=2.400
walls,namehw,degenerate_bbox,0,0,0.0,"[0.0, 3.4, 2.7999898681640625]"
walls,nasnsa,too_large,0,0,0.0,max_dim=4.712
walls,nbdeaz,too_large,0,0,0.0,max_dim=5.565
walls,nbhzcs,too_large,0,0,0.0,max_dim=2.700
walls,nboaej,too_large,0,0,0.0,max_dim=2.400
walls,nbobru,too_large,0,0,0.0,max_dim=11.554
walls,nbzzdk,too_large,0,0,0.0,max_dim=8.540
walls,ncgwop,too_large,0,0,0.0,max_dim=2.700
walls,ncwzvh,too_large,0,0,0.0,max_dim=2.037
walls,necooi,too_large,0,0,0.0,max_dim=4.300
walls,negtih,too_large,0,0,0.0,max_dim=2.700
walls,netmug,too_large,0,0,0.0,max_dim=6.079
walls,nfbxyk,too_large,0,0,0.0,max_dim=6.566
walls,nfmhed,too_large,0,0,0.0,max_dim=3.995
walls,nfprcv,too_large,0,0,0.0,max_dim=2.660
walls,nfqxva,too_large,0,0,0.0,max_dim=6.400
walls,ngbqxk,too_large,0,0,0.0,max_dim=4.930
walls,ngfxil,too_large,0,0,0.0,max_dim=4.340
walls,ngughn,too_large,0,0,0.0,max_dim=7.560
walls,ngxkqy,too_large,0,0,0.0,max_dim=10.878
walls,nhbbnj,too_large,0,0,0.0,max_dim=2.943
walls,nhhvkd,degenerate_bbox,0,0,0.0,"[0.1, 0.0, 3.0000001220703125]"
walls,nhingy,too_large,0,0,0.0,max_dim=17.484
walls,nhnlvx,too_large,0,0,0.0,max_dim=3.800
walls,nhvigl,too_large,0,0,0.0,max_dim=3.106
walls,nidtbd,too_large,0,0,0.0,max_dim=2.400
walls,niphrv,too_large,0,0,0.0,max_dim=2.040
walls,niwrlc,too_large,0,0,0.0,max_dim=2.400
walls,njrmbo,too_large,0,0,0.0,max_dim=38.600
walls,nkmpkr,too_large,0,0,0.0,max_dim=4.590
walls,nlhetj,too_large,0,0,0.0,max_dim=0.713
walls,nlumfg,too_large,0,0,0.0,max_dim=2.134
walls,nmekjn,too_large,0,0,0.0,max_dim=4.400
walls,nmpdgu,too_large,0,0,0.0,max_dim=2.400
walls,nmxjuw,too_large,0,0,0.0,max_dim=13.608
walls,nmzbqa,too_large,0,0,0.0,max_dim=12.610
walls,nnxecd,too_large,0,0,0.0,max_dim=3.450
walls,noclci,too_large,0,0,0.0,max_dim=3.106
walls,npahfr,too_large,0,0,0.0,max_dim=7.243
walls,npdrsv,too_large,0,0,0.0,max_dim=2.700
walls,nqacfb,too_large,0,0,0.0,max_dim=2.440
walls,nqtojt,too_large,0,0,0.0,max_dim=2.400
walls,nrofhc,too_large,0,0,0.0,max_dim=4.674
walls,nsqgzs,too_large,0,0,0.0,max_dim=2.400
walls,nsyzcf,too_large,0,0,0.0,max_dim=2.400
walls,ntatzo,too_large,0,0,0.0,max_dim=7.039
walls,nthwqa,too_large,0,0,0.0,max_dim=2.400
walls,ntzgsk,too_large,0,0,0.0,max_dim=7.130
walls,nuaoac,too_large,0,0,0.0,max_dim=0.965
walls,nvtvxi,too_large,0,0,0.0,max_dim=2.474
walls,nwcmqs,too_large,0,0,0.0,max_dim=4.700
walls,nwhfvp,too_large,0,0,0.0,max_dim=3.580
walls,nwuzeb,too_large,0,0,0.0,max_dim=2.938
walls,nxmthw,too_large,0,0,0.0,max_dim=5.495
walls,nxxtrq,too_large,0,0,0.0,max_dim=5.260
walls,nyrdyc,too_large,0,0,0.0,max_dim=48.653
walls,nyvztg,too_large,0,0,0.0,max_dim=2.400
walls,nyzjes,too_large,0,0,0.0,max_dim=11.385
walls,nzypjf,too_large,0,0,0.0,max_dim=3.900
walls,oaivry,too_large,0,0,0.0,max_dim=2.938
walls,oalpcj,too_large,0,0,0.0,max_dim=4.115
walls,oasygv,too_large,0,0,0.0,max_dim=2.950
walls,oavamq,too_large,0,0,0.0,max_dim=2.134
walls,odbsjx,too_large,0,0,0.0,max_dim=2.401
walls,odlitx,too_large,0,0,0.0,max_dim=100.320
walls,oehfxy,too_large,0,0,0.0,max_dim=0.670
walls,oeikjq,too_large,0,0,0.0,max_dim=4.450
walls,ofedqs,too_large,0,0,0.0,max_dim=2.400
walls,ofwbho,too_large,0,0,0.0,max_dim=11.303
walls,oggwut,too_large,0,0,0.0,max_dim=2.400
walls,oglchp,too_large,0,0,0.0,max_dim=2.445
walls,oglkuk,too_large,0,0,0.0,max_dim=4.090
walls,ogvedo,too_large,0,0,0.0,max_dim=2.400
walls,ohlvsg,too_large,0,0,0.0,max_dim=20.592
walls,ohtlts,too_large,0,0,0.0,max_dim=3.200
walls,oiagxk,too_large,0,0,0.0,max_dim=2.697
walls,oipebp,too_large,0,0,0.0,max_dim=12.542
walls,ojbpgl,too_large,0,0,0.0,max_dim=4.620
walls,ojraij,too_large,0,0,0.0,max_dim=2.400
walls,okuanx,too_large,0,0,0.0,max_dim=2.613
walls,olpgua,too_large,0,0,0.0,max_dim=5.293
walls,olxjsy,too_large,0,0,0.0,max_dim=3.106
walls,olywna,too_large,0,0,0.0,max_dim=3.054
walls,ondmvj,too_large,0,0,0.0,max_dim=1.170
walls,onkuit,too_large,0,0,0.0,max_dim=2.086
walls,onwdhr,too_large,0,0,0.0,max_dim=3.054
walls,ooixcz,too_large,0,0,0.0,max_dim=7.909
walls,ooodeb,too_large,0,0,0.0,max_dim=2.900
walls,opceer,too_large,0,0,0.0,max_dim=6.307
walls,oqlnfz,too_large,0,0,0.0,max_dim=7.390
walls,oqrbxo,too_large,0,0,0.0,max_dim=5.495
walls,oqsqzj,too_large,0,0,0.0,max_dim=6.010
walls,oqwhij,too_large,0,0,0.0,max_dim=3.000
walls,orfhgp,degenerate_bbox,0,0,0.0,"[0.0, 6.9392802734375, 3.0000001220703125]"
walls,ormaga,too_large,0,0,0.0,max_dim=2.400
walls,oronke,too_large,0,0,0.0,max_dim=2.134
walls,oubyzg,too_large,0,0,0.0,max_dim=0.713
walls,ovgksa,too_large,0,0,0.0,max_dim=23.134
walls,ovzcgo,too_large,0,0,0.0,max_dim=2.200
walls,owpubj,too_large,0,0,0.0,max_dim=7.500
walls,owxeej,too_large,0,0,0.0,max_dim=2.697
walls,oxikcw,too_large,0,0,0.0,max_dim=2.400
walls,oxtgxe,too_large,0,0,0.0,max_dim=2.400
walls,oxvsja,too_large,0,0,0.0,max_dim=2.420
walls,oxxrfp,too_large,0,0,0.0,max_dim=6.944
walls,oyfrsd,too_large,0,0,0.0,max_dim=2.400
walls,oyhdlq,too_large,0,0,0.0,max_dim=0.854
walls,oypmsg,too_large,0,0,0.0,max_dim=4.456
walls,oytuni,too_large,0,0,0.0,max_dim=2.700
walls,ozcdpy,too_large,0,0,0.0,max_dim=22.688
walls,ozufch,too_large,0,0,0.0,max_dim=4.289
walls,paarsl,too_large,0,0,0.0,max_dim=2.697
walls,pamlhu,too_large,0,0,0.0,max_dim=5.780
walls,paognv,too_large,0,0,0.0,max_dim=3.106
walls,pawhqo,too_large,0,0,0.0,max_dim=10.300
walls,pbyzob,too_large,0,0,0.0,max_dim=3.300
walls,pcboew,too_large,0,0,0.0,max_dim=2.400
walls,pcgjyy,too_large,0,0,0.0,max_dim=2.400
walls,pckpam,too_large,0,0,0.0,max_dim=3.359
walls,pcmcub,too_large,0,0,0.0,max_dim=2.991
walls,pcrftt,too_large,0,0,0.0,max_dim=3.670
walls,pdahqy,too_large,0,0,0.0,max_dim=3.106
walls,pecogk,too_large,0,0,0.0,max_dim=3.000
walls,pefrto,too_large,0,0,0.0,max_dim=3.380
walls,pehsjf,too_large,0,0,0.0,max_dim=3.200
walls,peolfu,too_large,0,0,0.0,max_dim=2.400
walls,pgvsqx,too_large,0,0,0.0,max_dim=2.400
walls,pgvyco,too_large,0,0,0.0,max_dim=2.700
walls,phfydx,too_large,0,0,0.0,max_dim=2.700
walls,phjqdm,too_large,0,0,0.0,max_dim=2.700
walls,phuplh,too_large,0,0,0.0,max_dim=2.938
walls,phzmoh,too_large,0,0,0.0,max_dim=6.403
walls,piavmk,too_large,0,0,0.0,max_dim=2.943
walls,pidgcc,too_large,0,0,0.0,max_dim=5.260
walls,piiojx,too_large,0,0,0.0,max_dim=4.010
walls,pirsax,too_large,0,0,0.0,max_dim=0.713
walls,pisgyx,too_large,0,0,0.0,max_dim=2.400
walls,pitgiq,too_large,0,0,0.0,max_dim=3.466
walls,pivmuk,too_large,0,0,0.0,max_dim=10.880
walls,pjcelx,too_large,0,0,0.0,max_dim=5.530
walls,pjyxhz,too_large,0,0,0.0,max_dim=1.742
walls,pknttk,too_large,0,0,0.0,max_dim=12.642
walls,plieoa,too_large,0,0,0.0,max_dim=3.397
walls,plradj,too_large,0,0,0.0,max_dim=2.700
walls,pmfadr,too_large,0,0,0.0,max_dim=6.960
walls,pmqiht,too_large,0,0,0.0,max_dim=2.800
walls,pmumoz,too_large,0,0,0.0,max_dim=7.030
walls,pmwssa,too_large,0,0,0.0,max_dim=2.700
walls,pmygxs,too_large,0,0,0.0,max_dim=2.697
walls,pnmump,too_large,0,0,0.0,max_dim=2.052
walls,pofjys,too_large,0,0,0.0,max_dim=1.831
walls,ponoya,too_large,0,0,0.0,max_dim=2.700
walls,pozods,too_large,0,0,0.0,max_dim=3.106
walls,pqlfzl,degenerate_bbox,0,0,0.0,"[0.0, 7.4, 2.7999898681640625]"
walls,pquwwj,too_large,0,0,0.0,max_dim=10.960
walls,pqyhgr,too_large,0,0,0.0,max_dim=2.400
walls,prayvm,too_large,0,0,0.0,max_dim=2.950
walls,prkntu,too_large,0,0,0.0,max_dim=2.400
walls,pschoa,too_large,0,0,0.0,max_dim=3.570
walls,pshgqt,too_large,0,0,0.0,max_dim=10.656
walls,pshkih,too_large,0,0,0.0,max_dim=2.900
walls,psluwg,too_large,0,0,0.0,max_dim=4.937
walls,psxqpt,too_large,0,0,0.0,max_dim=5.671
walls,pukiiv,too_large,0,0,0.0,max_dim=4.587
walls,pvfzkt,too_large,0,0,0.0,max_dim=10.330
walls,pwjyds,too_large,0,0,0.0,max_dim=2.131
walls,pzicbz,too_large,0,0,0.0,max_dim=4.250
walls,pziwqm,too_large,0,0,0.0,max_dim=3.970
walls,qannys,too_large,0,0,0.0,max_dim=2.940
walls,qboeng,too_large,0,0,0.0,max_dim=2.400
walls,qbpprw,too_large,0,0,0.0,max_dim=2.400
walls,qbwdqf,too_large,0,0,0.0,max_dim=4.238
walls,qbypfn,too_large,0,0,0.0,max_dim=2.400
walls,qcleor,too_large,0,0,0.0,max_dim=2.938
walls,qcqpyi,too_large,0,0,0.0,max_dim=2.400
walls,qdiqcq,too_large,0,0,0.0,max_dim=10.980
walls,qdoclq,too_large,0,0,0.0,max_dim=3.375
walls,qeofms,too_large,0,0,0.0,max_dim=2.697
walls,qepoqs,too_large,0,0,0.0,max_dim=2.400
walls,qezwuh,too_large,0,0,0.0,max_dim=6.480
walls,qfsjoy,too_large,0,0,0.0,max_dim=2.720
walls,qglbbg,degenerate_bbox,0,0,0.0,"[0.8, 0.0, 3.0000001220703125]"
walls,qgzvcz,too_large,0,0,0.0,max_dim=0.700
walls,qifisb,too_large,0,0,0.0,max_dim=2.440
walls,qineis,too_large,0,0,0.0,max_dim=4.744
walls,qioccj,too_large,0,0,0.0,max_dim=4.547
walls,qisxmx,too_large,0,0,0.0,max_dim=2.650
walls,qjspuw,too_large,0,0,0.0,max_dim=2.400
walls,qjygls,too_large,0,0,0.0,max_dim=2.289
walls,qkogyg,too_large,0,0,0.0,max_dim=2.700
walls,qlnqyd,too_large,0,0,0.0,max_dim=3.106
walls,qmpkiu,degenerate_bbox,0,0,0.0,"[0.0, 3.500001953125, 3.0000001220703125]"
walls,qnslef,too_large,0,0,0.0,max_dim=23.134
walls,qntavt,too_large,0,0,0.0,max_dim=4.741
walls,qoatai,too_large,0,0,0.0,max_dim=5.324
walls,qovwxg,too_large,0,0,0.0,max_dim=11.400
walls,qpkfgi,too_large,0,0,0.0,max_dim=2.261
walls,qpxhxd,too_large,0,0,0.0,max_dim=0.726
walls,qpzyrh,too_large,0,0,0.0,max_dim=3.080
walls,qqflmk,too_large,0,0,0.0,max_dim=2.700
walls,qroopu,too_large,0,0,0.0,max_dim=10.732
walls,qrskkp,too_large,0,0,0.0,max_dim=6.040
walls,qrwkbi,too_large,0,0,0.0,max_dim=8.110
walls,qsvtbs,too_large,0,0,0.0,max_dim=3.054
walls,qvdzab,too_large,0,0,0.0,max_dim=2.400
walls,qvxgfb,too_large,0,0,0.0,max_dim=2.400
walls,qvzedu,too_large,0,0,0.0,max_dim=2.044
walls,qwfvng,too_large,0,0,0.0,max_dim=2.400
walls,qwlnoe,too_large,0,0,0.0,max_dim=10.807
walls,qxuezv,too_large,0,0,0.0,max_dim=7.678
walls,qxymyz,too_large,0,0,0.0,max_dim=2.789
walls,qycklp,too_large,0,0,0.0,max_dim=2.620
walls,qyejch,too_large,0,0,0.0,max_dim=2.400
walls,qysmts,too_large,0,0,0.0,max_dim=10.570
walls,qztmjw,too_large,0,0,0.0,max_dim=5.550
walls,qzwuwo,too_large,0,0,0.0,max_dim=2.069
walls,radpsr,too_large,0,0,0.0,max_dim=5.440
walls,rbknoz,too_large,0,0,0.0,max_dim=2.400
walls,rbqsfx,too_large,0,0,0.0,max_dim=4.080
walls,rcvnmt,too_large,0,0,0.0,max_dim=2.400
walls,rdbpkn,too_large,0,0,0.0,max_dim=12.542
walls,rdcvhx,too_large,0,0,0.0,max_dim=3.106
walls,rdivcc,too_large,0,0,0.0,max_dim=4.035
walls,rfpiin,no_grasp,200,0,83.4,max_dim=0.417
walls,rgsqwp,too_large,0,0,0.0,max_dim=2.400
walls,rhibpr,too_large,0,0,0.0,max_dim=5.130
walls,rhqxan,too_large,0,0,0.0,max_dim=2.700
walls,rhtmfb,too_large,0,0,0.0,max_dim=2.400
walls,rhugrf,too_large,0,0,0.0,max_dim=4.624
walls,ridfcd,too_large,0,0,0.0,max_dim=3.900
walls,rikals,too_large,0,0,0.0,max_dim=1.500
walls,rizjoz,too_large,0,0,0.0,max_dim=9.011
walls,rjqxhp,too_large,0,0,0.0,max_dim=3.655
walls,rktrmr,too_large,0,0,0.0,max_dim=5.742
walls,rkueec,too_large,0,0,0.0,max_dim=4.410
walls,rlchwi,too_large,0,0,0.0,max_dim=10.300
walls,rlpmte,too_large,0,0,0.0,max_dim=2.950
walls,rlujfv,too_large,0,0,0.0,max_dim=12.642
walls,rmmptk,too_large,0,0,0.0,max_dim=10.300
walls,rmyocr,too_large,0,0,0.0,max_dim=5.980
walls,rneejf,too_large,0,0,0.0,max_dim=3.570
walls,rnjxba,too_large,0,0,0.0,max_dim=3.200
walls,rnwjlm,too_large,0,0,0.0,max_dim=8.582
walls,rogorx,too_large,0,0,0.0,max_dim=0.806
walls,rqlypk,too_large,0,0,0.0,max_dim=11.164
walls,rqphag,too_large,0,0,0.0,max_dim=11.392
walls,rrabdp,too_large,0,0,0.0,max_dim=2.697
walls,rrsfyc,too_large,0,0,0.0,max_dim=2.999
walls,rscyjh,too_large,0,0,0.0,max_dim=2.878
walls,rtrowr,too_large,0,0,0.0,max_dim=6.335
walls,ruczgi,too_large,0,0,0.0,max_dim=15.955
walls,rutehy,too_large,0,0,0.0,max_dim=2.400
walls,ruzzij,too_large,0,0,0.0,max_dim=4.380
walls,ruzzrp,too_large,0,0,0.0,max_dim=3.001
walls,rvciwi,too_large,0,0,0.0,max_dim=2.150
walls,rvrsph,too_large,0,0,0.0,max_dim=4.800
walls,rvvbvi,too_large,0,0,0.0,max_dim=4.239
walls,rwdkhe,too_large,0,0,0.0,max_dim=2.460
walls,rwfind,too_large,0,0,0.0,max_dim=7.029
walls,rwftfk,too_large,0,0,0.0,max_dim=2.155
walls,ryfecu,too_large,0,0,0.0,max_dim=2.930
walls,ryiece,too_large,0,0,0.0,max_dim=12.940
walls,ryrimr,too_large,0,0,0.0,max_dim=2.440
walls,rywdwu,too_large,0,0,0.0,max_dim=24.075
walls,saldxe,degenerate_bbox,0,0,0.0,"[0.0, 78.48555078125, 4.74749462890625]"
walls,sazvet,too_large,0,0,0.0,max_dim=23.093
walls,scegoa,too_large,0,0,0.0,max_dim=3.158
walls,sdaafd,too_large,0,0,0.0,max_dim=13.620
walls,sdvyea,too_large,0,0,0.0,max_dim=3.000
walls,sdxbli,too_large,0,0,0.0,max_dim=2.400
walls,sdxcji,too_large,0,0,0.0,max_dim=3.600
walls,sfsjho,too_large,0,0,0.0,max_dim=2.400
walls,sgqckc,too_large,0,0,0.0,max_dim=3.106
walls,sgzzkd,too_large,0,0,0.0,max_dim=4.905
walls,shgsjx,too_large,0,0,0.0,max_dim=3.420
walls,shjnnl,too_large,0,0,0.0,max_dim=2.400
walls,shnrbc,too_large,0,0,0.0,max_dim=5.126
walls,simdfi,too_large,0,0,0.0,max_dim=2.400
walls,sjekee,too_large,0,0,0.0,max_dim=2.511
walls,skoxkp,too_large,0,0,0.0,max_dim=1.464
walls,slciyi,too_large,0,0,0.0,max_dim=4.912
walls,slooel,too_large,0,0,0.0,max_dim=12.993
walls,smqaax,too_large,0,0,0.0,max_dim=3.310
walls,smskuw,too_large,0,0,0.0,max_dim=2.490
walls,sncalh,too_large,0,0,0.0,max_dim=3.000
walls,snokhn,too_large,0,0,0.0,max_dim=2.860
walls,snssjy,too_large,0,0,0.0,max_dim=3.106
walls,soekre,too_large,0,0,0.0,max_dim=2.700
walls,sojtyk,too_large,0,0,0.0,max_dim=2.700
walls,somuet,too_large,0,0,0.0,max_dim=11.410
walls,songzm,too_large,0,0,0.0,max_dim=4.666
walls,sopjan,too_large,0,0,0.0,max_dim=7.311
walls,soubdp,too_large,0,0,0.0,max_dim=0.993
walls,sovusj,too_large,0,0,0.0,max_dim=2.086
walls,soxcnj,too_large,0,0,0.0,max_dim=4.140
walls,spdzrh,too_large,0,0,0.0,max_dim=2.400
walls,spesoz,too_large,0,0,0.0,max_dim=7.263
walls,srtova,too_large,0,0,0.0,max_dim=2.519
walls,sshctb,too_large,0,0,0.0,max_dim=6.287
walls,ssudnh,too_large,0,0,0.0,max_dim=4.566
walls,swfzhs,too_large,0,0,0.0,max_dim=2.950
walls,swhanh,too_large,0,0,0.0,max_dim=3.000
walls,swosdw,too_large,0,0,0.0,max_dim=2.440
walls,swosrp,too_large,0,0,0.0,max_dim=7.342
walls,sxyzxt,too_large,0,0,0.0,max_dim=2.950
walls,syukhp,too_large,0,0,0.0,max_dim=2.943
walls,syulfg,too_large,0,0,0.0,max_dim=6.040
walls,szxayl,too_large,0,0,0.0,max_dim=9.220
walls,tbvitn,too_large,0,0,0.0,max_dim=2.400
walls,tcizfi,too_large,0,0,0.0,max_dim=2.154
walls,tczwqu,too_large,0,0,0.0,max_dim=2.086
walls,tdinuq,degenerate_bbox,0,0,0.0,"[0.0, 7.9000009765625006, 3.0000001220703125]"
walls,tdrrma,too_large,0,0,0.0,max_dim=16.752
walls,tdzczq,too_large,0,0,0.0,max_dim=2.263
walls,tdzxzv,too_large,0,0,0.0,max_dim=1.043
walls,teyhoh,too_large,0,0,0.0,max_dim=2.950
walls,tfcsvu,too_large,0,0,0.0,max_dim=4.920
walls,tflhgm,too_large,0,0,0.0,max_dim=2.700
walls,tftqjv,too_large,0,0,0.0,max_dim=3.158
walls,tgxppl,too_large,0,0,0.0,max_dim=3.111
walls,thfrem,too_large,0,0,0.0,max_dim=2.991
walls,thidiv,degenerate_bbox,0,0,0.0,"[3.525, 0.0, 3.0000001220703125]"
walls,thipzw,too_large,0,0,0.0,max_dim=3.106
walls,tjfjwe,too_large,0,0,0.0,max_dim=2.400
walls,tlcifm,too_large,0,0,0.0,max_dim=3.106
walls,tmburq,too_large,0,0,0.0,max_dim=2.400
walls,tmpzcd,too_large,0,0,0.0,max_dim=2.400
walls,tnwkjr,too_large,0,0,0.0,max_dim=6.420
walls,tnygto,too_large,0,0,0.0,max_dim=2.040
walls,toazul,too_large,0,0,0.0,max_dim=3.500
walls,toiqom,too_large,0,0,0.0,max_dim=4.167
walls,toxdzr,too_large,0,0,0.0,max_dim=6.640
walls,tpkert,too_large,0,0,0.0,max_dim=16.500
walls,tpqudr,too_large,0,0,0.0,max_dim=4.238
walls,tpvzlc,too_large,0,0,0.0,max_dim=7.650
walls,tqgbqh,too_large,0,0,0.0,max_dim=3.474
walls,tqjsqg,too_large,0,0,0.0,max_dim=3.000
walls,trarmn,too_large,0,0,0.0,max_dim=3.000
walls,treciv,too_large,0,0,0.0,max_dim=3.111
walls,tsohkj,too_large,0,0,0.0,max_dim=3.000
walls,tsyvvt,too_large,0,0,0.0,max_dim=7.801
walls,ttbneh,too_large,0,0,0.0,max_dim=2.938
walls,ttljge,too_large,0,0,0.0,max_dim=4.000
walls,tttkqd,too_large,0,0,0.0,max_dim=4.000
walls,tvjrao,too_large,0,0,0.0,max_dim=3.106
walls,twoerk,too_large,0,0,0.0,max_dim=1.999
walls,twxspa,too_large,0,0,0.0,max_dim=2.400
walls,twygld,too_large,0,0,0.0,max_dim=2.400
walls,tyjlww,too_large,0,0,0.0,max_dim=0.750
walls,tyqefi,too_large,0,0,0.0,max_dim=9.107
walls,tzcwsl,too_large,0,0,0.0,max_dim=2.400
walls,tzxsfc,too_large,0,0,0.0,max_dim=3.570
walls,uarvek,too_large,0,0,0.0,max_dim=7.278
walls,uaszec,too_large,0,0,0.0,max_dim=51.645
walls,ubdyfk,too_large,0,0,0.0,max_dim=7.600
walls,ubgakb,too_large,0,0,0.0,max_dim=3.054
walls,ubpimr,too_large,0,0,0.0,max_dim=2.700
walls,ubscrh,too_large,0,0,0.0,max_dim=3.054
walls,uchsbk,too_large,0,0,0.0,max_dim=10.417
walls,ucsylc,too_large,0,0,0.0,max_dim=10.529
walls,ucthbh,too_large,0,0,0.0,max_dim=3.359
walls,udgvuj,too_large,0,0,0.0,max_dim=3.106
walls,udirwo,too_large,0,0,0.0,max_dim=12.010
walls,udqkcs,too_large,0,0,0.0,max_dim=3.054
walls,ueifcw,too_large,0,0,0.0,max_dim=4.230
walls,uejdci,too_large,0,0,0.0,max_dim=2.975
walls,ueogdn,too_large,0,0,0.0,max_dim=2.700
walls,ufnzmt,too_large,0,0,0.0,max_dim=7.151
walls,ufwmvs,too_large,0,0,0.0,max_dim=2.400
walls,ugemkf,too_large,0,0,0.0,max_dim=2.430
walls,ugqkuz,too_large,0,0,0.0,max_dim=7.033
walls,uhxign,too_large,0,0,0.0,max_dim=3.000
walls,uiloru,too_large,0,0,0.0,max_dim=1.587
walls,uishdq,too_large,0,0,0.0,max_dim=2.400
walls,uitoic,too_large,0,0,0.0,max_dim=2.938
walls,ujdgcj,too_large,0,0,0.0,max_dim=5.960
walls,ujfhnb,too_large,0,0,0.0,max_dim=2.950
walls,ukcuvv,too_large,0,0,0.0,max_dim=2.453
walls,umjlad,too_large,0,0,0.0,max_dim=3.780
walls,umqqmh,too_large,0,0,0.0,max_dim=2.697
walls,unxitj,too_large,0,0,0.0,max_dim=5.324
walls,unxsio,too_large,0,0,0.0,max_dim=9.650
walls,uoeucj,too_large,0,0,0.0,max_dim=7.734
walls,uoulwl,degenerate_bbox,0,0,0.0,"[0.0, 2.15893359375, 3.0000001220703125]"
walls,upcnna,too_large,0,0,0.0,max_dim=6.817
walls,upgcqe,too_large,0,0,0.0,max_dim=2.080
walls,uplnmr,too_large,0,0,0.0,max_dim=3.106
walls,uppdad,too_large,0,0,0.0,max_dim=7.659
walls,upttgq,too_large,0,0,0.0,max_dim=2.697
walls,upyvbg,too_large,0,0,0.0,max_dim=2.938
walls,upznaz,too_large,0,0,0.0,max_dim=3.000
walls,uqkubr,too_large,0,0,0.0,max_dim=3.158
walls,uqlydj,too_large,0,0,0.0,max_dim=2.150
walls,uqnjgx,too_large,0,0,0.0,max_dim=2.400
walls,urfnch,too_large,0,0,0.0,max_dim=3.000
walls,urngpl,too_large,0,0,0.0,max_dim=4.368
walls,urpcxk,too_large,0,0,0.0,max_dim=12.800
walls,ussulx,degenerate_bbox,0,0,0.0,"[0.0, 3.3999995117187503, 2.7999898681640625]"
walls,utfrrn,too_large,0,0,0.0,max_dim=3.004
walls,utnmys,too_large,0,0,0.0,max_dim=3.288
walls,uuaxti,too_large,0,0,0.0,max_dim=2.440
walls,uubhfj,too_large,0,0,0.0,max_dim=0.837
walls,uuhmcc,too_large,0,0,0.0,max_dim=4.000
walls,uuxqzk,too_large,0,0,0.0,max_dim=3.106
walls,uvgxro,too_large,0,0,0.0,max_dim=10.979
walls,uvkglh,too_large,0,0,0.0,max_dim=2.400
walls,uwbxiv,too_large,0,0,0.0,max_dim=6.450
walls,uwoyjp,too_large,0,0,0.0,max_dim=2.950
walls,uwsqqu,too_large,0,0,0.0,max_dim=2.400
walls,uxcfbp,too_large,0,0,0.0,max_dim=3.106
walls,uxgkxd,too_large,0,0,0.0,max_dim=3.106
walls,uymgni,degenerate_bbox,0,0,0.0,"[3.5, 0.0, 3.0000001220703125]"
walls,uzbwif,too_large,0,0,0.0,max_dim=12.942
walls,uzqecr,too_large,0,0,0.0,max_dim=3.294
walls,uzvfoo,too_large,0,0,0.0,max_dim=4.072
walls,uzwdow,too_large,0,0,0.0,max_dim=2.027
walls,uzxqqb,too_large,0,0,0.0,max_dim=3.106
walls,uzzssc,too_large,0,0,0.0,max_dim=14.730
walls,vaegqa,too_large,0,0,0.0,max_dim=3.001
walls,vastci,too_large,0,0,0.0,max_dim=8.815
walls,vbdlka,too_large,0,0,0.0,max_dim=8.468
walls,vboutb,too_large,0,0,0.0,max_dim=2.400
walls,vbvkou,too_large,0,0,0.0,max_dim=5.826
walls,vcftmx,too_large,0,0,0.0,max_dim=3.106
walls,vcgulk,too_large,0,0,0.0,max_dim=3.106
walls,vcphdi,too_large,0,0,0.0,max_dim=2.150
walls,vcravt,too_large,0,0,0.0,max_dim=6.000
walls,vcwrno,too_large,0,0,0.0,max_dim=2.400
walls,vdywfg,too_large,0,0,0.0,max_dim=0.969
walls,vdzmpj,too_large,0,0,0.0,max_dim=4.270
walls,veumfu,too_large,0,0,0.0,max_dim=4.000
walls,veyrhp,too_large,0,0,0.0,max_dim=6.060
walls,vfafud,too_large,0,0,0.0,max_dim=4.732
walls,vfibix,too_large,0,0,0.0,max_dim=3.106
walls,vfpjnh,degenerate_bbox,0,0,0.0,"[7.34070703125, 0.0, 4.74748876953125]"
walls,vfscgv,too_large,0,0,0.0,max_dim=3.767
walls,vfvpxy,too_large,0,0,0.0,max_dim=3.600
walls,vghbob,too_large,0,0,0.0,max_dim=3.050
walls,vgihhj,too_large,0,0,0.0,max_dim=2.674
walls,vgmxoy,too_large,0,0,0.0,max_dim=7.390
walls,vhcvtn,too_large,0,0,0.0,max_dim=2.261
walls,vhqrwf,too_large,0,0,0.0,max_dim=22.961
walls,vihddz,too_large,0,0,0.0,max_dim=3.450
walls,vikesx,too_large,0,0,0.0,max_dim=7.800
walls,vjendd,too_large,0,0,0.0,max_dim=3.000
walls,vjvwsq,too_large,0,0,0.0,max_dim=3.333
walls,vkauhb,too_large,0,0,0.0,max_dim=5.000
walls,vklvgz,too_large,0,0,0.0,max_dim=4.239
walls,vksvxd,too_large,0,0,0.0,max_dim=7.499
walls,vljyzl,too_large,0,0,0.0,max_dim=8.100
walls,vlszsu,too_large,0,0,0.0,max_dim=13.732
walls,vmmqus,too_large,0,0,0.0,max_dim=2.929
walls,vmouus,too_large,0,0,0.0,max_dim=2.400
walls,vmsoas,too_large,0,0,0.0,max_dim=3.106
walls,vnaoty,too_large,0,0,0.0,max_dim=3.600
walls,vnnkzu,too_large,0,0,0.0,max_dim=2.134
walls,vntmsm,too_large,0,0,0.0,max_dim=6.300
walls,vprdxh,degenerate_bbox,0,0,0.0,"[0.0, 6.749999755859375, 2.7000009765625]"
walls,vprrdd,too_large,0,0,0.0,max_dim=2.040
walls,vpuhwn,too_large,0,0,0.0,max_dim=3.054
walls,vqidyq,too_large,0,0,0.0,max_dim=3.172
walls,vqinrj,too_large,0,0,0.0,max_dim=3.600
walls,vqxato,too_large,0,0,0.0,max_dim=3.288
walls,vrkkum,too_large,0,0,0.0,max_dim=2.400
walls,vrmrns,too_large,0,0,0.0,max_dim=4.473
walls,vsfiox,too_large,0,0,0.0,max_dim=2.086
walls,vsmckp,too_large,0,0,0.0,max_dim=2.950
walls,vsvhyr,too_large,0,0,0.0,max_dim=2.700
walls,vtkzyc,too_large,0,0,0.0,max_dim=2.700
walls,vtplrx,too_large,0,0,0.0,max_dim=51.645
walls,vtryow,too_large,0,0,0.0,max_dim=3.000
walls,vujprx,too_large,0,0,0.0,max_dim=2.400
walls,vuwkbz,too_large,0,0,0.0,max_dim=3.300
walls,vvfsdr,too_large,0,0,0.0,max_dim=2.674
walls,vvgmux,too_large,0,0,0.0,max_dim=2.950
walls,vvlnbk,too_large,0,0,0.0,max_dim=2.400
walls,vvzrbb,too_large,0,0,0.0,max_dim=3.094
walls,vwfllw,too_large,0,0,0.0,max_dim=3.450
walls,vwivpw,too_large,0,0,0.0,max_dim=2.400
walls,vwopgu,too_large,0,0,0.0,max_dim=3.000
walls,vwttrj,too_large,0,0,0.0,max_dim=3.241
walls,vwzhci,too_large,0,0,0.0,max_dim=9.960
walls,vxqmoc,too_large,0,0,0.0,max_dim=2.400
walls,vxveul,too_large,0,0,0.0,max_dim=3.483
walls,vxxvmu,too_large,0,0,0.0,max_dim=3.288
walls,vzblbk,too_large,0,0,0.0,max_dim=2.400
walls,vzkdpu,too_large,0,0,0.0,max_dim=8.115
walls,wagguo,too_large,0,0,0.0,max_dim=4.363
walls,wbjwyy,too_large,0,0,0.0,max_dim=3.054
walls,wcbbpb,too_large,0,0,0.0,max_dim=5.324
walls,wcekyw,too_large,0,0,0.0,max_dim=3.970
walls,wcngqp,too_large,0,0,0.0,max_dim=3.800
walls,wcsypr,too_large,0,0,0.0,max_dim=7.039
walls,wcxvlm,too_large,0,0,0.0,max_dim=2.027
walls,wdifxf,too_large,0,0,0.0,max_dim=2.400
walls,wecpnn,too_large,0,0,0.0,max_dim=2.938
walls,weseoh,too_large,0,0,0.0,max_dim=3.500
walls,weybsr,too_large,0,0,0.0,max_dim=2.697
walls,wficnk,too_large,0,0,0.0,max_dim=3.800
walls,wflhbd,too_large,0,0,0.0,max_dim=2.400
walls,wgwywc,too_large,0,0,0.0,max_dim=2.400
walls,whbgzw,too_large,0,0,0.0,max_dim=7.243
walls,wifija,too_large,0,0,0.0,max_dim=11.400
walls,wiihpm,too_large,0,0,0.0,max_dim=4.010
walls,wiqdiv,too_large,0,0,0.0,max_dim=2.613
walls,wiueet,too_large,0,0,0.0,max_dim=22.974
walls,wjblrc,too_large,0,0,0.0,max_dim=4.019
walls,wjkmjj,too_large,0,0,0.0,max_dim=2.400
walls,wjlqlb,too_large,0,0,0.0,max_dim=3.171
walls,wjmwgi,too_large,0,0,0.0,max_dim=3.570
walls,wjwswj,too_large,0,0,0.0,max_dim=2.950
walls,wjwtzs,too_large,0,0,0.0,max_dim=2.400
walls,wkknqq,too_large,0,0,0.0,max_dim=2.492
walls,wllkcy,too_large,0,0,0.0,max_dim=5.861
walls,wlqvyy,too_large,0,0,0.0,max_dim=6.900
walls,wlruaa,too_large,0,0,0.0,max_dim=6.240
walls,wltliw,too_large,0,0,0.0,max_dim=7.158
walls,wlwppv,too_large,0,0,0.0,max_dim=2.950
walls,wmojsn,too_large,0,0,0.0,max_dim=4.286
walls,wnqrbz,too_large,0,0,0.0,max_dim=2.400
walls,wocwkv,too_large,0,0,0.0,max_dim=3.200
walls,woetpe,too_large,0,0,0.0,max_dim=1.999
walls,wonkya,too_large,0,0,0.0,max_dim=3.000
walls,wpkkqn,too_large,0,0,0.0,max_dim=2.938
walls,wpqxxx,too_large,0,0,0.0,max_dim=5.150
walls,wqkvlp,too_large,0,0,0.0,max_dim=3.294
walls,wqvhai,too_large,0,0,0.0,max_dim=2.400
walls,wrodjv,too_large,0,0,0.0,max_dim=0.882
walls,wruryx,too_large,0,0,0.0,max_dim=4.460
walls,wrxyby,too_large,0,0,0.0,max_dim=2.400
walls,wtpbpe,too_large,0,0,0.0,max_dim=3.106
walls,wuqzba,too_large,0,0,0.0,max_dim=3.740
walls,wuvnff,too_large,0,0,0.0,max_dim=3.321
walls,wveiea,too_large,0,0,0.0,max_dim=3.054
walls,wvwoad,too_large,0,0,0.0,max_dim=2.938
walls,wvwpji,too_large,0,0,0.0,max_dim=2.027
walls,wxyhis,too_large,0,0,0.0,max_dim=3.300
walls,wycsdd,too_large,0,0,0.0,max_dim=6.280
walls,wynpvm,too_large,0,0,0.0,max_dim=100.320
walls,wzauoy,too_large,0,0,0.0,max_dim=4.480
walls,wzhlgy,too_large,0,0,0.0,max_dim=81.000
walls,wzmenm,too_large,0,0,0.0,max_dim=8.385
walls,wzykls,too_large,0,0,0.0,max_dim=2.400
walls,xahwky,too_large,0,0,0.0,max_dim=6.100
walls,xamxbe,too_large,0,0,0.0,max_dim=2.400
walls,xaypxr,too_large,0,0,0.0,max_dim=12.642
walls,xbjiwl,too_large,0,0,0.0,max_dim=3.333
walls,xbotyv,too_large,0,0,0.0,max_dim=3.400
walls,xcbayw,too_large,0,0,0.0,max_dim=12.542
walls,xcmirp,too_large,0,0,0.0,max_dim=2.400
walls,xcvpac,too_large,0,0,0.0,max_dim=2.674
walls,xdyfcq,too_large,0,0,0.0,max_dim=4.164
walls,xdyqvv,too_large,0,0,0.0,max_dim=7.500
walls,xdznod,too_large,0,0,0.0,max_dim=3.600
walls,xftoqy,too_large,0,0,0.0,max_dim=7.814
walls,xgishv,too_large,0,0,0.0,max_dim=7.446
walls,xgkrly,too_large,0,0,0.0,max_dim=2.400
walls,xibegv,too_large,0,0,0.0,max_dim=2.991
walls,xidufr,too_large,0,0,0.0,max_dim=2.140
walls,xiepks,too_large,0,0,0.0,max_dim=7.650
walls,xivxtv,too_large,0,0,0.0,max_dim=3.370
walls,xjxddw,too_large,0,0,0.0,max_dim=0.956
walls,xkdbsb,too_large,0,0,0.0,max_dim=2.400
walls,xkhdgd,too_large,0,0,0.0,max_dim=6.963
walls,xkoxct,too_large,0,0,0.0,max_dim=12.080
walls,xkqcvi,too_large,0,0,0.0,max_dim=3.090
walls,xlgydu,too_large,0,0,0.0,max_dim=6.000
walls,xllowg,too_large,0,0,0.0,max_dim=10.036
walls,xmoyby,too_large,0,0,0.0,max_dim=2.400
walls,xnutie,too_large,0,0,0.0,max_dim=1.075
walls,xnwlii,degenerate_bbox,0,0,0.0,"[1.6, 0.0, 3.0000001220703125]"
walls,xobhmb,degenerate_bbox,0,0,0.0,"[0.0, 6.30000048828125, 2.7999898681640625]"
walls,xplvcn,too_large,0,0,0.0,max_dim=4.000
walls,xqohyh,too_large,0,0,0.0,max_dim=3.905
walls,xrchql,too_large,0,0,0.0,max_dim=3.111
walls,xrmvpg,too_large,0,0,0.0,max_dim=2.400
walls,xrozyp,degenerate_bbox,0,0,0.0,"[0.0, 78.48555078125, 4.7474921875]"
walls,xsosmv,too_large,0,0,0.0,max_dim=11.400
walls,xsreom,too_large,0,0,0.0,max_dim=2.082
walls,xsubff,too_large,0,0,0.0,max_dim=1.603
walls,xsycfc,too_large,0,0,0.0,max_dim=2.700
walls,xtajqv,too_large,0,0,0.0,max_dim=4.000
walls,xtlfxm,too_large,0,0,0.0,max_dim=2.261
walls,xtqexq,too_large,0,0,0.0,max_dim=3.630
walls,xtrwmk,too_large,0,0,0.0,max_dim=3.000
walls,xtujiy,too_large,0,0,0.0,max_dim=4.073
walls,xugkbl,too_large,0,0,0.0,max_dim=2.700
walls,xumdqs,too_large,0,0,0.0,max_dim=3.250
walls,xutcqv,too_large,0,0,0.0,max_dim=2.175
walls,xvjxce,too_large,0,0,0.0,max_dim=2.400
walls,xvqqob,too_large,0,0,0.0,max_dim=5.803
walls,xwettc,too_large,0,0,0.0,max_dim=4.490
walls,xwrjsn,too_large,0,0,0.0,max_dim=2.400
walls,xwtqey,too_large,0,0,0.0,max_dim=10.580
walls,xwtqqh,too_large,0,0,0.0,max_dim=2.742
walls,xwvosd,too_large,0,0,0.0,max_dim=2.150
walls,xxehnj,too_large,0,0,0.0,max_dim=25.478
walls,xxuyci,too_large,0,0,0.0,max_dim=3.574
walls,xxveqj,too_large,0,0,0.0,max_dim=3.558
walls,xyfhzb,too_large,0,0,0.0,max_dim=12.298
walls,xyrbgy,too_large,0,0,0.0,max_dim=3.787
walls,xzgtkp,too_large,0,0,0.0,max_dim=6.504
walls,xzknke,too_large,0,0,0.0,max_dim=2.400
walls,xzmjvm,too_large,0,0,0.0,max_dim=0.580
walls,yaeyqi,too_large,0,0,0.0,max_dim=2.400
walls,yaliap,too_large,0,0,0.0,max_dim=3.000
walls,ybcyqk,too_large,0,0,0.0,max_dim=3.106
walls,ybfcaf,too_large,0,0,0.0,max_dim=14.800
walls,ybneja,too_large,0,0,0.0,max_dim=7.029
walls,ycenfb,too_large,0,0,0.0,max_dim=2.400
walls,ycspus,degenerate_bbox,0,0,0.0,"[7.34070703125, 0.0, 4.74748876953125]"
walls,ycxnon,too_large,0,0,0.0,max_dim=2.400
walls,yeodqe,too_large,0,0,0.0,max_dim=3.020
walls,yeozsn,too_large,0,0,0.0,max_dim=2.900
walls,yexmyq,degenerate_bbox,0,0,0.0,"[0.0, 3.9399079589843753, 3.3348037109375]"
walls,yfnrqw,too_large,0,0,0.0,max_dim=5.331
walls,yfxyqj,too_large,0,0,0.0,max_dim=2.700
walls,ygiqek,too_large,0,0,0.0,max_dim=2.027
walls,yglgez,too_large,0,0,0.0,max_dim=4.335
walls,ygzdjf,too_large,0,0,0.0,max_dim=2.400
walls,yhafpu,too_large,0,0,0.0,max_dim=2.086
walls,yhakns,too_large,0,0,0.0,max_dim=5.193
walls,yhsjer,too_large,0,0,0.0,max_dim=2.700
walls,yhvmqw,too_large,0,0,0.0,max_dim=2.950
walls,yiagwj,too_large,0,0,0.0,max_dim=6.222
walls,yifxvw,too_large,0,0,0.0,max_dim=4.081
walls,yjbruo,too_large,0,0,0.0,max_dim=2.400
walls,yjllte,too_large,0,0,0.0,max_dim=7.320
walls,yjyfqb,too_large,0,0,0.0,max_dim=11.020
walls,ykgvny,too_large,0,0,0.0,max_dim=2.279
walls,ykvtfo,too_large,0,0,0.0,max_dim=2.400
walls,ykwakt,too_large,0,0,0.0,max_dim=7.515
walls,ylaasu,too_large,0,0,0.0,max_dim=2.938
walls,yldcua,too_large,0,0,0.0,max_dim=2.680
walls,ylpkth,too_large,0,0,0.0,max_dim=2.805
walls,yltaoz,too_large,0,0,0.0,max_dim=2.140
walls,ynhwyn,too_large,0,0,0.0,max_dim=4.647
walls,yodfdv,too_large,0,0,0.0,max_dim=2.674
walls,yogylp,too_large,0,0,0.0,max_dim=4.930
walls,yovrbj,too_large,0,0,0.0,max_dim=3.668
walls,yphspl,too_large,0,0,0.0,max_dim=3.570
walls,yqaokb,too_large,0,0,0.0,max_dim=3.570
walls,yqgagw,too_large,0,0,0.0,max_dim=5.324
walls,yqhwtb,too_large,0,0,0.0,max_dim=3.350
walls,yqlqra,degenerate_bbox,0,0,0.0,"[4.437900634765625, 0.0, 4.2376777343750005]"
walls,yqwsia,too_large,0,0,0.0,max_dim=2.400
walls,yqwxuv,too_large,0,0,0.0,max_dim=3.288
walls,yrcjvs,too_large,0,0,0.0,max_dim=3.860
walls,ysjbpl,too_large,0,0,0.0,max_dim=2.440
walls,yspsab,too_large,0,0,0.0,max_dim=3.200
walls,ysxqfc,too_large,0,0,0.0,max_dim=2.400
walls,yteboe,too_large,0,0,0.0,max_dim=3.470
walls,yttffi,too_large,0,0,0.0,max_dim=2.400
walls,ytyvgd,too_large,0,0,0.0,max_dim=3.450
walls,yupwjg,too_large,0,0,0.0,max_dim=3.063
walls,yvalht,too_large,0,0,0.0,max_dim=13.579
walls,ywdwya,degenerate_bbox,0,0,0.0,"[7.34070703125, 0.0, 4.74748828125]"
walls,ywfwyc,too_large,0,0,0.0,max_dim=2.674
walls,ywzpuk,too_large,0,0,0.0,max_dim=12.630
walls,yxkpbz,too_large,0,0,0.0,max_dim=2.440
walls,yzdjrq,too_large,0,0,0.0,max_dim=2.700
walls,yzhiej,degenerate_bbox,0,0,0.0,"[0.8, 0.0, 3.0000001220703125]"
walls,yznose,degenerate_bbox,0,0,0.0,"[2.2069375, 0.0, 3.0000001220703125]"
walls,zamapf,too_large,0,0,0.0,max_dim=2.400
walls,zbggqd,too_large,0,0,0.0,max_dim=2.400
walls,zbhoto,too_large,0,0,0.0,max_dim=3.529
walls,zbpeqz,too_large,0,0,0.0,max_dim=3.111
walls,zcablu,too_large,0,0,0.0,max_dim=10.958
walls,zccppf,too_large,0,0,0.0,max_dim=3.238
walls,zcdbxz,too_large,0,0,0.0,max_dim=3.001
walls,zdhaff,too_large,0,0,0.0,max_dim=2.697
walls,zdipdo,too_large,0,0,0.0,max_dim=0.713
walls,zdvjty,too_large,0,0,0.0,max_dim=5.160
walls,zejbxt,too_large,0,0,0.0,max_dim=2.991
walls,zekpak,too_large,0,0,0.0,max_dim=12.040
walls,zelkfr,too_large,0,0,0.0,max_dim=8.314
walls,zeoefp,too_large,0,0,0.0,max_dim=2.080
walls,zevlix,too_large,0,0,0.0,max_dim=2.400
walls,zfcdkd,too_large,0,0,0.0,max_dim=2.400
walls,zfhsih,too_large,0,0,0.0,max_dim=1.039
walls,zgcwwc,too_large,0,0,0.0,max_dim=4.345
walls,zgtezo,too_large,0,0,0.0,max_dim=2.674
walls,zhhwmy,too_large,0,0,0.0,max_dim=2.938
walls,zhuaij,too_large,0,0,0.0,max_dim=4.000
walls,ziijka,too_large,0,0,0.0,max_dim=3.780
walls,zjreis,too_large,0,0,0.0,max_dim=3.000
walls,zlekao,too_large,0,0,0.0,max_dim=2.445
walls,zlszjq,too_large,0,0,0.0,max_dim=2.400
walls,zmjhib,too_large,0,0,0.0,max_dim=3.600
walls,znkqca,too_large,0,0,0.0,max_dim=6.560
walls,znllxg,too_large,0,0,0.0,max_dim=15.590
walls,znzrfr,too_large,0,0,0.0,max_dim=2.700
walls,zoaezm,too_large,0,0,0.0,max_dim=32.615
walls,zoonsb,too_large,0,0,0.0,max_dim=2.400
walls,zpjckn,too_large,0,0,0.0,max_dim=3.106
walls,zpqynm,too_large,0,0,0.0,max_dim=4.712
walls,zqexop,too_large,0,0,0.0,max_dim=3.106
walls,zqimeh,too_large,0,0,0.0,max_dim=6.260
walls,zqoqkq,degenerate_bbox,0,0,0.0,"[1.2261250000000001, 0.0, 3.0000001220703125]"
walls,zqspqa,too_large,0,0,0.0,max_dim=2.900
walls,zrhulr,too_large,0,0,0.0,max_dim=12.620
walls,zrimwn,too_large,0,0,0.0,max_dim=3.000
walls,zrojoi,too_large,0,0,0.0,max_dim=3.058
walls,zsaxxy,too_large,0,0,0.0,max_dim=2.830
walls,zssera,too_large,0,0,0.0,max_dim=2.700
walls,zssquq,too_large,0,0,0.0,max_dim=2.400
walls,ztifms,too_large,0,0,0.0,max_dim=2.400
walls,ztyvde,too_large,0,0,0.0,max_dim=3.000
walls,zucmsf,too_large,0,0,0.0,max_dim=4.490
walls,zufhrv,too_large,0,0,0.0,max_dim=3.054
walls,zuvvoh,too_large,0,0,0.0,max_dim=7.284
walls,zwbaru,too_large,0,0,0.0,max_dim=3.300
walls,zxbzcp,too_large,0,0,0.0,max_dim=2.905
walls,zxftcx,too_large,0,0,0.0,max_dim=2.674
walls,zxgzxx,too_large,0,0,0.0,max_dim=2.674
walls,zxlndv,too_large,0,0,0.0,max_dim=3.106
walls,zxxxro,too_large,0,0,0.0,max_dim=3.647
walls,zxyurx,too_large,0,0,0.0,max_dim=4.912
walls,zyvndj,degenerate_bbox,0,0,0.0,"[0.0, 78.48555078125, 4.7474921875]"
walls,zzjuyg,too_large,0,0,0.0,max_dim=38.600
walls,zzxpxu,too_large,0,0,0.0,max_dim=4.912
walnut,fbswir,graspable,200,5,10.2,max_dim=0.049
walnut,nzqier,not_ready,0,0,0.0,max_dim=0.030
walnut,rmwtdh,graspable,200,5,10.5,max_dim=0.030
walnut_meat,orjven,graspable,200,5,13.2,max_dim=0.045
wardrobe,brimns,too_large,0,0,0.0,max_dim=1.905
wardrobe,hibwic,too_large,0,0,0.0,max_dim=2.836
wardrobe,ktworp,too_large,0,0,0.0,max_dim=2.836
wardrobe,lrokhl,too_large,0,0,0.0,max_dim=2.836
wardrobe,pyuwgc,too_large,0,0,0.0,max_dim=4.481
wardrobe,sclnqc,too_large,0,0,0.0,max_dim=2.836
wardrobe,uzdupi,too_large,0,0,0.0,max_dim=2.013
washer,dobgmu,too_large,0,0,0.0,max_dim=0.851
washer,jgyzhv,too_large,0,0,0.0,max_dim=0.851
washer,mrgspe,too_large,0,0,0.0,max_dim=0.853
washer,omeuop,too_large,0,0,0.0,max_dim=0.843
washer,xusefg,too_large,0,0,0.0,max_dim=0.851
washer,ynwamu,too_large,0,0,0.0,max_dim=0.895
washer,zgzvcv,too_large,0,0,0.0,max_dim=0.852
washer,ziomqg,too_large,0,0,0.0,max_dim=0.943
watch,ghobzn,graspable,200,5,10.4,max_dim=0.049
water_atomizer,lfarai,graspable,200,5,11.9,max_dim=0.259
water_bottle,ackxiy,graspable,200,5,10.6,max_dim=0.243
water_bottle,lzdzkk,not_ready,0,0,0.0,max_dim=0.255
water_cooler,essxzr,too_large,0,0,0.0,max_dim=1.489
water_cooler,nqmdal,too_large,0,0,0.0,max_dim=0.550
water_dispenser,rwmotb,too_large,0,0,0.0,max_dim=0.603
water_filter,bloifm,graspable,200,5,15.5,max_dim=0.252
water_glass,bbpraa,not_ready,0,0,0.0,max_dim=0.135
water_glass,cdteyb,graspable,200,5,22.3,max_dim=0.186
water_glass,edfzlt,graspable,200,5,12.9,max_dim=0.119
water_glass,elwfms,graspable,200,5,12.0,max_dim=0.123
water_glass,evaida,graspable,200,5,11.6,max_dim=0.155
water_glass,ewgotr,graspable,200,5,10.8,max_dim=0.141
water_glass,ggpnlr,not_ready,0,0,0.0,max_dim=0.200
water_glass,gypzlg,graspable,200,5,15.1,max_dim=0.106
water_glass,igyuko,graspable,200,5,9.6,max_dim=0.148
water_glass,imsnkt,graspable,200,5,16.4,max_dim=0.095
water_glass,kttdbu,graspable,200,5,10.0,max_dim=0.163
water_glass,ktuvuo,graspable,200,5,12.0,max_dim=0.079
water_glass,kuiiai,graspable,200,5,21.1,max_dim=0.178
water_glass,lvqgvn,graspable,200,5,9.7,max_dim=0.146
water_glass,nfoydb,graspable,200,5,25.2,max_dim=0.130
water_glass,onbiqg,graspable,200,5,10.8,max_dim=0.088
water_glass,ptciim,graspable,200,5,13.3,max_dim=0.119
water_glass,slscza,graspable,200,5,11.6,max_dim=0.150
water_glass,szjfpb,graspable,200,5,15.0,max_dim=0.114
water_glass,uwtdng,graspable,200,5,9.5,max_dim=0.065
water_glass,vcwsbm,not_ready,0,0,0.0,max_dim=0.194
water_glass,wvztiw,graspable,200,5,13.3,max_dim=0.142
water_glass,ybhepe,graspable,200,5,9.6,max_dim=0.059
water_glass,zbridw,graspable,200,5,10.3,max_dim=0.100
watering_can,pewtns,too_large,0,0,0.0,max_dim=0.897
watermelon,fxhiqs,graspable,200,5,48.9,max_dim=0.195
watermelon,hqbjke,no_grasp,200,0,102.1,max_dim=0.383
watermelon,slucoe,too_large,0,0,0.0,max_dim=0.524
wax_paper,emhfwr,graspable,200,5,41.9,max_dim=0.295
webcam,fabztm,graspable,200,5,11.4,max_dim=0.091
weed,nbhoge,not_ready,0,0,0.0,max_dim=0.034
weight_bar,ftaesv,too_large,0,0,0.0,max_dim=1.648
wheelbarrow,msaevo,too_large,0,0,0.0,max_dim=1.578
whetstone,husgdv,graspable,200,4,107.2,max_dim=0.189
whipped_cream_atomizer,bxouxf,graspable,200,5,13.2,max_dim=0.151
whisk,atmhne,graspable,200,5,51.0,max_dim=0.334
whisk,ovaccb,graspable,200,5,27.2,max_dim=0.294
whisk,oxsztz,graspable,200,5,47.6,max_dim=0.334
whisk,xglhcs,not_ready,0,0,0.0,max_dim=0.296
whisk,xymjmp,graspable,200,5,71.7,max_dim=0.242
whisk,zrvekf,graspable,200,5,72.9,max_dim=0.373
whiskey_bottle,jpduev,graspable,200,5,13.0,max_dim=0.276
whiskey_stone,hllvwu,not_ready,0,0,0.0,max_dim=0.055
whistle,obngel,graspable,200,5,10.6,max_dim=0.056
white_chocolate,kddnhm,graspable,200,5,34.7,max_dim=0.167
white_rice_sack,xiwkwz,graspable,200,5,41.6,max_dim=0.367
white_sauce_bottle,gtwngf,graspable,200,5,21.2,max_dim=0.258
white_turnip,nnvlrd,graspable,200,5,10.3,max_dim=0.050
whiteboard,bqqmtc,too_large,0,0,0.0,max_dim=0.875
whiteboard,gvkgsi,too_large,0,0,0.0,max_dim=1.233
whiteboard,onhspt,too_large,0,0,0.0,max_dim=3.190
whitewall_tire,bjcowe,not_ready,0,0,0.0,max_dim=0.326
whole_fennel,afvajq,graspable,200,5,37.0,max_dim=0.126
wicker_basket,dgkhyn,graspable,200,3,111.5,max_dim=0.412
wicker_basket,drxfmr,graspable,200,1,122.6,max_dim=0.431
wicker_basket,jqfftz,no_grasp,200,0,113.5,max_dim=0.309
wicker_basket,tsjvyu,graspable,200,5,110.3,max_dim=0.432
wicker_basket,unasxd,graspable,200,4,101.3,max_dim=0.412
wind_chime,tghelo,too_large,0,0,0.0,max_dim=0.512
window_blind,dqxstn,too_large,0,0,0.0,max_dim=1.381
window_blind,ewdlor,too_large,0,0,0.0,max_dim=2.329
window_blind,hnyscn,too_large,0,0,0.0,max_dim=1.344
window_blind,lcollf,too_large,0,0,0.0,max_dim=2.735
window_blind,mmaana,too_large,0,0,0.0,max_dim=1.645
window_blind,qnasqy,too_large,0,0,0.0,max_dim=4.374
window_blind,rdacud,too_large,0,0,0.0,max_dim=2.027
window_blind,rfdlor,too_large,0,0,0.0,max_dim=2.329
window_blind,rfijuh,too_large,0,0,0.0,max_dim=2.878
windshield,akoadf,too_large,0,0,0.0,max_dim=1.071
windshield,mdfijk,too_large,0,0,0.0,max_dim=0.733
wine_bottle,hlzfxw,not_ready,0,0,0.0,max_dim=0.252
wine_bottle,inkqch,graspable,200,5,23.5,max_dim=0.220
wine_bottle,vjdkci,not_ready,0,0,0.0,max_dim=0.248
wine_bottle,zuctnl,not_ready,0,0,0.0,max_dim=0.264
wine_fridge,tgcuwh,too_large,0,0,0.0,max_dim=2.109
wine_sauce_bottle,vqtevv,graspable,200,5,23.1,max_dim=0.258
wineglass,aakcyj,graspable,200,5,10.6,max_dim=0.162
wineglass,adiwil,not_ready,0,0,0.0,max_dim=0.162
wineglass,akusda,graspable,200,5,12.0,max_dim=0.154
wineglass,bnored,graspable,200,5,13.0,max_dim=0.154
wineglass,bovcqx,graspable,200,5,21.1,max_dim=0.165
wineglass,cmdagy,not_ready,0,0,0.0,max_dim=0.166
wineglass,euzudc,graspable,200,5,11.3,max_dim=0.206
wineglass,exasdr,graspable,200,5,12.8,max_dim=0.254
wineglass,ezsdil,graspable,200,5,11.7,max_dim=0.148
wineglass,ggbdlq,graspable,200,5,10.2,max_dim=0.126
wineglass,hxccge,graspable,200,5,9.7,max_dim=0.159
wineglass,jzmrdd,not_ready,0,0,0.0,max_dim=0.138
wineglass,kxovsj,graspable,200,5,11.0,max_dim=0.147
wineglass,oadvet,graspable,200,5,15.8,max_dim=0.224
wineglass,ovoceo,graspable,200,5,10.9,max_dim=0.212
wineglass,vxmzmq,graspable,200,5,13.2,max_dim=0.154
wineglass,yfzibn,graspable,200,5,12.6,max_dim=0.138
wire_cutter,ugbval,graspable,200,5,19.3,max_dim=0.190
wok,pobfpe,graspable,200,5,23.8,max_dim=0.366
wood_fireplace,gpnsij,too_large,0,0,0.0,max_dim=1.747
wooden_spoon,aeubta,graspable,200,5,13.3,max_dim=0.061
wooden_spoon,gpiftn,graspable,200,5,31.8,max_dim=0.188
wooden_spoon,qnrthd,not_ready,0,0,0.0,max_dim=0.266
wooden_spoon,rfrzjn,not_ready,0,0,0.0,max_dim=0.266
wooden_spoon,tczanw,not_ready,0,0,0.0,max_dim=0.301
wooden_spoon,ybytvw,not_ready,0,0,0.0,max_dim=0.273
wool_coat,jkcugp,too_large,0,0,0.0,max_dim=0.769
work_helmet,goovzq,graspable,200,5,14.8,max_dim=0.255
wrapped_hamburger,rerdmy,graspable,200,5,13.2,max_dim=0.102
wrapping_paper,hjbesb,not_ready,0,0,0.0,max_dim=0.477
wreath,rkrxno,graspable,200,5,13.3,max_dim=0.200
yeast_jar,vmajcm,graspable,200,5,12.1,max_dim=0.204
yeast_shaker,kdbnge,not_ready,0,0,0.0,max_dim=0.160
yoga_mat,ehrvce,too_large,0,0,0.0,max_dim=1.755
yogurt_carton,ahbhsd,graspable,200,5,14.3,max_dim=0.305
zipper,bdfnlk,graspable,200,5,20.4,max_dim=0.029
zipper,qwsvid,graspable,200,5,14.2,max_dim=0.029
zucchini,ifvmal,graspable,200,5,21.4,max_dim=0.219
zucchini,udvfaz,graspable,200,5,22.2,max_dim=0.219
zucchini,yhhkxf,graspable,200,5,34.1,max_dim=0.136
