category,model,status,n_candidates,n_held,elapsed_s,note,clutter_target,stack_flat_target,liquid_target,food_transfer_target,table_obstacle,wide_opening_container
acetone_atomizer,krtwsl,graspable,200,5,15.9,max_dim=0.260,possible,not_suitable,possible,not_suitable,possible,not_suitable
acorn,qkjrwt,graspable,200,5,11.0,max_dim=0.033,not_suitable,not_suitable,not_suitable,possible,not_suitable,not_suitable
address,pbfbxj,too_large,0,0,0.0,max_dim=0.577,not_suitable,possible,not_suitable,not_suitable,not_suitable,not_suitable
agave,bvlsig,not_ready,0,0,0.0,max_dim=0.102,not_suitable,not_suitable,not_suitable,not_suitable,not_suitable,not_suitable
agave,cnlzlq,not_ready,0,0,0.0,max_dim=0.119,not_suitable,not_suitable,not_suitable,not_suitable,not_suitable,not_suitable
air_conditioner,pekain,too_large,0,0,0.0,max_dim=0.875,not_suitable,not_suitable,not_suitable,not_suitable,not_suitable,not_suitable
air_filter,eguida,graspable,200,5,42.2,max_dim=0.127,not_suitable,not_suitable,not_suitable,not_suitable,not_suitable,not_suitable
air_freshener_atomizer,vxtgpy,graspable,200,5,60.0,max_dim=0.292,possible,not_suitable,possible,not_suitable,possible,not_suitable
alarm_clock,cvknrh,not_ready,0,0,0.0,max_dim=0.201,perfect,not_suitable,not_suitable,not_suitable,perfect,not_suitable
alarm_clock,trwyaq,not_ready,0,0,0.0,max_dim=0.152,perfect,not_suitable,not_suitable,not_suitable,perfect,not_suitable
alarm_clock,vqwovi,graspable,200,5,14.0,max_dim=0.114,perfect,not_suitable,not_suitable,not_suitable,perfect,not_suitable
allen_wrench,neqlcn,graspable,200,5,31.2,max_dim=0.150,not_suitable,not_suitable,not_suitable,not_suitable,possible,not_suitable
allspice_shaker,cibgje,graspable,200,5,12.4,max_dim=0.160,possible,not_suitable,not_suitable,not_suitable,perfect,not_suitable
alphabet_abacus,wojwvu,graspable,200,5,59.4,max_dim=0.393,not_suitable,not_suitable,not_suitable,not_suitable,possible,not_suitable
aluminum_foil,ebsqqe,graspable,200,4,82.0,max_dim=0.400,not_suitable,possible,not_suitable,not_suitable,possible,not_suitable
ammonia_water_atomizer,bnrlqd,graspable,200,5,14.6,max_dim=0.256,possible,not_suitable,possible,not_suitable,possible,not_suitable
antlers,nlsanr,too_large,0,0,0.0,max_dim=0.561,not_suitable,not_suitable,not_suitable,not_suitable,not_suitable,not_suitable
antlers,ovwdwa,too_large,0,0,0.0,max_dim=0.555,not_suitable,not_suitable,not_suitable,not_suitable,not_suitable,not_suitable
apple,agveuv,graspable,200,5,10.1,max_dim=0.087,possible,not_suitable,not_suitable,perfect,possible,not_suitable
apple,bwteqh,graspable,200,5,10.3,max_dim=0.071,possible,not_suitable,not_suitable,perfect,possible,not_suitable
apple,dfgurb,graspable,200,5,24.5,max_dim=0.115,possible,not_suitable,not_suitable,perfect,possible,not_suitable
apple,hwrflj,not_ready,0,0,0.0,max_dim=0.076,possible,not_suitable,not_suitable,perfect,possible,not_suitable
apple,netbsb,graspable,200,5,10.0,max_dim=0.087,possible,not_suitable,not_suitable,perfect,possible,not_suitable
apple,obixxh,graspable,200,5,10.2,max_dim=0.063,possible,not_suitable,not_suitable,perfect,possible,not_suitable
apple,omzprq,graspable,200,5,11.4,max_dim=0.086,possible,not_suitable,not_suitable,perfect,possible,not_suitable
apple,qrqzvs,graspable,200,5,37.4,max_dim=0.133,possible,not_suitable,not_suitable,perfect,possible,not_suitable
apple,rizrsp,not_ready,0,0,0.0,max_dim=0.041,possible,not_suitable,not_suitable,perfect,possible,not_suitable
apple,ymhxqk,not_ready,0,0,0.0,max_dim=0.070,possible,not_suitable,not_suitable,perfect,possible,not_suitable
apple,yyuiva,not_ready,0,0,0.0,max_dim=0.089,possible,not_suitable,not_suitable,perfect,possible,not_suitable
apple,zlxfxt,graspable,200,5,13.2,max_dim=0.063,possible,not_suitable,not_suitable,perfect,possible,not_suitable
apple,zutnsf,not_ready,0,0,0.0,max_dim=0.073,possible,not_suitable,not_suitable,perfect,possible,not_suitable
apple_pie,ejrgdj,graspable,200,5,24.1,max_dim=0.174,not_suitable,not_suitable,not_suitable,perfect,possible,not_suitable
apple_pie,rpdhbr,graspable,200,5,13.2,max_dim=0.173,not_suitable,not_suitable,not_suitable,perfect,possible,not_suitable
apricot,qmwmwm,graspable,200,5,9.4,max_dim=0.090,not_suitable,not_suitable,not_suitable,perfect,possible,not_suitable
apron,uxgjdv,too_large,0,0,0.0,max_dim=1.057,not_suitable,not_suitable,not_suitable,not_suitable,not_suitable,not_suitable
arbor,qewqan,too_large,0,0,0.0,max_dim=2.992,not_suitable,not_suitable,not_suitable,not_suitable,not_suitable,not_suitable
architectural_plan,upkcfq,too_large,0,0,0.0,max_dim=0.602,not_suitable,perfect,not_suitable,not_suitable,possible,not_suitable
arepa,hhtbuy,graspable,200,5,12.0,max_dim=0.186,not_suitable,not_suitable,not_suitable,perfect,not_suitable,not_suitable
armchair,axcwcm,too_large,0,0,0.0,max_dim=0.768,not_suitable,not_suitable,not_suitable,not_suitable,not_suitable,not_suitable
armchair,axudcx,too_large,0,0,0.0,max_dim=0.834,not_suitable,not_suitable,not_suitable,not_suitable,not_suitable,not_suitable
armchair,bdgwkg,too_large,0,0,0.0,max_dim=0.873,not_suitable,not_suitable,not_suitable,not_suitable,not_suitable,not_suitable
armchair,bslhmj,too_large,0,0,0.0,max_dim=0.812,not_suitable,not_suitable,not_suitable,not_suitable,not_suitable,not_suitable
armchair,ccpgpe,too_large,0,0,0.0,max_dim=0.855,not_suitable,not_suitable,not_suitable,not_suitable,not_suitable,not_suitable
armchair,cehzwd,too_large,0,0,0.0,max_dim=1.039,not_suitable,not_suitable,not_suitable,not_suitable,not_suitable,not_suitable
armchair,cyvmhv,too_large,0,0,0.0,max_dim=0.834,not_suitable,not_suitable,not_suitable,not_suitable,not_suitable,not_suitable
armchair,esfrjm,too_large,0,0,0.0,max_dim=0.991,not_suitable,not_suitable,not_suitable,not_suitable,not_suitable,not_suitable
armchair,fsrprw,too_large,0,0,0.0,max_dim=0.834,not_suitable,not_suitable,not_suitable,not_suitable,not_suitable,not_suitable
armchair,hdibix,too_large,0,0,0.0,max_dim=0.917,not_suitable,not_suitable,not_suitable,not_suitable,not_suitable,not_suitable
armchair,hfydou,too_large,0,0,0.0,max_dim=0.796,not_suitable,not_suitable,not_suitable,not_suitable,not_suitable,not_suitable
armchair,ihhodt,too_large,0,0,0.0,max_dim=0.840,not_suitable,not_suitable,not_suitable,not_suitable,not_suitable,not_suitable
armchair,irzlby,too_large,0,0,0.0,max_dim=0.917,not_suitable,not_suitable,not_suitable,not_suitable,not_suitable,not_suitable
armchair,jmunen,too_large,0,0,0.0,max_dim=0.768,not_suitable,not_suitable,not_suitable,not_suitable,not_suitable,not_suitable
armchair,jzthdw,too_large,0,0,0.0,max_dim=0.866,not_suitable,not_suitable,not_suitable,not_suitable,not_suitable,not_suitable
armchair,nckeqb,too_large,0,0,0.0,max_dim=0.791,not_suitable,not_suitable,not_suitable,not_suitable,not_suitable,not_suitable
armchair,nibzys,too_large,0,0,0.0,max_dim=0.891,not_suitable,not_suitable,not_suitable,not_suitable,not_suitable,not_suitable
armchair,ouqlrc,too_large,0,0,0.0,max_dim=1.153,not_suitable,not_suitable,not_suitable,not_suitable,not_suitable,not_suitable
armchair,pfntgd,too_large,0,0,0.0,max_dim=0.855,not_suitable,not_suitable,not_suitable,not_suitable,not_suitable,not_suitable
armchair,pmrcex,too_large,0,0,0.0,max_dim=0.834,not_suitable,not_suitable,not_suitable,not_suitable,not_suitable,not_suitable
armchair,qerjol,too_large,0,0,0.0,max_dim=0.862,not_suitable,not_suitable,not_suitable,not_suitable,not_suitable,not_suitable
armchair,qgcjtr,too_large,0,0,0.0,max_dim=0.791,not_suitable,not_suitable,not_suitable,not_suitable,not_suitable,not_suitable
armchair,qhcrgb,too_large,0,0,0.0,max_dim=0.866,not_suitable,not_suitable,not_suitable,not_suitable,not_suitable,not_suitable
armchair,qjwuus,too_large,0,0,0.0,max_dim=0.834,not_suitable,not_suitable,not_suitable,not_suitable,not_suitable,not_suitable
armchair,qplklw,too_large,0,0,0.0,max_dim=0.834,not_suitable,not_suitable,not_suitable,not_suitable,not_suitable,not_suitable
armchair,qyntri,too_large,0,0,0.0,max_dim=0.917,not_suitable,not_suitable,not_suitable,not_suitable,not_suitable,not_suitable
armchair,rabzuf,too_large,0,0,0.0,max_dim=0.834,not_suitable,not_suitable,not_suitable,not_suitable,not_suitable,not_suitable
armchair,rtbsof,too_large,0,0,0.0,max_dim=0.916,not_suitable,not_suitable,not_suitable,not_suitable,not_suitable,not_suitable
armchair,tcscts,too_large,0,0,0.0,max_dim=0.762,not_suitable,not_suitable,not_suitable,not_suitable,not_suitable,not_suitable
armchair,tcxiue,too_large,0,0,0.0,max_dim=0.791,not_suitable,not_suitable,not_suitable,not_suitable,not_suitable,not_suitable
armchair,tgbaim,too_large,0,0,0.0,max_dim=0.875,not_suitable,not_suitable,not_suitable,not_suitable,not_suitable,not_suitable
armchair,thfelc,too_large,0,0,0.0,max_dim=0.808,not_suitable,not_suitable,not_suitable,not_suitable,not_suitable,not_suitable
armchair,thhqkc,too_large,0,0,0.0,max_dim=1.395,not_suitable,not_suitable,not_suitable,not_suitable,not_suitable,not_suitable
armchair,umbrpd,too_large,0,0,0.0,max_dim=0.768,not_suitable,not_suitable,not_suitable,not_suitable,not_suitable,not_suitable
armchair,viphen,too_large,0,0,0.0,max_dim=0.834,not_suitable,not_suitable,not_suitable,not_suitable,not_suitable,not_suitable
armchair,vtsoat,too_large,0,0,0.0,max_dim=0.768,not_suitable,not_suitable,not_suitable,not_suitable,not_suitable,not_suitable
armchair,vzfhpv,too_large,0,0,0.0,max_dim=0.812,not_suitable,not_suitable,not_suitable,not_suitable,not_suitable,not_suitable
armchair,vzhxuf,too_large,0,0,0.0,max_dim=0.834,not_suitable,not_suitable,not_suitable,not_suitable,not_suitable,not_suitable
armchair,wkmkvd,too_large,0,0,0.0,max_dim=1.084,not_suitable,not_suitable,not_suitable,not_suitable,not_suitable,not_suitable
armchair,xkacfd,too_large,0,0,0.0,max_dim=0.768,not_suitable,not_suitable,not_suitable,not_suitable,not_suitable,not_suitable
armchair,xpcheg,too_large,0,0,0.0,max_dim=0.834,not_suitable,not_suitable,not_suitable,not_suitable,not_suitable,not_suitable
armchair,xqovyv,too_large,0,0,0.0,max_dim=0.834,not_suitable,not_suitable,not_suitable,not_suitable,not_suitable,not_suitable
armchair,ybcnmu,too_large,0,0,0.0,max_dim=1.042,not_suitable,not_suitable,not_suitable,not_suitable,not_suitable,not_suitable
armchair,zoamsi,too_large,0,0,0.0,max_dim=0.878,not_suitable,not_suitable,not_suitable,not_suitable,not_suitable,not_suitable
armchair,zrgdsz,too_large,0,0,0.0,max_dim=0.851,not_suitable,not_suitable,not_suitable,not_suitable,not_suitable,not_suitable
armchair,zxhcxt,too_large,0,0,0.0,max_dim=0.830,not_suitable,not_suitable,not_suitable,not_suitable,not_suitable,not_suitable
artichoke,tfclmg,graspable,200,5,11.9,max_dim=0.067,not_suitable,not_suitable,not_suitable,perfect,possible,not_suitable
arugula,lbkpoh,graspable,200,5,12.3,max_dim=0.096,not_suitable,not_suitable,not_suitable,perfect,not_suitable,not_suitable
ashtray,dhkkfo,not_ready,0,0,0.0,max_dim=0.101,perfect,not_suitable,not_suitable,not_suitable,perfect,possible
ashtray,nfuxzd,graspable,200,5,24.8,max_dim=0.129,perfect,not_suitable,not_suitable,not_suitable,perfect,possible
asparagus,eodozo,graspable,200,5,48.5,max_dim=0.192,not_suitable,not_suitable,not_suitable,perfect,not_suitable,not_suitable
asparagus,npggjn,graspable,200,5,41.5,max_dim=0.168,not_suitable,not_suitable,not_suitable,perfect,not_suitable,not_suitable
asparagus,xguktb,graspable,200,5,59.7,max_dim=0.156,not_suitable,not_suitable,not_suitable,perfect,not_suitable,not_suitable
auricularia,coecnm,not_ready,0,0,0.0,max_dim=0.049,not_suitable,not_suitable,not_suitable,perfect,not_suitable,not_suitable
avocado,arswzs,graspable,200,5,13.5,max_dim=0.114,not_suitable,not_suitable,not_suitable,perfect,possible,not_suitable
axe,plqyos,too_large,0,0,0.0,max_dim=0.535,not_suitable,not_suitable,not_suitable,not_suitable,not_suitable,not_suitable
baby_bottle,mzedhe,graspable,200,5,21.6,max_dim=0.158,possible,not_suitable,perfect,not_suitable,possible,not_suitable
baby_shoe,jzwnri,graspable,200,5,14.0,max_dim=0.127,not_suitable,not_suitable,not_suitable,not_suitable,not_suitable,not_suitable
baby_shoe,tnbjlw,graspable,200,5,12.4,max_dim=0.127,not_suitable,not_suitable,not_suitable,not_suitable,not_suitable,not_suitable
background,eydaus,too_large,0,0,0.0,max_dim=49.681,not_suitable,not_suitable,not_suitable,not_suitable,not_suitable,not_suitable
background,gkemae,too_large,0,0,0.0,max_dim=5.689,not_suitable,not_suitable,not_suitable,not_suitable,not_suitable,not_suitable
background,miopfw,too_large,0,0,0.0,max_dim=100.762,not_suitable,not_suitable,not_suitable,not_suitable,not_suitable,not_suitable
background,zqogsh,too_large,0,0,0.0,max_dim=49.681,not_suitable,not_suitable,not_suitable,not_suitable,not_suitable,not_suitable
backpack,gvbiwl,no_grasp,0,0,1.5,max_dim=0.489,not_suitable,not_suitable,not_suitable,not_suitable,not_suitable,not_suitable
bacon,eclhdh,graspable,200,5,52.3,max_dim=0.106,not_suitable,not_suitable,not_suitable,perfect,not_suitable,not_suitable
bacon,iiatla,graspable,200,5,43.0,max_dim=0.132,not_suitable,not_suitable,not_suitable,perfect,not_suitable,not_suitable
bacon,ioogif,graspable,200,5,45.8,max_dim=0.133,not_suitable,not_suitable,not_suitable,perfect,not_suitable,not_suitable
bag_of_auricularia,vyxoju,not_ready,0,0,0.0,max_dim=0.214,not_suitable,not_suitable,not_suitable,not_suitable,possible,not_suitable
bag_of_breadcrumbs,nvhvxe,graspable,200,5,15.7,max_dim=0.158,not_suitable,not_suitable,not_suitable,not_suitable,possible,not_suitable
bag_of_brown_rice,tnfazj,not_ready,0,0,0.0,max_dim=0.332,not_suitable,not_suitable,not_suitable,not_suitable,possible,not_suitable
bag_of_chips,bryahw,graspable,200,4,119.3,max_dim=0.288,not_suitable,not_suitable,not_suitable,not_suitable,possible,not_suitable
bag_of_chips,dwkdko,graspable,200,5,51.6,max_dim=0.290,not_suitable,not_suitable,not_suitable,not_suitable,possible,not_suitable
bag_of_chips,ennnjj,graspable,200,5,76.1,max_dim=0.273,not_suitable,not_suitable,not_suitable,not_suitable,possible,not_suitable
bag_of_chips,jphwer,graspable,200,2,114.4,max_dim=0.278,not_suitable,not_suitable,not_suitable,not_suitable,possible,not_suitable
bag_of_chips,qstxpj,no_grasp,200,0,102.9,max_dim=0.290,not_suitable,not_suitable,not_suitable,not_suitable,possible,not_suitable
bag_of_chips,uevvib,graspable,200,5,34.5,max_dim=0.278,not_suitable,not_suitable,not_suitable,not_suitable,possible,not_suitable
bag_of_chips,wnuoym,graspable,200,2,118.7,max_dim=0.317,not_suitable,not_suitable,not_suitable,not_suitable,possible,not_suitable
bag_of_cookies,bbyvsc,graspable,200,5,45.4,max_dim=0.165,not_suitable,not_suitable,not_suitable,not_suitable,possible,not_suitable
bag_of_cookies,ikivgk,graspable,200,5,25.9,max_dim=0.146,not_suitable,not_suitable,not_suitable,not_suitable,possible,not_suitable
bag_of_cookies,ksjtde,graspable,200,5,54.9,max_dim=0.247,not_suitable,not_suitable,not_suitable,not_suitable,possible,not_suitable
bag_of_cookies,vafomx,graspable,200,5,16.9,max_dim=0.234,not_suitable,not_suitable,not_suitable,not_suitable,possible,not_suitable
bag_of_cream_cheese,dxrsol,graspable,200,5,44.9,max_dim=0.146,not_suitable,not_suitable,not_suitable,not_suitable,possible,not_suitable
bag_of_fertilizer,rqpgrk,too_large,0,0,0.0,max_dim=0.538,not_suitable,not_suitable,not_suitable,not_suitable,not_suitable,not_suitable
bag_of_flour,fntqmd,graspable,200,2,107.9,max_dim=0.192,not_suitable,not_suitable,not_suitable,not_suitable,possible,not_suitable
bag_of_flour,rlejxx,not_ready,0,0,0.0,max_dim=0.239,not_suitable,not_suitable,not_suitable,not_suitable,possible,not_suitable
bag_of_ice_cream,himfgn,graspable,200,5,16.5,max_dim=0.166,not_suitable,not_suitable,not_suitable,not_suitable,possible,not_suitable
bag_of_ice_cream,jwalbo,graspable,200,5,24.0,max_dim=0.167,not_suitable,not_suitable,not_suitable,not_suitable,possible,not_suitable
bag_of_jerky,wblype,graspable,200,5,78.6,max_dim=0.194,not_suitable,not_suitable,not_suitable,not_suitable,possible,not_suitable
bag_of_mulch,foxqdk,too_large,0,0,0.0,max_dim=0.592,not_suitable,not_suitable,not_suitable,not_suitable,not_suitable,not_suitable
bag_of_oranges,vohgas,graspable,200,5,13.8,max_dim=0.156,not_suitable,not_suitable,not_suitable,not_suitable,possible,not_suitable
bag_of_popcorn,dmubtt,not_ready,0,0,0.0,max_dim=0.209,not_suitable,not_suitable,not_suitable,not_suitable,possible,not_suitable
bag_of_popcorn,ebygfp,not_ready,0,0,0.0,max_dim=0.191,not_suitable,not_suitable,not_suitable,not_suitable,possible,not_suitable
bag_of_rice,eddcjz,graspable,200,4,106.1,max_dim=0.317,not_suitable,not_suitable,not_suitable,not_suitable,possible,not_suitable
bag_of_rice,feerye,graspable,200,5,25.0,max_dim=0.194,not_suitable,not_suitable,not_suitable,not_suitable,possible,not_suitable
bag_of_rice,jzjqjb,no_grasp,200,0,102.1,max_dim=0.315,not_suitable,not_suitable,not_suitable,not_suitable,possible,not_suitable
bag_of_rice,xcokwx,no_grasp,200,0,88.9,max_dim=0.317,not_suitable,not_suitable,not_suitable,not_suitable,possible,not_suitable
bag_of_rubbish,qfkzkd,too_large,0,0,0.0,max_dim=0.728,not_suitable,not_suitable,not_suitable,not_suitable,not_suitable,not_suitable
bag_of_shiitake,jazecy,not_ready,0,0,0.0,max_dim=0.219,not_suitable,not_suitable,not_suitable,not_suitable,possible,not_suitable
bag_of_snacks,pkwgid,graspable,200,5,119.8,max_dim=0.282,not_suitable,not_suitable,not_suitable,not_suitable,possible,not_suitable
bag_of_starch,npegpl,too_large,0,0,0.0,max_dim=0.527,not_suitable,not_suitable,not_suitable,not_suitable,possible,not_suitable
bag_of_tea,jjweyi,graspable,200,5,71.8,max_dim=0.248,not_suitable,not_suitable,not_suitable,not_suitable,possible,not_suitable
bag_of_yeast,ibvtik,not_ready,0,0,0.0,max_dim=0.173,not_suitable,not_suitable,not_suitable,not_suitable,possible,not_suitable
bagel,zlxkry,graspable,200,4,98.7,max_dim=0.156,not_suitable,not_suitable,not_suitable,perfect,possible,not_suitable
bagel_dough,iuembm,not_ready,0,0,0.0,max_dim=0.200,not_suitable,not_suitable,not_suitable,possible,not_suitable,not_suitable
baguette,pjzkeh,not_ready,0,0,0.0,max_dim=0.157,not_suitable,not_suitable,not_suitable,perfect,not_suitable,not_suitable
baguette,xhqnuc,not_ready,0,0,0.0,max_dim=0.160,not_suitable,not_suitable,not_suitable,perfect,not_suitable,not_suitable
baguette,xydhpd,graspable,200,5,28.9,max_dim=0.163,not_suitable,not_suitable,not_suitable,perfect,not_suitable,not_suitable
baguette,ypbyek,not_ready,0,0,0.0,max_dim=0.105,not_suitable,not_suitable,not_suitable,perfect,not_suitable,not_suitable
bait,lghbdw,graspable,200,5,21.9,max_dim=0.150,not_suitable,not_suitable,not_suitable,not_suitable,not_suitable,not_suitable
baking_powder_jar,lgopij,not_ready,0,0,0.0,max_dim=0.235,possible,not_suitable,possible,not_suitable,perfect,possible
baking_sheet,yhurut,graspable,200,5,34.3,max_dim=0.416,not_suitable,perfect,not_suitable,not_suitable,possible,not_suitable
balloon,ixhbmk,no_grasp,200,0,98.7,max_dim=0.409,not_suitable,not_suitable,not_suitable,not_suitable,not_suitable,not_suitable
banana,verqwv,not_ready,0,0,0.0,max_dim=0.200,not_suitable,not_suitable,not_suitable,perfect,possible,not_suitable
banana,vvyyyv,graspable,200,5,42.2,max_dim=0.202,not_suitable,not_suitable,not_suitable,perfect,possible,not_suitable
banana,wmglhc,not_ready,0,0,0.0,max_dim=0.167,not_suitable,not_suitable,not_suitable,perfect,possible,not_suitable
banana,znakxm,graspable,200,5,48.6,max_dim=0.180,not_suitable,not_suitable,not_suitable,perfect,possible,not_suitable
banana_bread,outrja,not_ready,0,0,0.0,max_dim=0.144,not_suitable,not_suitable,not_suitable,perfect,possible,not_suitable
bandage,riftxh,graspable,200,5,19.4,max_dim=0.077,not_suitable,not_suitable,not_suitable,not_suitable,not_suitable,not_suitable
bandana,wbhliu,not_ready,0,0,0.0,max_dim=0.344,not_suitable,possible,not_suitable,not_suitable,not_suitable,not_suitable
bap,enbbud,not_ready,0,0,0.0,max_dim=0.144,not_suitable,not_suitable,not_suitable,perfect,not_suitable,not_suitable
bap,pabfde,not_ready,0,0,0.0,max_dim=0.149,not_suitable,not_suitable,not_suitable,perfect,not_suitable,not_suitable
bar,byvbuc,too_large,0,0,0.0,max_dim=2.155,not_suitable,not_suitable,not_suitable,not_suitable,not_suitable,not_suitable
bar,cowjqr,too_large,0,0,0.0,max_dim=3.800,not_suitable,not_suitable,not_suitable,not_suitable,not_suitable,not_suitable
bar,egwapq,too_large,0,0,0.0,max_dim=2.427,not_suitable,not_suitable,not_suitable,not_suitable,not_suitable,not_suitable
bar,hhltqq,too_large,0,0,0.0,max_dim=9.298,not_suitable,not_suitable,not_suitable,not_suitable,not_suitable,not_suitable
bar,joihle,too_large,0,0,0.0,max_dim=1.033,not_suitable,not_suitable,not_suitable,not_suitable,not_suitable,not_suitable
bar,jvkwcc,too_large,0,0,0.0,max_dim=2.028,not_suitable,not_suitable,not_suitable,not_suitable,not_suitable,not_suitable
bar,udatjt,too_large,0,0,0.0,max_dim=2.994,not_suitable,not_suitable,not_suitable,not_suitable,not_suitable,not_suitable
bar,ukorzz,too_large,0,0,0.0,max_dim=4.405,not_suitable,not_suitable,not_suitable,not_suitable,not_suitable,not_suitable
bar,xxftww,too_large,0,0,0.0,max_dim=5.764,not_suitable,not_suitable,not_suitable,not_suitable,not_suitable,not_suitable
bar_soap,feqemg,graspable,200,5,16.6,max_dim=0.113,not_suitable,not_suitable,not_suitable,not_suitable,possible,not_suitable
bar_soap,lyigsj,not_ready,0,0,0.0,max_dim=0.078,not_suitable,not_suitable,not_suitable,not_suitable,possible,not_suitable
bar_soap,ofargb,graspable,200,5,16.9,max_dim=0.109,not_suitable,not_suitable,not_suitable,not_suitable,possible,not_suitable
bar_soap,ozifwa,graspable,200,5,10.9,max_dim=0.093,not_suitable,not_suitable,not_suitable,not_suitable,possible,not_suitable
bar_soap,utgixp,graspable,200,5,10.8,max_dim=0.047,not_suitable,not_suitable,not_suitable,not_suitable,possible,not_suitable
bar_stool,haaiau,too_large,0,0,0.0,max_dim=0.768,not_suitable,not_suitable,not_suitable,not_suitable,not_suitable,not_suitable
barbecue_sauce_bottle,gfxrnj,graspable,200,5,26.7,max_dim=0.258,possible,not_suitable,possible,not_suitable,possible,not_suitable
baseball,zanmar,graspable,200,5,11.8,max_dim=0.073,not_suitable,not_suitable,not_suitable,not_suitable,possible,not_suitable
baseball_bat,spcxrt,too_large,0,0,0.0,max_dim=0.755,not_suitable,not_suitable,not_suitable,not_suitable,not_suitable,not_suitable
baseball_bat,yalgei,too_large,0,0,0.0,max_dim=0.813,not_suitable,not_suitable,not_suitable,not_suitable,not_suitable,not_suitable
baseball_cap,ogptul,graspable,200,5,16.3,max_dim=0.213,not_suitable,not_suitable,not_suitable,not_suitable,possible,not_suitable
baseball_glove,feakpw,not_ready,0,0,0.0,max_dim=0.329,not_suitable,not_suitable,not_suitable,not_suitable,possible,not_suitable
baseboard,djaeet,too_large,0,0,0.0,max_dim=1.828,not_suitable,not_suitable,not_suitable,not_suitable,not_suitable,not_suitable
baseboard,dsajeh,too_large,0,0,0.0,max_dim=2.484,not_suitable,not_suitable,not_suitable,not_suitable,not_suitable,not_suitable
baseboard,gmhhek,too_large,0,0,0.0,max_dim=1.871,not_suitable,not_suitable,not_suitable,not_suitable,not_suitable,not_suitable
baseboard,peorza,too_large,0,0,0.0,max_dim=3.385,not_suitable,not_suitable,not_suitable,not_suitable,not_suitable,not_suitable
basil,bebpnf,graspable,200,5,11.5,max_dim=0.088,not_suitable,not_suitable,not_suitable,perfect,not_suitable,not_suitable
basil,dkuhvb,graspable,200,5,12.4,max_dim=0.120,not_suitable,not_suitable,not_suitable,perfect,not_suitable,not_suitable
basil_jar,swytaw,graspable,200,5,15.5,max_dim=0.204,possible,not_suitable,possible,not_suitable,perfect,possible
bath_towel,thmepr,too_large,0,0,0.0,max_dim=1.085,not_suitable,not_suitable,not_suitable,not_suitable,not_suitable,not_suitable
bathtub,azdgtl,too_large,0,0,0.0,max_dim=1.553,not_suitable,not_suitable,not_suitable,not_suitable,not_suitable,not_suitable
bathtub,enpxbn,too_large,0,0,0.0,max_dim=1.686,not_suitable,not_suitable,not_suitable,not_suitable,not_suitable,not_suitable
bathtub,euxylv,too_large,0,0,0.0,max_dim=1.843,not_suitable,not_suitable,not_suitable,not_suitable,not_suitable,not_suitable
bathtub,fdjykf,too_large,0,0,0.0,max_dim=1.695,not_suitable,not_suitable,not_suitable,not_suitable,not_suitable,not_suitable
bathtub,gulceo,too_large,0,0,0.0,max_dim=1.553,not_suitable,not_suitable,not_suitable,not_suitable,not_suitable,not_suitable
bathtub,jfhrwj,too_large,0,0,0.0,max_dim=1.599,not_suitable,not_suitable,not_suitable,not_suitable,not_suitable,not_suitable
bathtub,oobbwn,too_large,0,0,0.0,max_dim=1.666,not_suitable,not_suitable,not_suitable,not_suitable,not_suitable,not_suitable
bathtub,pdcrfs,too_large,0,0,0.0,max_dim=1.878,not_suitable,not_suitable,not_suitable,not_suitable,not_suitable,not_suitable
bathtub,rufepf,too_large,0,0,0.0,max_dim=2.186,not_suitable,not_suitable,not_suitable,not_suitable,not_suitable,not_suitable
bathtub,uqmgtw,too_large,0,0,0.0,max_dim=1.747,not_suitable,not_suitable,not_suitable,not_suitable,not_suitable,not_suitable
bathtub,wxrafq,too_large,0,0,0.0,max_dim=1.668,not_suitable,not_suitable,not_suitable,not_suitable,not_suitable,not_suitable
battery,dcjyzg,graspable,200,5,11.1,max_dim=0.061,not_suitable,not_suitable,not_suitable,not_suitable,possible,not_suitable
batting_gloves,uteyjv,graspable,200,5,15.0,max_dim=0.229,not_suitable,not_suitable,not_suitable,not_suitable,not_suitable,not_suitable
bay_leaf,blazyi,graspable,200,5,13.7,max_dim=0.075,not_suitable,not_suitable,not_suitable,possible,not_suitable,not_suitable
bay_leaf,cdhuzx,graspable,200,5,9.8,max_dim=0.078,not_suitable,not_suitable,not_suitable,possible,not_suitable,not_suitable
bay_leaf,cwnnyb,graspable,200,5,13.8,max_dim=0.087,not_suitable,not_suitable,not_suitable,possible,not_suitable,not_suitable
bay_leaf,dffqtk,graspable,200,5,11.3,max_dim=0.047,not_suitable,not_suitable,not_suitable,possible,not_suitable,not_suitable
bay_leaf,dwqqxh,graspable,200,5,13.4,max_dim=0.080,not_suitable,not_suitable,not_suitable,possible,not_suitable,not_suitable
bay_leaf,ghcnzp,graspable,200,5,11.3,max_dim=0.074,not_suitable,not_suitable,not_suitable,possible,not_suitable,not_suitable
bay_leaf,llmoti,graspable,200,5,12.8,max_dim=0.088,not_suitable,not_suitable,not_suitable,possible,not_suitable,not_suitable
bay_leaf,rqtlsv,graspable,200,5,10.4,max_dim=0.076,not_suitable,not_suitable,not_suitable,possible,not_suitable,not_suitable
bay_leaf,xofecb,graspable,200,5,12.1,max_dim=0.088,not_suitable,not_suitable,not_suitable,possible,not_suitable,not_suitable
beach_toy,kjoafi,graspable,200,5,26.4,max_dim=0.188,not_suitable,not_suitable,not_suitable,not_suitable,not_suitable,not_suitable
beach_toy,wonucj,graspable,200,5,32.4,max_dim=0.169,not_suitable,not_suitable,not_suitable,not_suitable,not_suitable,not_suitable
beach_toy,zsljeg,graspable,200,5,22.0,max_dim=0.408,not_suitable,not_suitable,not_suitable,not_suitable,not_suitable,not_suitable
beaker,dtjmai,graspable,200,5,11.7,max_dim=0.084,perfect,not_suitable,perfect,not_suitable,perfect,perfect
beaker,effbnc,graspable,200,5,25.2,max_dim=0.146,perfect,not_suitable,perfect,not_suitable,perfect,perfect
beaker,exzsal,graspable,200,5,25.3,max_dim=0.102,perfect,not_suitable,perfect,not_suitable,perfect,perfect
beaker,fxrsyi,graspable,200,5,12.1,max_dim=0.066,perfect,not_suitable,perfect,not_suitable,perfect,perfect
beaker,fyrkzs,graspable,200,5,12.6,max_dim=0.081,perfect,not_suitable,perfect,not_suitable,perfect,perfect
beaker,jdijek,graspable,200,5,12.6,max_dim=0.081,perfect,not_suitable,perfect,not_suitable,perfect,perfect
beaker,rhohgs,graspable,200,5,11.8,max_dim=0.081,perfect,not_suitable,perfect,not_suitable,perfect,perfect
beaker,sfvswx,graspable,200,5,17.8,max_dim=0.146,perfect,not_suitable,perfect,not_suitable,perfect,perfect
beaker,sstojv,not_ready,0,0,0.0,max_dim=0.208,perfect,not_suitable,perfect,not_suitable,perfect,perfect
beaker,uobdoq,graspable,200,5,12.2,max_dim=0.081,perfect,not_suitable,perfect,not_suitable,perfect,perfect
beaker,uzgibd,not_ready,0,0,0.0,max_dim=0.074,perfect,not_suitable,perfect,not_suitable,perfect,perfect
beaker,zycgen,graspable,200,5,12.1,max_dim=0.081,perfect,not_suitable,perfect,not_suitable,perfect,perfect
bean_curd,hekigc,not_ready,0,0,0.0,max_dim=0.042,not_suitable,not_suitable,not_suitable,perfect,not_suitable,not_suitable
bed,fnzxxr,too_large,0,0,0.0,max_dim=2.235,not_suitable,not_suitable,not_suitable,not_suitable,not_suitable,not_suitable
bed,gcgodj,too_large,0,0,0.0,max_dim=2.557,not_suitable,not_suitable,not_suitable,not_suitable,not_suitable,not_suitable
bed,guguqb,too_large,0,0,0.0,max_dim=2.250,not_suitable,not_suitable,not_suitable,not_suitable,not_suitable,not_suitable
bed,gxfipj,too_large,0,0,0.0,max_dim=2.142,not_suitable,not_suitable,not_suitable,not_suitable,not_suitable,not_suitable
bed,hojitx,too_large,0,0,0.0,max_dim=2.032,not_suitable,not_suitable,not_suitable,not_suitable,not_suitable,not_suitable
bed,ivdnny,too_large,0,0,0.0,max_dim=1.659,not_suitable,not_suitable,not_suitable,not_suitable,not_suitable,not_suitable
bed,jpuihb,too_large,0,0,0.0,max_dim=1.980,not_suitable,not_suitable,not_suitable,not_suitable,not_suitable,not_suitable
bed,kddswt,too_large,0,0,0.0,max_dim=2.168,not_suitable,not_suitable,not_suitable,not_suitable,not_suitable,not_suitable
bed,klcjcy,too_large,0,0,0.0,max_dim=2.301,not_suitable,not_suitable,not_suitable,not_suitable,not_suitable,not_suitable
bed,lslyyi,too_large,0,0,0.0,max_dim=2.175,not_suitable,not_suitable,not_suitable,not_suitable,not_suitable,not_suitable
bed,mpgavt,too_large,0,0,0.0,max_dim=1.926,not_suitable,not_suitable,not_suitable,not_suitable,not_suitable,not_suitable
bed,mykwrc,too_large,0,0,0.0,max_dim=3.000,not_suitable,not_suitable,not_suitable,not_suitable,not_suitable,not_suitable
bed,nwzbyk,too_large,0,0,0.0,max_dim=2.032,not_suitable,not_suitable,not_suitable,not_suitable,not_suitable,not_suitable
bed,pqptex,too_large,0,0,0.0,max_dim=2.060,not_suitable,not_suitable,not_suitable,not_suitable,not_suitable,not_suitable
bed,rhanfx,too_large,0,0,0.0,max_dim=2.281,not_suitable,not_suitable,not_suitable,not_suitable,not_suitable,not_suitable
bed,rrcvaq,too_large,0,0,0.0,max_dim=1.992,not_suitable,not_suitable,not_suitable,not_suitable,not_suitable,not_suitable
bed,siuxgz,too_large,0,0,0.0,max_dim=2.387,not_suitable,not_suitable,not_suitable,not_suitable,not_suitable,not_suitable
bed,smmmaf,too_large,0,0,0.0,max_dim=2.184,not_suitable,not_suitable,not_suitable,not_suitable,not_suitable,not_suitable
bed,tjfzsb,too_large,0,0,0.0,max_dim=2.142,not_suitable,not_suitable,not_suitable,not_suitable,not_suitable,not_suitable
bed,wbjidf,too_large,0,0,0.0,max_dim=2.195,not_suitable,not_suitable,not_suitable,not_suitable,not_suitable,not_suitable
bed,wfxgbb,too_large,0,0,0.0,max_dim=3.794,not_suitable,not_suitable,not_suitable,not_suitable,not_suitable,not_suitable
bed,wyxtqf,too_large,0,0,0.0,max_dim=1.953,not_suitable,not_suitable,not_suitable,not_suitable,not_suitable,not_suitable
bed,yghbxh,too_large,0,0,0.0,max_dim=2.148,not_suitable,not_suitable,not_suitable,not_suitable,not_suitable,not_suitable
bed,zrumze,too_large,0,0,0.0,max_dim=2.032,not_suitable,not_suitable,not_suitable,not_suitable,not_suitable,not_suitable
bed_screen,klvmfw,too_large,0,0,0.0,max_dim=2.790,not_suitable,not_suitable,not_suitable,not_suitable,not_suitable,not_suitable
bed_screen,ofpyax,too_large,0,0,0.0,max_dim=2.787,not_suitable,not_suitable,not_suitable,not_suitable,not_suitable,not_suitable
bed_sheet,ivmsdt,too_large,0,0,0.0,max_dim=1.429,not_suitable,not_suitable,not_suitable,not_suitable,not_suitable,not_suitable
bed_sheet,jfsovh,too_large,0,0,0.0,max_dim=1.502,not_suitable,not_suitable,not_suitable,not_suitable,not_suitable,not_suitable
bed_sheet,ldpbcu,too_large,0,0,0.0,max_dim=1.437,not_suitable,not_suitable,not_suitable,not_suitable,not_suitable,not_suitable
bed_sheet,omsbux,too_large,0,0,0.0,max_dim=1.482,not_suitable,not_suitable,not_suitable,not_suitable,not_suitable,not_suitable
bed_sheet,padfds,too_large,0,0,0.0,max_dim=1.565,not_suitable,not_suitable,not_suitable,not_suitable,not_suitable,not_suitable
bed_sheet,xeskbh,too_large,0,0,0.0,max_dim=1.452,not_suitable,not_suitable,not_suitable,not_suitable,not_suitable,not_suitable
beef_broth_carton,ecqxgd,graspable,200,5,15.3,max_dim=0.305;manual_override,not_suitable,not_suitable,possible,not_suitable,possible,possible
beefsteak_tomato,altlfz,graspable,200,5,11.5,max_dim=0.069,not_suitable,not_suitable,not_suitable,perfect,possible,not_suitable
beefsteak_tomato,eevvzv,graspable,200,5,11.8,max_dim=0.072,not_suitable,not_suitable,not_suitable,perfect,possible,not_suitable
beefsteak_tomato,ogpans,graspable,200,5,9.9,max_dim=0.078,not_suitable,not_suitable,not_suitable,perfect,possible,not_suitable
beefsteak_tomato,pnrdxh,graspable,200,5,13.7,max_dim=0.093,not_suitable,not_suitable,not_suitable,perfect,possible,not_suitable
beer_bottle,nigfha,not_ready,0,0,0.0,max_dim=0.259,possible,not_suitable,possible,not_suitable,possible,not_suitable
beer_glass,lymciz,graspable,200,5,17.7,max_dim=0.209,perfect,not_suitable,perfect,not_suitable,perfect,perfect
beer_glass,mxsliu,graspable,200,5,11.4,max_dim=0.117,perfect,not_suitable,perfect,not_suitable,perfect,perfect
beer_glass,rxscji,graspable,200,5,10.3,max_dim=0.088,perfect,not_suitable,perfect,not_suitable,perfect,perfect
beer_keg,xtqbuf,too_large,0,0,0.0,max_dim=0.600,not_suitable,not_suitable,not_suitable,not_suitable,not_suitable,not_suitable
beer_tap,bebcmz,not_ready,0,0,0.0,max_dim=0.492,not_suitable,not_suitable,not_suitable,not_suitable,not_suitable,not_suitable
beer_tap,vgaluf,too_large,0,0,0.0,max_dim=0.504,not_suitable,not_suitable,not_suitable,not_suitable,not_suitable,not_suitable
beer_tap,zcrgvq,not_ready,0,0,0.0,max_dim=0.422,not_suitable,not_suitable,not_suitable,not_suitable,not_suitable,not_suitable
beeswax_candle,aiuhyv,not_ready,0,0,0.0,max_dim=0.073,possible,not_suitable,not_suitable,not_suitable,perfect,not_suitable
beeswax_candle,kxange,not_ready,0,0,0.0,max_dim=0.091,possible,not_suitable,not_suitable,not_suitable,perfect,not_suitable
beeswax_candle,nhdnje,graspable,200,5,19.9,max_dim=0.107,possible,not_suitable,not_suitable,not_suitable,perfect,not_suitable
beeswax_candle,nxewyk,graspable,200,5,41.7,max_dim=0.207,possible,not_suitable,not_suitable,not_suitable,perfect,not_suitable
beeswax_candle,oimgmh,graspable,200,5,25.8,max_dim=0.206,possible,not_suitable,not_suitable,not_suitable,perfect,not_suitable
beeswax_candle,ouzkdj,graspable,200,5,37.4,max_dim=0.157,possible,not_suitable,not_suitable,not_suitable,perfect,not_suitable
beeswax_candle,pfewit,graspable,200,5,32.1,max_dim=0.246,possible,not_suitable,not_suitable,not_suitable,perfect,not_suitable
beeswax_candle,rptogj,not_ready,0,0,0.0,max_dim=0.064,possible,not_suitable,not_suitable,not_suitable,perfect,not_suitable
beet,wantjv,graspable,200,5,11.8,max_dim=0.175,not_suitable,not_suitable,not_suitable,perfect,possible,not_suitable
bell,oshurh,graspable,200,5,10.4,max_dim=0.080,possible,not_suitable,not_suitable,not_suitable,perfect,not_suitable
bell_pepper,ggurxn,graspable,200,5,12.0,max_dim=0.094,not_suitable,not_suitable,not_suitable,perfect,possible,not_suitable
bell_pepper,ihctxa,graspable,200,5,10.9,max_dim=0.094,not_suitable,not_suitable,not_suitable,perfect,possible,not_suitable
bell_pepper,ukkycp,graspable,200,5,13.6,max_dim=0.094,not_suitable,not_suitable,not_suitable,perfect,possible,not_suitable
bell_pepper,uqcenz,graspable,200,5,10.3,max_dim=0.106,not_suitable,not_suitable,not_suitable,perfect,possible,not_suitable
bell_pepper,wszvwc,graspable,200,5,15.0,max_dim=0.108,not_suitable,not_suitable,not_suitable,perfect,possible,not_suitable
belt,gqwddb,too_large,0,0,0.0,max_dim=0.691,not_suitable,not_suitable,not_suitable,not_suitable,not_suitable,not_suitable
bench,esagiq,too_large,0,0,0.0,max_dim=1.226,not_suitable,not_suitable,not_suitable,not_suitable,not_suitable,not_suitable
bench,fdxevw,too_large,0,0,0.0,max_dim=2.382,not_suitable,not_suitable,not_suitable,not_suitable,not_suitable,not_suitable
bench,ftvzzg,too_large,0,0,0.0,max_dim=2.200,not_suitable,not_suitable,not_suitable,not_suitable,not_suitable,not_suitable
bench,hezgut,too_large,0,0,0.0,max_dim=1.618,not_suitable,not_suitable,not_suitable,not_suitable,not_suitable,not_suitable
bench,jaklov,too_large,0,0,0.0,max_dim=1.934,not_suitable,not_suitable,not_suitable,not_suitable,not_suitable,not_suitable
bench,jhfkdc,too_large,0,0,0.0,max_dim=1.376,not_suitable,not_suitable,not_suitable,not_suitable,not_suitable,not_suitable
bench,jvygiq,too_large,0,0,0.0,max_dim=1.691,not_suitable,not_suitable,not_suitable,not_suitable,not_suitable,not_suitable
bench,kpeeai,too_large,0,0,0.0,max_dim=5.831,not_suitable,not_suitable,not_suitable,not_suitable,not_suitable,not_suitable
bench,nnzwxs,too_large,0,0,0.0,max_dim=1.668,not_suitable,not_suitable,not_suitable,not_suitable,not_suitable,not_suitable
bench,nokayw,too_large,0,0,0.0,max_dim=1.428,not_suitable,not_suitable,not_suitable,not_suitable,not_suitable,not_suitable
bench,nzsfrw,too_large,0,0,0.0,max_dim=1.843,not_suitable,not_suitable,not_suitable,not_suitable,not_suitable,not_suitable
bench,pcymmc,too_large,0,0,0.0,max_dim=1.882,not_suitable,not_suitable,not_suitable,not_suitable,not_suitable,not_suitable
bench,pfjnnj,too_large,0,0,0.0,max_dim=1.169,not_suitable,not_suitable,not_suitable,not_suitable,not_suitable,not_suitable
bench,qhuvow,too_large,0,0,0.0,max_dim=4.046,not_suitable,not_suitable,not_suitable,not_suitable,not_suitable,not_suitable
bench,sfglvm,too_large,0,0,0.0,max_dim=4.291,not_suitable,not_suitable,not_suitable,not_suitable,not_suitable,not_suitable
bench,sihckt,too_large,0,0,0.0,max_dim=6.065,not_suitable,not_suitable,not_suitable,not_suitable,not_suitable,not_suitable
bench,sntjne,too_large,0,0,0.0,max_dim=1.835,not_suitable,not_suitable,not_suitable,not_suitable,not_suitable,not_suitable
bench,svnyht,too_large,0,0,0.0,max_dim=1.654,not_suitable,not_suitable,not_suitable,not_suitable,not_suitable,not_suitable
bench,uuhugq,too_large,0,0,0.0,max_dim=2.382,not_suitable,not_suitable,not_suitable,not_suitable,not_suitable,not_suitable
bench,wtkahs,too_large,0,0,0.0,max_dim=0.985,not_suitable,not_suitable,not_suitable,not_suitable,not_suitable,not_suitable
bench,wvtbnn,too_large,0,0,0.0,max_dim=2.231,not_suitable,not_suitable,not_suitable,not_suitable,not_suitable,not_suitable
bench,xwphjd,too_large,0,0,0.0,max_dim=1.241,not_suitable,not_suitable,not_suitable,not_suitable,not_suitable,not_suitable
bench,ybkjzd,too_large,0,0,0.0,max_dim=9.152,not_suitable,not_suitable,not_suitable,not_suitable,not_suitable,not_suitable
bench,yldwmi,too_large,0,0,0.0,max_dim=2.207,not_suitable,not_suitable,not_suitable,not_suitable,not_suitable,not_suitable
bench,zfpjkj,too_large,0,0,0.0,max_dim=1.370,not_suitable,not_suitable,not_suitable,not_suitable,not_suitable,not_suitable
bench_press_machine,pxlgue,too_large,0,0,0.0,max_dim=1.331,not_suitable,not_suitable,not_suitable,not_suitable,not_suitable,not_suitable
bench_press_machine,qjakhy,too_large,0,0,0.0,max_dim=1.020,not_suitable,not_suitable,not_suitable,not_suitable,not_suitable,not_suitable
bench_press_machine,zfhbwy,too_large,0,0,0.0,max_dim=1.728,not_suitable,not_suitable,not_suitable,not_suitable,not_suitable,not_suitable
bicycle,fjvlyf,too_large,0,0,0.0,max_dim=1.730,not_suitable,not_suitable,not_suitable,not_suitable,not_suitable,not_suitable
bicycle,xjumcf,too_large,0,0,0.0,max_dim=1.732,not_suitable,not_suitable,not_suitable,not_suitable,not_suitable,not_suitable
bicycle_chain,czrssf,graspable,200,5,54.5,max_dim=0.242,not_suitable,not_suitable,not_suitable,not_suitable,not_suitable,not_suitable
bicycle_rack,mltrbs,too_large,0,0,0.0,max_dim=1.569,not_suitable,not_suitable,not_suitable,not_suitable,not_suitable,not_suitable
bikini,ttgike,not_ready,0,0,0.0,max_dim=0.197,not_suitable,not_suitable,not_suitable,not_suitable,not_suitable,not_suitable
bird_feed_bag,dpxnlc,graspable,200,5,65.2,max_dim=0.367,not_suitable,not_suitable,not_suitable,not_suitable,not_suitable,not_suitable
bird_feeder,hvlkjx,graspable,200,5,13.9,max_dim=0.094;manual_override,not_suitable,not_suitable,not_suitable,not_suitable,not_suitable,possible
birdcage,ogkdoh,too_large,0,0,0.0,max_dim=0.502,not_suitable,not_suitable,not_suitable,not_suitable,not_suitable,not_suitable
biscuit,ukcwqw,graspable,200,5,10.5,max_dim=0.047,not_suitable,not_suitable,not_suitable,perfect,possible,not_suitable
biscuit_dough,vbhtbo,not_ready,0,0,0.0,max_dim=0.200,not_suitable,not_suitable,not_suitable,possible,not_suitable,not_suitable
blackberry,tvpfvb,graspable,200,5,11.1,max_dim=0.029,not_suitable,not_suitable,not_suitable,perfect,not_suitable,not_suitable
blackboard,dgcavd,too_large,0,0,0.0,max_dim=1.935,not_suitable,not_suitable,not_suitable,not_suitable,not_suitable,not_suitable
blackboard,pktarr,too_large,0,0,0.0,max_dim=3.190,not_suitable,not_suitable,not_suitable,not_suitable,not_suitable,not_suitable
blackboard_eraser,oynrtw,graspable,200,5,65.8,max_dim=0.150,not_suitable,not_suitable,not_suitable,not_suitable,possible,not_suitable
blanket,corgks,not_ready,0,0,0.0,max_dim=0.471,not_suitable,not_suitable,not_suitable,not_suitable,not_suitable,not_suitable
blanket,uksirc,too_large,0,0,0.0,max_dim=1.715,not_suitable,not_suitable,not_suitable,not_suitable,not_suitable,not_suitable
blanket,uwbyty,too_large,0,0,0.0,max_dim=1.549,not_suitable,not_suitable,not_suitable,not_suitable,not_suitable,not_suitable
blanket,vwzlnn,too_large,0,0,0.0,max_dim=1.901,not_suitable,not_suitable,not_suitable,not_suitable,not_suitable,not_suitable
blanket,yscwot,too_large,0,0,0.0,max_dim=1.504,not_suitable,not_suitable,not_suitable,not_suitable,not_suitable,not_suitable
bleaching_agent_atomizer,arxjfa,graspable,200,5,14.1,max_dim=0.255,not_suitable,not_suitable,possible,not_suitable,not_suitable,not_suitable
blender,cwkvib,no_grasp,200,0,9.9,max_dim=0.393,not_suitable,not_suitable,not_suitable,not_suitable,possible,possible
blender,dhfqid,not_ready,0,0,0.0,max_dim=0.374,not_suitable,not_suitable,not_suitable,not_suitable,possible,possible
blender,eyedvd,no_grasp,200,0,8.5,max_dim=0.364,not_suitable,not_suitable,not_suitable,not_suitable,possible,possible
bleu,wxahdr,not_ready,0,0,0.0,max_dim=0.082,not_suitable,not_suitable,not_suitable,perfect,possible,not_suitable
blouse,htcikj,too_large,0,0,0.0,max_dim=0.872,not_suitable,not_suitable,not_suitable,not_suitable,not_suitable,not_suitable
board,fxugbm,too_large,0,0,0.0,max_dim=1.117,not_suitable,possible,not_suitable,not_suitable,not_suitable,not_suitable
board_game,eoywpy,no_grasp,200,0,16.7,max_dim=0.223,not_suitable,not_suitable,not_suitable,not_suitable,possible,not_suitable
board_game,frgdqh,no_grasp,200,0,17.2,max_dim=0.197,not_suitable,not_suitable,not_suitable,not_suitable,possible,not_suitable
board_game,fzyuip,no_grasp,200,0,17.3,max_dim=0.162,not_suitable,not_suitable,not_suitable,not_suitable,possible,not_suitable
board_game,gcfkqa,no_grasp,200,0,17.4,max_dim=0.199,not_suitable,not_suitable,not_suitable,not_suitable,possible,not_suitable
board_game,gumkqh,no_grasp,200,0,17.4,max_dim=0.197,not_suitable,not_suitable,not_suitable,not_suitable,possible,not_suitable
board_game,ibzhzu,no_grasp,200,0,17.5,max_dim=0.198,not_suitable,not_suitable,not_suitable,not_suitable,possible,not_suitable
board_game,iqfvfl,no_grasp,200,0,17.8,max_dim=0.134,not_suitable,not_suitable,not_suitable,not_suitable,possible,not_suitable
board_game,lzslbu,no_grasp,200,0,18.0,max_dim=0.199,not_suitable,not_suitable,not_suitable,not_suitable,possible,not_suitable
board_game,nfewft,no_grasp,200,0,18.1,max_dim=0.134,not_suitable,not_suitable,not_suitable,not_suitable,possible,not_suitable
board_game,ovttum,no_grasp,200,0,18.2,max_dim=0.199,not_suitable,not_suitable,not_suitable,not_suitable,possible,not_suitable
board_game,phwwnx,graspable,200,5,18.1,max_dim=0.134,not_suitable,not_suitable,not_suitable,not_suitable,possible,not_suitable
board_game,qdkyzl,graspable,200,5,27.9,max_dim=0.134,not_suitable,not_suitable,not_suitable,not_suitable,possible,not_suitable
board_game,qgvsnb,graspable,200,5,14.0,max_dim=0.255,not_suitable,not_suitable,not_suitable,not_suitable,possible,not_suitable
board_game,rgvkmy,graspable,200,5,26.1,max_dim=0.134,not_suitable,not_suitable,not_suitable,not_suitable,possible,not_suitable
board_game,twkglv,graspable,200,5,24.1,max_dim=0.134,not_suitable,not_suitable,not_suitable,not_suitable,possible,not_suitable
board_game,vbamua,graspable,200,5,25.3,max_dim=0.287,not_suitable,not_suitable,not_suitable,not_suitable,possible,not_suitable
bobby_pin,zphpcz,graspable,200,5,14.5,max_dim=0.070,not_suitable,not_suitable,not_suitable,not_suitable,not_suitable,not_suitable
bok_choy,bbvcji,graspable,200,5,25.6,max_dim=0.170,not_suitable,not_suitable,not_suitable,perfect,not_suitable,not_suitable
bok_choy,jpkewd,graspable,200,5,19.4,max_dim=0.171,not_suitable,not_suitable,not_suitable,perfect,not_suitable,not_suitable
bookcase,bsvnni,too_large,0,0,0.0,max_dim=0.787,not_suitable,not_suitable,not_suitable,not_suitable,not_suitable,not_suitable
bookcase,ckjxoo,too_large,0,0,0.0,max_dim=1.950,not_suitable,not_suitable,not_suitable,not_suitable,not_suitable,not_suitable
bookcase,cqcoox,too_large,0,0,0.0,max_dim=0.652,not_suitable,not_suitable,not_suitable,not_suitable,not_suitable,not_suitable
bookcase,eckdny,too_large,0,0,0.0,max_dim=1.632,not_suitable,not_suitable,not_suitable,not_suitable,not_suitable,not_suitable
bookcase,eeamky,too_large,0,0,0.0,max_dim=2.177,not_suitable,not_suitable,not_suitable,not_suitable,not_suitable,not_suitable
bookcase,eniafz,too_large,0,0,0.0,max_dim=1.012,not_suitable,not_suitable,not_suitable,not_suitable,not_suitable,not_suitable
bookcase,eyidvz,too_large,0,0,0.0,max_dim=0.915,not_suitable,not_suitable,not_suitable,not_suitable,not_suitable,not_suitable
bookcase,ftzmow,too_large,0,0,0.0,max_dim=1.065,not_suitable,not_suitable,not_suitable,not_suitable,not_suitable,not_suitable
bookcase,gsksby,too_large,0,0,0.0,max_dim=1.009,not_suitable,not_suitable,not_suitable,not_suitable,not_suitable,not_suitable
bookcase,iwziew,too_large,0,0,0.0,max_dim=0.800,not_suitable,not_suitable,not_suitable,not_suitable,not_suitable,not_suitable
bookcase,jaysra,too_large,0,0,0.0,max_dim=1.756,not_suitable,not_suitable,not_suitable,not_suitable,not_suitable,not_suitable
bookcase,jpdtvg,too_large,0,0,0.0,max_dim=1.430,not_suitable,not_suitable,not_suitable,not_suitable,not_suitable,not_suitable
bookcase,kdnyfh,too_large,0,0,0.0,max_dim=1.590,not_suitable,not_suitable,not_suitable,not_suitable,not_suitable,not_suitable
bookcase,kmuacd,too_large,0,0,0.0,max_dim=1.225,not_suitable,not_suitable,not_suitable,not_suitable,not_suitable,not_suitable
bookcase,kvlewx,too_large,0,0,0.0,max_dim=5.561,not_suitable,not_suitable,not_suitable,not_suitable,not_suitable,not_suitable
bookcase,lbbims,too_large,0,0,0.0,max_dim=2.010,not_suitable,not_suitable,not_suitable,not_suitable,not_suitable,not_suitable
bookcase,mfyvai,too_large,0,0,0.0,max_dim=1.010,not_suitable,not_suitable,not_suitable,not_suitable,not_suitable,not_suitable
bookcase,njwsoa,too_large,0,0,0.0,max_dim=2.000,not_suitable,not_suitable,not_suitable,not_suitable,not_suitable,not_suitable
bookcase,opryhp,too_large,0,0,0.0,max_dim=0.772,not_suitable,not_suitable,not_suitable,not_suitable,not_suitable,not_suitable
bookcase,otwukr,too_large,0,0,0.0,max_dim=1.050,not_suitable,not_suitable,not_suitable,not_suitable,not_suitable,not_suitable
bookcase,owvfik,too_large,0,0,0.0,max_dim=0.750,not_suitable,not_suitable,not_suitable,not_suitable,not_suitable,not_suitable
bookcase,pkgbcp,too_large,0,0,0.0,max_dim=1.080,not_suitable,not_suitable,not_suitable,not_suitable,not_suitable,not_suitable
bookcase,ptxdid,too_large,0,0,0.0,max_dim=4.590,not_suitable,not_suitable,not_suitable,not_suitable,not_suitable,not_suitable
bookcase,qpylqf,too_large,0,0,0.0,max_dim=1.470,not_suitable,not_suitable,not_suitable,not_suitable,not_suitable,not_suitable
bookcase,svhjxd,too_large,0,0,0.0,max_dim=2.122,not_suitable,not_suitable,not_suitable,not_suitable,not_suitable,not_suitable
bookcase,sylmbu,too_large,0,0,0.0,max_dim=2.177,not_suitable,not_suitable,not_suitable,not_suitable,not_suitable,not_suitable
bookcase,tahafx,too_large,0,0,0.0,max_dim=2.084,not_suitable,not_suitable,not_suitable,not_suitable,not_suitable,not_suitable
bookcase,uriudf,too_large,0,0,0.0,max_dim=2.018,not_suitable,not_suitable,not_suitable,not_suitable,not_suitable,not_suitable
bookcase,vehhll,too_large,0,0,0.0,max_dim=2.405,not_suitable,not_suitable,not_suitable,not_suitable,not_suitable,not_suitable
bookcase,vgzdul,too_large,0,0,0.0,max_dim=1.924,not_suitable,not_suitable,not_suitable,not_suitable,not_suitable,not_suitable
bookcase,vndvrn,no_grasp,0,0,1.0,max_dim=0.475,not_suitable,not_suitable,not_suitable,not_suitable,not_suitable,not_suitable
bookcase,wnvxme,too_large,0,0,0.0,max_dim=3.088,not_suitable,not_suitable,not_suitable,not_suitable,not_suitable,not_suitable
bookcase,xgvyyv,too_large,0,0,0.0,max_dim=1.961,not_suitable,not_suitable,not_suitable,not_suitable,not_suitable,not_suitable
bookcase,xsfeyi,too_large,0,0,0.0,max_dim=1.543,not_suitable,not_suitable,not_suitable,not_suitable,not_suitable,not_suitable
bookcase,xurqal,too_large,0,0,0.0,max_dim=0.949,not_suitable,not_suitable,not_suitable,not_suitable,not_suitable,not_suitable
bookcase,zdsmhe,too_large,0,0,0.0,max_dim=1.543,not_suitable,not_suitable,not_suitable,not_suitable,not_suitable,not_suitable
bookcase,zfpyqe,too_large,0,0,0.0,max_dim=1.643,not_suitable,not_suitable,not_suitable,not_suitable,not_suitable,not_suitable
bookcase_back,gjsnrt,too_large,0,0,0.0,max_dim=2.020,not_suitable,not_suitable,not_suitable,not_suitable,not_suitable,not_suitable
bookcase_baseboard,hlhneo,too_large,0,0,0.0,max_dim=0.742,not_suitable,not_suitable,not_suitable,not_suitable,not_suitable,not_suitable
bookcase_shelf,ymtnqa,too_large,0,0,0.0,max_dim=0.740,not_suitable,not_suitable,not_suitable,not_suitable,not_suitable,not_suitable
bookcase_side,bxfkjj,too_large,0,0,0.0,max_dim=2.020,not_suitable,not_suitable,not_suitable,not_suitable,not_suitable,not_suitable
bookcase_side,yujrmw,too_large,0,0,0.0,max_dim=2.020,not_suitable,not_suitable,not_suitable,not_suitable,not_suitable,not_suitable
bookcase_top,pfiole,too_large,0,0,0.0,max_dim=0.740,not_suitable,not_suitable,not_suitable,not_suitable,not_suitable,not_suitable
bookend,detqsw,not_ready,0,0,0.0,max_dim=0.244,possible,not_suitable,not_suitable,not_suitable,perfect,not_suitable
bookend,eyddem,not_ready,0,0,0.0,max_dim=0.214,possible,not_suitable,not_suitable,not_suitable,perfect,not_suitable
bookend,hlpgle,not_ready,0,0,0.0,max_dim=0.205,possible,not_suitable,not_suitable,not_suitable,perfect,not_suitable
bookend,huxmnl,not_ready,0,0,0.0,max_dim=0.207,possible,not_suitable,not_suitable,not_suitable,perfect,not_suitable
bookend,jmodol,not_ready,0,0,0.0,max_dim=0.236,possible,not_suitable,not_suitable,not_suitable,perfect,not_suitable
bookend,oxfecv,not_ready,0,0,0.0,max_dim=0.228,possible,not_suitable,not_suitable,not_suitable,perfect,not_suitable
bookend,rwvcah,not_ready,0,0,0.0,max_dim=0.228,possible,not_suitable,not_suitable,not_suitable,perfect,not_suitable
bookend,sgiryo,not_ready,0,0,0.0,max_dim=0.236,possible,not_suitable,not_suitable,not_suitable,perfect,not_suitable
bookend,xqyxrq,not_ready,0,0,0.0,max_dim=0.221,possible,not_suitable,not_suitable,not_suitable,perfect,not_suitable
bookend,ygynyq,not_ready,0,0,0.0,max_dim=0.221,possible,not_suitable,not_suitable,not_suitable,perfect,not_suitable
booth,xzrpar,too_large,0,0,0.0,max_dim=1.310,not_suitable,not_suitable,not_suitable,not_suitable,not_suitable,not_suitable
bottle_of_alcohol,qvhrjh,not_ready,0,0,0.0,max_dim=0.239,possible,not_suitable,possible,not_suitable,possible,not_suitable
bottle_of_alfredo_sauce,xwzqjr,graspable,200,5,13.9,max_dim=0.114,possible,not_suitable,possible,not_suitable,possible,not_suitable
bottle_of_almond_oil,nlokfa,not_ready,0,0,0.0,max_dim=0.222,possible,not_suitable,possible,not_suitable,possible,not_suitable
bottle_of_ammonia,daasuw,graspable,200,5,22.5,max_dim=0.274,possible,not_suitable,possible,not_suitable,not_suitable,not_suitable
bottle_of_antihistamines,agavwx,graspable,200,5,12.3,max_dim=0.127,possible,not_suitable,not_suitable,not_suitable,possible,not_suitable
bottle_of_apple_cider,frekrp,not_ready,0,0,0.0,max_dim=0.311,possible,not_suitable,possible,not_suitable,possible,not_suitable
bottle_of_apple_juice,xvrbdy,graspable,200,5,90.0,max_dim=0.203,possible,not_suitable,possible,not_suitable,possible,not_suitable
bottle_of_aspirin,psvktc,not_ready,0,0,0.0,max_dim=0.089,possible,not_suitable,not_suitable,not_suitable,possible,not_suitable
bottle_of_baby_oil,xpdlrr,not_ready,0,0,0.0,max_dim=0.175,possible,not_suitable,possible,not_suitable,possible,not_suitable
bottle_of_barbecue_sauce,ikbsox,graspable,200,5,86.9,max_dim=0.191,possible,not_suitable,possible,not_suitable,possible,not_suitable
bottle_of_barbecue_sauce,nkqvex,graspable,200,5,19.8,max_dim=0.118,possible,not_suitable,possible,not_suitable,possible,not_suitable
bottle_of_barbecue_sauce,rzevkb,graspable,200,5,47.9,max_dim=0.150,possible,not_suitable,possible,not_suitable,possible,not_suitable
bottle_of_beer,bwaboq,not_ready,0,0,0.0,max_dim=0.194,possible,not_suitable,possible,not_suitable,possible,not_suitable
bottle_of_beer,crfcwo,graspable,200,5,17.2,max_dim=0.225,possible,not_suitable,possible,not_suitable,possible,not_suitable
bottle_of_beer,dcwvkg,graspable,200,5,33.2,max_dim=0.288,possible,not_suitable,possible,not_suitable,possible,not_suitable
bottle_of_beer,dqfsgv,not_ready,0,0,0.0,max_dim=0.254,possible,not_suitable,possible,not_suitable,possible,not_suitable
bottle_of_beer,eicnxj,not_ready,0,0,0.0,max_dim=0.205,possible,not_suitable,possible,not_suitable,possible,not_suitable
bottle_of_beer,fcnrqt,not_ready,0,0,0.0,max_dim=0.254,possible,not_suitable,possible,not_suitable,possible,not_suitable
bottle_of_beer,fgzjnb,graspable,200,5,26.2,max_dim=0.217,possible,not_suitable,possible,not_suitable,possible,not_suitable
bottle_of_beer,gxxbhh,graspable,200,5,26.6,max_dim=0.217,possible,not_suitable,possible,not_suitable,possible,not_suitable
bottle_of_beer,hauvsg,not_ready,0,0,0.0,max_dim=0.205,possible,not_suitable,possible,not_suitable,possible,not_suitable
bottle_of_beer,ikgezm,not_ready,0,0,0.0,max_dim=0.205,possible,not_suitable,possible,not_suitable,possible,not_suitable
bottle_of_beer,jssuog,not_ready,0,0,0.0,max_dim=0.205,possible,not_suitable,possible,not_suitable,possible,not_suitable
bottle_of_beer,jtgyoo,not_ready,0,0,0.0,max_dim=0.254,possible,not_suitable,possible,not_suitable,possible,not_suitable
bottle_of_beer,jxhtdl,not_ready,0,0,0.0,max_dim=0.254,possible,not_suitable,possible,not_suitable,possible,not_suitable
bottle_of_beer,kqskmv,graspable,200,5,54.1,max_dim=0.254,possible,not_suitable,possible,not_suitable,possible,not_suitable
bottle_of_beer,meqliv,graspable,200,5,11.0,max_dim=0.225,possible,not_suitable,possible,not_suitable,possible,not_suitable
bottle_of_beer,mhzpkh,not_ready,0,0,0.0,max_dim=0.254,possible,not_suitable,possible,not_suitable,possible,not_suitable
bottle_of_beer,miiijl,not_ready,0,0,0.0,max_dim=0.254,possible,not_suitable,possible,not_suitable,possible,not_suitable
bottle_of_beer,mljzrl,not_ready,0,0,0.0,max_dim=0.254,possible,not_suitable,possible,not_suitable,possible,not_suitable
bottle_of_beer,nfzzqc,graspable,200,5,128.6,max_dim=0.369,possible,not_suitable,possible,not_suitable,possible,not_suitable
bottle_of_beer,noxtlc,not_ready,0,0,0.0,max_dim=0.254,possible,not_suitable,possible,not_suitable,possible,not_suitable
bottle_of_beer,phdimo,graspable,200,5,31.3,max_dim=0.245,possible,not_suitable,possible,not_suitable,possible,not_suitable
bottle_of_beer,qepxvl,graspable,200,5,35.0,max_dim=0.227,possible,not_suitable,possible,not_suitable,possible,not_suitable
bottle_of_beer,rbpakt,not_ready,0,0,0.0,max_dim=0.205,possible,not_suitable,possible,not_suitable,possible,not_suitable
bottle_of_beer,rdnopv,graspable,200,5,41.0,max_dim=0.205,possible,not_suitable,possible,not_suitable,possible,not_suitable
bottle_of_beer,rjwdae,not_ready,0,0,0.0,max_dim=0.205,possible,not_suitable,possible,not_suitable,possible,not_suitable
bottle_of_beer,saslsh,graspable,200,5,38.4,max_dim=0.254,possible,not_suitable,possible,not_suitable,possible,not_suitable
bottle_of_beer,ukbhdj,not_ready,0,0,0.0,max_dim=0.205,possible,not_suitable,possible,not_suitable,possible,not_suitable
bottle_of_beer,vhscym,graspable,200,5,43.0,max_dim=0.288,possible,not_suitable,possible,not_suitable,possible,not_suitable
bottle_of_beer,xpqnfz,not_ready,0,0,0.0,max_dim=0.205,possible,not_suitable,possible,not_suitable,possible,not_suitable
bottle_of_beer,zbsxro,graspable,200,5,22.0,max_dim=0.224,possible,not_suitable,possible,not_suitable,possible,not_suitable
bottle_of_beer,zlmwyn,graspable,200,5,106.8,max_dim=0.340,possible,not_suitable,possible,not_suitable,possible,not_suitable
bottle_of_black_pepper,ejtiig,graspable,200,5,14.1,max_dim=0.074,possible,not_suitable,not_suitable,not_suitable,possible,not_suitable
bottle_of_black_pepper,honise,graspable,200,5,30.1,max_dim=0.107,possible,not_suitable,not_suitable,not_suitable,possible,not_suitable
bottle_of_black_pepper,ydzzrv,graspable,200,5,13.2,max_dim=0.073,possible,not_suitable,not_suitable,not_suitable,possible,not_suitable
bottle_of_black_pepper,zybfok,graspable,200,5,12.3,max_dim=0.073,possible,not_suitable,not_suitable,not_suitable,possible,not_suitable
bottle_of_bleach_agent,lfjumk,graspable,200,1,96.6,max_dim=0.350,not_suitable,not_suitable,possible,not_suitable,not_suitable,not_suitable
bottle_of_bug_repellent,qqztry,graspable,200,5,57.7,max_dim=0.188,not_suitable,not_suitable,possible,not_suitable,not_suitable,not_suitable
bottle_of_carrot_juice,jkuhio,graspable,200,5,93.3,max_dim=0.203,possible,not_suitable,possible,not_suitable,possible,not_suitable
bottle_of_catsup,ahoiqe,graspable,200,5,39.4,max_dim=0.161,possible,not_suitable,possible,not_suitable,possible,not_suitable
bottle_of_catsup,bcqfxb,graspable,200,5,74.1,max_dim=0.267,possible,not_suitable,possible,not_suitable,possible,not_suitable
bottle_of_catsup,dmyfdf,graspable,200,5,89.3,max_dim=0.207,possible,not_suitable,possible,not_suitable,possible,not_suitable
bottle_of_catsup,hvxkso,graspable,200,5,41.0,max_dim=0.181,possible,not_suitable,possible,not_suitable,possible,not_suitable
bottle_of_catsup,ialodu,graspable,200,5,114.7,max_dim=0.207,possible,not_suitable,possible,not_suitable,possible,not_suitable
bottle_of_caulk,iwhxca,graspable,200,5,43.4,max_dim=0.335,not_suitable,not_suitable,possible,not_suitable,not_suitable,not_suitable
bottle_of_champagne,ahpwlg,not_ready,0,0,0.0,max_dim=0.371,possible,not_suitable,possible,not_suitable,possible,not_suitable
bottle_of_champagne,mjpyvh,graspable,200,2,116.2,max_dim=0.269,possible,not_suitable,possible,not_suitable,possible,not_suitable
bottle_of_champagne,npsevx,graspable,200,1,112.3,max_dim=0.303,possible,not_suitable,possible,not_suitable,possible,not_suitable
bottle_of_champagne,pxaayf,not_ready,0,0,0.0,max_dim=0.371,possible,not_suitable,possible,not_suitable,possible,not_suitable
bottle_of_chili_pepper,hjalqq,graspable,200,5,14.0,max_dim=0.072,possible,not_suitable,not_suitable,not_suitable,possible,not_suitable
bottle_of_chocolate_sauce,tsyldw,graspable,200,5,73.8,max_dim=0.211,possible,not_suitable,possible,not_suitable,possible,not_suitable
bottle_of_cleaner,svzbeq,not_ready,0,0,0.0,max_dim=0.293,not_suitable,not_suitable,possible,not_suitable,not_suitable,not_suitable
bottle_of_cleaner,ykzonz,not_ready,0,0,0.0,max_dim=0.121,not_suitable,not_suitable,possible,not_suitable,not_suitable,not_suitable
bottle_of_cocoa,ganhpw,graspable,200,5,12.1,max_dim=0.131,possible,not_suitable,possible,not_suitable,possible,not_suitable
bottle_of_coconut_milk,idenxg,graspable,200,5,108.3,max_dim=0.284,possible,not_suitable,possible,not_suitable,possible,not_suitable
bottle_of_coconut_oil,rrwzkq,graspable,200,5,59.1,max_dim=0.228,possible,not_suitable,possible,not_suitable,possible,not_suitable
bottle_of_coconut_water,lsixio,graspable,200,5,14.7,max_dim=0.232,possible,not_suitable,possible,not_suitable,possible,not_suitable
bottle_of_coffee,zywanc,not_ready,0,0,0.0,max_dim=0.283,possible,not_suitable,possible,not_suitable,possible,not_suitable
bottle_of_coke,bmtvvb,not_ready,0,0,0.0,max_dim=0.334,possible,not_suitable,possible,not_suitable,possible,not_suitable
bottle_of_cold_cream,lyzvuk,not_ready,0,0,0.0,max_dim=0.172,possible,not_suitable,possible,not_suitable,possible,not_suitable
bottle_of_cologne,lyipur,graspable,200,5,17.3,max_dim=0.120,possible,not_suitable,possible,not_suitable,possible,not_suitable
bottle_of_conditioner,teafxb,graspable,200,5,28.2,max_dim=0.174,possible,not_suitable,possible,not_suitable,not_suitable,not_suitable
bottle_of_cooking_oil,ywrkyg,graspable,200,5,37.3,max_dim=0.192,possible,not_suitable,possible,not_suitable,possible,not_suitable
bottle_of_cranberry_juice,heoxnw,graspable,200,5,11.9,max_dim=0.229,possible,not_suitable,possible,not_suitable,possible,not_suitable
bottle_of_deicer,xepoez,graspable,200,5,15.3,max_dim=0.270,not_suitable,not_suitable,possible,not_suitable,not_suitable,not_suitable
bottle_of_detergent,gkpmii,graspable,200,5,51.3,max_dim=0.284,not_suitable,not_suitable,possible,not_suitable,not_suitable,not_suitable
bottle_of_detergent,qjkmhq,graspable,200,5,109.7,max_dim=0.284,not_suitable,not_suitable,possible,not_suitable,not_suitable,not_suitable
bottle_of_dish_soap,bnmixt,graspable,200,5,25.4,max_dim=0.220,possible,not_suitable,possible,not_suitable,possible,not_suitable
bottle_of_disinfectant,faedff,graspable,200,5,67.5,max_dim=0.215,not_suitable,not_suitable,possible,not_suitable,not_suitable,not_suitable
bottle_of_disinfectant,ucqzck,graspable,200,5,16.2,max_dim=0.180,not_suitable,not_suitable,possible,not_suitable,not_suitable,not_suitable
bottle_of_essential_oil,eyyhld,graspable,200,5,12.1,max_dim=0.060,possible,not_suitable,possible,not_suitable,possible,not_suitable
bottle_of_essential_oil,wansva,graspable,200,5,13.5,max_dim=0.060,possible,not_suitable,possible,not_suitable,possible,not_suitable
bottle_of_essential_oil,xhoipk,graspable,200,5,11.3,max_dim=0.060,possible,not_suitable,possible,not_suitable,possible,not_suitable
bottle_of_essential_oil,xvqshn,graspable,200,5,10.6,max_dim=0.060,possible,not_suitable,possible,not_suitable,possible,not_suitable
bottle_of_essential_oil,yjxvpg,graspable,200,5,10.5,max_dim=0.060,possible,not_suitable,possible,not_suitable,possible,not_suitable
bottle_of_fabric_softener,rmrnev,not_ready,0,0,0.0,max_dim=0.300,not_suitable,not_suitable,possible,not_suitable,not_suitable,not_suitable
bottle_of_face_cream,dztaed,graspable,200,5,9.5,max_dim=0.077,possible,not_suitable,possible,not_suitable,possible,not_suitable
bottle_of_fennel,ihlkfu,graspable,200,5,13.9,max_dim=0.072,possible,not_suitable,not_suitable,not_suitable,possible,not_suitable
bottle_of_frosting,eqdsmn,graspable,200,5,48.6,max_dim=0.145,possible,not_suitable,possible,not_suitable,possible,not_suitable
bottle_of_fruit_punch,azcigi,graspable,200,5,49.2,max_dim=0.234,possible,not_suitable,possible,not_suitable,possible,not_suitable
bottle_of_fruit_punch,ykfnwi,graspable,200,1,107.0,max_dim=0.333,possible,not_suitable,possible,not_suitable,possible,not_suitable
bottle_of_garlic_sauce,ucnmax,graspable,200,5,84.3,max_dim=0.191,possible,not_suitable,possible,not_suitable,possible,not_suitable
bottle_of_gin,qzgcdx,graspable,200,5,42.2,max_dim=0.275,possible,not_suitable,possible,not_suitable,possible,not_suitable
bottle_of_ginger,drqhzo,graspable,200,5,10.5,max_dim=0.079,possible,not_suitable,not_suitable,not_suitable,possible,not_suitable
bottle_of_ginger_beer,zkocwb,graspable,200,5,69.5,max_dim=0.190,possible,not_suitable,possible,not_suitable,possible,not_suitable
bottle_of_glass_cleaner,yukmlw,graspable,200,5,91.0,max_dim=0.294,not_suitable,not_suitable,possible,not_suitable,not_suitable,not_suitable
bottle_of_glue,evtytd,graspable,200,5,54.8,max_dim=0.145,possible,not_suitable,possible,not_suitable,possible,not_suitable
bottle_of_ground_cloves,vzamzb,graspable,200,5,10.5,max_dim=0.072,possible,not_suitable,not_suitable,not_suitable,possible,not_suitable
bottle_of_ground_mace,lgpxro,graspable,200,5,12.0,max_dim=0.072,possible,not_suitable,not_suitable,not_suitable,possible,not_suitable
bottle_of_ground_nutmeg,qebruq,graspable,200,5,11.3,max_dim=0.072,possible,not_suitable,not_suitable,not_suitable,possible,not_suitable
bottle_of_hot_sauce,zqhkzh,graspable,200,5,103.1,max_dim=0.189,possible,not_suitable,possible,not_suitable,possible,not_suitable
bottle_of_lacquer,cykzcp,graspable,200,5,23.1,max_dim=0.160,not_suitable,not_suitable,possible,not_suitable,not_suitable,not_suitable
bottle_of_lavender_oil,csalbx,not_ready,0,0,0.0,max_dim=0.077,possible,not_suitable,possible,not_suitable,possible,not_suitable
bottle_of_lemon_juice,vsjter,not_ready,0,0,0.0,max_dim=0.173,possible,not_suitable,possible,not_suitable,possible,not_suitable
bottle_of_lemon_sauce,iyijeb,graspable,200,5,83.7,max_dim=0.094,possible,not_suitable,possible,not_suitable,possible,not_suitable
bottle_of_lemonade,hqobwj,not_ready,0,0,0.0,max_dim=0.190,possible,not_suitable,possible,not_suitable,possible,not_suitable
bottle_of_lighter_fluid,qudpzo,graspable,200,5,25.6,max_dim=0.239,not_suitable,not_suitable,possible,not_suitable,not_suitable,not_suitable
bottle_of_lime_juice,ouuhaa,no_grasp,200,0,103.3,max_dim=0.305,possible,not_suitable,possible,not_suitable,possible,not_suitable
bottle_of_liquid_soap,bhquvg,not_ready,0,0,0.0,max_dim=0.167,possible,not_suitable,possible,not_suitable,possible,not_suitable
bottle_of_lotion,tkryrh,graspable,200,5,49.0,max_dim=0.181,possible,not_suitable,possible,not_suitable,possible,not_suitable
bottle_of_lubricant,bjfgim,graspable,200,5,43.6,max_dim=0.386,not_suitable,not_suitable,possible,not_suitable,not_suitable,not_suitable
bottle_of_maple_syrup,qfgewi,graspable,200,5,12.1,max_dim=0.141,possible,not_suitable,possible,not_suitable,possible,not_suitable
bottle_of_mayonnaise,cirpak,graspable,200,5,17.5,max_dim=0.267,possible,not_suitable,possible,not_suitable,possible,not_suitable
bottle_of_medicine,egondf,graspable,200,5,16.7,max_dim=0.093,possible,not_suitable,possible,not_suitable,possible,not_suitable
bottle_of_medicine,fmfwng,graspable,200,5,12.3,max_dim=0.090,possible,not_suitable,possible,not_suitable,possible,not_suitable
bottle_of_medicine,hvocpc,graspable,200,5,19.7,max_dim=0.110,possible,not_suitable,possible,not_suitable,possible,not_suitable
bottle_of_medicine,kasbsy,graspable,200,5,20.0,max_dim=0.094,possible,not_suitable,possible,not_suitable,possible,not_suitable
bottle_of_medicine,kqkwoq,graspable,200,5,16.9,max_dim=0.092,possible,not_suitable,possible,not_suitable,possible,not_suitable
bottle_of_medicine,qqsukh,graspable,200,5,11.9,max_dim=0.095,possible,not_suitable,possible,not_suitable,possible,not_suitable
bottle_of_medicine,syfpak,graspable,200,5,13.4,max_dim=0.090,possible,not_suitable,possible,not_suitable,possible,not_suitable
bottle_of_medicine,zfbnjh,graspable,200,5,20.3,max_dim=0.090,possible,not_suitable,possible,not_suitable,possible,not_suitable
bottle_of_milk,czblzn,graspable,200,5,99.9,max_dim=0.189,possible,not_suitable,possible,not_suitable,possible,not_suitable
bottle_of_milk,ddvsgl,graspable,200,5,34.8,max_dim=0.154,possible,not_suitable,possible,not_suitable,possible,not_suitable
bottle_of_milk,debqen,graspable,200,5,57.8,max_dim=0.196,possible,not_suitable,possible,not_suitable,possible,not_suitable
bottle_of_milk,gchrwu,not_ready,0,0,0.0,max_dim=0.302,possible,not_suitable,possible,not_suitable,possible,not_suitable
bottle_of_milk,mrejrs,graspable,200,5,80.4,max_dim=0.137,possible,not_suitable,possible,not_suitable,possible,not_suitable
bottle_of_milk,qsnnbp,graspable,200,5,74.4,max_dim=0.219,possible,not_suitable,possible,not_suitable,possible,not_suitable
bottle_of_milk,utfsmp,graspable,200,5,55.6,max_dim=0.154,possible,not_suitable,possible,not_suitable,possible,not_suitable
bottle_of_milk,uuvmfm,not_ready,0,0,0.0,max_dim=0.196,possible,not_suitable,possible,not_suitable,possible,not_suitable
bottle_of_milkshake,naxqya,graspable,200,5,25.0,max_dim=0.188,possible,not_suitable,possible,not_suitable,possible,not_suitable
bottle_of_molasses,jvsjop,graspable,200,5,45.9,max_dim=0.191,possible,not_suitable,possible,not_suitable,possible,not_suitable
bottle_of_mushroom_sauce,xamfxi,graspable,200,5,25.4,max_dim=0.129,possible,not_suitable,possible,not_suitable,possible,not_suitable
bottle_of_mustard,qbbqat,graspable,200,5,72.4,max_dim=0.161,possible,not_suitable,possible,not_suitable,possible,not_suitable
bottle_of_mustard,sjasxe,graspable,200,5,20.4,max_dim=0.267,possible,not_suitable,possible,not_suitable,possible,not_suitable
bottle_of_mustard_seeds,grryaf,graspable,200,5,10.8,max_dim=0.072,possible,not_suitable,not_suitable,not_suitable,possible,not_suitable
bottle_of_oil,kzvkyp,graspable,200,5,100.9,max_dim=0.401,possible,not_suitable,possible,not_suitable,possible,not_suitable
bottle_of_oil,ueanhf,not_ready,0,0,0.0,max_dim=0.319,possible,not_suitable,possible,not_suitable,possible,not_suitable
bottle_of_olive_oil,ajswsh,not_ready,0,0,0.0,max_dim=0.282,possible,not_suitable,possible,not_suitable,possible,not_suitable
bottle_of_olive_oil,cqycjk,graspable,200,5,37.5,max_dim=0.223,possible,not_suitable,possible,not_suitable,possible,not_suitable
bottle_of_olive_oil,jocrsz,not_ready,0,0,0.0,max_dim=0.282,possible,not_suitable,possible,not_suitable,possible,not_suitable
bottle_of_olive_oil,ksxqkk,graspable,200,5,27.7,max_dim=0.203,possible,not_suitable,possible,not_suitable,possible,not_suitable
bottle_of_olive_oil,luikop,graspable,200,5,66.8,max_dim=0.159,possible,not_suitable,possible,not_suitable,possible,not_suitable
bottle_of_olive_oil,lvsfgc,not_ready,0,0,0.0,max_dim=0.216,possible,not_suitable,possible,not_suitable,possible,not_suitable
bottle_of_olive_oil,wztvie,graspable,200,5,10.9,max_dim=0.252,possible,not_suitable,possible,not_suitable,possible,not_suitable
bottle_of_onion_powder,xruqod,graspable,200,5,14.3,max_dim=0.153,possible,not_suitable,not_suitable,not_suitable,possible,not_suitable
bottle_of_orange_juice,edltwh,graspable,200,5,57.5,max_dim=0.191,possible,not_suitable,possible,not_suitable,possible,not_suitable
bottle_of_orange_juice,jcvqmb,not_ready,0,0,0.0,max_dim=0.304,possible,not_suitable,possible,not_suitable,possible,not_suitable
bottle_of_orange_juice,rtqqor,graspable,200,5,113.5,max_dim=0.203,possible,not_suitable,possible,not_suitable,possible,not_suitable
bottle_of_paint,volzrj,not_ready,0,0,0.0,max_dim=0.166,not_suitable,not_suitable,possible,not_suitable,not_suitable,not_suitable
bottle_of_paint_remover,abrsty,graspable,200,5,19.1,max_dim=0.243,not_suitable,not_suitable,possible,not_suitable,not_suitable,not_suitable
bottle_of_papaya_juice,nmfmxy,no_grasp,200,0,99.6,max_dim=0.337,possible,not_suitable,possible,not_suitable,possible,not_suitable
bottle_of_papaya_juice,tcauim,graspable,200,5,58.2,max_dim=0.262,possible,not_suitable,possible,not_suitable,possible,not_suitable
bottle_of_paprika,nrdgrp,graspable,200,5,9.3,max_dim=0.072,possible,not_suitable,not_suitable,not_suitable,possible,not_suitable
bottle_of_peanut_butter,edcvwr,graspable,200,5,14.3,max_dim=0.131,possible,not_suitable,possible,not_suitable,possible,not_suitable
bottle_of_perfume,ipurzb,graspable,200,5,11.4,max_dim=0.152,possible,not_suitable,possible,not_suitable,possible,not_suitable
bottle_of_pesticide,yyrecb,graspable,200,5,29.5,max_dim=0.207,not_suitable,not_suitable,possible,not_suitable,not_suitable,not_suitable
bottle_of_pesto,hyeetr,graspable,200,5,11.2,max_dim=0.117,possible,not_suitable,possible,not_suitable,possible,not_suitable
bottle_of_pizza_sauce,clttao,not_ready,0,0,0.0,max_dim=0.097,possible,not_suitable,possible,not_suitable,possible,not_suitable
bottle_of_pop,bqretx,graspable,200,5,84.9,max_dim=0.249,possible,not_suitable,possible,not_suitable,possible,not_suitable
bottle_of_pop,cmqubs,graspable,200,3,100.8,max_dim=0.260,possible,not_suitable,possible,not_suitable,possible,not_suitable
bottle_of_pop,dlqmit,graspable,200,5,20.7,max_dim=0.249,possible,not_suitable,possible,not_suitable,possible,not_suitable
bottle_of_pop,drqbiy,graspable,200,5,43.6,max_dim=0.274,possible,not_suitable,possible,not_suitable,possible,not_suitable
bottle_of_pop,exapzb,graspable,200,5,23.9,max_dim=0.226,possible,not_suitable,possible,not_suitable,possible,not_suitable
bottle_of_pop,eyazzi,not_ready,0,0,0.0,max_dim=0.208,possible,not_suitable,possible,not_suitable,possible,not_suitable
bottle_of_pop,ghxeqz,graspable,200,3,96.5,max_dim=0.170,possible,not_suitable,possible,not_suitable,possible,not_suitable
bottle_of_pop,gkwdyt,graspable,200,2,108.3,max_dim=0.204,possible,not_suitable,possible,not_suitable,possible,not_suitable
bottle_of_pop,haoywb,graspable,200,5,42.7,max_dim=0.170,possible,not_suitable,possible,not_suitable,possible,not_suitable
bottle_of_pop,hjrwqb,graspable,200,5,52.1,max_dim=0.170,possible,not_suitable,possible,not_suitable,possible,not_suitable
bottle_of_pop,iynssk,graspable,200,5,99.3,max_dim=0.195,possible,not_suitable,possible,not_suitable,possible,not_suitable
bottle_of_pop,jnoksl,graspable,200,5,31.3,max_dim=0.170,possible,not_suitable,possible,not_suitable,possible,not_suitable
bottle_of_pop,kviogj,graspable,200,5,23.2,max_dim=0.226,possible,not_suitable,possible,not_suitable,possible,not_suitable
bottle_of_pop,mdznsn,graspable,200,5,76.9,max_dim=0.170,possible,not_suitable,possible,not_suitable,possible,not_suitable
bottle_of_pop,mhzttm,graspable,200,5,96.1,max_dim=0.170,possible,not_suitable,possible,not_suitable,possible,not_suitable
bottle_of_pop,msmlud,graspable,200,5,52.8,max_dim=0.170,possible,not_suitable,possible,not_suitable,possible,not_suitable
bottle_of_pop,nepfjl,no_grasp,200,0,110.0,max_dim=0.170,possible,not_suitable,possible,not_suitable,possible,not_suitable
bottle_of_pop,nyupqh,graspable,200,5,100.4,max_dim=0.170,possible,not_suitable,possible,not_suitable,possible,not_suitable
bottle_of_pop,oeipjl,graspable,200,5,98.4,max_dim=0.170,possible,not_suitable,possible,not_suitable,possible,not_suitable
bottle_of_pop,oghrnk,graspable,200,5,88.3,max_dim=0.170,possible,not_suitable,possible,not_suitable,possible,not_suitable
bottle_of_pop,pfjzkn,graspable,200,5,54.0,max_dim=0.170,possible,not_suitable,possible,not_suitable,possible,not_suitable
bottle_of_pop,pvabxf,graspable,200,5,40.4,max_dim=0.170,possible,not_suitable,possible,not_suitable,possible,not_suitable
bottle_of_pop,pyrics,graspable,200,5,28.6,max_dim=0.170,possible,not_suitable,possible,not_suitable,possible,not_suitable
bottle_of_pop,rhclfg,graspable,200,5,22.9,max_dim=0.170,possible,not_suitable,possible,not_suitable,possible,not_suitable
bottle_of_pop,ribekf,graspable,200,5,94.8,max_dim=0.170,possible,not_suitable,possible,not_suitable,possible,not_suitable
bottle_of_pop,sevoto,graspable,200,5,62.7,max_dim=0.170,possible,not_suitable,possible,not_suitable,possible,not_suitable
bottle_of_pop,tfvmik,not_ready,0,0,0.0,max_dim=0.242,possible,not_suitable,possible,not_suitable,possible,not_suitable
bottle_of_pop,twtsry,graspable,200,5,53.9,max_dim=0.248,possible,not_suitable,possible,not_suitable,possible,not_suitable
bottle_of_pop,ubazru,graspable,200,5,73.6,max_dim=0.170,possible,not_suitable,possible,not_suitable,possible,not_suitable
bottle_of_pop,uwdeok,graspable,200,5,99.1,max_dim=0.217,possible,not_suitable,possible,not_suitable,possible,not_suitable
bottle_of_pop,uwmchl,graspable,200,5,38.7,max_dim=0.170,possible,not_suitable,possible,not_suitable,possible,not_suitable
bottle_of_pop,vfjhav,graspable,200,5,95.8,max_dim=0.170,possible,not_suitable,possible,not_suitable,possible,not_suitable
bottle_of_pop,wmqhul,graspable,200,5,24.4,max_dim=0.170,possible,not_suitable,possible,not_suitable,possible,not_suitable
bottle_of_pop,wrgmdt,graspable,200,5,101.3,max_dim=0.170,possible,not_suitable,possible,not_suitable,possible,not_suitable
bottle_of_pop,wuuoes,graspable,200,5,111.1,max_dim=0.233,possible,not_suitable,possible,not_suitable,possible,not_suitable
bottle_of_pop,xoldze,graspable,200,5,95.5,max_dim=0.170,possible,not_suitable,possible,not_suitable,possible,not_suitable
bottle_of_pop,xvxcvv,graspable,200,5,100.4,max_dim=0.255,possible,not_suitable,possible,not_suitable,possible,not_suitable
bottle_of_pop,zjbqvb,graspable,200,5,9.2,max_dim=0.342,possible,not_suitable,possible,not_suitable,possible,not_suitable
bottle_of_pop,zsisxf,not_ready,0,0,0.0,max_dim=0.174,possible,not_suitable,possible,not_suitable,possible,not_suitable
bottle_of_pop,zxambx,graspable,200,5,97.1,max_dim=0.170,possible,not_suitable,possible,not_suitable,possible,not_suitable
bottle_of_poppy_seeds,xdtrgi,graspable,200,5,12.9,max_dim=0.079,possible,not_suitable,not_suitable,not_suitable,possible,not_suitable
bottle_of_powder,vfabau,graspable,200,5,14.0,max_dim=0.211,possible,not_suitable,not_suitable,not_suitable,possible,not_suitable
bottle_of_protein_powder,rbvrrp,graspable,200,5,41.4,max_dim=0.245,possible,not_suitable,not_suitable,not_suitable,possible,not_suitable
bottle_of_protein_powder,ysgesq,graspable,200,5,26.1,max_dim=0.222,possible,not_suitable,not_suitable,not_suitable,possible,not_suitable
bottle_of_pumpkin_pie_spice,oindrv,no_grasp,200,0,9.4,max_dim=0.108,possible,not_suitable,not_suitable,not_suitable,possible,not_suitable
bottle_of_rum,bnvoux,no_grasp,200,0,3.2,max_dim=0.186,possible,not_suitable,possible,not_suitable,possible,not_suitable
bottle_of_rum,oidmvy,no_grasp,200,0,4.1,max_dim=0.301,possible,not_suitable,possible,not_suitable,possible,not_suitable
bottle_of_rum,rduqdf,not_ready,0,0,0.0,max_dim=0.364,possible,not_suitable,possible,not_suitable,possible,not_suitable
bottle_of_rum,xdaefn,no_grasp,200,0,8.5,max_dim=0.301,possible,not_suitable,possible,not_suitable,possible,not_suitable
bottle_of_sage,bterim,no_grasp,200,0,9.1,max_dim=0.074,possible,not_suitable,not_suitable,not_suitable,possible,not_suitable
bottle_of_sake,hbpenm,not_ready,0,0,0.0,max_dim=0.291,possible,not_suitable,possible,not_suitable,possible,not_suitable
bottle_of_sake,luadgb,not_ready,0,0,0.0,max_dim=0.291,possible,not_suitable,possible,not_suitable,possible,not_suitable
bottle_of_sake,mvvomd,not_ready,0,0,0.0,max_dim=0.291,possible,not_suitable,possible,not_suitable,possible,not_suitable
bottle_of_sake,pwtebq,no_grasp,200,0,10.4,max_dim=0.328,possible,not_suitable,possible,not_suitable,possible,not_suitable
bottle_of_sake,rctijo,not_ready,0,0,0.0,max_dim=0.291,possible,not_suitable,possible,not_suitable,possible,not_suitable
bottle_of_sake,swlykk,no_grasp,200,0,11.0,max_dim=0.245,possible,not_suitable,possible,not_suitable,possible,not_suitable
bottle_of_sake,utwglw,no_grasp,200,0,11.1,max_dim=0.304,possible,not_suitable,possible,not_suitable,possible,not_suitable
bottle_of_sake,vfxfuj,no_grasp,200,0,11.4,max_dim=0.287,possible,not_suitable,possible,not_suitable,possible,not_suitable
bottle_of_sake,zrkfim,not_ready,0,0,0.0,max_dim=0.328,possible,not_suitable,possible,not_suitable,possible,not_suitable
bottle_of_salsa,dvxotd,no_grasp,200,0,12.2,max_dim=0.250,possible,not_suitable,possible,not_suitable,possible,not_suitable
bottle_of_salsa,mavope,no_grasp,200,0,13.9,max_dim=0.250,possible,not_suitable,possible,not_suitable,possible,not_suitable
bottle_of_salsa,nafwlf,graspable,200,5,18.5,max_dim=0.250,possible,not_suitable,possible,not_suitable,possible,not_suitable
bottle_of_sealant,nfqpwi,graspable,200,5,24.7,max_dim=0.361,not_suitable,not_suitable,possible,not_suitable,not_suitable,not_suitable
bottle_of_seasoning,vqwqqv,graspable,200,5,10.5,max_dim=0.072,possible,not_suitable,not_suitable,not_suitable,possible,not_suitable
bottle_of_sesame_oil,jipawg,not_ready,0,0,0.0,max_dim=0.267,possible,not_suitable,possible,not_suitable,possible,not_suitable
bottle_of_sesame_seeds,lzndie,graspable,200,5,10.8,max_dim=0.072,possible,not_suitable,not_suitable,not_suitable,possible,not_suitable
bottle_of_shampoo,dvrzmy,graspable,200,5,50.1,max_dim=0.227,possible,not_suitable,possible,not_suitable,not_suitable,not_suitable
bottle_of_shampoo,hlkpwd,graspable,200,5,45.5,max_dim=0.226,possible,not_suitable,possible,not_suitable,not_suitable,not_suitable
bottle_of_shampoo,lvvkhx,graspable,200,5,30.3,max_dim=0.172,possible,not_suitable,possible,not_suitable,not_suitable,not_suitable
bottle_of_shampoo,stjjjm,graspable,200,5,55.9,max_dim=0.172,possible,not_suitable,possible,not_suitable,not_suitable,not_suitable
bottle_of_skin_cream,ynwxtx,graspable,200,5,65.6,max_dim=0.139,possible,not_suitable,possible,not_suitable,possible,not_suitable
bottle_of_soda,eqyqlx,graspable,200,5,42.2,max_dim=0.224,possible,not_suitable,possible,not_suitable,possible,not_suitable
bottle_of_solvent,gsafbo,graspable,200,5,36.2,max_dim=0.156,not_suitable,not_suitable,possible,not_suitable,not_suitable,not_suitable
bottle_of_soup,maycxf,graspable,200,5,11.8,max_dim=0.225,possible,not_suitable,possible,not_suitable,possible,not_suitable
bottle_of_soup,xctslq,graspable,200,5,13.0,max_dim=0.224,possible,not_suitable,possible,not_suitable,possible,not_suitable
bottle_of_sour_cream,pmawft,graspable,200,5,17.2,max_dim=0.148,possible,not_suitable,possible,not_suitable,possible,not_suitable
bottle_of_soy_milk,lyxwhd,not_ready,0,0,0.0,max_dim=0.209,possible,not_suitable,possible,not_suitable,possible,not_suitable
bottle_of_soy_milk,mcjlhs,graspable,200,5,40.8,max_dim=0.141,possible,not_suitable,possible,not_suitable,possible,not_suitable
bottle_of_soy_sauce,afxisg,graspable,200,5,15.4,max_dim=0.206,possible,not_suitable,possible,not_suitable,possible,not_suitable
bottle_of_sriracha,gnklax,not_ready,0,0,0.0,max_dim=0.259,possible,not_suitable,possible,not_suitable,possible,not_suitable
bottle_of_strawberry_juice,mlnuza,graspable,200,5,12.9,max_dim=0.186,possible,not_suitable,possible,not_suitable,possible,not_suitable
bottle_of_sunscreen,prlrwi,graspable,200,5,27.2,max_dim=0.116,possible,not_suitable,possible,not_suitable,possible,not_suitable
bottle_of_supplements,kgreql,graspable,200,5,28.9,max_dim=0.137,possible,not_suitable,not_suitable,not_suitable,possible,not_suitable
bottle_of_supplements,oqakev,graspable,200,5,24.2,max_dim=0.116,possible,not_suitable,not_suitable,not_suitable,possible,not_suitable
bottle_of_tea,iladfg,graspable,200,5,36.3,max_dim=0.220,possible,not_suitable,possible,not_suitable,possible,not_suitable
bottle_of_tea,yatmrs,graspable,200,4,106.6,max_dim=0.260,possible,not_suitable,possible,not_suitable,possible,not_suitable
bottle_of_tea_leaves,pfbtus,graspable,200,5,12.9,max_dim=0.072,possible,not_suitable,not_suitable,not_suitable,possible,not_suitable
bottle_of_tequila,gbozpr,graspable,200,5,18.5,max_dim=0.171,possible,not_suitable,possible,not_suitable,possible,not_suitable
bottle_of_tomato_juice,csumos,graspable,200,5,94.3,max_dim=0.203,possible,not_suitable,possible,not_suitable,possible,not_suitable
bottle_of_tomato_paste,kkqtjv,not_ready,0,0,0.0,max_dim=0.135,possible,not_suitable,possible,not_suitable,possible,not_suitable
bottle_of_tomato_paste,pnshkj,not_ready,0,0,0.0,max_dim=0.135,possible,not_suitable,possible,not_suitable,possible,not_suitable
bottle_of_tomato_paste,toeelk,not_ready,0,0,0.0,max_dim=0.135,possible,not_suitable,possible,not_suitable,possible,not_suitable
bottle_of_tonic,hpddkk,not_ready,0,0,0.0,max_dim=0.237,possible,not_suitable,possible,not_suitable,possible,not_suitable
bottle_of_tonic,zblovn,not_ready,0,0,0.0,max_dim=0.340,possible,not_suitable,possible,not_suitable,possible,not_suitable
bottle_of_vinegar,snzyfk,graspable,200,5,17.9,max_dim=0.153,possible,not_suitable,possible,not_suitable,possible,not_suitable
bottle_of_vodka,nwegts,graspable,200,5,29.3,max_dim=0.286,possible,not_suitable,possible,not_suitable,possible,not_suitable
bottle_of_water,atvnqy,graspable,200,5,47.0,max_dim=0.194,possible,not_suitable,possible,not_suitable,possible,not_suitable
bottle_of_water,cytqio,graspable,200,5,36.6,max_dim=0.218,possible,not_suitable,possible,not_suitable,possible,not_suitable
bottle_of_water,cyzaue,graspable,200,5,75.3,max_dim=0.175,possible,not_suitable,possible,not_suitable,possible,not_suitable
bottle_of_water,eeaimz,graspable,200,1,98.1,max_dim=0.340,possible,not_suitable,possible,not_suitable,possible,not_suitable
bottle_of_water,emquat,graspable,200,5,60.7,max_dim=0.222,possible,not_suitable,possible,not_suitable,possible,not_suitable
bottle_of_water,hrzznl,not_ready,0,0,0.0,max_dim=0.353,possible,not_suitable,possible,not_suitable,possible,not_suitable
bottle_of_water,jmwngr,graspable,200,5,16.3,max_dim=0.354,possible,not_suitable,possible,not_suitable,possible,not_suitable
bottle_of_water,lkpaas,no_grasp,200,0,110.8,max_dim=0.362,possible,not_suitable,possible,not_suitable,possible,not_suitable
bottle_of_water,lojipo,not_ready,0,0,0.0,max_dim=0.185,possible,not_suitable,possible,not_suitable,possible,not_suitable
bottle_of_water,migvlt,graspable,200,5,78.0,max_dim=0.228,possible,not_suitable,possible,not_suitable,possible,not_suitable
bottle_of_water,qaceen,not_ready,0,0,0.0,max_dim=0.184,possible,not_suitable,possible,not_suitable,possible,not_suitable
bottle_of_water,rmtdxh,graspable,200,3,116.1,max_dim=0.268,possible,not_suitable,possible,not_suitable,possible,not_suitable
bottle_of_water,rrkhva,graspable,200,5,13.1,max_dim=0.151,possible,not_suitable,possible,not_suitable,possible,not_suitable
bottle_of_water,suytyi,graspable,200,5,24.9,max_dim=0.165,possible,not_suitable,possible,not_suitable,possible,not_suitable
bottle_of_water,sxffiv,graspable,200,5,12.4,max_dim=0.291,possible,not_suitable,possible,not_suitable,possible,not_suitable
bottle_of_whiskey,aipxlu,graspable,200,5,10.3,max_dim=0.204,possible,not_suitable,possible,not_suitable,possible,not_suitable
bottle_of_whiskey,hejqyo,graspable,200,5,29.8,max_dim=0.208,possible,not_suitable,possible,not_suitable,possible,not_suitable
bottle_of_whiskey,jfjclv,graspable,200,5,105.5,max_dim=0.275,possible,not_suitable,possible,not_suitable,possible,not_suitable
bottle_of_whiskey,lzjuvy,graspable,200,5,10.1,max_dim=0.195,possible,not_suitable,possible,not_suitable,possible,not_suitable
bottle_of_whiskey,mtwsme,graspable,200,5,106.1,max_dim=0.167,possible,not_suitable,possible,not_suitable,possible,not_suitable
bottle_of_whiskey,pyfpss,graspable,200,5,16.0,max_dim=0.159,possible,not_suitable,possible,not_suitable,possible,not_suitable
bottle_of_whiskey,tihatc,graspable,200,5,12.7,max_dim=0.192,possible,not_suitable,possible,not_suitable,possible,not_suitable
bottle_of_whiskey,wfflbd,graspable,200,5,47.8,max_dim=0.164,possible,not_suitable,possible,not_suitable,possible,not_suitable
bottle_of_whiskey,wmpcxu,graspable,200,5,78.2,max_dim=0.185,possible,not_suitable,possible,not_suitable,possible,not_suitable
bottle_of_wine,bmudli,graspable,200,4,112.4,max_dim=0.215,possible,not_suitable,possible,not_suitable,possible,not_suitable
bottle_of_wine,cldder,graspable,200,4,126.1,max_dim=0.268,possible,not_suitable,possible,not_suitable,possible,not_suitable
bottle_of_wine,dawhco,not_ready,0,0,0.0,max_dim=0.358,possible,not_suitable,possible,not_suitable,possible,not_suitable
bottle_of_wine,dbccri,not_ready,0,0,0.0,max_dim=0.360,possible,not_suitable,possible,not_suitable,possible,not_suitable
bottle_of_wine,dijgvu,no_grasp,200,0,119.5,max_dim=0.307,possible,not_suitable,possible,not_suitable,possible,not_suitable
bottle_of_wine,fzuiwy,graspable,200,4,113.5,max_dim=0.280,possible,not_suitable,possible,not_suitable,possible,not_suitable
bottle_of_wine,gaqzfq,not_ready,0,0,0.0,max_dim=0.351,possible,not_suitable,possible,not_suitable,possible,not_suitable
bottle_of_wine,hnkiog,graspable,200,5,54.8,max_dim=0.242,possible,not_suitable,possible,not_suitable,possible,not_suitable
bottle_of_wine,ivuvbv,graspable,200,5,57.0,max_dim=0.238,possible,not_suitable,possible,not_suitable,possible,not_suitable
bottle_of_wine,jdqahn,graspable,200,5,72.6,max_dim=0.243,possible,not_suitable,possible,not_suitable,possible,not_suitable
bottle_of_wine,jivcff,not_ready,0,0,0.0,max_dim=0.358,possible,not_suitable,possible,not_suitable,possible,not_suitable
bottle_of_wine,klbwkf,graspable,200,5,62.0,max_dim=0.252,possible,not_suitable,possible,not_suitable,possible,not_suitable
bottle_of_wine,kqokhv,not_ready,0,0,0.0,max_dim=0.357,possible,not_suitable,possible,not_suitable,possible,not_suitable
bottle_of_wine,lacaoa,graspable,200,1,124.2,max_dim=0.281,possible,not_suitable,possible,not_suitable,possible,not_suitable
bottle_of_wine,nhmtvt,graspable,200,1,119.2,max_dim=0.291,possible,not_suitable,possible,not_suitable,possible,not_suitable
bottle_of_wine,njoeiz,graspable,200,1,127.7,max_dim=0.281,possible,not_suitable,possible,not_suitable,possible,not_suitable
bottle_of_wine,ntzera,not_ready,0,0,0.0,max_dim=0.358,possible,not_suitable,possible,not_suitable,possible,not_suitable
bottle_of_wine,oldpru,graspable,200,5,47.7,max_dim=0.301,possible,not_suitable,possible,not_suitable,possible,not_suitable
bottle_of_wine,oslewp,graspable,200,5,120.3,max_dim=0.310,possible,not_suitable,possible,not_suitable,possible,not_suitable
bottle_of_wine,pgfplm,graspable,200,4,110.8,max_dim=0.238,possible,not_suitable,possible,not_suitable,possible,not_suitable
bottle_of_wine,pzhwxn,graspable,200,1,129.7,max_dim=0.297,possible,not_suitable,possible,not_suitable,possible,not_suitable
bottle_of_wine,qtefba,not_ready,0,0,0.0,max_dim=0.360,possible,not_suitable,possible,not_suitable,possible,not_suitable
bottle_of_wine,qvsnjo,graspable,200,3,126.7,max_dim=0.238,possible,not_suitable,possible,not_suitable,possible,not_suitable
bottle_of_wine,rfsuxc,not_ready,0,0,0.0,max_dim=0.359,possible,not_suitable,possible,not_suitable,possible,not_suitable
bottle_of_wine,rztiuc,graspable,200,5,58.5,max_dim=0.252,possible,not_suitable,possible,not_suitable,possible,not_suitable
bottle_of_wine,tisclo,graspable,200,4,128.7,max_dim=0.279,possible,not_suitable,possible,not_suitable,possible,not_suitable
bottle_of_wine,uoykwx,graspable,200,5,67.8,max_dim=0.246,possible,not_suitable,possible,not_suitable,possible,not_suitable
bottle_of_wine,vecadn,no_grasp,200,0,122.4,max_dim=0.275,possible,not_suitable,possible,not_suitable,possible,not_suitable
bottle_of_wine,vmdwln,graspable,200,5,32.7,max_dim=0.281,possible,not_suitable,possible,not_suitable,possible,not_suitable
bottle_of_wine,wcokej,graspable,200,5,70.8,max_dim=0.246,possible,not_suitable,possible,not_suitable,possible,not_suitable
bottle_of_wine,wzdrcl,graspable,200,2,127.5,max_dim=0.287,possible,not_suitable,possible,not_suitable,possible,not_suitable
bottle_of_wine,xkjyby,graspable,200,5,42.7,max_dim=0.252,possible,not_suitable,possible,not_suitable,possible,not_suitable
bottle_of_wine,xzipsi,graspable,200,5,58.5,max_dim=0.238,possible,not_suitable,possible,not_suitable,possible,not_suitable
bottle_of_wine,yaxufs,no_grasp,200,0,120.6,max_dim=0.330,possible,not_suitable,possible,not_suitable,possible,not_suitable
bottle_of_wine,ynfvhg,graspable,200,3,125.7,max_dim=0.311,possible,not_suitable,possible,not_suitable,possible,not_suitable
bottom_cabinet,bamfsz,too_large,0,0,0.0,max_dim=0.543,not_suitable,not_suitable,not_suitable,not_suitable,not_suitable,not_suitable
bottom_cabinet,bycegi,too_large,0,0,0.0,max_dim=0.915,not_suitable,not_suitable,not_suitable,not_suitable,not_suitable,not_suitable
bottom_cabinet,ccjinv,too_large,0,0,0.0,max_dim=1.810,not_suitable,not_suitable,not_suitable,not_suitable,not_suitable,not_suitable
bottom_cabinet,cjcyed,too_large,0,0,0.0,max_dim=0.684,not_suitable,not_suitable,not_suitable,not_suitable,not_suitable,not_suitable
bottom_cabinet,dajebq,too_large,0,0,0.0,max_dim=0.915,not_suitable,not_suitable,not_suitable,not_suitable,not_suitable,not_suitable
bottom_cabinet,dsbcxl,too_large,0,0,0.0,max_dim=0.543,not_suitable,not_suitable,not_suitable,not_suitable,not_suitable,not_suitable
bottom_cabinet,eluyvx,no_grasp,0,0,1.4,max_dim=0.424,not_suitable,not_suitable,not_suitable,not_suitable,not_suitable,not_suitable
bottom_cabinet,eupgpt,too_large,0,0,0.0,max_dim=0.914,not_suitable,not_suitable,not_suitable,not_suitable,not_suitable,not_suitable
bottom_cabinet,fancyy,too_large,0,0,0.0,max_dim=1.972,not_suitable,not_suitable,not_suitable,not_suitable,not_suitable,not_suitable
bottom_cabinet,gcrjan,too_large,0,0,0.0,max_dim=0.725,not_suitable,not_suitable,not_suitable,not_suitable,not_suitable,not_suitable
bottom_cabinet,getjzo,too_large,0,0,0.0,max_dim=0.684,not_suitable,not_suitable,not_suitable,not_suitable,not_suitable,not_suitable
bottom_cabinet,glefdh,too_large,0,0,0.0,max_dim=0.914,not_suitable,not_suitable,not_suitable,not_suitable,not_suitable,not_suitable
bottom_cabinet,gvtucm,too_large,0,0,0.0,max_dim=0.915,not_suitable,not_suitable,not_suitable,not_suitable,not_suitable,not_suitable
bottom_cabinet,hnxyev,too_large,0,0,0.0,max_dim=0.688,not_suitable,not_suitable,not_suitable,not_suitable,not_suitable,not_suitable
bottom_cabinet,hrdeys,too_large,0,0,0.0,max_dim=0.914,not_suitable,not_suitable,not_suitable,not_suitable,not_suitable,not_suitable
bottom_cabinet,ilofmb,too_large,0,0,0.0,max_dim=0.794,not_suitable,not_suitable,not_suitable,not_suitable,not_suitable,not_suitable
bottom_cabinet,immwzb,too_large,0,0,0.0,max_dim=0.544,not_suitable,not_suitable,not_suitable,not_suitable,not_suitable,not_suitable
bottom_cabinet,imyaje,too_large,0,0,0.0,max_dim=0.687,not_suitable,not_suitable,not_suitable,not_suitable,not_suitable,not_suitable
bottom_cabinet,jhymlr,too_large,0,0,0.0,max_dim=0.684,not_suitable,not_suitable,not_suitable,not_suitable,not_suitable,not_suitable
bottom_cabinet,jrhgeu,too_large,0,0,0.0,max_dim=0.685,not_suitable,not_suitable,not_suitable,not_suitable,not_suitable,not_suitable
bottom_cabinet,kctcuj,too_large,0,0,0.0,max_dim=1.965,not_suitable,not_suitable,not_suitable,not_suitable,not_suitable,not_suitable
bottom_cabinet,kdbgpm,too_large,0,0,0.0,max_dim=0.914,not_suitable,not_suitable,not_suitable,not_suitable,not_suitable,not_suitable
bottom_cabinet,kenkcw,too_large,0,0,0.0,max_dim=0.684,not_suitable,not_suitable,not_suitable,not_suitable,not_suitable,not_suitable
bottom_cabinet,kubcdk,too_large,0,0,0.0,max_dim=0.916,not_suitable,not_suitable,not_suitable,not_suitable,not_suitable,not_suitable
bottom_cabinet,kxushk,too_large,0,0,0.0,max_dim=0.684,not_suitable,not_suitable,not_suitable,not_suitable,not_suitable,not_suitable
bottom_cabinet,leizjb,no_grasp,200,0,11.0,max_dim=0.493,not_suitable,not_suitable,not_suitable,not_suitable,not_suitable,not_suitable
bottom_cabinet,lhucjo,too_large,0,0,0.0,max_dim=0.845,not_suitable,not_suitable,not_suitable,not_suitable,not_suitable,not_suitable
bottom_cabinet,lwjdmj,too_large,0,0,0.0,max_dim=0.919,not_suitable,not_suitable,not_suitable,not_suitable,not_suitable,not_suitable
bottom_cabinet,mbmbpa,no_grasp,0,0,1.1,max_dim=0.453,not_suitable,not_suitable,not_suitable,not_suitable,not_suitable,not_suitable
bottom_cabinet,mwgceh,too_large,0,0,0.0,max_dim=0.914,not_suitable,not_suitable,not_suitable,not_suitable,not_suitable,not_suitable
bottom_cabinet,mxrzpj,too_large,0,0,0.0,max_dim=0.684,not_suitable,not_suitable,not_suitable,not_suitable,not_suitable,not_suitable
bottom_cabinet,ncbfwr,too_large,0,0,0.0,max_dim=0.684,not_suitable,not_suitable,not_suitable,not_suitable,not_suitable,not_suitable
bottom_cabinet,nddvba,no_grasp,0,0,1.1,max_dim=0.453,not_suitable,not_suitable,not_suitable,not_suitable,not_suitable,not_suitable
bottom_cabinet,nnvyol,too_large,0,0,0.0,max_dim=0.915,not_suitable,not_suitable,not_suitable,not_suitable,not_suitable,not_suitable
bottom_cabinet,nrlayx,too_large,0,0,0.0,max_dim=0.916,not_suitable,not_suitable,not_suitable,not_suitable,not_suitable,not_suitable
bottom_cabinet,nyfebf,too_large,0,0,0.0,max_dim=0.914,not_suitable,not_suitable,not_suitable,not_suitable,not_suitable,not_suitable
bottom_cabinet,ojceew,too_large,0,0,0.0,max_dim=0.685,not_suitable,not_suitable,not_suitable,not_suitable,not_suitable,not_suitable
bottom_cabinet,olgoza,too_large,0,0,0.0,max_dim=0.914,not_suitable,not_suitable,not_suitable,not_suitable,not_suitable,not_suitable
bottom_cabinet,phoesw,too_large,0,0,0.0,max_dim=0.685,not_suitable,not_suitable,not_suitable,not_suitable,not_suitable,not_suitable
bottom_cabinet,pkdnbu,no_grasp,0,0,1.7,max_dim=0.455,not_suitable,not_suitable,not_suitable,not_suitable,not_suitable,not_suitable
bottom_cabinet,plccav,too_large,0,0,0.0,max_dim=0.604,not_suitable,not_suitable,not_suitable,not_suitable,not_suitable,not_suitable
bottom_cabinet,pllcur,too_large,0,0,0.0,max_dim=0.815,not_suitable,not_suitable,not_suitable,not_suitable,not_suitable,not_suitable
bottom_cabinet,pzjecb,too_large,0,0,0.0,max_dim=0.914,not_suitable,not_suitable,not_suitable,not_suitable,not_suitable,not_suitable
bottom_cabinet,qacthv,too_large,0,0,0.0,max_dim=0.684,not_suitable,not_suitable,not_suitable,not_suitable,not_suitable,not_suitable
bottom_cabinet,qbdweu,too_large,0,0,0.0,max_dim=1.374,not_suitable,not_suitable,not_suitable,not_suitable,not_suitable,not_suitable
bottom_cabinet,qkgfln,too_large,0,0,0.0,max_dim=0.915,not_suitable,not_suitable,not_suitable,not_suitable,not_suitable,not_suitable
bottom_cabinet,rhdbzv,too_large,0,0,0.0,max_dim=2.338,not_suitable,not_suitable,not_suitable,not_suitable,not_suitable,not_suitable
bottom_cabinet,rmmvcd,too_large,0,0,0.0,max_dim=1.954,not_suitable,not_suitable,not_suitable,not_suitable,not_suitable,not_suitable
bottom_cabinet,rntwkg,too_large,0,0,0.0,max_dim=0.571,not_suitable,not_suitable,not_suitable,not_suitable,not_suitable,not_suitable
bottom_cabinet,rvpunw,too_large,0,0,0.0,max_dim=0.684,not_suitable,not_suitable,not_suitable,not_suitable,not_suitable,not_suitable
bottom_cabinet,rvunhj,too_large,0,0,0.0,max_dim=0.914,not_suitable,not_suitable,not_suitable,not_suitable,not_suitable,not_suitable
bottom_cabinet,ryznya,too_large,0,0,0.0,max_dim=0.684,not_suitable,not_suitable,not_suitable,not_suitable,not_suitable,not_suitable
bottom_cabinet,slgzfc,too_large,0,0,0.0,max_dim=0.542,not_suitable,not_suitable,not_suitable,not_suitable,not_suitable,not_suitable
bottom_cabinet,smujam,too_large,0,0,0.0,max_dim=0.914,not_suitable,not_suitable,not_suitable,not_suitable,not_suitable,not_suitable
bottom_cabinet,songes,too_large,0,0,0.0,max_dim=0.838,not_suitable,not_suitable,not_suitable,not_suitable,not_suitable,not_suitable
bottom_cabinet,sxppcj,too_large,0,0,0.0,max_dim=0.753,not_suitable,not_suitable,not_suitable,not_suitable,not_suitable,not_suitable
bottom_cabinet,tolupn,too_large,0,0,0.0,max_dim=0.915,not_suitable,not_suitable,not_suitable,not_suitable,not_suitable,not_suitable
bottom_cabinet,ttmejh,too_large,0,0,0.0,max_dim=0.612,not_suitable,not_suitable,not_suitable,not_suitable,not_suitable,not_suitable
bottom_cabinet,twhums,too_large,0,0,0.0,max_dim=0.917,not_suitable,not_suitable,not_suitable,not_suitable,not_suitable,not_suitable
bottom_cabinet,ujniob,too_large,0,0,0.0,max_dim=0.684,not_suitable,not_suitable,not_suitable,not_suitable,not_suitable,not_suitable
bottom_cabinet,vceupd,too_large,0,0,0.0,max_dim=0.915,not_suitable,not_suitable,not_suitable,not_suitable,not_suitable,not_suitable
bottom_cabinet,vespxk,too_large,0,0,0.0,max_dim=0.914,not_suitable,not_suitable,not_suitable,not_suitable,not_suitable,not_suitable
bottom_cabinet,wesxdp,too_large,0,0,0.0,max_dim=0.856,not_suitable,not_suitable,not_suitable,not_suitable,not_suitable,not_suitable
bottom_cabinet,xiurwn,too_large,0,0,0.0,max_dim=0.914,not_suitable,not_suitable,not_suitable,not_suitable,not_suitable,not_suitable
bottom_cabinet,xpdbgf,too_large,0,0,0.0,max_dim=0.914,not_suitable,not_suitable,not_suitable,not_suitable,not_suitable,not_suitable
bottom_cabinet,xqmipa,too_large,0,0,0.0,max_dim=2.354,not_suitable,not_suitable,not_suitable,not_suitable,not_suitable,not_suitable
bottom_cabinet,ybntlp,too_large,0,0,0.0,max_dim=0.684,not_suitable,not_suitable,not_suitable,not_suitable,not_suitable,not_suitable
bottom_cabinet,yohygj,too_large,0,0,0.0,max_dim=0.684,not_suitable,not_suitable,not_suitable,not_suitable,not_suitable,not_suitable
bottom_cabinet,yxfueo,too_large,0,0,0.0,max_dim=0.684,not_suitable,not_suitable,not_suitable,not_suitable,not_suitable,not_suitable
bottom_cabinet,zuwvdo,too_large,0,0,0.0,max_dim=0.684,not_suitable,not_suitable,not_suitable,not_suitable,not_suitable,not_suitable
bottom_cabinet_no_top,apjbrw,too_large,0,0,0.0,max_dim=0.610,not_suitable,not_suitable,not_suitable,not_suitable,not_suitable,not_suitable
bottom_cabinet_no_top,bmsclc,too_large,0,0,0.0,max_dim=0.598,not_suitable,not_suitable,not_suitable,not_suitable,not_suitable,not_suitable
bottom_cabinet_no_top,exgntg,too_large,0,0,0.0,max_dim=0.684,not_suitable,not_suitable,not_suitable,not_suitable,not_suitable,not_suitable
bottom_cabinet_no_top,fmelap,too_large,0,0,0.0,max_dim=0.684,not_suitable,not_suitable,not_suitable,not_suitable,not_suitable,not_suitable
bottom_cabinet_no_top,gjeoer,too_large,0,0,0.0,max_dim=2.814,not_suitable,not_suitable,not_suitable,not_suitable,not_suitable,not_suitable
bottom_cabinet_no_top,gjrero,too_large,0,0,0.0,max_dim=0.730,not_suitable,not_suitable,not_suitable,not_suitable,not_suitable,not_suitable
bottom_cabinet_no_top,motill,too_large,0,0,0.0,max_dim=0.607,not_suitable,not_suitable,not_suitable,not_suitable,not_suitable,not_suitable
bottom_cabinet_no_top,ncgmqr,too_large,0,0,0.0,max_dim=0.696,not_suitable,not_suitable,not_suitable,not_suitable,not_suitable,not_suitable
bottom_cabinet_no_top,ozzcvs,too_large,0,0,0.0,max_dim=0.675,not_suitable,not_suitable,not_suitable,not_suitable,not_suitable,not_suitable
bottom_cabinet_no_top,pluwfl,too_large,0,0,0.0,max_dim=0.734,not_suitable,not_suitable,not_suitable,not_suitable,not_suitable,not_suitable
bottom_cabinet_no_top,qohxjq,too_large,0,0,0.0,max_dim=0.615,not_suitable,not_suitable,not_suitable,not_suitable,not_suitable,not_suitable
bottom_cabinet_no_top,qudfwe,too_large,0,0,0.0,max_dim=0.682,not_suitable,not_suitable,not_suitable,not_suitable,not_suitable,not_suitable
bottom_cabinet_no_top,rkgjer,too_large,0,0,0.0,max_dim=3.063,not_suitable,not_suitable,not_suitable,not_suitable,not_suitable,not_suitable
bottom_cabinet_no_top,spojpj,too_large,0,0,0.0,max_dim=0.618,not_suitable,not_suitable,not_suitable,not_suitable,not_suitable,not_suitable
bottom_cabinet_no_top,ufhpbn,too_large,0,0,0.0,max_dim=0.914,not_suitable,not_suitable,not_suitable,not_suitable,not_suitable,not_suitable
bottom_cabinet_no_top,vdedzt,too_large,0,0,0.0,max_dim=0.629,not_suitable,not_suitable,not_suitable,not_suitable,not_suitable,not_suitable
bottom_cabinet_no_top,vzzafs,too_large,0,0,0.0,max_dim=0.868,not_suitable,not_suitable,not_suitable,not_suitable,not_suitable,not_suitable
bottom_cabinet_no_top,wamrju,too_large,0,0,0.0,max_dim=0.603,not_suitable,not_suitable,not_suitable,not_suitable,not_suitable,not_suitable
bottom_cabinet_no_top,wtnrwl,too_large,0,0,0.0,max_dim=0.818,not_suitable,not_suitable,not_suitable,not_suitable,not_suitable,not_suitable
bouillon_cube,ctzwzz,no_grasp,200,0,1.7,max_dim=0.029,not_suitable,not_suitable,not_suitable,possible,not_suitable,not_suitable
boulder,aqgqkc,too_large,0,0,0.0,max_dim=1.185,not_suitable,not_suitable,not_suitable,not_suitable,not_suitable,not_suitable
boulder,axxuoc,too_large,0,0,0.0,max_dim=1.494,not_suitable,not_suitable,not_suitable,not_suitable,not_suitable,not_suitable
boulder,cystrq,no_grasp,200,0,1.4,max_dim=0.329,not_suitable,not_suitable,not_suitable,not_suitable,not_suitable,not_suitable
boulder,flldzz,too_large,0,0,0.0,max_dim=0.663,not_suitable,not_suitable,not_suitable,not_suitable,not_suitable,not_suitable
boulder,fplkmx,no_grasp,200,0,1.5,max_dim=0.281,not_suitable,not_suitable,not_suitable,not_suitable,not_suitable,not_suitable
boulder,gptwey,too_large,0,0,0.0,max_dim=0.501,not_suitable,not_suitable,not_suitable,not_suitable,not_suitable,not_suitable
boulder,ibmosd,no_grasp,200,0,1.6,max_dim=0.491,not_suitable,not_suitable,not_suitable,not_suitable,not_suitable,not_suitable
boulder,jzbcis,no_grasp,200,0,1.5,max_dim=0.263,not_suitable,not_suitable,not_suitable,not_suitable,not_suitable,not_suitable
boulder,kmiazp,too_large,0,0,0.0,max_dim=1.248,not_suitable,not_suitable,not_suitable,not_suitable,not_suitable,not_suitable
boulder,kmzdov,too_large,0,0,0.0,max_dim=1.447,not_suitable,not_suitable,not_suitable,not_suitable,not_suitable,not_suitable
boulder,lwndzg,no_grasp,200,0,1.6,max_dim=0.417,not_suitable,not_suitable,not_suitable,not_suitable,not_suitable,not_suitable
boulder,qaepnw,no_grasp,200,0,1.5,max_dim=0.282,not_suitable,not_suitable,not_suitable,not_suitable,not_suitable,not_suitable
boulder,vxbkjq,too_large,0,0,0.0,max_dim=1.627,not_suitable,not_suitable,not_suitable,not_suitable,not_suitable,not_suitable
boulder,whsafp,not_ready,0,0,0.0,max_dim=0.361,not_suitable,not_suitable,not_suitable,not_suitable,not_suitable,not_suitable
boulder,wxvbzg,no_grasp,200,0,1.6,max_dim=0.275,not_suitable,not_suitable,not_suitable,not_suitable,not_suitable,not_suitable
boulder,zzvigh,too_large,0,0,0.0,max_dim=0.688,not_suitable,not_suitable,not_suitable,not_suitable,not_suitable,not_suitable
bouquet,hrvulc,not_ready,0,0,0.0,max_dim=0.369,not_suitable,not_suitable,not_suitable,not_suitable,possible,not_suitable
bow,fhchql,no_grasp,200,0,1.7,max_dim=0.039,not_suitable,not_suitable,not_suitable,not_suitable,not_suitable,not_suitable
bow,puwdwq,no_grasp,200,0,2.0,max_dim=0.100,not_suitable,not_suitable,not_suitable,not_suitable,not_suitable,not_suitable
bowl,adciys,no_grasp,200,0,2.5,max_dim=0.150,perfect,not_suitable,perfect,not_suitable,perfect,perfect
bowl,ajzltc,no_grasp,200,0,2.1,max_dim=0.118,perfect,not_suitable,perfect,not_suitable,perfect,perfect
bowl,aspeds,no_grasp,200,0,1.9,max_dim=0.145,perfect,not_suitable,perfect,not_suitable,perfect,perfect
bowl,belcml,no_grasp,200,0,2.2,max_dim=0.168,perfect,not_suitable,perfect,not_suitable,perfect,perfect
bowl,bexgtn,no_grasp,200,0,1.6,max_dim=0.276,perfect,not_suitable,perfect,not_suitable,perfect,perfect
bowl,byzaxy,graspable,200,5,64.0,max_dim=0.306,perfect,not_suitable,perfect,not_suitable,perfect,perfect
bowl,ckxwea,graspable,200,5,15.5,max_dim=0.492,perfect,not_suitable,perfect,not_suitable,perfect,perfect
bowl,cypjlv,graspable,200,5,32.2,max_dim=0.247,perfect,not_suitable,perfect,not_suitable,perfect,perfect
bowl,dalyim,graspable,200,5,13.0,max_dim=0.150,perfect,not_suitable,perfect,not_suitable,perfect,perfect
bowl,eawgwj,graspable,200,5,17.6,max_dim=0.146,perfect,not_suitable,perfect,not_suitable,perfect,perfect
bowl,eipwho,graspable,200,5,17.0,max_dim=0.108,perfect,not_suitable,perfect,not_suitable,perfect,perfect
bowl,fedafr,graspable,200,5,13.0,max_dim=0.222,perfect,not_suitable,perfect,not_suitable,perfect,perfect
bowl,feuaak,graspable,200,5,16.2,max_dim=0.261,perfect,not_suitable,perfect,not_suitable,perfect,perfect
bowl,fiarri,graspable,200,5,18.4,max_dim=0.117,perfect,not_suitable,perfect,not_suitable,perfect,perfect
bowl,fwdfeg,graspable,200,5,10.4,max_dim=0.150,perfect,not_suitable,perfect,not_suitable,perfect,perfect
bowl,haewxp,graspable,200,5,78.5,max_dim=0.372,perfect,not_suitable,perfect,not_suitable,perfect,perfect
bowl,hitnkv,not_ready,0,0,0.0,max_dim=0.125,perfect,not_suitable,perfect,not_suitable,perfect,perfect
bowl,hpqjug,graspable,200,5,17.2,max_dim=0.162,perfect,not_suitable,perfect,not_suitable,perfect,perfect
bowl,hynhgz,graspable,200,5,50.6,max_dim=0.192,perfect,not_suitable,perfect,not_suitable,perfect,perfect
bowl,jblalf,graspable,200,5,37.4,max_dim=0.169,perfect,not_suitable,perfect,not_suitable,perfect,perfect
bowl,jfvjep,graspable,200,5,12.6,max_dim=0.148,perfect,not_suitable,perfect,not_suitable,perfect,perfect
bowl,jhtxxh,not_ready,0,0,0.0,max_dim=0.264,perfect,not_suitable,perfect,not_suitable,perfect,perfect
bowl,jpvcjv,graspable,200,5,12.2,max_dim=0.199,perfect,not_suitable,perfect,not_suitable,perfect,perfect
bowl,kasebx,graspable,200,5,17.7,max_dim=0.143,perfect,not_suitable,perfect,not_suitable,perfect,perfect
bowl,kdkrov,not_ready,0,0,0.0,max_dim=0.179,perfect,not_suitable,perfect,not_suitable,perfect,perfect
bowl,kthvrl,graspable,200,5,10.9,max_dim=0.093,perfect,not_suitable,perfect,not_suitable,perfect,perfect
bowl,lgaxzt,graspable,200,4,118.2,max_dim=0.439,perfect,not_suitable,perfect,not_suitable,perfect,perfect
bowl,mspdar,graspable,200,5,16.6,max_dim=0.117,perfect,not_suitable,perfect,not_suitable,perfect,perfect
bowl,nkkhbn,graspable,200,5,24.9,max_dim=0.202,perfect,not_suitable,perfect,not_suitable,perfect,perfect
bowl,nmhxfz,graspable,200,5,26.1,max_dim=0.198,perfect,not_suitable,perfect,not_suitable,perfect,perfect
bowl,npuuir,not_ready,0,0,0.0,max_dim=0.174,perfect,not_suitable,perfect,not_suitable,perfect,perfect
bowl,oyidja,graspable,200,5,14.1,max_dim=0.150,perfect,not_suitable,perfect,not_suitable,perfect,perfect
bowl,pihjqa,graspable,200,5,14.8,max_dim=0.254,perfect,not_suitable,perfect,not_suitable,perfect,perfect
bowl,pyilfa,graspable,200,5,13.8,max_dim=0.111,perfect,not_suitable,perfect,not_suitable,perfect,perfect
bowl,qzodht,not_ready,0,0,0.0,max_dim=0.202,perfect,not_suitable,perfect,not_suitable,perfect,perfect
bowl,rbnyxi,graspable,200,5,27.0,max_dim=0.276,perfect,not_suitable,perfect,not_suitable,perfect,perfect
bowl,rlwpcd,graspable,200,5,14.4,max_dim=0.115,perfect,not_suitable,perfect,not_suitable,perfect,perfect
bowl,sqqahm,graspable,200,5,14.9,max_dim=0.130,perfect,not_suitable,perfect,not_suitable,perfect,perfect
bowl,szgdpc,graspable,200,5,15.6,max_dim=0.157,perfect,not_suitable,perfect,not_suitable,perfect,perfect
bowl,tvtive,graspable,200,5,16.4,max_dim=0.188,perfect,not_suitable,perfect,not_suitable,perfect,perfect
bowl,tyczoo,not_ready,0,0,0.0,max_dim=0.248,perfect,not_suitable,perfect,not_suitable,perfect,perfect
bowl,vccsrl,not_ready,0,0,0.0,max_dim=0.266,perfect,not_suitable,perfect,not_suitable,perfect,perfect
bowl,wryghu,graspable,200,5,47.2,max_dim=0.130,perfect,not_suitable,perfect,not_suitable,perfect,perfect
bowl,wtepsx,graspable,200,5,33.2,max_dim=0.169,perfect,not_suitable,perfect,not_suitable,perfect,perfect
bowl,xplzbo,not_ready,0,0,0.0,max_dim=0.174,perfect,not_suitable,perfect,not_suitable,perfect,perfect
bowl,xpnlup,graspable,200,5,15.6,max_dim=0.150,perfect,not_suitable,perfect,not_suitable,perfect,perfect
bowl,ycbbwl,graspable,200,5,42.4,max_dim=0.161,perfect,not_suitable,perfect,not_suitable,perfect,perfect
bowling_ball,qzzett,graspable,200,5,46.4,max_dim=0.220,not_suitable,not_suitable,not_suitable,not_suitable,not_suitable,not_suitable
box_of_almond_milk,oiiqwq,graspable,200,5,32.1,max_dim=0.209,not_suitable,not_suitable,possible,not_suitable,possible,not_suitable
box_of_aluminium_foil,lhwgty,graspable,200,5,37.7,max_dim=0.478,not_suitable,not_suitable,not_suitable,not_suitable,possible,not_suitable
box_of_apple_juice,pttzdw,graspable,200,5,53.8,max_dim=0.149,not_suitable,not_suitable,possible,not_suitable,possible,not_suitable
box_of_apple_juice,zjzgjy,not_ready,0,0,0.0,max_dim=0.130,not_suitable,not_suitable,possible,not_suitable,possible,not_suitable
box_of_baking_mix,fmewsz,graspable,200,5,46.9,max_dim=0.153,not_suitable,not_suitable,not_suitable,not_suitable,possible,not_suitable
box_of_baking_mix,fnbgwd,graspable,200,5,32.0,max_dim=0.153,not_suitable,not_suitable,not_suitable,not_suitable,possible,not_suitable
box_of_baking_mix,lgusnr,graspable,200,5,35.3,max_dim=0.153,not_suitable,not_suitable,not_suitable,not_suitable,possible,not_suitable
box_of_baking_mix,ltccey,graspable,200,5,55.9,max_dim=0.153,not_suitable,not_suitable,not_suitable,not_suitable,possible,not_suitable
box_of_baking_mix,luwlfd,graspable,200,5,22.9,max_dim=0.153,not_suitable,not_suitable,not_suitable,not_suitable,possible,not_suitable
box_of_baking_mix,qkvqkm,graspable,200,5,46.9,max_dim=0.153,not_suitable,not_suitable,not_suitable,not_suitable,possible,not_suitable
box_of_baking_mix,uhvkxj,graspable,200,5,30.2,max_dim=0.153,not_suitable,not_suitable,not_suitable,not_suitable,possible,not_suitable
box_of_baking_mix,xcxrek,graspable,200,5,35.0,max_dim=0.153,not_suitable,not_suitable,not_suitable,not_suitable,possible,not_suitable
box_of_baking_powder,vzgrlv,graspable,200,5,18.9,max_dim=0.188,not_suitable,not_suitable,not_suitable,not_suitable,possible,not_suitable
box_of_baking_powder,zevydc,graspable,200,5,19.8,max_dim=0.187,not_suitable,not_suitable,not_suitable,not_suitable,possible,not_suitable
box_of_baking_soda,pskrgy,graspable,200,5,23.1,max_dim=0.133,not_suitable,not_suitable,not_suitable,not_suitable,possible,not_suitable
box_of_barley,lxpwnw,graspable,200,5,72.1,max_dim=0.190,not_suitable,not_suitable,not_suitable,not_suitable,possible,not_suitable
box_of_beer,lzrdiz,graspable,200,5,22.9,max_dim=0.192,not_suitable,not_suitable,not_suitable,not_suitable,not_suitable,not_suitable
box_of_beer,ubvfih,no_grasp,200,0,64.9,max_dim=0.377,not_suitable,not_suitable,not_suitable,not_suitable,not_suitable,not_suitable
box_of_brown_sugar,kqyevo,graspable,200,5,43.0,max_dim=0.165,not_suitable,not_suitable,not_suitable,not_suitable,possible,not_suitable
box_of_butter,mfjuil,graspable,200,5,24.4,max_dim=0.149,not_suitable,not_suitable,not_suitable,not_suitable,possible,not_suitable
box_of_butter,oixapu,graspable,200,5,36.7,max_dim=0.170,not_suitable,not_suitable,not_suitable,not_suitable,possible,not_suitable
box_of_candy,gvreky,graspable,200,5,21.5,max_dim=0.202,not_suitable,not_suitable,not_suitable,not_suitable,possible,not_suitable
box_of_candy,jodwfv,graspable,200,5,55.0,max_dim=0.219,not_suitable,not_suitable,not_suitable,not_suitable,possible,not_suitable
box_of_cane_sugar,cqlofx,graspable,200,5,36.1,max_dim=0.181,not_suitable,not_suitable,not_suitable,not_suitable,possible,not_suitable
box_of_cane_sugar,gpbobo,graspable,200,5,34.9,max_dim=0.141,not_suitable,not_suitable,not_suitable,not_suitable,possible,not_suitable
box_of_cane_sugar,pozpqi,not_ready,0,0,0.0,max_dim=0.141,not_suitable,not_suitable,not_suitable,not_suitable,possible,not_suitable
box_of_cane_sugar,qvjiti,graspable,200,5,65.1,max_dim=0.165,not_suitable,not_suitable,not_suitable,not_suitable,possible,not_suitable
box_of_cane_sugar,rvsivw,graspable,200,5,45.4,max_dim=0.176,not_suitable,not_suitable,not_suitable,not_suitable,possible,not_suitable
box_of_cereal,dkhgxn,graspable,200,5,67.2,max_dim=0.242,not_suitable,not_suitable,not_suitable,not_suitable,possible,not_suitable
box_of_cereal,hcwbzw,graspable,200,5,57.8,max_dim=0.273,not_suitable,not_suitable,not_suitable,not_suitable,possible,not_suitable
box_of_cereal,hosfhj,graspable,200,5,53.0,max_dim=0.220,not_suitable,not_suitable,not_suitable,not_suitable,possible,not_suitable
box_of_cereal,ihedod,graspable,200,5,19.8,max_dim=0.190,not_suitable,not_suitable,not_suitable,not_suitable,possible,not_suitable
box_of_cereal,iucshm,graspable,200,5,67.4,max_dim=0.273,not_suitable,not_suitable,not_suitable,not_suitable,possible,not_suitable
box_of_cereal,pfwgkm,graspable,200,5,17.9,max_dim=0.115,not_suitable,not_suitable,not_suitable,not_suitable,possible,not_suitable
box_of_cereal,qirvmd,graspable,200,5,25.2,max_dim=0.220,not_suitable,not_suitable,not_suitable,not_suitable,possible,not_suitable
box_of_cereal,sgirte,graspable,200,5,23.8,max_dim=0.200,not_suitable,not_suitable,not_suitable,not_suitable,possible,not_suitable
box_of_cereal,surzft,graspable,200,4,110.4,max_dim=0.273,not_suitable,not_suitable,not_suitable,not_suitable,possible,not_suitable
box_of_cereal,tiykku,graspable,200,5,30.5,max_dim=0.273,not_suitable,not_suitable,not_suitable,not_suitable,possible,not_suitable
box_of_cereal,wdkcbu,graspable,200,5,18.0,max_dim=0.200,not_suitable,not_suitable,not_suitable,not_suitable,possible,not_suitable
box_of_cereal,wrlalk,graspable,200,5,25.9,max_dim=0.190,not_suitable,not_suitable,not_suitable,not_suitable,possible,not_suitable
box_of_cereal,ykuyqb,graspable,200,5,22.2,max_dim=0.200,not_suitable,not_suitable,not_suitable,not_suitable,possible,not_suitable
box_of_cereal,yorray,graspable,200,5,22.3,max_dim=0.200,not_suitable,not_suitable,not_suitable,not_suitable,possible,not_suitable
box_of_champagne,cizogj,not_ready,0,0,0.0,max_dim=0.350,not_suitable,not_suitable,not_suitable,not_suitable,not_suitable,not_suitable
box_of_champagne,lfygch,not_ready,0,0,0.0,max_dim=0.347,not_suitable,not_suitable,not_suitable,not_suitable,not_suitable,not_suitable
box_of_champagne,rjsibn,graspable,200,2,88.2,max_dim=0.347,not_suitable,not_suitable,not_suitable,not_suitable,not_suitable,not_suitable
box_of_chocolates,bdvkbh,graspable,200,5,21.9,max_dim=0.300,not_suitable,not_suitable,not_suitable,not_suitable,possible,not_suitable
box_of_coconut_milk,dagbyl,not_ready,0,0,0.0,max_dim=0.209,not_suitable,not_suitable,possible,not_suitable,possible,not_suitable
box_of_coffee,cjtadw,graspable,200,5,35.2,max_dim=0.192,not_suitable,not_suitable,not_suitable,not_suitable,possible,not_suitable
box_of_coffee,mreyla,graspable,200,5,37.0,max_dim=0.207,not_suitable,not_suitable,not_suitable,not_suitable,possible,not_suitable
box_of_cookies,apjokz,graspable,200,5,13.7,max_dim=0.149,not_suitable,not_suitable,not_suitable,not_suitable,possible,not_suitable
box_of_cookies,dlhqft,graspable,200,5,17.2,max_dim=0.266,not_suitable,not_suitable,not_suitable,not_suitable,possible,not_suitable
box_of_cookies,fsdjun,graspable,200,5,17.4,max_dim=0.155,not_suitable,not_suitable,not_suitable,not_suitable,possible,not_suitable
box_of_cookies,fzlaol,graspable,200,5,42.8,max_dim=0.283,not_suitable,not_suitable,not_suitable,not_suitable,possible,not_suitable
box_of_cookies,hdgsxz,graspable,200,5,21.8,max_dim=0.205,not_suitable,not_suitable,not_suitable,not_suitable,possible,not_suitable
box_of_cookies,jtalxs,graspable,200,5,26.6,max_dim=0.205,not_suitable,not_suitable,not_suitable,not_suitable,possible,not_suitable
box_of_cookies,levwda,graspable,200,5,18.9,max_dim=0.253,not_suitable,not_suitable,not_suitable,not_suitable,possible,not_suitable
box_of_cookies,lwhbid,graspable,200,5,13.3,max_dim=0.113,not_suitable,not_suitable,not_suitable,not_suitable,possible,not_suitable
box_of_cookies,nirfva,graspable,200,5,25.9,max_dim=0.206,not_suitable,not_suitable,not_suitable,not_suitable,possible,not_suitable
box_of_cookies,nnfisz,graspable,200,5,25.3,max_dim=0.211,not_suitable,not_suitable,not_suitable,not_suitable,possible,not_suitable
box_of_cookies,ohhshb,graspable,200,5,45.2,max_dim=0.283,not_suitable,not_suitable,not_suitable,not_suitable,possible,not_suitable
box_of_cookies,qkzrdd,graspable,200,5,37.5,max_dim=0.170,not_suitable,not_suitable,not_suitable,not_suitable,possible,not_suitable
box_of_cookies,sjcnoq,graspable,200,5,26.0,max_dim=0.224,not_suitable,not_suitable,not_suitable,not_suitable,possible,not_suitable
box_of_cookies,swilxz,graspable,200,5,86.0,max_dim=0.167,not_suitable,not_suitable,not_suitable,not_suitable,possible,not_suitable
box_of_corn_flakes,zbwzkq,graspable,200,1,100.5,max_dim=0.338,not_suitable,not_suitable,not_suitable,not_suitable,possible,not_suitable
box_of_crackers,cmdigf,graspable,200,5,50.0,max_dim=0.190,not_suitable,not_suitable,not_suitable,not_suitable,possible,not_suitable
box_of_cream,njrpai,graspable,200,5,11.4,max_dim=0.028,not_suitable,not_suitable,possible,not_suitable,possible,not_suitable
box_of_flour,ylezpk,graspable,200,5,39.4,max_dim=0.225,not_suitable,not_suitable,not_suitable,not_suitable,possible,not_suitable
box_of_fruit,jsgbcz,too_large,0,0,0.0,max_dim=0.534,not_suitable,not_suitable,not_suitable,not_suitable,possible,not_suitable
box_of_fruit,jzfgwc,too_large,0,0,0.0,max_dim=0.576,not_suitable,not_suitable,not_suitable,not_suitable,possible,not_suitable
box_of_granola_bars,awombj,graspable,200,5,29.4,max_dim=0.150,not_suitable,not_suitable,not_suitable,not_suitable,possible,not_suitable
box_of_granola_bars,bqeeki,graspable,200,5,35.0,max_dim=0.150,not_suitable,not_suitable,not_suitable,not_suitable,possible,not_suitable
box_of_granola_bars,tqwhvz,graspable,200,5,24.5,max_dim=0.150,not_suitable,not_suitable,not_suitable,not_suitable,possible,not_suitable
box_of_ice_cream,joizft,graspable,200,5,14.4,max_dim=0.244,not_suitable,not_suitable,not_suitable,not_suitable,possible,not_suitable
box_of_lasagna,oaonbr,graspable,200,5,36.9,max_dim=0.226,not_suitable,not_suitable,not_suitable,not_suitable,possible,not_suitable
box_of_lemons,suhxjl,not_ready,0,0,0.0,max_dim=0.154,not_suitable,not_suitable,not_suitable,not_suitable,possible,not_suitable
box_of_milk,ahmgjv,not_ready,0,0,0.0,max_dim=0.295,not_suitable,not_suitable,possible,not_suitable,possible,not_suitable
box_of_oatmeal,jtqeef,graspable,200,1,108.2,max_dim=0.248,not_suitable,not_suitable,not_suitable,not_suitable,possible,not_suitable
box_of_oatmeal,rabeel,graspable,200,5,40.4,max_dim=0.242,not_suitable,not_suitable,not_suitable,not_suitable,possible,not_suitable
box_of_oatmeal,zkggxm,graspable,200,2,112.1,max_dim=0.273,not_suitable,not_suitable,not_suitable,not_suitable,possible,not_suitable
box_of_raspberries,rxvopf,not_ready,0,0,0.0,max_dim=0.156,not_suitable,not_suitable,not_suitable,not_suitable,possible,not_suitable
box_of_rice,fvulow,graspable,200,5,58.4,max_dim=0.200,not_suitable,not_suitable,not_suitable,not_suitable,possible,not_suitable
box_of_rice,pstqvm,graspable,200,5,89.9,max_dim=0.204,not_suitable,not_suitable,not_suitable,not_suitable,possible,not_suitable
box_of_rice,yyheuw,graspable,200,5,107.7,max_dim=0.204,not_suitable,not_suitable,not_suitable,not_suitable,possible,not_suitable
box_of_rum,lnjbjj,graspable,200,5,63.7,max_dim=0.309,not_suitable,not_suitable,not_suitable,not_suitable,not_suitable,not_suitable
box_of_rum,lvruzr,graspable,200,1,105.7,max_dim=0.215,not_suitable,not_suitable,not_suitable,not_suitable,not_suitable,not_suitable
box_of_rum,tumgbj,graspable,200,2,103.4,max_dim=0.263,not_suitable,not_suitable,not_suitable,not_suitable,not_suitable,not_suitable
box_of_rum,xlhqjr,graspable,200,4,85.1,max_dim=0.297,not_suitable,not_suitable,not_suitable,not_suitable,not_suitable,not_suitable
box_of_sake,abpqcs,no_grasp,200,0,93.9,max_dim=0.380,not_suitable,not_suitable,not_suitable,not_suitable,not_suitable,not_suitable
box_of_sake,azjfky,no_grasp,200,0,102.1,max_dim=0.380,not_suitable,not_suitable,not_suitable,not_suitable,not_suitable,not_suitable
box_of_sake,hxrhoc,no_grasp,200,0,118.9,max_dim=0.380,not_suitable,not_suitable,not_suitable,not_suitable,not_suitable,not_suitable
box_of_sake,iohsjz,no_grasp,200,0,111.2,max_dim=0.400,not_suitable,not_suitable,not_suitable,not_suitable,not_suitable,not_suitable
box_of_sake,ojvfmv,no_grasp,200,0,109.4,max_dim=0.380,not_suitable,not_suitable,not_suitable,not_suitable,not_suitable,not_suitable
box_of_sake,qfrurx,graspable,200,3,100.7,max_dim=0.349,not_suitable,not_suitable,not_suitable,not_suitable,not_suitable,not_suitable
box_of_sake,rczpdw,graspable,200,1,91.7,max_dim=0.380,not_suitable,not_suitable,not_suitable,not_suitable,not_suitable,not_suitable
box_of_sake,tuzwhy,no_grasp,200,0,90.7,max_dim=0.380,not_suitable,not_suitable,not_suitable,not_suitable,not_suitable,not_suitable
box_of_sanitary_napkins,acaivd,graspable,200,5,13.8,max_dim=0.109,not_suitable,not_suitable,not_suitable,not_suitable,possible,not_suitable
box_of_sanitary_napkins,arqcyu,graspable,200,5,11.4,max_dim=0.109,not_suitable,not_suitable,not_suitable,not_suitable,possible,not_suitable
box_of_sanitary_napkins,cmnpuv,graspable,200,5,13.9,max_dim=0.100,not_suitable,not_suitable,not_suitable,not_suitable,possible,not_suitable
box_of_sanitary_napkins,humkqw,graspable,200,5,12.5,max_dim=0.109,not_suitable,not_suitable,not_suitable,not_suitable,possible,not_suitable
box_of_sanitary_napkins,mxdefq,graspable,200,5,11.5,max_dim=0.100,not_suitable,not_suitable,not_suitable,not_suitable,possible,not_suitable
box_of_sanitary_napkins,skltgp,graspable,200,5,14.2,max_dim=0.109,not_suitable,not_suitable,not_suitable,not_suitable,possible,not_suitable
box_of_sanitary_napkins,tkrzkb,graspable,200,5,12.3,max_dim=0.096,not_suitable,not_suitable,not_suitable,not_suitable,possible,not_suitable
box_of_sanitary_napkins,ykpeja,graspable,200,5,11.2,max_dim=0.109,not_suitable,not_suitable,not_suitable,not_suitable,possible,not_suitable
box_of_sanitary_napkins,zqinib,graspable,200,5,11.2,max_dim=0.109,not_suitable,not_suitable,not_suitable,not_suitable,possible,not_suitable
box_of_shampoo,bclpiq,graspable,200,5,24.4,max_dim=0.184,not_suitable,not_suitable,not_suitable,not_suitable,possible,not_suitable
box_of_shampoo,jccyom,graspable,200,5,19.0,max_dim=0.187,not_suitable,not_suitable,not_suitable,not_suitable,possible,not_suitable
box_of_shampoo,nijidu,graspable,200,5,21.9,max_dim=0.225,not_suitable,not_suitable,not_suitable,not_suitable,possible,not_suitable
box_of_shampoo,tzghev,graspable,200,5,29.3,max_dim=0.225,not_suitable,not_suitable,not_suitable,not_suitable,possible,not_suitable
box_of_takeout,bvcopi,graspable,200,5,49.3,max_dim=0.215,not_suitable,not_suitable,not_suitable,not_suitable,possible,not_suitable
box_of_tissues,ntbrtz,graspable,200,5,19.1,max_dim=0.127,not_suitable,not_suitable,not_suitable,not_suitable,possible,not_suitable
box_of_tissues,uglbjc,graspable,200,5,13.4,max_dim=0.127,not_suitable,not_suitable,not_suitable,not_suitable,possible,not_suitable
box_of_tissues,xwstls,graspable,200,5,13.9,max_dim=0.127,not_suitable,not_suitable,not_suitable,not_suitable,possible,not_suitable
box_of_tissues,zutrxn,graspable,200,5,15.2,max_dim=0.127,not_suitable,not_suitable,not_suitable,not_suitable,possible,not_suitable
box_of_vegetable_juice,jsnnlv,graspable,200,5,17.3,max_dim=0.110,not_suitable,not_suitable,possible,not_suitable,possible,not_suitable
box_of_vegetable_juice,qgjdbn,graspable,200,5,28.4,max_dim=0.130,not_suitable,not_suitable,possible,not_suitable,possible,not_suitable
box_of_wagashi,mlmrwy,graspable,200,5,13.2,max_dim=0.205,not_suitable,not_suitable,not_suitable,not_suitable,possible,not_suitable
box_of_whiskey,ftapxo,no_grasp,200,0,111.7,max_dim=0.326,not_suitable,not_suitable,not_suitable,not_suitable,not_suitable,not_suitable
box_of_whiskey,hawwyv,no_grasp,200,0,110.6,max_dim=0.326,not_suitable,not_suitable,not_suitable,not_suitable,not_suitable,not_suitable
box_of_whiskey,jcuvit,no_grasp,200,0,104.4,max_dim=0.303,not_suitable,not_suitable,not_suitable,not_suitable,not_suitable,not_suitable
box_of_whiskey,noptlp,graspable,200,1,109.4,max_dim=0.302,not_suitable,not_suitable,not_suitable,not_suitable,not_suitable,not_suitable
box_of_whiskey,wiupey,graspable,200,2,109.1,max_dim=0.302,not_suitable,not_suitable,not_suitable,not_suitable,not_suitable,not_suitable
box_of_yogurt,jkemqc,graspable,200,5,10.4,max_dim=0.064,not_suitable,not_suitable,not_suitable,not_suitable,possible,not_suitable
box_of_yogurt,jtjcrx,graspable,200,4,92.6,max_dim=0.167,not_suitable,not_suitable,not_suitable,not_suitable,possible,not_suitable
box_of_yogurt,thxfjq,not_ready,0,0,0.0,max_dim=0.230,not_suitable,not_suitable,not_suitable,not_suitable,possible,not_suitable
box_of_yogurt,znhjgm,graspable,200,5,11.0,max_dim=0.065,not_suitable,not_suitable,not_suitable,not_suitable,possible,not_suitable
boxed_cake,yjazet,graspable,200,5,32.6,max_dim=0.167,not_suitable,not_suitable,not_suitable,not_suitable,possible,not_suitable
boxed_cpu_board,xlqvil,graspable,200,2,107.0,max_dim=0.282,not_suitable,not_suitable,not_suitable,not_suitable,possible,not_suitable
boxed_ink_cartridge,ltblou,graspable,200,5,17.0,max_dim=0.132,not_suitable,not_suitable,not_suitable,not_suitable,possible,not_suitable
boxed_ink_cartridge,oepuip,graspable,200,5,29.9,max_dim=0.112,not_suitable,not_suitable,not_suitable,not_suitable,possible,not_suitable
boxed_ink_cartridge,oinelo,graspable,200,5,24.4,max_dim=0.112,not_suitable,not_suitable,not_suitable,not_suitable,possible,not_suitable
boxed_router,dsgtpk,no_grasp,200,0,108.0,max_dim=0.389,not_suitable,not_suitable,not_suitable,not_suitable,possible,not_suitable
boxers,uwzqxm,graspable,200,3,92.4,max_dim=0.367,not_suitable,not_suitable,not_suitable,not_suitable,not_suitable,not_suitable
boxing_gloves,jlfuaf,graspable,200,5,75.8,max_dim=0.372,not_suitable,not_suitable,not_suitable,not_suitable,not_suitable,not_suitable
bra,uaidmc,not_ready,0,0,0.0,max_dim=0.254,not_suitable,not_suitable,not_suitable,not_suitable,not_suitable,not_suitable
bracelet,thqqmo,graspable,200,5,12.6,max_dim=0.052,not_suitable,not_suitable,not_suitable,not_suitable,not_suitable,not_suitable
branch,ijgexf,too_large,0,0,0.0,max_dim=1.248,not_suitable,not_suitable,not_suitable,not_suitable,not_suitable,not_suitable
bratwurst,pqfrrn,graspable,200,5,26.7,max_dim=0.230,not_suitable,not_suitable,not_suitable,perfect,not_suitable,not_suitable
bratwurst,wuyflp,graspable,200,5,29.4,max_dim=0.244,not_suitable,not_suitable,not_suitable,perfect,not_suitable,not_suitable
bread_slice,pfggnm,graspable,200,5,50.0,max_dim=0.149,not_suitable,not_suitable,not_suitable,perfect,not_suitable,not_suitable
bread_slice,pgzsxe,not_ready,0,0,0.0,max_dim=0.174,not_suitable,not_suitable,not_suitable,perfect,not_suitable,not_suitable
bread_slice,yedlgq,graspable,200,5,22.9,max_dim=0.134,not_suitable,not_suitable,not_suitable,perfect,not_suitable,not_suitable
bread_slice,yremdf,not_ready,0,0,0.0,max_dim=0.129,not_suitable,not_suitable,not_suitable,perfect,not_suitable,not_suitable
breakfast_table,bhszwe,too_large,0,0,0.0,max_dim=1.763,not_suitable,not_suitable,not_suitable,not_suitable,not_suitable,not_suitable
breakfast_table,bmnubh,too_large,0,0,0.0,max_dim=1.194,not_suitable,not_suitable,not_suitable,not_suitable,not_suitable,not_suitable
breakfast_table,dcdtsr,too_large,0,0,0.0,max_dim=2.267,not_suitable,not_suitable,not_suitable,not_suitable,not_suitable,not_suitable
breakfast_table,hggsao,too_large,0,0,0.0,max_dim=1.194,not_suitable,not_suitable,not_suitable,not_suitable,not_suitable,not_suitable
breakfast_table,hmzwxn,too_large,0,0,0.0,max_dim=1.214,not_suitable,not_suitable,not_suitable,not_suitable,not_suitable,not_suitable
breakfast_table,iaritq,too_large,0,0,0.0,max_dim=0.749,not_suitable,not_suitable,not_suitable,not_suitable,not_suitable,not_suitable
breakfast_table,idnnmz,too_large,0,0,0.0,max_dim=1.194,not_suitable,not_suitable,not_suitable,not_suitable,not_suitable,not_suitable
breakfast_table,jcqdlx,too_large,0,0,0.0,max_dim=1.801,not_suitable,not_suitable,not_suitable,not_suitable,not_suitable,not_suitable
breakfast_table,jruvif,too_large,0,0,0.0,max_dim=1.372,not_suitable,not_suitable,not_suitable,not_suitable,not_suitable,not_suitable
breakfast_table,kpwegp,too_large,0,0,0.0,max_dim=1.194,not_suitable,not_suitable,not_suitable,not_suitable,not_suitable,not_suitable
breakfast_table,kwmfdg,too_large,0,0,0.0,max_dim=1.194,not_suitable,not_suitable,not_suitable,not_suitable,not_suitable,not_suitable
breakfast_table,lcsizg,too_large,0,0,0.0,max_dim=1.137,not_suitable,not_suitable,not_suitable,not_suitable,not_suitable,not_suitable
breakfast_table,lnwggc,too_large,0,0,0.0,max_dim=0.750,not_suitable,not_suitable,not_suitable,not_suitable,not_suitable,not_suitable
breakfast_table,lwtcfh,too_large,0,0,0.0,max_dim=1.070,not_suitable,not_suitable,not_suitable,not_suitable,not_suitable,not_suitable
breakfast_table,mwsyqb,too_large,0,0,0.0,max_dim=1.194,not_suitable,not_suitable,not_suitable,not_suitable,not_suitable,not_suitable
breakfast_table,nvoqyl,too_large,0,0,0.0,max_dim=1.203,not_suitable,not_suitable,not_suitable,not_suitable,not_suitable,not_suitable
breakfast_table,pdpkuw,too_large,0,0,0.0,max_dim=1.539,not_suitable,not_suitable,not_suitable,not_suitable,not_suitable,not_suitable
breakfast_table,pllvrt,too_large,0,0,0.0,max_dim=1.194,not_suitable,not_suitable,not_suitable,not_suitable,not_suitable,not_suitable
breakfast_table,qjiray,too_large,0,0,0.0,max_dim=3.300,not_suitable,not_suitable,not_suitable,not_suitable,not_suitable,not_suitable
breakfast_table,rhjoby,too_large,0,0,0.0,max_dim=2.896,not_suitable,not_suitable,not_suitable,not_suitable,not_suitable,not_suitable
breakfast_table,rjgmmy,too_large,0,0,0.0,max_dim=0.943,not_suitable,not_suitable,not_suitable,not_suitable,not_suitable,not_suitable
breakfast_table,sfxqtk,too_large,0,0,0.0,max_dim=0.749,not_suitable,not_suitable,not_suitable,not_suitable,not_suitable,not_suitable
breakfast_table,skczfi,too_large,0,0,0.0,max_dim=1.194,not_suitable,not_suitable,not_suitable,not_suitable,not_suitable,not_suitable
breakfast_table,uhrsex,too_large,0,0,0.0,max_dim=1.194,not_suitable,not_suitable,not_suitable,not_suitable,not_suitable,not_suitable
breakfast_table,wdbwhc,too_large,0,0,0.0,max_dim=0.906,not_suitable,not_suitable,not_suitable,not_suitable,not_suitable,not_suitable
breakfast_table,wnrior,too_large,0,0,0.0,max_dim=1.577,not_suitable,not_suitable,not_suitable,not_suitable,not_suitable,not_suitable
breakfast_table,xftrki,too_large,0,0,0.0,max_dim=1.490,not_suitable,not_suitable,not_suitable,not_suitable,not_suitable,not_suitable
breakfast_table,yaanqr,too_large,0,0,0.0,max_dim=1.102,not_suitable,not_suitable,not_suitable,not_suitable,not_suitable,not_suitable
breakfast_table,yclkbw,too_large,0,0,0.0,max_dim=3.500,not_suitable,not_suitable,not_suitable,not_suitable,not_suitable,not_suitable
breakfast_table,ylykeh,too_large,0,0,0.0,max_dim=2.000,not_suitable,not_suitable,not_suitable,not_suitable,not_suitable,not_suitable
breakfast_table,ytelxk,too_large,0,0,0.0,max_dim=2.300,not_suitable,not_suitable,not_suitable,not_suitable,not_suitable,not_suitable
breakfast_table,zypvuv,too_large,0,0,0.0,max_dim=1.181,not_suitable,not_suitable,not_suitable,not_suitable,not_suitable,not_suitable
briefcase,fdpjtj,no_grasp,200,0,6.3,max_dim=0.400,not_suitable,not_suitable,not_suitable,not_suitable,not_suitable,not_suitable
briefcase,haecvf,no_grasp,200,0,1.9,max_dim=0.422,not_suitable,not_suitable,not_suitable,not_suitable,not_suitable,not_suitable
briefcase,lwbctq,no_grasp,200,0,2.2,max_dim=0.330,not_suitable,not_suitable,not_suitable,not_suitable,not_suitable,not_suitable
briefcase,ohelib,no_grasp,200,0,2.5,max_dim=0.398,not_suitable,not_suitable,not_suitable,not_suitable,not_suitable,not_suitable
briefcase,psvdau,no_grasp,200,0,1.9,max_dim=0.332,not_suitable,not_suitable,not_suitable,not_suitable,not_suitable,not_suitable
briefcase,rxvbea,no_grasp,200,0,3.7,max_dim=0.330,not_suitable,not_suitable,not_suitable,not_suitable,not_suitable,not_suitable
briefcase,uquevd,no_grasp,200,0,1.7,max_dim=0.266,not_suitable,not_suitable,not_suitable,not_suitable,not_suitable,not_suitable
brisket,nnnnqw,no_grasp,200,0,1.6,max_dim=0.087,not_suitable,not_suitable,not_suitable,perfect,not_suitable,not_suitable
brisket,wzcycr,no_grasp,200,0,1.6,max_dim=0.059,not_suitable,not_suitable,not_suitable,perfect,not_suitable,not_suitable
broccoli,wsxavx,no_grasp,200,0,2.0,max_dim=0.029,not_suitable,not_suitable,not_suitable,perfect,possible,not_suitable
broccoli_rabe,ushqbz,no_grasp,200,0,1.6,max_dim=0.106,not_suitable,not_suitable,not_suitable,perfect,not_suitable,not_suitable
broccolini,rlsytp,no_grasp,200,0,2.0,max_dim=0.088,not_suitable,not_suitable,not_suitable,perfect,not_suitable,not_suitable
broken_glass,beltgg,no_grasp,200,0,2.1,max_dim=0.066,not_suitable,not_suitable,not_suitable,not_suitable,not_suitable,not_suitable
broken_glass,rvpgpt,no_grasp,200,0,1.6,max_dim=0.122,not_suitable,not_suitable,not_suitable,not_suitable,not_suitable,not_suitable
broken_light_bulb,cugtye,not_ready,0,0,0.0,max_dim=0.094,not_suitable,not_suitable,not_suitable,not_suitable,not_suitable,not_suitable
broom,tpyvbt,no_grasp,200,0,1.9,max_dim=0.272,not_suitable,not_suitable,not_suitable,not_suitable,not_suitable,not_suitable
brown_rice_sack,pbvpua,no_grasp,200,0,3.1,max_dim=0.367,not_suitable,not_suitable,not_suitable,not_suitable,not_suitable,not_suitable
brown_sugar_sack,uftzyo,no_grasp,200,0,3.0,max_dim=0.367,not_suitable,not_suitable,not_suitable,not_suitable,not_suitable,not_suitable
brownie,vqgqja,no_grasp,200,0,2.2,max_dim=0.081,not_suitable,not_suitable,not_suitable,perfect,possible,not_suitable
brussels_sprouts,hkwyzk,graspable,200,5,11.9,max_dim=0.064,not_suitable,not_suitable,not_suitable,perfect,not_suitable,not_suitable
brussels_sprouts,mbkrxe,graspable,200,5,10.2,max_dim=0.058,not_suitable,not_suitable,not_suitable,perfect,not_suitable,not_suitable
brussels_sprouts,siodbb,graspable,200,5,9.9,max_dim=0.064,not_suitable,not_suitable,not_suitable,perfect,not_suitable,not_suitable
brussels_sprouts,vdamtq,graspable,200,5,10.6,max_dim=0.067,not_suitable,not_suitable,not_suitable,perfect,not_suitable,not_suitable
bucket,bdhvnt,graspable,200,5,37.2,max_dim=0.347,not_suitable,not_suitable,possible,not_suitable,not_suitable,perfect
bucket,lsmlzi,graspable,200,5,55.2,max_dim=0.300,not_suitable,not_suitable,possible,not_suitable,not_suitable,perfect
bucket,wlilma,graspable,200,5,46.3,max_dim=0.300,not_suitable,not_suitable,possible,not_suitable,not_suitable,perfect
bucket_of_paint,gjjugj,graspable,200,5,95.0,max_dim=0.192,not_suitable,not_suitable,possible,not_suitable,not_suitable,possible
bucket_of_paint,mxyrzd,graspable,200,5,14.6,max_dim=0.191,not_suitable,not_suitable,possible,not_suitable,not_suitable,possible
bucket_of_paint,qbqche,not_ready,0,0,0.0,max_dim=0.191,not_suitable,not_suitable,possible,not_suitable,not_suitable,possible
bucket_of_paint,ycnaho,graspable,200,5,20.8,max_dim=0.172,not_suitable,not_suitable,possible,not_suitable,not_suitable,possible
bulldog_clip,cqxnkn,graspable,200,5,12.0,max_dim=0.030,not_suitable,not_suitable,not_suitable,not_suitable,possible,not_suitable
bulletin_board,ayaoal,too_large,0,0,0.0,max_dim=1.083,not_suitable,not_suitable,not_suitable,not_suitable,not_suitable,not_suitable
bulletin_board,rjlpsy,too_large,0,0,0.0,max_dim=1.070,not_suitable,not_suitable,not_suitable,not_suitable,not_suitable,not_suitable
bunch_of_bananas,mxnwwk,graspable,200,5,16.4,max_dim=0.371,not_suitable,not_suitable,not_suitable,possible,possible,not_suitable
bunk_bed,hkmwyc,too_large,0,0,0.0,max_dim=1.998,not_suitable,not_suitable,not_suitable,not_suitable,not_suitable,not_suitable
bunk_bed,sunfhf,too_large,0,0,0.0,max_dim=2.017,not_suitable,not_suitable,not_suitable,not_suitable,not_suitable,not_suitable
bunk_bed,sztpse,too_large,0,0,0.0,max_dim=1.932,not_suitable,not_suitable,not_suitable,not_suitable,not_suitable,not_suitable
bunk_bed,xhegju,too_large,0,0,0.0,max_dim=2.032,not_suitable,not_suitable,not_suitable,not_suitable,not_suitable,not_suitable
buret,naqnom,too_large,0,0,0.0,max_dim=0.813,not_suitable,not_suitable,possible,not_suitable,possible,not_suitable
buret_clamp,gknfxt,too_large,0,0,0.0,max_dim=0.583,not_suitable,not_suitable,not_suitable,not_suitable,possible,not_suitable
buret_clamp,jkzyfr,too_large,0,0,0.0,max_dim=0.585,not_suitable,not_suitable,not_suitable,not_suitable,possible,not_suitable
buret_clamp,pflmbv,too_large,0,0,0.0,max_dim=0.583,not_suitable,not_suitable,not_suitable,not_suitable,possible,not_suitable
burlap_bag,endfho,not_ready,0,0,0.0,max_dim=0.367,not_suitable,not_suitable,not_suitable,not_suitable,not_suitable,not_suitable
burlap_bag,hlqrxm,graspable,200,5,26.5,max_dim=0.367,not_suitable,not_suitable,not_suitable,not_suitable,not_suitable,not_suitable
burner,lfyqat,too_large,0,0,0.0,max_dim=0.695,not_suitable,not_suitable,not_suitable,not_suitable,not_suitable,not_suitable
burner,mdanhg,too_large,0,0,0.0,max_dim=0.811,not_suitable,not_suitable,not_suitable,not_suitable,not_suitable,not_suitable
burner,mjvqii,too_large,0,0,0.0,max_dim=0.814,not_suitable,not_suitable,not_suitable,not_suitable,not_suitable,not_suitable
burner,pmntxh,too_large,0,0,0.0,max_dim=0.695,not_suitable,not_suitable,not_suitable,not_suitable,not_suitable,not_suitable
burrito,mqjwjq,graspable,200,5,21.8,max_dim=0.203,not_suitable,not_suitable,not_suitable,perfect,possible,not_suitable
bush,albnbz,too_large,0,0,0.0,max_dim=1.594,not_suitable,not_suitable,not_suitable,not_suitable,not_suitable,not_suitable
bush,bqdskl,too_large,0,0,0.0,max_dim=1.093,not_suitable,not_suitable,not_suitable,not_suitable,not_suitable,not_suitable
bush,cwsigt,too_large,0,0,0.0,max_dim=2.595,not_suitable,not_suitable,not_suitable,not_suitable,not_suitable,not_suitable
bush,dsjegk,too_large,0,0,0.0,max_dim=1.156,not_suitable,not_suitable,not_suitable,not_suitable,not_suitable,not_suitable
bush,ebuvur,too_large,0,0,0.0,max_dim=1.673,not_suitable,not_suitable,not_suitable,not_suitable,not_suitable,not_suitable
bush,frqici,too_large,0,0,0.0,max_dim=6.971,not_suitable,not_suitable,not_suitable,not_suitable,not_suitable,not_suitable
bush,hnzfgt,too_large,0,0,0.0,max_dim=2.619,not_suitable,not_suitable,not_suitable,not_suitable,not_suitable,not_suitable
bush,hobkxy,too_large,0,0,0.0,max_dim=0.530,not_suitable,not_suitable,not_suitable,not_suitable,not_suitable,not_suitable
bush,hqlggp,no_grasp,200,0,109.2,max_dim=0.403,not_suitable,not_suitable,not_suitable,not_suitable,not_suitable,not_suitable
bush,jivsft,too_large,0,0,0.0,max_dim=1.267,not_suitable,not_suitable,not_suitable,not_suitable,not_suitable,not_suitable
bush,jonbyb,too_large,0,0,0.0,max_dim=1.300,not_suitable,not_suitable,not_suitable,not_suitable,not_suitable,not_suitable
bush,jylruu,too_large,0,0,0.0,max_dim=1.086,not_suitable,not_suitable,not_suitable,not_suitable,not_suitable,not_suitable
bush,kjakgd,too_large,0,0,0.0,max_dim=7.651,not_suitable,not_suitable,not_suitable,not_suitable,not_suitable,not_suitable
bush,knspbi,too_large,0,0,0.0,max_dim=1.446,not_suitable,not_suitable,not_suitable,not_suitable,not_suitable,not_suitable
bush,kyghri,too_large,0,0,0.0,max_dim=2.070,not_suitable,not_suitable,not_suitable,not_suitable,not_suitable,not_suitable
bush,lcktfs,too_large,0,0,0.0,max_dim=1.281,not_suitable,not_suitable,not_suitable,not_suitable,not_suitable,not_suitable
bush,lfyqkj,too_large,0,0,0.0,max_dim=1.434,not_suitable,not_suitable,not_suitable,not_suitable,not_suitable,not_suitable
bush,llcsvc,too_large,0,0,0.0,max_dim=1.267,not_suitable,not_suitable,not_suitable,not_suitable,not_suitable,not_suitable
bush,nhorlu,too_large,0,0,0.0,max_dim=1.156,not_suitable,not_suitable,not_suitable,not_suitable,not_suitable,not_suitable
bush,oedeqi,too_large,0,0,0.0,max_dim=4.739,not_suitable,not_suitable,not_suitable,not_suitable,not_suitable,not_suitable
bush,pjhpwk,too_large,0,0,0.0,max_dim=3.932,not_suitable,not_suitable,not_suitable,not_suitable,not_suitable,not_suitable
bush,rkxgdi,too_large,0,0,0.0,max_dim=1.380,not_suitable,not_suitable,not_suitable,not_suitable,not_suitable,not_suitable
bush,ujrbvp,too_large,0,0,0.0,max_dim=1.310,not_suitable,not_suitable,not_suitable,not_suitable,not_suitable,not_suitable
bush,vxulvs,too_large,0,0,0.0,max_dim=1.594,not_suitable,not_suitable,not_suitable,not_suitable,not_suitable,not_suitable
bush,waafqw,too_large,0,0,0.0,max_dim=1.346,not_suitable,not_suitable,not_suitable,not_suitable,not_suitable,not_suitable
bush,xsqlhv,too_large,0,0,0.0,max_dim=1.283,not_suitable,not_suitable,not_suitable,not_suitable,not_suitable,not_suitable
bush,yhjhta,too_large,0,0,0.0,max_dim=3.626,not_suitable,not_suitable,not_suitable,not_suitable,not_suitable,not_suitable
bush,ysfopl,too_large,0,0,0.0,max_dim=0.532,not_suitable,not_suitable,not_suitable,not_suitable,not_suitable,not_suitable
bush,zwhhlc,too_large,0,0,0.0,max_dim=1.274,not_suitable,not_suitable,not_suitable,not_suitable,not_suitable,not_suitable
bust,tnnbxo,not_ready,0,0,0.0,max_dim=0.244,possible,not_suitable,not_suitable,not_suitable,possible,not_suitable
butter,ovirmc,graspable,200,5,11.9,max_dim=0.050,not_suitable,not_suitable,not_suitable,perfect,possible,not_suitable
butter_cookie,kukrla,graspable,200,5,11.1,max_dim=0.050,not_suitable,not_suitable,not_suitable,perfect,not_suitable,not_suitable
butter_package,qixpto,not_ready,0,0,0.0,max_dim=0.237,not_suitable,not_suitable,not_suitable,possible,possible,not_suitable
buttermilk_pancake,ogghhf,not_ready,0,0,0.0,max_dim=0.249,not_suitable,not_suitable,not_suitable,perfect,not_suitable,not_suitable
butternut_squash,swehmg,graspable,200,4,123.5,max_dim=0.349,not_suitable,not_suitable,not_suitable,perfect,possible,not_suitable
butternut_squash,xfpdui,graspable,200,5,96.8,max_dim=0.196,not_suitable,not_suitable,not_suitable,perfect,possible,not_suitable
cabinet_base,dcmhhh,graspable,200,2,124.8,max_dim=0.457,not_suitable,not_suitable,not_suitable,not_suitable,not_suitable,not_suitable
cabinet_door,ertkre,no_grasp,200,0,111.0,max_dim=0.457,not_suitable,not_suitable,not_suitable,not_suitable,not_suitable,not_suitable
cactus,imitmg,not_ready,0,0,0.0,max_dim=0.220,not_suitable,not_suitable,not_suitable,not_suitable,possible,not_suitable
cake_stand,tpchsr,not_ready,0,0,0.0,max_dim=0.307,possible,not_suitable,not_suitable,not_suitable,possible,not_suitable
calculator,kwmmty,graspable,200,5,37.2,max_dim=0.150,possible,not_suitable,not_suitable,not_suitable,perfect,not_suitable
calendar,ydunsu,graspable,200,5,28.5,max_dim=0.307,not_suitable,possible,not_suitable,not_suitable,possible,not_suitable
caliper,sngjmj,graspable,200,5,36.1,max_dim=0.248,not_suitable,not_suitable,not_suitable,not_suitable,possible,not_suitable
camera_tripod,hnpofr,too_large,0,0,0.0,max_dim=1.281,not_suitable,not_suitable,not_suitable,not_suitable,not_suitable,not_suitable
can,damllm,graspable,200,5,39.7,max_dim=0.341,possible,not_suitable,possible,not_suitable,possible,possible
can,dhqrwr,graspable,200,5,26.1,max_dim=0.183,possible,not_suitable,possible,not_suitable,possible,possible
can,moeqjz,graspable,200,5,73.0,max_dim=0.144,possible,not_suitable,possible,not_suitable,possible,possible
can_of_baking_mix,blrqqz,graspable,200,5,26.2,max_dim=0.110,possible,not_suitable,not_suitable,not_suitable,possible,not_suitable
can_of_baking_mix,fpbxfp,graspable,200,5,40.3,max_dim=0.110,possible,not_suitable,not_suitable,not_suitable,possible,not_suitable
can_of_baking_mix,ohtiap,graspable,200,5,20.2,max_dim=0.110,possible,not_suitable,not_suitable,not_suitable,possible,not_suitable
can_of_baking_mix,orwvfx,graspable,200,5,49.7,max_dim=0.104,possible,not_suitable,not_suitable,not_suitable,possible,not_suitable
can_of_baking_mix,rxorlp,graspable,200,5,28.9,max_dim=0.104,possible,not_suitable,not_suitable,not_suitable,possible,not_suitable
can_of_baking_mix,xefopo,graspable,200,5,56.4,max_dim=0.104,possible,not_suitable,not_suitable,not_suitable,possible,not_suitable
can_of_bay_leaves,ppwvjf,graspable,200,5,20.0,max_dim=0.074,possible,not_suitable,not_suitable,not_suitable,possible,not_suitable
can_of_beans,kclbuu,graspable,200,5,20.1,max_dim=0.099,possible,not_suitable,possible,not_suitable,possible,not_suitable
can_of_beans,ojqgjz,graspable,200,5,31.6,max_dim=0.099,possible,not_suitable,possible,not_suitable,possible,not_suitable
can_of_cat_food,omiuox,not_ready,0,0,0.0,max_dim=0.190,possible,not_suitable,possible,not_suitable,possible,not_suitable
can_of_coffee,poteji,graspable,200,5,17.2,max_dim=0.197,possible,not_suitable,not_suitable,not_suitable,possible,not_suitable
can_of_coffee,zubwua,graspable,200,5,10.8,max_dim=0.092,possible,not_suitable,not_suitable,not_suitable,possible,not_suitable
can_of_corn,alphlq,graspable,200,5,10.4,max_dim=0.101,possible,not_suitable,possible,not_suitable,possible,not_suitable
can_of_corn,kwwlfn,graspable,200,5,10.3,max_dim=0.092,possible,not_suitable,possible,not_suitable,possible,not_suitable
can_of_corn,pddtfk,graspable,200,5,40.1,max_dim=0.091,possible,not_suitable,possible,not_suitable,possible,not_suitable
can_of_dog_food,rgwfxq,not_ready,0,0,0.0,max_dim=0.275,possible,not_suitable,possible,not_suitable,possible,not_suitable
can_of_icetea,ifrjsc,graspable,200,5,34.6,max_dim=0.149,possible,not_suitable,possible,not_suitable,possible,not_suitable
can_of_oatmeal,qyukhm,graspable,200,5,32.8,max_dim=0.136,possible,not_suitable,not_suitable,not_suitable,possible,not_suitable
can_of_sardines,dpgmry,graspable,200,5,19.0,max_dim=0.118,possible,not_suitable,possible,not_suitable,possible,not_suitable
can_of_soda,bfrzvk,graspable,200,5,41.3,max_dim=0.125,possible,not_suitable,possible,not_suitable,possible,not_suitable
can_of_soda,chwjfu,not_ready,0,0,0.0,max_dim=0.154,possible,not_suitable,possible,not_suitable,possible,not_suitable
can_of_soda,evcxlr,graspable,200,5,27.2,max_dim=0.130,possible,not_suitable,possible,not_suitable,possible,not_suitable
can_of_soda,frewxk,graspable,200,5,38.9,max_dim=0.150,possible,not_suitable,possible,not_suitable,possible,not_suitable
can_of_soda,iloapr,not_ready,0,0,0.0,max_dim=0.174,possible,not_suitable,possible,not_suitable,possible,not_suitable
can_of_soda,itolcg,graspable,200,5,20.9,max_dim=0.135,possible,not_suitable,possible,not_suitable,possible,not_suitable
can_of_soda,ixrfxv,not_ready,0,0,0.0,max_dim=0.115,possible,not_suitable,possible,not_suitable,possible,not_suitable
can_of_soda,lugwcz,graspable,200,5,12.2,max_dim=0.127,possible,not_suitable,possible,not_suitable,possible,not_suitable
can_of_soda,mrrozu,not_ready,0,0,0.0,max_dim=0.174,possible,not_suitable,possible,not_suitable,possible,not_suitable
can_of_soda,opivig,graspable,200,5,27.4,max_dim=0.114,possible,not_suitable,possible,not_suitable,possible,not_suitable
can_of_soda,ttxyui,graspable,200,5,35.5,max_dim=0.194,possible,not_suitable,possible,not_suitable,possible,not_suitable
can_of_soda,uzbpnw,not_ready,0,0,0.0,max_dim=0.174,possible,not_suitable,possible,not_suitable,possible,not_suitable
can_of_soda,vszbvb,not_ready,0,0,0.0,max_dim=0.154,possible,not_suitable,possible,not_suitable,possible,not_suitable
can_of_soda,wbrrad,graspable,200,5,37.6,max_dim=0.150,possible,not_suitable,possible,not_suitable,possible,not_suitable
can_of_soda,xlyult,not_ready,0,0,0.0,max_dim=0.154,possible,not_suitable,possible,not_suitable,possible,not_suitable
can_of_soda,xmjfcg,graspable,200,5,43.6,max_dim=0.148,possible,not_suitable,possible,not_suitable,possible,not_suitable
can_of_tomato_paste,sqqdzb,graspable,200,5,13.3,max_dim=0.123,possible,not_suitable,possible,not_suitable,possible,not_suitable
can_of_tomatoes,ckdouu,graspable,200,5,27.1,max_dim=0.118,possible,not_suitable,possible,not_suitable,possible,not_suitable
candied_yam,axmnvy,not_ready,0,0,0.0,max_dim=0.072,not_suitable,not_suitable,not_suitable,perfect,not_suitable,not_suitable
candied_yam,ayqjzg,not_ready,0,0,0.0,max_dim=0.150,not_suitable,not_suitable,not_suitable,perfect,not_suitable,not_suitable
candied_yam,ivkukc,not_ready,0,0,0.0,max_dim=0.069,not_suitable,not_suitable,not_suitable,perfect,not_suitable,not_suitable
candied_yam,mztmgb,not_ready,0,0,0.0,max_dim=0.074,not_suitable,not_suitable,not_suitable,perfect,not_suitable,not_suitable
candied_yam,zzxnmn,not_ready,0,0,0.0,max_dim=0.150,not_suitable,not_suitable,not_suitable,perfect,not_suitable,not_suitable
candle_holder,nygnlp,graspable,200,5,16.9,max_dim=0.304,perfect,not_suitable,not_suitable,not_suitable,perfect,not_suitable
candle_holder,svqdrl,graspable,200,5,32.4,max_dim=0.270,perfect,not_suitable,not_suitable,not_suitable,perfect,not_suitable
candle_holder,szulaa,graspable,200,5,98.9,max_dim=0.137,perfect,not_suitable,not_suitable,not_suitable,perfect,not_suitable
candle_holder,tnlkzg,graspable,200,5,14.8,max_dim=0.356,perfect,not_suitable,not_suitable,not_suitable,perfect,not_suitable
candle_holder,wiufnv,graspable,200,5,19.0,max_dim=0.241,perfect,not_suitable,not_suitable,not_suitable,perfect,not_suitable
candy_cane,qfomjj,graspable,200,5,17.8,max_dim=0.080,not_suitable,not_suitable,not_suitable,possible,possible,not_suitable
candy_dispenser_shelf,hrehue,too_large,0,0,0.0,max_dim=2.172,not_suitable,not_suitable,not_suitable,not_suitable,not_suitable,not_suitable
canister,gqwnfv,not_ready,0,0,0.0,max_dim=0.178,possible,not_suitable,possible,not_suitable,possible,possible
canister,xcppkc,graspable,200,5,27.2,max_dim=0.177,possible,not_suitable,possible,not_suitable,possible,possible
canned_food,acgdtc,graspable,200,5,15.8,max_dim=0.115,possible,not_suitable,possible,not_suitable,possible,not_suitable
canned_food,byakrm,graspable,200,5,11.7,max_dim=0.082,possible,not_suitable,possible,not_suitable,possible,not_suitable
canned_food,cbmndg,graspable,200,5,11.5,max_dim=0.137,possible,not_suitable,possible,not_suitable,possible,not_suitable
canned_food,foetdd,graspable,200,5,56.9,max_dim=0.170,possible,not_suitable,possible,not_suitable,possible,not_suitable
canned_food,pkopdw,graspable,200,5,14.4,max_dim=0.128,possible,not_suitable,possible,not_suitable,possible,not_suitable
canned_food,qhgdys,graspable,200,5,17.6,max_dim=0.148,possible,not_suitable,possible,not_suitable,possible,not_suitable
canned_food,ycbspm,graspable,200,5,11.7,max_dim=0.102,possible,not_suitable,possible,not_suitable,possible,not_suitable
canned_food,ycodks,not_ready,0,0,0.0,max_dim=0.140,possible,not_suitable,possible,not_suitable,possible,not_suitable
canned_food,zfmfje,graspable,200,5,19.1,max_dim=0.157,possible,not_suitable,possible,not_suitable,possible,not_suitable
cantaloup,jakyah,graspable,200,5,92.4,max_dim=0.235,not_suitable,not_suitable,not_suitable,perfect,not_suitable,not_suitable
cantaloup,pqcnoc,graspable,200,5,51.8,max_dim=0.200,not_suitable,not_suitable,not_suitable,perfect,not_suitable,not_suitable
canteen,ouhqnw,graspable,200,5,12.4,max_dim=0.223,possible,not_suitable,possible,not_suitable,possible,not_suitable
canteen,ttxunv,not_ready,0,0,0.0,max_dim=0.143,possible,not_suitable,possible,not_suitable,possible,not_suitable
canvas,adxquq,too_large,0,0,0.0,max_dim=1.150,not_suitable,not_suitable,not_suitable,not_suitable,not_suitable,not_suitable
cap,actmgl,not_ready,0,0,0.0,max_dim=0.107,not_suitable,not_suitable,not_suitable,not_suitable,possible,not_suitable
cap,amryfj,not_ready,0,0,0.0,max_dim=0.037,not_suitable,not_suitable,not_suitable,not_suitable,possible,not_suitable
cap,arskxc,graspable,200,5,9.9,max_dim=0.077,not_suitable,not_suitable,not_suitable,not_suitable,possible,not_suitable
cap,ceizxn,not_ready,0,0,0.0,max_dim=0.043,not_suitable,not_suitable,not_suitable,not_suitable,possible,not_suitable
cap,ciopwh,graspable,200,5,12.3,max_dim=0.076,not_suitable,not_suitable,not_suitable,not_suitable,possible,not_suitable
cap,clhquh,graspable,200,5,12.1,max_dim=0.076,not_suitable,not_suitable,not_suitable,not_suitable,possible,not_suitable
cap,dduopd,not_ready,0,0,0.0,max_dim=0.098,not_suitable,not_suitable,not_suitable,not_suitable,possible,not_suitable
cap,dmzavi,not_ready,0,0,0.0,max_dim=0.022,not_suitable,not_suitable,not_suitable,not_suitable,possible,not_suitable
cap,dwpcld,graspable,200,5,11.5,max_dim=0.076,not_suitable,not_suitable,not_suitable,not_suitable,possible,not_suitable
cap,eukcfr,graspable,200,5,11.8,max_dim=0.018,not_suitable,not_suitable,not_suitable,not_suitable,possible,not_suitable
cap,fomiem,not_ready,0,0,0.0,max_dim=0.031,not_suitable,not_suitable,not_suitable,not_suitable,possible,not_suitable
cap,ghwjwe,graspable,200,5,10.9,max_dim=0.026,not_suitable,not_suitable,not_suitable,not_suitable,possible,not_suitable
cap,gmdwwe,graspable,200,5,11.2,max_dim=0.031,not_suitable,not_suitable,not_suitable,not_suitable,possible,not_suitable
cap,gxkbcd,graspable,200,5,11.1,max_dim=0.030,not_suitable,not_suitable,not_suitable,not_suitable,possible,not_suitable
cap,hbafeb,graspable,200,5,11.7,max_dim=0.033,not_suitable,not_suitable,not_suitable,not_suitable,possible,not_suitable
cap,hkvuxj,graspable,200,5,11.4,max_dim=0.132,not_suitable,not_suitable,not_suitable,not_suitable,possible,not_suitable
cap,iizvmn,not_ready,0,0,0.0,max_dim=0.025,not_suitable,not_suitable,not_suitable,not_suitable,possible,not_suitable
cap,iqeyba,graspable,200,5,12.3,max_dim=0.077,not_suitable,not_suitable,not_suitable,not_suitable,possible,not_suitable
cap,jybxvq,graspable,200,5,11.1,max_dim=0.076,not_suitable,not_suitable,not_suitable,not_suitable,possible,not_suitable
cap,kaolpg,not_ready,0,0,0.0,max_dim=0.208,not_suitable,not_suitable,not_suitable,not_suitable,possible,not_suitable
cap,mgirzi,graspable,200,5,11.3,max_dim=0.033,not_suitable,not_suitable,not_suitable,not_suitable,possible,not_suitable
cap,ngionj,graspable,200,5,11.5,max_dim=0.117,not_suitable,not_suitable,not_suitable,not_suitable,possible,not_suitable
cap,nkjxbc,not_ready,0,0,0.0,max_dim=0.052,not_suitable,not_suitable,not_suitable,not_suitable,possible,not_suitable
cap,owcsun,not_ready,0,0,0.0,max_dim=0.059,not_suitable,not_suitable,not_suitable,not_suitable,possible,not_suitable
cap,oyofsv,not_ready,0,0,0.0,max_dim=0.098,not_suitable,not_suitable,not_suitable,not_suitable,possible,not_suitable
cap,pwsngg,graspable,200,5,13.0,max_dim=0.051,not_suitable,not_suitable,not_suitable,not_suitable,possible,not_suitable
cap,qcfsnv,graspable,200,5,11.2,max_dim=0.076,not_suitable,not_suitable,not_suitable,not_suitable,possible,not_suitable
cap,qscujv,graspable,200,5,11.2,max_dim=0.051,not_suitable,not_suitable,not_suitable,not_suitable,possible,not_suitable
cap,qwrndi,not_ready,0,0,0.0,max_dim=0.077,not_suitable,not_suitable,not_suitable,not_suitable,possible,not_suitable
cap,rgtedj,graspable,200,5,13.2,max_dim=0.036,not_suitable,not_suitable,not_suitable,not_suitable,possible,not_suitable
cap,rhoycw,not_ready,0,0,0.0,max_dim=0.058,not_suitable,not_suitable,not_suitable,not_suitable,possible,not_suitable
cap,sjsles,not_ready,0,0,0.0,max_dim=0.046,not_suitable,not_suitable,not_suitable,not_suitable,possible,not_suitable
cap,tkwpyr,not_ready,0,0,0.0,max_dim=0.037,not_suitable,not_suitable,not_suitable,not_suitable,possible,not_suitable
cap,tpknvf,graspable,200,5,8.7,max_dim=0.098,not_suitable,not_suitable,not_suitable,not_suitable,possible,not_suitable
cap,uxpeaz,graspable,200,5,9.6,max_dim=0.058,not_suitable,not_suitable,not_suitable,not_suitable,possible,not_suitable
cap,vnpjfn,graspable,200,5,10.8,max_dim=0.076,not_suitable,not_suitable,not_suitable,not_suitable,possible,not_suitable
cap,vsvwig,graspable,200,5,11.0,max_dim=0.050,not_suitable,not_suitable,not_suitable,not_suitable,possible,not_suitable
cap,wwbayp,graspable,200,5,11.1,max_dim=0.076,not_suitable,not_suitable,not_suitable,not_suitable,possible,not_suitable
cap,xeswtq,graspable,200,5,10.7,max_dim=0.077,not_suitable,not_suitable,not_suitable,not_suitable,possible,not_suitable
cap,xsxeij,not_ready,0,0,0.0,max_dim=0.040,not_suitable,not_suitable,not_suitable,not_suitable,possible,not_suitable
cap,xxqyrt,graspable,200,5,14.0,max_dim=0.052,not_suitable,not_suitable,not_suitable,not_suitable,possible,not_suitable
cap,ygsmgm,graspable,200,5,12.0,max_dim=0.046,not_suitable,not_suitable,not_suitable,not_suitable,possible,not_suitable
cap,yivige,not_ready,0,0,0.0,max_dim=0.094,not_suitable,not_suitable,not_suitable,not_suitable,possible,not_suitable
cap,yqvild,graspable,200,5,11.5,max_dim=0.076,not_suitable,not_suitable,not_suitable,not_suitable,possible,not_suitable
cap,ytjxqn,graspable,200,5,11.8,max_dim=0.076,not_suitable,not_suitable,not_suitable,not_suitable,possible,not_suitable
cap,zggjif,not_ready,0,0,0.0,max_dim=0.098,not_suitable,not_suitable,not_suitable,not_suitable,possible,not_suitable
cap,zknitk,not_ready,0,0,0.0,max_dim=0.047,not_suitable,not_suitable,not_suitable,not_suitable,possible,not_suitable
car,ssxsje,too_large,0,0,0.0,max_dim=5.053,not_suitable,not_suitable,not_suitable,not_suitable,not_suitable,not_suitable
car,xxsgpq,too_large,0,0,0.0,max_dim=5.053,not_suitable,not_suitable,not_suitable,not_suitable,not_suitable,not_suitable
car_wheel,lnbowh,too_large,0,0,0.0,max_dim=0.549,not_suitable,not_suitable,not_suitable,not_suitable,not_suitable,not_suitable
car_wheel,xeedbe,too_large,0,0,0.0,max_dim=0.608,not_suitable,not_suitable,not_suitable,not_suitable,not_suitable,not_suitable
carafe,hdbsog,graspable,200,5,20.7,max_dim=0.302,perfect,not_suitable,perfect,not_suitable,perfect,possible
carafe,mdtkkv,not_ready,0,0,0.0,max_dim=0.386,perfect,not_suitable,perfect,not_suitable,perfect,possible
carafe,ocjcgp,graspable,200,5,10.0,max_dim=0.232,perfect,not_suitable,perfect,not_suitable,perfect,possible
cardigan,itrkhr,too_large,0,0,0.0,max_dim=0.674,not_suitable,not_suitable,not_suitable,not_suitable,not_suitable,not_suitable
cardstock,bihwte,graspable,200,5,33.1,max_dim=0.280,not_suitable,perfect,not_suitable,not_suitable,possible,not_suitable
carpet,brrqkq,too_large,0,0,0.0,max_dim=11.418,not_suitable,not_suitable,not_suitable,not_suitable,not_suitable,not_suitable
carpet,ctclvd,too_large,0,0,0.0,max_dim=1.225,not_suitable,not_suitable,not_suitable,not_suitable,not_suitable,not_suitable
carpet,eayztt,too_large,0,0,0.0,max_dim=1.407,not_suitable,not_suitable,not_suitable,not_suitable,not_suitable,not_suitable
carpet,giqcnw,too_large,0,0,0.0,max_dim=2.996,not_suitable,not_suitable,not_suitable,not_suitable,not_suitable,not_suitable
carpet,gvwhfn,too_large,0,0,0.0,max_dim=1.401,not_suitable,not_suitable,not_suitable,not_suitable,not_suitable,not_suitable
carpet,iqnove,too_large,0,0,0.0,max_dim=3.675,not_suitable,not_suitable,not_suitable,not_suitable,not_suitable,not_suitable
carpet,sehjcp,too_large,0,0,0.0,max_dim=0.984,not_suitable,not_suitable,not_suitable,not_suitable,not_suitable,not_suitable
carpet,stmltt,too_large,0,0,0.0,max_dim=3.319,not_suitable,not_suitable,not_suitable,not_suitable,not_suitable,not_suitable
carpet,vlccww,too_large,0,0,0.0,max_dim=3.256,not_suitable,not_suitable,not_suitable,not_suitable,not_suitable,not_suitable
carpet,vnlbqn,too_large,0,0,0.0,max_dim=2.710,not_suitable,not_suitable,not_suitable,not_suitable,not_suitable,not_suitable
carpet_sweeper,xboreo,too_large,0,0,0.0,max_dim=0.826,not_suitable,not_suitable,not_suitable,not_suitable,not_suitable,not_suitable
carrot,aucrah,graspable,200,5,50.8,max_dim=0.249,not_suitable,not_suitable,not_suitable,perfect,possible,not_suitable
carrot,nktmff,graspable,200,5,17.0,max_dim=0.091,not_suitable,not_suitable,not_suitable,perfect,possible,not_suitable
carrot,qhmmmx,graspable,200,5,27.1,max_dim=0.180,not_suitable,not_suitable,not_suitable,perfect,possible,not_suitable
carton,causya,too_large,0,0,0.0,max_dim=1.000,not_suitable,not_suitable,possible,not_suitable,possible,not_suitable
carton,cdmmwy,graspable,200,3,109.0,max_dim=0.314,not_suitable,not_suitable,possible,not_suitable,possible,not_suitable
carton,hhlmbi,no_grasp,200,0,7.5,max_dim=0.222,not_suitable,not_suitable,possible,not_suitable,possible,not_suitable
carton,libote,no_grasp,200,0,7.6,max_dim=0.213,not_suitable,not_suitable,possible,not_suitable,possible,not_suitable
carton,msfzpz,too_large,0,0,0.0,max_dim=1.195,not_suitable,not_suitable,possible,not_suitable,possible,not_suitable
carton,sxlklf,too_large,0,0,0.0,max_dim=1.196,not_suitable,not_suitable,possible,not_suitable,possible,not_suitable
carton,ylrxhe,too_large,0,0,0.0,max_dim=0.637,not_suitable,not_suitable,possible,not_suitable,possible,not_suitable
carton_of_eggs,mimzbz,no_grasp,200,0,12.8,max_dim=0.400,not_suitable,not_suitable,not_suitable,not_suitable,possible,not_suitable
carton_of_eggs,rixhgu,no_grasp,200,0,16.6,max_dim=0.263,not_suitable,not_suitable,not_suitable,not_suitable,possible,not_suitable
carton_of_eggs,stxfxb,no_grasp,200,0,16.7,max_dim=0.290,not_suitable,not_suitable,not_suitable,not_suitable,possible,not_suitable
carton_of_eggs,tacdgl,not_ready,0,0,0.0,max_dim=0.290,not_suitable,not_suitable,not_suitable,not_suitable,possible,not_suitable
carton_of_milk,atyqub,no_grasp,200,0,16.9,max_dim=0.152,possible,not_suitable,possible,not_suitable,possible,not_suitable
carton_of_milk,kklgxk,no_grasp,200,0,17.2,max_dim=0.149,possible,not_suitable,possible,not_suitable,possible,not_suitable
carton_of_milk,kszoro,no_grasp,200,0,17.4,max_dim=0.181,possible,not_suitable,possible,not_suitable,possible,not_suitable
carton_of_milk,orikxq,not_ready,0,0,0.0,max_dim=0.166,possible,not_suitable,possible,not_suitable,possible,not_suitable
carton_of_milk,vkttfb,not_ready,0,0,0.0,max_dim=0.192,possible,not_suitable,possible,not_suitable,possible,not_suitable
carton_of_milk,xmugpm,no_grasp,200,0,17.6,max_dim=0.218,possible,not_suitable,possible,not_suitable,possible,not_suitable
carton_of_milk,znqqft,not_ready,0,0,0.0,max_dim=0.130,possible,not_suitable,possible,not_suitable,possible,not_suitable
carton_of_orange_juice,brryuo,no_grasp,200,0,17.5,max_dim=0.218,possible,not_suitable,possible,not_suitable,possible,not_suitable
carton_of_orange_juice,gpbmnk,no_grasp,200,0,17.6,max_dim=0.181,possible,not_suitable,possible,not_suitable,possible,not_suitable
carton_of_pineapple_juice,vzueyg,no_grasp,200,0,17.8,max_dim=0.110,possible,not_suitable,possible,not_suitable,possible,not_suitable
carton_of_soy_milk,orgyvw,graspable,200,5,49.8,max_dim=0.192,possible,not_suitable,possible,not_suitable,possible,not_suitable
carving_knife,alekva,graspable,200,5,56.0,max_dim=0.266,not_suitable,not_suitable,not_suitable,not_suitable,possible,not_suitable
carving_knife,awvoox,graspable,200,5,22.5,max_dim=0.226,not_suitable,not_suitable,not_suitable,not_suitable,possible,not_suitable
carving_knife,fqqbop,graspable,200,5,31.8,max_dim=0.323,not_suitable,not_suitable,not_suitable,not_suitable,possible,not_suitable
carving_knife,ghhbgo,not_ready,0,0,0.0,max_dim=0.339,not_suitable,not_suitable,not_suitable,not_suitable,possible,not_suitable
carving_knife,gixmnd,graspable,200,5,47.4,max_dim=0.321,not_suitable,not_suitable,not_suitable,not_suitable,possible,not_suitable
carving_knife,icxnkd,not_ready,0,0,0.0,max_dim=0.311,not_suitable,not_suitable,not_suitable,not_suitable,possible,not_suitable
carving_knife,mzhpkm,not_ready,0,0,0.0,max_dim=0.267,not_suitable,not_suitable,not_suitable,not_suitable,possible,not_suitable
carving_knife,oxvnsa,not_ready,0,0,0.0,max_dim=0.316,not_suitable,not_suitable,not_suitable,not_suitable,possible,not_suitable
carving_knife,usqmjc,not_ready,0,0,0.0,max_dim=0.318,not_suitable,not_suitable,not_suitable,not_suitable,possible,not_suitable
carving_knife,xsjhji,not_ready,0,0,0.0,max_dim=0.381,not_suitable,not_suitable,not_suitable,not_suitable,possible,not_suitable
carving_knife,zaihmr,graspable,200,5,41.8,max_dim=0.277,not_suitable,not_suitable,not_suitable,not_suitable,possible,not_suitable
case_of_eyeshadow,zgervc,no_grasp,200,0,5.0,max_dim=0.080,not_suitable,not_suitable,not_suitable,not_suitable,possible,not_suitable
cash_register,ekvdjq,too_large,0,0,0.0,max_dim=0.689,not_suitable,not_suitable,not_suitable,not_suitable,not_suitable,not_suitable
cash_register,ykfcaz,no_grasp,200,0,2.0,max_dim=0.490,not_suitable,not_suitable,not_suitable,not_suitable,not_suitable,not_suitable
casserole,mmbavt,not_ready,0,0,0.0,max_dim=0.321,possible,not_suitable,perfect,not_suitable,possible,perfect
casserole,ncbsee,no_grasp,200,0,2.1,max_dim=0.245,possible,not_suitable,perfect,not_suitable,possible,perfect
cast,heuzgu,no_grasp,200,0,2.1,max_dim=0.107,not_suitable,not_suitable,not_suitable,not_suitable,not_suitable,not_suitable
cat_food_tin,rclizj,not_ready,0,0,0.0,max_dim=0.146,possible,not_suitable,possible,not_suitable,possible,not_suitable
catalog,aygcnt,no_grasp,200,0,1.7,max_dim=0.297,not_suitable,perfect,not_suitable,not_suitable,possible,not_suitable
catalog,deirql,no_grasp,200,0,1.7,max_dim=0.297,not_suitable,perfect,not_suitable,not_suitable,possible,not_suitable
catalog,uilzqm,no_grasp,200,0,1.7,max_dim=0.395,not_suitable,perfect,not_suitable,not_suitable,possible,not_suitable
catalog,zmidof,no_grasp,200,0,1.5,max_dim=0.297,not_suitable,perfect,not_suitable,not_suitable,possible,not_suitable
catsup_bottle,qfvqfm,no_grasp,200,0,2.2,max_dim=0.258,possible,not_suitable,possible,not_suitable,possible,not_suitable
cauldron,lbcxwi,not_ready,0,0,0.0,max_dim=0.333,not_suitable,not_suitable,perfect,not_suitable,not_suitable,perfect
cauldron,zndohl,no_grasp,200,0,2.2,max_dim=0.291,not_suitable,not_suitable,perfect,not_suitable,not_suitable,perfect
cauliflower,genkom,no_grasp,200,0,2.3,max_dim=0.251,not_suitable,not_suitable,not_suitable,perfect,possible,not_suitable
cayenne_shaker,ueytzu,no_grasp,200,0,2.9,max_dim=0.160,possible,not_suitable,not_suitable,not_suitable,perfect,not_suitable
cd,xkfnrj,not_ready,0,0,0.0,max_dim=0.120,not_suitable,possible,not_suitable,not_suitable,possible,not_suitable
cedar_chest,fwstpx,too_large,0,0,0.0,max_dim=0.535,not_suitable,not_suitable,not_suitable,not_suitable,not_suitable,not_suitable
cedar_chest,gbdzls,no_grasp,200,0,1.9,max_dim=0.399,not_suitable,not_suitable,not_suitable,not_suitable,not_suitable,not_suitable
ceiling_air_conditioner,hapein,too_large,0,0,0.0,max_dim=0.669,not_suitable,not_suitable,not_suitable,not_suitable,not_suitable,not_suitable
ceiling_fan,xtmacj,too_large,0,0,0.0,max_dim=1.220,not_suitable,not_suitable,not_suitable,not_suitable,not_suitable,not_suitable
ceiling_mounted_basketball_hoop,bsljrc,too_large,0,0,0.0,max_dim=4.987,not_suitable,not_suitable,not_suitable,not_suitable,not_suitable,not_suitable
ceiling_mounted_basketball_hoop,szrztv,too_large,0,0,0.0,max_dim=4.774,not_suitable,not_suitable,not_suitable,not_suitable,not_suitable,not_suitable
ceiling_mounted_projector,uswrqt,too_large,0,0,0.0,max_dim=0.697,not_suitable,not_suitable,not_suitable,not_suitable,not_suitable,not_suitable
ceiling_rack,bndsom,too_large,0,0,0.0,max_dim=1.585,not_suitable,not_suitable,not_suitable,not_suitable,not_suitable,not_suitable
ceiling_rack,fclnmc,too_large,0,0,0.0,max_dim=1.585,not_suitable,not_suitable,not_suitable,not_suitable,not_suitable,not_suitable
ceiling_rack,ftujuv,too_large,0,0,0.0,max_dim=2.830,not_suitable,not_suitable,not_suitable,not_suitable,not_suitable,not_suitable
ceiling_rack,krcbvr,too_large,0,0,0.0,max_dim=1.585,not_suitable,not_suitable,not_suitable,not_suitable,not_suitable,not_suitable
ceiling_rack,miimrw,too_large,0,0,0.0,max_dim=0.808,not_suitable,not_suitable,not_suitable,not_suitable,not_suitable,not_suitable
ceiling_rack,ratlvl,too_large,0,0,0.0,max_dim=3.155,not_suitable,not_suitable,not_suitable,not_suitable,not_suitable,not_suitable
ceiling_rack,rjfwip,too_large,0,0,0.0,max_dim=1.585,not_suitable,not_suitable,not_suitable,not_suitable,not_suitable,not_suitable
ceiling_rack,sbwapx,too_large,0,0,0.0,max_dim=0.564,not_suitable,not_suitable,not_suitable,not_suitable,not_suitable,not_suitable
celery,rqvtqi,no_grasp,200,0,1.9,max_dim=0.221,not_suitable,not_suitable,not_suitable,perfect,not_suitable,not_suitable
cell_phone,dbhfuh,not_ready,0,0,0.0,max_dim=0.141,possible,not_suitable,not_suitable,not_suitable,perfect,not_suitable
cellulose_tape,gchdhk,no_grasp,200,0,1.8,max_dim=0.050,not_suitable,not_suitable,not_suitable,not_suitable,possible,not_suitable
cellulose_tape,kavsnx,no_grasp,200,0,2.0,max_dim=0.062,not_suitable,not_suitable,not_suitable,not_suitable,possible,not_suitable
cellulose_tape,sklkyc,no_grasp,200,0,1.8,max_dim=0.050,not_suitable,not_suitable,not_suitable,not_suitable,possible,not_suitable
cellulose_tape_dispenser,budhaz,no_grasp,200,0,1.7,max_dim=0.112,possible,not_suitable,not_suitable,not_suitable,perfect,not_suitable
cellulose_tape_dispenser,fetnry,graspable,200,5,13.2,max_dim=0.112,possible,not_suitable,not_suitable,not_suitable,perfect,not_suitable
cellulose_tape_dispenser,yyekns,graspable,200,5,13.2,max_dim=0.112,possible,not_suitable,not_suitable,not_suitable,perfect,not_suitable
centerpiece,atfpvd,not_ready,0,0,0.0,max_dim=0.412,possible,not_suitable,not_suitable,not_suitable,perfect,not_suitable
ceramic_tile,bpaedx,graspable,200,5,21.8,max_dim=0.152,not_suitable,possible,not_suitable,not_suitable,not_suitable,not_suitable
ceramic_tile,cgsele,graspable,200,5,20.6,max_dim=0.185,not_suitable,possible,not_suitable,not_suitable,not_suitable,not_suitable
ceramic_tile,vyjdcl,graspable,200,5,25.2,max_dim=0.185,not_suitable,possible,not_suitable,not_suitable,not_suitable,not_suitable
ceramic_tile,xncyem,graspable,200,5,31.9,max_dim=0.185,not_suitable,possible,not_suitable,not_suitable,not_suitable,not_suitable
ceremonial_robe,stcrad,too_large,0,0,0.0,max_dim=1.500,not_suitable,not_suitable,not_suitable,not_suitable,not_suitable,not_suitable
chainsaw,xfihoe,too_large,0,0,0.0,max_dim=1.012,not_suitable,not_suitable,not_suitable,not_suitable,not_suitable,not_suitable
chaise_longue,ajjxcd,too_large,0,0,0.0,max_dim=0.879,not_suitable,not_suitable,not_suitable,not_suitable,not_suitable,not_suitable
chaise_longue,uicxlz,too_large,0,0,0.0,max_dim=1.069,not_suitable,not_suitable,not_suitable,not_suitable,not_suitable,not_suitable
chaise_longue,xmjcle,too_large,0,0,0.0,max_dim=0.879,not_suitable,not_suitable,not_suitable,not_suitable,not_suitable,not_suitable
chalice,sfkezf,graspable,200,5,22.1,max_dim=0.120,perfect,not_suitable,perfect,not_suitable,perfect,perfect
chandelier,nflhjl,too_large,0,0,0.0,max_dim=1.165,not_suitable,not_suitable,not_suitable,not_suitable,not_suitable,not_suitable
chandelier,qghfol,too_large,0,0,0.0,max_dim=2.570,not_suitable,not_suitable,not_suitable,not_suitable,not_suitable,not_suitable
chandelier,xtwiwi,too_large,0,0,0.0,max_dim=1.664,not_suitable,not_suitable,not_suitable,not_suitable,not_suitable,not_suitable
chandelier,zgwevt,too_large,0,0,0.0,max_dim=1.664,not_suitable,not_suitable,not_suitable,not_suitable,not_suitable,not_suitable
chanterelle,rwntzn,not_ready,0,0,0.0,max_dim=0.121,not_suitable,not_suitable,not_suitable,perfect,not_suitable,not_suitable
charcoal_grill,cgobyh,too_large,0,0,0.0,max_dim=1.209,not_suitable,not_suitable,not_suitable,not_suitable,not_suitable,not_suitable
charcoal_grill,crdaeu,too_large,0,0,0.0,max_dim=1.127,not_suitable,not_suitable,not_suitable,not_suitable,not_suitable,not_suitable
charcoal_grill,ddlqye,too_large,0,0,0.0,max_dim=0.501,not_suitable,not_suitable,not_suitable,not_suitable,not_suitable,not_suitable
charcoal_grill,tusmtd,too_large,0,0,0.0,max_dim=1.209,not_suitable,not_suitable,not_suitable,not_suitable,not_suitable,not_suitable
chard,linuaq,not_ready,0,0,0.0,max_dim=0.171,not_suitable,not_suitable,not_suitable,perfect,not_suitable,not_suitable
charger,bapkyh,graspable,200,5,13.9,max_dim=0.044,not_suitable,not_suitable,not_suitable,not_suitable,possible,not_suitable
checkout_counter,hhvxxr,too_large,0,0,0.0,max_dim=3.023,not_suitable,not_suitable,not_suitable,not_suitable,not_suitable,not_suitable
checkout_counter,odcaop,too_large,0,0,0.0,max_dim=1.777,not_suitable,not_suitable,not_suitable,not_suitable,not_suitable,not_suitable
checkout_counter,sckdal,too_large,0,0,0.0,max_dim=3.091,not_suitable,not_suitable,not_suitable,not_suitable,not_suitable,not_suitable
checkout_counter,umnoqh,too_large,0,0,0.0,max_dim=3.406,not_suitable,not_suitable,not_suitable,not_suitable,not_suitable,not_suitable
cheddar,cheqcd,not_ready,0,0,0.0,max_dim=0.082,not_suitable,not_suitable,not_suitable,perfect,possible,not_suitable
cheddar,ewvbng,not_ready,0,0,0.0,max_dim=0.099,not_suitable,not_suitable,not_suitable,perfect,possible,not_suitable
cheese_danish,hkdtwp,graspable,200,5,15.5,max_dim=0.152,not_suitable,not_suitable,not_suitable,perfect,possible,not_suitable
cheese_tart,dxluyi,graspable,200,5,11.9,max_dim=0.237,not_suitable,not_suitable,not_suitable,perfect,possible,not_suitable
cheese_tart,pyynjg,not_ready,0,0,0.0,max_dim=0.255,not_suitable,not_suitable,not_suitable,perfect,possible,not_suitable
cheese_tart,rnsdha,not_ready,0,0,0.0,max_dim=0.211,not_suitable,not_suitable,not_suitable,perfect,possible,not_suitable
cheesecake,epmobi,graspable,200,5,13.9,max_dim=0.117,not_suitable,not_suitable,not_suitable,perfect,possible,not_suitable
cherry,lencii,graspable,200,5,19.4,max_dim=0.011,not_suitable,not_suitable,not_suitable,perfect,not_suitable,not_suitable
cherry,lkltpa,graspable,200,5,10.6,max_dim=0.011,not_suitable,not_suitable,not_suitable,perfect,not_suitable,not_suitable
cherry_tomato,dqjuub,graspable,200,5,11.9,max_dim=0.034,not_suitable,not_suitable,not_suitable,perfect,not_suitable,not_suitable
cherry_tomato,dqvtgm,graspable,200,5,14.6,max_dim=0.032,not_suitable,not_suitable,not_suitable,perfect,not_suitable,not_suitable
cherry_tomato,eukpfb,graspable,200,5,10.6,max_dim=0.035,not_suitable,not_suitable,not_suitable,perfect,not_suitable,not_suitable
cherry_tomato,hmsqrh,graspable,200,5,10.2,max_dim=0.036,not_suitable,not_suitable,not_suitable,perfect,not_suitable,not_suitable
cherry_tomato,iydznu,graspable,200,5,11.3,max_dim=0.031,not_suitable,not_suitable,not_suitable,perfect,not_suitable,not_suitable
chess_set,nzgefv,graspable,200,5,27.2,max_dim=0.277,not_suitable,not_suitable,not_suitable,not_suitable,possible,not_suitable
chess_set,zncboj,too_large,0,0,0.0,max_dim=0.746,not_suitable,not_suitable,not_suitable,not_suitable,possible,not_suitable
chestnut,fmomat,graspable,200,5,12.2,max_dim=0.020,not_suitable,not_suitable,not_suitable,possible,not_suitable,not_suitable
chestnut,gjbnba,graspable,200,5,10.4,max_dim=0.038,not_suitable,not_suitable,not_suitable,possible,not_suitable,not_suitable
chestnut,tairrn,graspable,200,5,11.0,max_dim=0.028,not_suitable,not_suitable,not_suitable,possible,not_suitable,not_suitable
chestnut,tulvpb,graspable,200,5,12.9,max_dim=0.023,not_suitable,not_suitable,not_suitable,possible,not_suitable,not_suitable
chia_seed_bag,xkixrg,graspable,200,5,43.5,max_dim=0.367,not_suitable,not_suitable,not_suitable,not_suitable,possible,not_suitable
chicken,nppsmz,graspable,200,5,15.8,max_dim=0.253,not_suitable,not_suitable,not_suitable,perfect,not_suitable,not_suitable
chicken_breast,iuuyre,graspable,200,5,35.5,max_dim=0.271,not_suitable,not_suitable,not_suitable,perfect,not_suitable,not_suitable
chicken_broth_carton,ztripg,graspable,200,5,15.7,max_dim=0.305;manual_override,not_suitable,not_suitable,possible,not_suitable,possible,possible
chicken_coop,kieuxg,too_large,0,0,0.0,max_dim=1.684,not_suitable,not_suitable,not_suitable,not_suitable,not_suitable,not_suitable
chicken_leg,nhfiuh,graspable,200,5,13.7,max_dim=0.133,not_suitable,not_suitable,not_suitable,perfect,not_suitable,not_suitable
chicken_soup_carton,ooyqcr,graspable,200,5,16.1,max_dim=0.305;manual_override,not_suitable,not_suitable,possible,not_suitable,possible,possible
chicken_tender,eiwmqk,not_ready,0,0,0.0,max_dim=0.069,not_suitable,not_suitable,not_suitable,perfect,not_suitable,not_suitable
chicken_tender,mjimcu,not_ready,0,0,0.0,max_dim=0.067,not_suitable,not_suitable,not_suitable,perfect,not_suitable,not_suitable
chicken_tender,waemzf,not_ready,0,0,0.0,max_dim=0.067,not_suitable,not_suitable,not_suitable,perfect,not_suitable,not_suitable
chicken_wing,maxyok,not_ready,0,0,0.0,max_dim=0.134,not_suitable,not_suitable,not_suitable,perfect,not_suitable,not_suitable
chicken_wire,czoiqw,too_large,0,0,0.0,max_dim=3.456,not_suitable,not_suitable,not_suitable,not_suitable,not_suitable,not_suitable
chickpea_can,jeqtzg,not_ready,0,0,0.0,max_dim=0.204,possible,not_suitable,possible,not_suitable,possible,not_suitable
chili,agecro,graspable,200,5,10.1,max_dim=0.092,not_suitable,not_suitable,not_suitable,perfect,not_suitable,not_suitable
chili,pbbkpz,graspable,200,5,14.7,max_dim=0.043,not_suitable,not_suitable,not_suitable,perfect,not_suitable,not_suitable
chili,rafkbt,graspable,200,5,10.4,max_dim=0.086,not_suitable,not_suitable,not_suitable,perfect,not_suitable,not_suitable
chili,xhbpqh,graspable,200,5,14.4,max_dim=0.039,not_suitable,not_suitable,not_suitable,perfect,not_suitable,not_suitable
china,cvdbum,no_grasp,200,0,103.5,max_dim=0.496,not_suitable,possible,not_suitable,not_suitable,possible,possible
china,gklybu,graspable,200,5,58.3,max_dim=0.370,not_suitable,possible,not_suitable,not_suitable,possible,possible
china,hacehh,graspable,200,1,128.0,max_dim=0.496,not_suitable,possible,not_suitable,not_suitable,possible,possible
china,jwxbpa,graspable,200,1,104.1,max_dim=0.496,not_suitable,possible,not_suitable,not_suitable,possible,possible
china,qhnpmc,graspable,200,5,16.0,max_dim=0.370,not_suitable,possible,not_suitable,not_suitable,possible,possible
china,qlxhhh,graspable,200,5,30.3,max_dim=0.370,not_suitable,possible,not_suitable,not_suitable,possible,possible
chip,obgeiz,graspable,200,5,10.1,max_dim=0.052,not_suitable,not_suitable,not_suitable,possible,not_suitable,not_suitable
chisel,tuqmpz,graspable,200,5,30.2,max_dim=0.238,not_suitable,not_suitable,not_suitable,not_suitable,possible,not_suitable
chives,gboofh,graspable,200,5,18.5,max_dim=0.233,not_suitable,not_suitable,not_suitable,perfect,not_suitable,not_suitable
chives,vvacxt,graspable,200,5,19.4,max_dim=0.280,not_suitable,not_suitable,not_suitable,perfect,not_suitable,not_suitable
chives,yifjct,graspable,200,5,17.9,max_dim=0.280,not_suitable,not_suitable,not_suitable,perfect,not_suitable,not_suitable
chlorine_bottle,uzkxtz,graspable,200,5,12.4,max_dim=0.276,not_suitable,not_suitable,possible,not_suitable,not_suitable,not_suitable
chocolate_bar,amutpr,graspable,200,5,58.6,max_dim=0.178,not_suitable,not_suitable,not_suitable,perfect,possible,not_suitable
chocolate_bar,bcfudr,graspable,200,5,75.5,max_dim=0.178,not_suitable,not_suitable,not_suitable,perfect,possible,not_suitable
chocolate_bar,dxnisi,graspable,200,5,104.2,max_dim=0.200,not_suitable,not_suitable,not_suitable,perfect,possible,not_suitable
chocolate_bar,eqfznz,graspable,200,5,78.0,max_dim=0.178,not_suitable,not_suitable,not_suitable,perfect,possible,not_suitable
chocolate_bar,wkjiri,graspable,200,5,73.1,max_dim=0.178,not_suitable,not_suitable,not_suitable,perfect,possible,not_suitable
chocolate_biscuit,fwnyas,not_ready,0,0,0.0,max_dim=0.075,not_suitable,not_suitable,not_suitable,perfect,possible,not_suitable
chocolate_biscuit,xhmpht,not_ready,0,0,0.0,max_dim=0.077,not_suitable,not_suitable,not_suitable,perfect,possible,not_suitable
chocolate_cake,mcjamb,graspable,200,5,11.3,max_dim=0.073,not_suitable,not_suitable,not_suitable,perfect,possible,not_suitable
chocolate_cake,wpeesw,graspable,200,5,10.2,max_dim=0.064,not_suitable,not_suitable,not_suitable,perfect,possible,not_suitable
chocolate_chip_cookie,ggpang,graspable,200,5,27.7,max_dim=0.153,not_suitable,not_suitable,not_suitable,perfect,possible,not_suitable
chocolate_chip_cookie,oyhoth,graspable,200,5,14.0,max_dim=0.105,not_suitable,not_suitable,not_suitable,perfect,possible,not_suitable
chocolate_chip_cookie,xprsse,graspable,200,5,16.1,max_dim=0.104,not_suitable,not_suitable,not_suitable,perfect,possible,not_suitable
chocolate_cookie_dough,csnixa,not_ready,0,0,0.0,max_dim=0.200,not_suitable,not_suitable,not_suitable,possible,not_suitable,not_suitable
chocolate_sauce_bottle,yegrkf,graspable,200,5,25.5,max_dim=0.258,possible,not_suitable,possible,not_suitable,possible,not_suitable
chopped_lettuce,amarhu,graspable,200,5,21.0,max_dim=0.164,not_suitable,not_suitable,not_suitable,perfect,not_suitable,not_suitable
chopped_lettuce,bbyzry,graspable,200,5,37.4,max_dim=0.172,not_suitable,not_suitable,not_suitable,perfect,not_suitable,not_suitable
chopped_lettuce,bcxcij,graspable,200,5,38.9,max_dim=0.165,not_suitable,not_suitable,not_suitable,perfect,not_suitable,not_suitable
chopped_lettuce,bqqmxy,graspable,200,5,12.2,max_dim=0.172,not_suitable,not_suitable,not_suitable,perfect,not_suitable,not_suitable
chopped_lettuce,caybcx,graspable,200,5,24.7,max_dim=0.180,not_suitable,not_suitable,not_suitable,perfect,not_suitable,not_suitable
chopping_block,ekowsj,graspable,200,5,16.3,max_dim=0.304,not_suitable,perfect,not_suitable,not_suitable,possible,not_suitable
chopping_board,afwefw,graspable,200,4,87.0,max_dim=0.374,not_suitable,perfect,not_suitable,not_suitable,possible,not_suitable
chopping_board,akgegh,graspable,200,5,69.7,max_dim=0.306,not_suitable,perfect,not_suitable,not_suitable,possible,not_suitable
chopping_board,ayegwd,graspable,200,5,23.2,max_dim=0.306,not_suitable,perfect,not_suitable,not_suitable,possible,not_suitable
chopping_board,bzauwp,not_ready,0,0,0.0,max_dim=0.448,not_suitable,perfect,not_suitable,not_suitable,possible,not_suitable
chopping_board,cptayn,graspable,200,5,36.1,max_dim=0.300,not_suitable,perfect,not_suitable,not_suitable,possible,not_suitable
chopping_board,drjnag,graspable,200,5,46.1,max_dim=0.282,not_suitable,perfect,not_suitable,not_suitable,possible,not_suitable
chopping_board,gaxhrw,graspable,200,5,25.9,max_dim=0.300,not_suitable,perfect,not_suitable,not_suitable,possible,not_suitable
chopping_board,iocgzv,no_grasp,200,0,100.6,max_dim=0.360,not_suitable,perfect,not_suitable,not_suitable,possible,not_suitable
chopping_board,ktxcvz,graspable,200,5,28.5,max_dim=0.306,not_suitable,perfect,not_suitable,not_suitable,possible,not_suitable
chopping_board,mqsqhl,too_large,0,0,0.0,max_dim=0.562,not_suitable,perfect,not_suitable,not_suitable,possible,not_suitable
chopping_board,mwmzzv,graspable,200,5,28.3,max_dim=0.306,not_suitable,perfect,not_suitable,not_suitable,possible,not_suitable
chopping_board,ozrzrr,graspable,200,5,29.7,max_dim=0.359,not_suitable,perfect,not_suitable,not_suitable,possible,not_suitable
chopping_board,psabiv,graspable,200,2,93.1,max_dim=0.400,not_suitable,perfect,not_suitable,not_suitable,possible,not_suitable
chopping_board,sygezm,graspable,200,5,35.6,max_dim=0.331,not_suitable,perfect,not_suitable,not_suitable,possible,not_suitable
chopping_board,uzeftd,too_large,0,0,0.0,max_dim=0.777,not_suitable,perfect,not_suitable,not_suitable,possible,not_suitable
chopstick,ahmhza,graspable,200,5,13.2,max_dim=0.226,not_suitable,not_suitable,not_suitable,not_suitable,possible,not_suitable
chopstick,bcwuwv,graspable,200,5,18.0,max_dim=0.222,not_suitable,not_suitable,not_suitable,not_suitable,possible,not_suitable
chopstick,bdvjuf,graspable,200,5,22.0,max_dim=0.222,not_suitable,not_suitable,not_suitable,not_suitable,possible,not_suitable
chopstick,dgfsas,graspable,200,5,24.3,max_dim=0.226,not_suitable,not_suitable,not_suitable,not_suitable,possible,not_suitable
chopstick,hljerm,graspable,200,5,20.2,max_dim=0.222,not_suitable,not_suitable,not_suitable,not_suitable,possible,not_suitable
chopstick,ldofzm,not_ready,0,0,0.0,max_dim=0.248,not_suitable,not_suitable,not_suitable,not_suitable,possible,not_suitable
chorizo,kfeuep,graspable,200,5,33.8,max_dim=0.232,not_suitable,not_suitable,not_suitable,perfect,not_suitable,not_suitable
christmas_stocking,imdhfp,graspable,200,5,11.6,max_dim=0.277,not_suitable,not_suitable,not_suitable,not_suitable,not_suitable,not_suitable
christmas_tree,eadukw,too_large,0,0,0.0,max_dim=1.902,not_suitable,not_suitable,not_suitable,not_suitable,not_suitable,not_suitable
christmas_tree_decorated,wakmhn,too_large,0,0,0.0,max_dim=2.136,not_suitable,not_suitable,not_suitable,not_suitable,not_suitable,not_suitable
cigar,kslnuf,graspable,200,5,15.7,max_dim=0.121,not_suitable,not_suitable,not_suitable,not_suitable,possible,not_suitable
cigarette,oejihn,graspable,200,5,14.1,max_dim=0.103,not_suitable,not_suitable,not_suitable,not_suitable,not_suitable,not_suitable
cigarette,oklfsv,graspable,200,5,21.7,max_dim=0.040,not_suitable,not_suitable,not_suitable,not_suitable,not_suitable,not_suitable
cigarette,slkbfx,graspable,200,5,9.8,max_dim=0.045,not_suitable,not_suitable,not_suitable,not_suitable,not_suitable,not_suitable
cigarette,vgndiy,graspable,200,5,13.4,max_dim=0.050,not_suitable,not_suitable,not_suitable,not_suitable,not_suitable,not_suitable
cilantro,pzmblb,not_ready,0,0,0.0,max_dim=0.060,not_suitable,not_suitable,not_suitable,perfect,not_suitable,not_suitable
cilantro,xnjklm,not_ready,0,0,0.0,max_dim=0.035,not_suitable,not_suitable,not_suitable,perfect,not_suitable,not_suitable
cilantro,zfadru,not_ready,0,0,0.0,max_dim=0.044,not_suitable,not_suitable,not_suitable,perfect,not_suitable,not_suitable
cinnamon_roll,xjlptd,not_ready,0,0,0.0,max_dim=0.066,not_suitable,not_suitable,not_suitable,perfect,possible,not_suitable
cinnamon_shaker,oqacyi,graspable,200,5,15.2,max_dim=0.160,possible,not_suitable,not_suitable,not_suitable,perfect,not_suitable
cinnamon_stick,bmbjdf,graspable,200,5,14.8,max_dim=0.092,not_suitable,not_suitable,not_suitable,possible,not_suitable,not_suitable
cinnamon_stick,cdkjfo,graspable,200,5,29.6,max_dim=0.113,not_suitable,not_suitable,not_suitable,possible,not_suitable,not_suitable
cinnamon_stick,hjhcpm,graspable,200,5,20.9,max_dim=0.098,not_suitable,not_suitable,not_suitable,possible,not_suitable,not_suitable
cinnamon_stick,kdaxdy,graspable,200,5,54.4,max_dim=0.131,not_suitable,not_suitable,not_suitable,possible,not_suitable,not_suitable
cinnamon_stick,qmlyim,graspable,200,5,50.5,max_dim=0.143,not_suitable,not_suitable,not_suitable,possible,not_suitable,not_suitable
cinnamon_stick,qsqvgk,graspable,200,5,30.5,max_dim=0.140,not_suitable,not_suitable,not_suitable,possible,not_suitable,not_suitable
cinnamon_stick,qxpzdm,graspable,200,5,54.0,max_dim=0.161,not_suitable,not_suitable,not_suitable,possible,not_suitable,not_suitable
cinnamon_stick,smfuqz,graspable,200,5,53.5,max_dim=0.137,not_suitable,not_suitable,not_suitable,possible,not_suitable,not_suitable
clam,ihhbfj,graspable,200,5,13.8,max_dim=0.020,not_suitable,not_suitable,not_suitable,perfect,not_suitable,not_suitable
clamp,feswhy,graspable,200,5,19.0,max_dim=0.258,not_suitable,not_suitable,not_suitable,not_suitable,possible,not_suitable
classroom_mock_up,tpfmpb,graspable,200,1,101.3,max_dim=0.225,not_suitable,not_suitable,not_suitable,not_suitable,not_suitable,not_suitable
classroom_mock_up,yjudsy,too_large,0,0,0.0,max_dim=0.990,not_suitable,not_suitable,not_suitable,not_suitable,not_suitable,not_suitable
classroom_mock_up,zfwwfn,graspable,200,5,50.3,max_dim=0.395,not_suitable,not_suitable,not_suitable,not_suitable,not_suitable,not_suitable
cleansing_bottle,ovjhuf,not_ready,0,0,0.0,max_dim=0.276,possible,not_suitable,possible,not_suitable,possible,not_suitable
cleaver,vpmydv,graspable,200,5,47.5,max_dim=0.302,not_suitable,not_suitable,not_suitable,not_suitable,possible,not_suitable
clipboard,envjqe,graspable,200,5,18.7,max_dim=0.323,not_suitable,perfect,not_suitable,not_suitable,possible,not_suitable
clipboard,gmxyfo,graspable,200,5,15.7,max_dim=0.323,not_suitable,perfect,not_suitable,not_suitable,possible,not_suitable
clipper,befwbq,graspable,200,5,21.4,max_dim=0.091,not_suitable,not_suitable,not_suitable,not_suitable,possible,not_suitable
cloche,gkimtn,graspable,200,5,16.1,max_dim=0.301,not_suitable,not_suitable,not_suitable,not_suitable,possible,not_suitable
cloche,rnkvca,graspable,200,5,16.6,max_dim=0.264,not_suitable,not_suitable,not_suitable,not_suitable,possible,not_suitable
clothes_dryer,fhtvuq,too_large,0,0,0.0,max_dim=0.648,not_suitable,not_suitable,not_suitable,not_suitable,not_suitable,not_suitable
clothes_dryer,smcyys,too_large,0,0,0.0,max_dim=0.766,not_suitable,not_suitable,not_suitable,not_suitable,not_suitable,not_suitable
clothes_dryer,wivnic,too_large,0,0,0.0,max_dim=0.660,not_suitable,not_suitable,not_suitable,not_suitable,not_suitable,not_suitable
clothes_dryer,xsuyua,too_large,0,0,0.0,max_dim=0.851,not_suitable,not_suitable,not_suitable,not_suitable,not_suitable,not_suitable
clothes_dryer,zlmnfg,too_large,0,0,0.0,max_dim=0.851,not_suitable,not_suitable,not_suitable,not_suitable,not_suitable,not_suitable
clothesline,jjoofq,too_large,0,0,0.0,max_dim=2.375,not_suitable,not_suitable,not_suitable,not_suitable,not_suitable,not_suitable
clothesline_pole,smrqrw,too_large,0,0,0.0,max_dim=0.866,not_suitable,not_suitable,not_suitable,not_suitable,not_suitable,not_suitable
clothesline_rope,gkqoro,too_large,0,0,0.0,max_dim=1.490,not_suitable,not_suitable,not_suitable,not_suitable,not_suitable,not_suitable
clout_nail,gvfevt,graspable,200,5,9.9,max_dim=0.056,not_suitable,not_suitable,not_suitable,not_suitable,not_suitable,not_suitable
clout_nail,smxpbm,graspable,200,5,20.8,max_dim=0.054,not_suitable,not_suitable,not_suitable,not_suitable,not_suitable,not_suitable
clove_jar,cqdioi,not_ready,0,0,0.0,max_dim=0.204,possible,not_suitable,possible,not_suitable,perfect,possible
club_sandwich,ablfyd,graspable,200,5,22.6,max_dim=0.212,not_suitable,not_suitable,not_suitable,perfect,possible,not_suitable
coaster,arjpcz,graspable,200,5,20.2,max_dim=0.104,not_suitable,perfect,not_suitable,not_suitable,perfect,not_suitable
coaster,httqaj,graspable,200,5,21.0,max_dim=0.088,not_suitable,perfect,not_suitable,not_suitable,perfect,not_suitable
coatrack,hmedjt,too_large,0,0,0.0,max_dim=1.656,not_suitable,not_suitable,not_suitable,not_suitable,not_suitable,not_suitable
coatrack,qyjssf,too_large,0,0,0.0,max_dim=1.501,not_suitable,not_suitable,not_suitable,not_suitable,not_suitable,not_suitable
coatrack,tcnxtu,too_large,0,0,0.0,max_dim=1.932,not_suitable,not_suitable,not_suitable,not_suitable,not_suitable,not_suitable
coatrack,zypzqh,too_large,0,0,0.0,max_dim=1.667,not_suitable,not_suitable,not_suitable,not_suitable,not_suitable,not_suitable
cocktail_glass,xevdnl,graspable,200,5,9.9,max_dim=0.158,perfect,not_suitable,perfect,not_suitable,perfect,perfect
cocoa_powder_jar,cjmtvq,no_grasp,200,0,10.2,max_dim=0.232,possible,not_suitable,possible,not_suitable,perfect,possible
coconut_fruit,qwriih,no_grasp,200,0,1.9,max_dim=0.156,not_suitable,not_suitable,not_suitable,perfect,possible,not_suitable
coconut_oil_jar,phimqa,not_ready,0,0,0.0,max_dim=0.204,possible,not_suitable,possible,not_suitable,perfect,possible
coffee_bean_jar,loduxu,not_ready,0,0,0.0,max_dim=0.204,possible,not_suitable,possible,not_suitable,perfect,possible
coffee_cup,ckkwmj,no_grasp,200,0,2.2,max_dim=0.091,perfect,not_suitable,perfect,not_suitable,perfect,perfect
coffee_cup,dkxddg,no_grasp,200,0,2.3,max_dim=0.091,perfect,not_suitable,perfect,not_suitable,perfect,perfect
coffee_cup,fgizgn,no_grasp,200,0,2.2,max_dim=0.095,perfect,not_suitable,perfect,not_suitable,perfect,perfect
coffee_cup,ibhhfj,no_grasp,200,0,2.1,max_dim=0.099,perfect,not_suitable,perfect,not_suitable,perfect,perfect
coffee_cup,nbhcgu,no_grasp,200,0,2.5,max_dim=0.104,perfect,not_suitable,perfect,not_suitable,perfect,perfect
coffee_cup,nhzrei,no_grasp,200,0,2.0,max_dim=0.102,perfect,not_suitable,perfect,not_suitable,perfect,perfect
coffee_cup,rixzrk,not_ready,0,0,0.0,max_dim=0.188,perfect,not_suitable,perfect,not_suitable,perfect,perfect
coffee_cup,rypdvd,no_grasp,200,0,2.1,max_dim=0.091,perfect,not_suitable,perfect,not_suitable,perfect,perfect
coffee_cup,siksnl,no_grasp,200,0,2.2,max_dim=0.095,perfect,not_suitable,perfect,not_suitable,perfect,perfect
coffee_cup,skamgp,no_grasp,200,0,2.3,max_dim=0.126,perfect,not_suitable,perfect,not_suitable,perfect,perfect
coffee_cup,xjdyon,no_grasp,200,0,2.4,max_dim=0.104,perfect,not_suitable,perfect,not_suitable,perfect,perfect
coffee_cup,ykuftq,no_grasp,200,0,1.8,max_dim=0.091,perfect,not_suitable,perfect,not_suitable,perfect,perfect
coffee_grinder,bubzvn,no_grasp,200,0,2.7,max_dim=0.238,possible,not_suitable,not_suitable,not_suitable,possible,not_suitable
coffee_maker,fwlabx,not_ready,0,0,0.0,max_dim=0.431,not_suitable,not_suitable,not_suitable,not_suitable,possible,not_suitable
coffee_maker,pyttso,no_grasp,200,0,2.3,max_dim=0.368,not_suitable,not_suitable,not_suitable,not_suitable,possible,not_suitable
coffee_table,aoojzy,too_large,0,0,0.0,max_dim=0.991,not_suitable,not_suitable,not_suitable,not_suitable,not_suitable,not_suitable
coffee_table,cjjayg,too_large,0,0,0.0,max_dim=0.749,not_suitable,not_suitable,not_suitable,not_suitable,not_suitable,not_suitable
coffee_table,dnsjnv,too_large,0,0,0.0,max_dim=0.749,not_suitable,not_suitable,not_suitable,not_suitable,not_suitable,not_suitable
coffee_table,ejlbho,too_large,0,0,0.0,max_dim=0.607,not_suitable,not_suitable,not_suitable,not_suitable,not_suitable,not_suitable
coffee_table,elhvfw,too_large,0,0,0.0,max_dim=1.595,not_suitable,not_suitable,not_suitable,not_suitable,not_suitable,not_suitable
coffee_table,fhqimf,too_large,0,0,0.0,max_dim=1.193,not_suitable,not_suitable,not_suitable,not_suitable,not_suitable,not_suitable
coffee_table,fqluyq,too_large,0,0,0.0,max_dim=1.199,not_suitable,not_suitable,not_suitable,not_suitable,not_suitable,not_suitable
coffee_table,gcollb,too_large,0,0,0.0,max_dim=0.991,not_suitable,not_suitable,not_suitable,not_suitable,not_suitable,not_suitable
coffee_table,gpkbiw,too_large,0,0,0.0,max_dim=1.094,not_suitable,not_suitable,not_suitable,not_suitable,not_suitable,not_suitable
coffee_table,hbgcej,too_large,0,0,0.0,max_dim=0.706,not_suitable,not_suitable,not_suitable,not_suitable,not_suitable,not_suitable
coffee_table,hmwkkt,not_ready,0,0,0.0,max_dim=0.455,not_suitable,not_suitable,not_suitable,not_suitable,not_suitable,not_suitable
coffee_table,ixvmic,too_large,0,0,0.0,max_dim=0.749,not_suitable,not_suitable,not_suitable,not_suitable,not_suitable,not_suitable
coffee_table,jkhlnp,too_large,0,0,0.0,max_dim=0.758,not_suitable,not_suitable,not_suitable,not_suitable,not_suitable,not_suitable
coffee_table,koagbh,too_large,0,0,0.0,max_dim=1.656,not_suitable,not_suitable,not_suitable,not_suitable,not_suitable,not_suitable
coffee_table,lpwbgm,too_large,0,0,0.0,max_dim=0.713,not_suitable,not_suitable,not_suitable,not_suitable,not_suitable,not_suitable
coffee_table,lyhpbr,too_large,0,0,0.0,max_dim=0.590,not_suitable,not_suitable,not_suitable,not_suitable,not_suitable,not_suitable
coffee_table,metubv,too_large,0,0,0.0,max_dim=1.189,not_suitable,not_suitable,not_suitable,not_suitable,not_suitable,not_suitable
coffee_table,mjyitq,too_large,0,0,0.0,max_dim=0.687,not_suitable,not_suitable,not_suitable,not_suitable,not_suitable,not_suitable
coffee_table,mtchfd,too_large,0,0,0.0,max_dim=0.746,not_suitable,not_suitable,not_suitable,not_suitable,not_suitable,not_suitable
coffee_table,osroux,too_large,0,0,0.0,max_dim=1.458,not_suitable,not_suitable,not_suitable,not_suitable,not_suitable,not_suitable
coffee_table,puwazg,too_large,0,0,0.0,max_dim=0.850,not_suitable,not_suitable,not_suitable,not_suitable,not_suitable,not_suitable
coffee_table,qlmqyy,too_large,0,0,0.0,max_dim=0.639,not_suitable,not_suitable,not_suitable,not_suitable,not_suitable,not_suitable
coffee_table,qplrhv,too_large,0,0,0.0,max_dim=0.607,not_suitable,not_suitable,not_suitable,not_suitable,not_suitable,not_suitable
coffee_table,qtwqqb,too_large,0,0,0.0,max_dim=1.739,not_suitable,not_suitable,not_suitable,not_suitable,not_suitable,not_suitable
coffee_table,rkdwxe,too_large,0,0,0.0,max_dim=1.215,not_suitable,not_suitable,not_suitable,not_suitable,not_suitable,not_suitable
coffee_table,rlsebe,too_large,0,0,0.0,max_dim=0.975,not_suitable,not_suitable,not_suitable,not_suitable,not_suitable,not_suitable
coffee_table,semdkc,too_large,0,0,0.0,max_dim=1.331,not_suitable,not_suitable,not_suitable,not_suitable,not_suitable,not_suitable
coffee_table,skseyx,too_large,0,0,0.0,max_dim=1.193,not_suitable,not_suitable,not_suitable,not_suitable,not_suitable,not_suitable
coffee_table,stocuk,not_ready,0,0,0.0,max_dim=0.470,not_suitable,not_suitable,not_suitable,not_suitable,not_suitable,not_suitable
coffee_table,tzmkgq,too_large,0,0,0.0,max_dim=0.501,not_suitable,not_suitable,not_suitable,not_suitable,not_suitable,not_suitable
coffee_table,vcgabn,too_large,0,0,0.0,max_dim=0.674,not_suitable,not_suitable,not_suitable,not_suitable,not_suitable,not_suitable
coffee_table,wgtaip,too_large,0,0,0.0,max_dim=3.274,not_suitable,not_suitable,not_suitable,not_suitable,not_suitable,not_suitable
coffee_table,wwgaym,too_large,0,0,0.0,max_dim=0.507,not_suitable,not_suitable,not_suitable,not_suitable,not_suitable,not_suitable
coffee_table,wwsikw,too_large,0,0,0.0,max_dim=1.194,not_suitable,not_suitable,not_suitable,not_suitable,not_suitable,not_suitable
coffee_table,wzyqgx,too_large,0,0,0.0,max_dim=1.262,not_suitable,not_suitable,not_suitable,not_suitable,not_suitable,not_suitable
coffee_table,xshzms,too_large,0,0,0.0,max_dim=0.508,not_suitable,not_suitable,not_suitable,not_suitable,not_suitable,not_suitable
coffee_table,ytlgdt,too_large,0,0,0.0,max_dim=0.790,not_suitable,not_suitable,not_suitable,not_suitable,not_suitable,not_suitable
coffee_table,zehult,too_large,0,0,0.0,max_dim=0.598,not_suitable,not_suitable,not_suitable,not_suitable,not_suitable,not_suitable
coffee_table,zisekv,too_large,0,0,0.0,max_dim=0.916,not_suitable,not_suitable,not_suitable,not_suitable,not_suitable,not_suitable
coffee_table,zzqwse,not_ready,0,0,0.0,max_dim=0.455,not_suitable,not_suitable,not_suitable,not_suitable,not_suitable,not_suitable
cola_bottle,oyqdtz,not_ready,0,0,0.0,max_dim=0.221,possible,not_suitable,possible,not_suitable,possible,not_suitable
colander,ambnzk,no_grasp,200,0,2.5,max_dim=0.278,possible,not_suitable,possible,not_suitable,possible,perfect
cold_cuts,zidsvg,no_grasp,200,0,1.6,max_dim=0.080,not_suitable,not_suitable,not_suitable,perfect,not_suitable,not_suitable
colored_pencil,acumgp,no_grasp,200,0,1.4,max_dim=0.152,not_suitable,not_suitable,not_suitable,not_suitable,possible,not_suitable
colored_pencil,bkdqwb,no_grasp,200,0,1.4,max_dim=0.152,not_suitable,not_suitable,not_suitable,not_suitable,possible,not_suitable
colored_pencil,bnsqcn,no_grasp,200,0,1.4,max_dim=0.152,not_suitable,not_suitable,not_suitable,not_suitable,possible,not_suitable
colored_pencil,deuvcx,graspable,200,5,40.8,max_dim=0.152,not_suitable,not_suitable,not_suitable,not_suitable,possible,not_suitable
colored_pencil,egvqng,graspable,200,5,20.4,max_dim=0.152,not_suitable,not_suitable,not_suitable,not_suitable,possible,not_suitable
colored_pencil,jdqvdl,graspable,200,5,35.4,max_dim=0.152,not_suitable,not_suitable,not_suitable,not_suitable,possible,not_suitable
colored_pencil,jnccuz,graspable,200,5,46.1,max_dim=0.152,not_suitable,not_suitable,not_suitable,not_suitable,possible,not_suitable
colored_pencil,kadvlg,graspable,200,5,38.1,max_dim=0.152,not_suitable,not_suitable,not_suitable,not_suitable,possible,not_suitable
colored_pencil,kgmapz,graspable,200,5,46.3,max_dim=0.152,not_suitable,not_suitable,not_suitable,not_suitable,possible,not_suitable
colored_pencil,kjwoqm,graspable,200,5,41.5,max_dim=0.152,not_suitable,not_suitable,not_suitable,not_suitable,possible,not_suitable
colored_pencil,nssris,graspable,200,5,43.8,max_dim=0.152,not_suitable,not_suitable,not_suitable,not_suitable,possible,not_suitable
colored_pencil,qrxemk,graspable,200,5,27.0,max_dim=0.152,not_suitable,not_suitable,not_suitable,not_suitable,possible,not_suitable
colored_pencil,qwficr,graspable,200,5,43.8,max_dim=0.152,not_suitable,not_suitable,not_suitable,not_suitable,possible,not_suitable
colored_pencil,qxeydw,graspable,200,5,33.5,max_dim=0.152,not_suitable,not_suitable,not_suitable,not_suitable,possible,not_suitable
colored_pencil,tzadtj,graspable,200,5,59.5,max_dim=0.152,not_suitable,not_suitable,not_suitable,not_suitable,possible,not_suitable
colored_pencil,vdpmhz,graspable,200,5,51.6,max_dim=0.152,not_suitable,not_suitable,not_suitable,not_suitable,possible,not_suitable
colored_pencil,vtbwvo,graspable,200,5,38.6,max_dim=0.152,not_suitable,not_suitable,not_suitable,not_suitable,possible,not_suitable
colored_pencil,wifbfs,graspable,200,5,31.2,max_dim=0.152,not_suitable,not_suitable,not_suitable,not_suitable,possible,not_suitable
colored_pencil,wmjjvo,graspable,200,5,51.3,max_dim=0.152,not_suitable,not_suitable,not_suitable,not_suitable,possible,not_suitable
colored_pencil,zisrpq,graspable,200,5,33.7,max_dim=0.152,not_suitable,not_suitable,not_suitable,not_suitable,possible,not_suitable
comb,lqnwhb,graspable,200,5,18.6,max_dim=0.052,not_suitable,not_suitable,not_suitable,not_suitable,possible,not_suitable
comb,nybyjz,graspable,200,5,12.1,max_dim=0.106,not_suitable,not_suitable,not_suitable,not_suitable,possible,not_suitable
comb,yopqrq,graspable,200,5,18.1,max_dim=0.108,not_suitable,not_suitable,not_suitable,not_suitable,possible,not_suitable
comic_book,nekxsh,graspable,200,5,35.1,max_dim=0.194,not_suitable,possible,not_suitable,not_suitable,possible,not_suitable
comic_book,qkczyc,graspable,200,5,38.3,max_dim=0.194,not_suitable,possible,not_suitable,not_suitable,possible,not_suitable
comic_book,scycof,graspable,200,5,31.5,max_dim=0.194,not_suitable,possible,not_suitable,not_suitable,possible,not_suitable
comic_book,vzejnl,graspable,200,5,32.8,max_dim=0.194,not_suitable,possible,not_suitable,not_suitable,possible,not_suitable
comic_book,xmbxfm,graspable,200,5,40.6,max_dim=0.195,not_suitable,possible,not_suitable,not_suitable,possible,not_suitable
commercial_kitchen_shelf,dvnwfa,too_large,0,0,0.0,max_dim=3.595,not_suitable,not_suitable,not_suitable,not_suitable,not_suitable,not_suitable
commercial_kitchen_sink,nmxgbm,too_large,0,0,0.0,max_dim=1.380,not_suitable,not_suitable,not_suitable,not_suitable,not_suitable,not_suitable
commercial_kitchen_sink,ollneo,too_large,0,0,0.0,max_dim=1.384,not_suitable,not_suitable,not_suitable,not_suitable,not_suitable,not_suitable
commercial_kitchen_sink,xecfyh,too_large,0,0,0.0,max_dim=1.361,not_suitable,not_suitable,not_suitable,not_suitable,not_suitable,not_suitable
commercial_kitchen_table,bwlfnu,too_large,0,0,0.0,max_dim=1.761,not_suitable,not_suitable,not_suitable,not_suitable,not_suitable,not_suitable
commercial_kitchen_table,hmwzxn,too_large,0,0,0.0,max_dim=4.522,not_suitable,not_suitable,not_suitable,not_suitable,not_suitable,not_suitable
commercial_kitchen_table,nisnrl,too_large,0,0,0.0,max_dim=1.119,not_suitable,not_suitable,not_suitable,not_suitable,not_suitable,not_suitable
commercial_kitchen_table,vxvtec,too_large,0,0,0.0,max_dim=2.806,not_suitable,not_suitable,not_suitable,not_suitable,not_suitable,not_suitable
commercial_kitchen_table,wodpss,too_large,0,0,0.0,max_dim=3.051,not_suitable,not_suitable,not_suitable,not_suitable,not_suitable,not_suitable
compost_bin,fvkdos,too_large,0,0,0.0,max_dim=0.824,not_suitable,not_suitable,not_suitable,not_suitable,not_suitable,not_suitable
conch,dovqcj,not_ready,0,0,0.0,max_dim=0.139,not_suitable,not_suitable,not_suitable,not_suitable,possible,not_suitable
conditioner_atomizer,quqgcu,graspable,200,5,12.9,max_dim=0.255,possible,not_suitable,possible,not_suitable,not_suitable,not_suitable
conditioner_dispenser,elofnb,not_ready,0,0,0.0,max_dim=0.212,possible,not_suitable,possible,not_suitable,not_suitable,not_suitable
conditioner_dispenser,njqnuo,graspable,200,5,20.1,max_dim=0.212,possible,not_suitable,possible,not_suitable,not_suitable,not_suitable
conditioner_dispenser,udeflt,graspable,200,5,28.4,max_dim=0.187,possible,not_suitable,possible,not_suitable,not_suitable,not_suitable
conditioner_dispenser,uncljo,graspable,200,5,50.2,max_dim=0.190,possible,not_suitable,possible,not_suitable,not_suitable,not_suitable
conference_table,fpkmyw,too_large,0,0,0.0,max_dim=3.392,not_suitable,not_suitable,not_suitable,not_suitable,not_suitable,not_suitable
conference_table,hdomxc,too_large,0,0,0.0,max_dim=5.109,not_suitable,not_suitable,not_suitable,not_suitable,not_suitable,not_suitable
conference_table,jxixdw,too_large,0,0,0.0,max_dim=1.998,not_suitable,not_suitable,not_suitable,not_suitable,not_suitable,not_suitable
conference_table,qzmjrj,too_large,0,0,0.0,max_dim=1.796,not_suitable,not_suitable,not_suitable,not_suitable,not_suitable,not_suitable
console_table,emeeke,too_large,0,0,0.0,max_dim=0.924,not_suitable,not_suitable,not_suitable,not_suitable,not_suitable,not_suitable
console_table,fihyuz,too_large,0,0,0.0,max_dim=0.878,not_suitable,not_suitable,not_suitable,not_suitable,not_suitable,not_suitable
console_table,iuxsao,too_large,0,0,0.0,max_dim=1.012,not_suitable,not_suitable,not_suitable,not_suitable,not_suitable,not_suitable
console_table,tvhett,no_grasp,200,0,63.2,max_dim=0.453,not_suitable,not_suitable,not_suitable,not_suitable,not_suitable,not_suitable
console_table,tzkfqa,too_large,0,0,0.0,max_dim=0.798,not_suitable,not_suitable,not_suitable,not_suitable,not_suitable,not_suitable
console_table,xqlxni,too_large,0,0,0.0,max_dim=1.098,not_suitable,not_suitable,not_suitable,not_suitable,not_suitable,not_suitable
cookie_cutter,fvxiun,no_grasp,200,0,1.7,max_dim=0.057,not_suitable,not_suitable,not_suitable,not_suitable,possible,not_suitable
cookie_cutter,jpscvj,no_grasp,200,0,1.9,max_dim=0.058,not_suitable,not_suitable,not_suitable,not_suitable,possible,not_suitable
cookie_cutter,lqrfzo,no_grasp,200,0,1.8,max_dim=0.056,not_suitable,not_suitable,not_suitable,not_suitable,possible,not_suitable
cookie_dough,pewqae,not_ready,0,0,0.0,max_dim=0.199,not_suitable,not_suitable,not_suitable,possible,not_suitable,not_suitable
cookie_stick,zlhayf,not_ready,0,0,0.0,max_dim=0.088,not_suitable,not_suitable,not_suitable,perfect,not_suitable,not_suitable
cooking_oil_atomizer,izwycf,no_grasp,200,0,1.7,max_dim=0.156,possible,not_suitable,possible,not_suitable,possible,not_suitable
cooking_oil_bottle,cfdond,not_ready,0,0,0.0,max_dim=0.276,possible,not_suitable,possible,not_suitable,possible,not_suitable
cooler,pnkiag,too_large,0,0,0.0,max_dim=1.030,not_suitable,not_suitable,not_suitable,not_suitable,not_suitable,possible
copper_pot,gqemcq,not_ready,0,0,0.0,max_dim=0.244,possible,not_suitable,perfect,not_suitable,possible,perfect
copper_wire,nzafel,too_large,0,0,0.0,max_dim=0.587,not_suitable,not_suitable,not_suitable,not_suitable,not_suitable,not_suitable
coriander_shaker,sqkgqg,no_grasp,200,0,2.7,max_dim=0.160,possible,not_suitable,not_suitable,not_suitable,perfect,not_suitable
cork,lseuwf,no_grasp,200,0,1.5,max_dim=0.030,not_suitable,not_suitable,not_suitable,not_suitable,possible,not_suitable
cork,ncxgpe,no_grasp,200,0,1.5,max_dim=0.034,not_suitable,not_suitable,not_suitable,not_suitable,possible,not_suitable
cork,uyceta,no_grasp,200,0,1.5,max_dim=0.045,not_suitable,not_suitable,not_suitable,not_suitable,possible,not_suitable
corkscrew,gqocna,no_grasp,200,0,2.3,max_dim=0.112,not_suitable,not_suitable,not_suitable,not_suitable,possible,not_suitable
cornstarch_jar,dhseui,not_ready,0,0,0.0,max_dim=0.234,possible,not_suitable,possible,not_suitable,perfect,possible
cotton_ball,gabqdn,not_ready,0,0,0.0,max_dim=0.043,not_suitable,not_suitable,not_suitable,not_suitable,not_suitable,not_suitable
cotton_thread,obnsix,no_grasp,200,0,2.0,max_dim=0.117,not_suitable,not_suitable,not_suitable,not_suitable,not_suitable,not_suitable
countertop,epaijd,too_large,0,0,0.0,max_dim=3.500,not_suitable,not_suitable,not_suitable,not_suitable,not_suitable,not_suitable
countertop,fjkase,too_large,0,0,0.0,max_dim=2.449,not_suitable,not_suitable,not_suitable,not_suitable,not_suitable,not_suitable
countertop,ikwqer,too_large,0,0,0.0,max_dim=4.468,not_suitable,not_suitable,not_suitable,not_suitable,not_suitable,not_suitable
countertop,jveutp,too_large,0,0,0.0,max_dim=1.508,not_suitable,not_suitable,not_suitable,not_suitable,not_suitable,not_suitable
countertop,kelker,too_large,0,0,0.0,max_dim=3.446,not_suitable,not_suitable,not_suitable,not_suitable,not_suitable,not_suitable
countertop,kelzer,too_large,0,0,0.0,max_dim=3.107,not_suitable,not_suitable,not_suitable,not_suitable,not_suitable,not_suitable
countertop,ncqmrq,too_large,0,0,0.0,max_dim=2.797,not_suitable,not_suitable,not_suitable,not_suitable,not_suitable,not_suitable
countertop,qfhqhy,too_large,0,0,0.0,max_dim=2.100,not_suitable,not_suitable,not_suitable,not_suitable,not_suitable,not_suitable
countertop,sjxber,too_large,0,0,0.0,max_dim=0.975,not_suitable,not_suitable,not_suitable,not_suitable,not_suitable,not_suitable
countertop,tpuwys,too_large,0,0,0.0,max_dim=1.021,not_suitable,not_suitable,not_suitable,not_suitable,not_suitable,not_suitable
countertop,zkhelh,too_large,0,0,0.0,max_dim=4.442,not_suitable,not_suitable,not_suitable,not_suitable,not_suitable,not_suitable
crab,bkkzhf,no_grasp,200,0,1.6,max_dim=0.169,not_suitable,not_suitable,not_suitable,perfect,not_suitable,not_suitable
crab,eqfklx,no_grasp,200,0,1.9,max_dim=0.181,not_suitable,not_suitable,not_suitable,perfect,not_suitable,not_suitable
crab,kmeddb,no_grasp,200,0,1.8,max_dim=0.221,not_suitable,not_suitable,not_suitable,perfect,not_suitable,not_suitable
crab,ohjsdr,no_grasp,200,0,1.9,max_dim=0.147,not_suitable,not_suitable,not_suitable,perfect,not_suitable,not_suitable
crab,tjkiva,graspable,200,5,18.6,max_dim=0.154,not_suitable,not_suitable,not_suitable,perfect,not_suitable,not_suitable
crawfish,qoewfj,graspable,200,5,11.7,max_dim=0.106,not_suitable,not_suitable,not_suitable,perfect,not_suitable,not_suitable
crayon,coapeh,graspable,200,5,17.2,max_dim=0.109,not_suitable,not_suitable,not_suitable,not_suitable,possible,not_suitable
crayon,csglmn,graspable,200,5,20.2,max_dim=0.109,not_suitable,not_suitable,not_suitable,not_suitable,possible,not_suitable
crayon,cvebde,graspable,200,5,37.5,max_dim=0.109,not_suitable,not_suitable,not_suitable,not_suitable,possible,not_suitable
crayon,diiinz,graspable,200,5,14.0,max_dim=0.109,not_suitable,not_suitable,not_suitable,not_suitable,possible,not_suitable
crayon,gfgsev,graspable,200,5,15.1,max_dim=0.109,not_suitable,not_suitable,not_suitable,not_suitable,possible,not_suitable
crayon,jfqetz,graspable,200,5,24.9,max_dim=0.109,not_suitable,not_suitable,not_suitable,not_suitable,possible,not_suitable
crayon,jqodxx,graspable,200,5,26.6,max_dim=0.109,not_suitable,not_suitable,not_suitable,not_suitable,possible,not_suitable
crayon,uqlfwf,graspable,200,5,21.2,max_dim=0.109,not_suitable,not_suitable,not_suitable,not_suitable,possible,not_suitable
crayon,uwmrwr,graspable,200,5,28.7,max_dim=0.109,not_suitable,not_suitable,not_suitable,not_suitable,possible,not_suitable
crayon,vdkdur,graspable,200,5,23.5,max_dim=0.109,not_suitable,not_suitable,not_suitable,not_suitable,possible,not_suitable
crayon,xmysum,graspable,200,5,12.6,max_dim=0.109,not_suitable,not_suitable,not_suitable,not_suitable,possible,not_suitable
crayon,zajomr,graspable,200,5,19.6,max_dim=0.109,not_suitable,not_suitable,not_suitable,not_suitable,possible,not_suitable
cream_carton,lfjmos,not_ready,0,0,0.0,max_dim=0.204,not_suitable,not_suitable,possible,not_suitable,possible,not_suitable
cream_cheese_box,hfclfn,not_ready,0,0,0.0,max_dim=0.204,not_suitable,not_suitable,not_suitable,not_suitable,possible,not_suitable
cream_of_tartar_shaker,busceb,graspable,200,5,12.4,max_dim=0.160,possible,not_suitable,not_suitable,not_suitable,perfect,not_suitable
cream_pitcher,ompiss,graspable,200,5,20.0,max_dim=0.071,perfect,not_suitable,perfect,not_suitable,perfect,perfect
cream_pitcher,wmkwhg,graspable,200,5,14.2,max_dim=0.281,perfect,not_suitable,perfect,not_suitable,perfect,perfect
credit_card,dnweyo,graspable,200,5,22.0,max_dim=0.079,not_suitable,perfect,not_suitable,not_suitable,possible,not_suitable
credit_card_terminal,bqpanz,graspable,200,5,17.3,max_dim=0.211,not_suitable,not_suitable,not_suitable,not_suitable,possible,not_suitable
crib,oimydv,too_large,0,0,0.0,max_dim=1.430,not_suitable,not_suitable,not_suitable,not_suitable,not_suitable,not_suitable
crock_pot,lspxjq,graspable,200,5,88.5,max_dim=0.430,not_suitable,not_suitable,perfect,not_suitable,possible,perfect
crock_pot,xdahvv,too_large,0,0,0.0,max_dim=0.629,not_suitable,not_suitable,perfect,not_suitable,possible,perfect
croissant,hnbnap,not_ready,0,0,0.0,max_dim=0.170,not_suitable,not_suitable,not_suitable,perfect,possible,not_suitable
croissant,xxsanu,graspable,200,5,11.5,max_dim=0.117,not_suitable,not_suitable,not_suitable,perfect,possible,not_suitable
cruet,njqmqv,graspable,200,5,10.9,max_dim=0.192,possible,not_suitable,perfect,not_suitable,perfect,not_suitable
crystal,oarraa,graspable,200,5,19.0,max_dim=0.151,possible,not_suitable,not_suitable,not_suitable,perfect,not_suitable
cubicle,deceti,too_large,0,0,0.0,max_dim=1.446,not_suitable,not_suitable,not_suitable,not_suitable,not_suitable,not_suitable
cubicle,hzalfx,too_large,0,0,0.0,max_dim=1.446,not_suitable,not_suitable,not_suitable,not_suitable,not_suitable,not_suitable
cucumber,wcvwye,graspable,200,5,29.5,max_dim=0.129,not_suitable,not_suitable,not_suitable,perfect,possible,not_suitable
cumin_shaker,qmaqnw,not_ready,0,0,0.0,max_dim=0.160,possible,not_suitable,not_suitable,not_suitable,perfect,not_suitable
cup_holder,wstfid,graspable,200,5,44.0,max_dim=0.203,not_suitable,not_suitable,not_suitable,not_suitable,possible,not_suitable
cup_of_ranch,wtlavb,not_ready,0,0,0.0,max_dim=0.041,possible,not_suitable,possible,not_suitable,possible,perfect
cup_of_yogurt,kihdsj,graspable,200,5,14.1,max_dim=0.071,possible,not_suitable,possible,not_suitable,possible,perfect
cupcake,fabdnw,not_ready,0,0,0.0,max_dim=0.075,not_suitable,not_suitable,not_suitable,perfect,possible,not_suitable
cupcake,hvyxpw,not_ready,0,0,0.0,max_dim=0.085,not_suitable,not_suitable,not_suitable,perfect,possible,not_suitable
cupcake,mbhweg,not_ready,0,0,0.0,max_dim=0.097,not_suitable,not_suitable,not_suitable,perfect,possible,not_suitable
cupcake,outske,not_ready,0,0,0.0,max_dim=0.097,not_suitable,not_suitable,not_suitable,perfect,possible,not_suitable
cupcake,pfwrlq,graspable,200,5,11.0,max_dim=0.070,not_suitable,not_suitable,not_suitable,perfect,possible,not_suitable
cupcake,rpadye,not_ready,0,0,0.0,max_dim=0.078,not_suitable,not_suitable,not_suitable,perfect,possible,not_suitable
cupcake,sutaow,not_ready,0,0,0.0,max_dim=0.097,not_suitable,not_suitable,not_suitable,perfect,possible,not_suitable
cupcake,wdiezm,not_ready,0,0,0.0,max_dim=0.088,not_suitable,not_suitable,not_suitable,perfect,possible,not_suitable
curry_powder_shaker,jmrugz,graspable,200,5,13.0,max_dim=0.160,possible,not_suitable,not_suitable,not_suitable,perfect,not_suitable
curtain,trwest,too_large,0,0,0.0,max_dim=2.840,not_suitable,not_suitable,not_suitable,not_suitable,not_suitable,not_suitable
curtain_rod,pburmj,too_large,0,0,0.0,max_dim=1.650,not_suitable,not_suitable,not_suitable,not_suitable,not_suitable,not_suitable
cutting_board,aibvew,graspable,200,5,37.8,max_dim=0.230,not_suitable,perfect,not_suitable,not_suitable,possible,not_suitable
cutting_board,idmcgf,too_large,0,0,0.0,max_dim=0.535,not_suitable,perfect,not_suitable,not_suitable,possible,not_suitable
cutting_board,jfrbuz,no_grasp,200,0,106.1,max_dim=0.411,not_suitable,perfect,not_suitable,not_suitable,possible,not_suitable
cutting_board,nsvnai,graspable,200,4,112.4,max_dim=0.363,not_suitable,perfect,not_suitable,not_suitable,possible,not_suitable
cutting_board,olftkr,not_ready,0,0,0.0,max_dim=0.363,not_suitable,perfect,not_suitable,not_suitable,possible,not_suitable
cutting_board,tcdrzs,graspable,200,2,103.8,max_dim=0.400,not_suitable,perfect,not_suitable,not_suitable,possible,not_suitable
cutting_board,wagwoy,not_ready,0,0,0.0,max_dim=0.360,not_suitable,perfect,not_suitable,not_suitable,possible,not_suitable
cymbal,kmbyyf,too_large,0,0,0.0,max_dim=1.016,not_suitable,not_suitable,not_suitable,not_suitable,not_suitable,not_suitable
cymbal,wnhmqs,too_large,0,0,0.0,max_dim=1.042,not_suitable,not_suitable,not_suitable,not_suitable,not_suitable,not_suitable
daffodil_bulb,ieihld,graspable,200,5,10.7,max_dim=0.036,not_suitable,not_suitable,not_suitable,not_suitable,not_suitable,not_suitable
dahlia_flower,hdkzhl,not_ready,0,0,0.0,max_dim=0.325,not_suitable,not_suitable,not_suitable,not_suitable,possible,not_suitable
dahlia_flower,kudrwc,not_ready,0,0,0.0,max_dim=0.299,not_suitable,not_suitable,not_suitable,not_suitable,possible,not_suitable
dart,hzvuwy,graspable,200,5,27.6,max_dim=0.086,not_suitable,not_suitable,not_suitable,not_suitable,not_suitable,not_suitable
dartboard,zjenlc,no_grasp,200,0,99.9,max_dim=0.451,not_suitable,not_suitable,not_suitable,not_suitable,not_suitable,not_suitable
date,kdfasq,graspable,200,5,10.7,max_dim=0.045,not_suitable,not_suitable,not_suitable,perfect,not_suitable,not_suitable
date,lskefl,graspable,200,5,11.1,max_dim=0.044,not_suitable,not_suitable,not_suitable,perfect,not_suitable,not_suitable
date,pfdasw,graspable,200,5,12.9,max_dim=0.044,not_suitable,not_suitable,not_suitable,perfect,not_suitable,not_suitable
decanter,ofasfw,graspable,200,5,11.3,max_dim=0.252,perfect,not_suitable,perfect,not_suitable,perfect,possible
decorative_sign,hgonwj,too_large,0,0,0.0,max_dim=0.604,not_suitable,not_suitable,not_suitable,not_suitable,possible,not_suitable
decorative_sign,rypeha,graspable,200,5,80.8,max_dim=0.334,not_suitable,not_suitable,not_suitable,not_suitable,possible,not_suitable
decorative_sign,xzsmxq,too_large,0,0,0.0,max_dim=0.925,not_suitable,not_suitable,not_suitable,not_suitable,possible,not_suitable
deep_fryer,fooamf,too_large,0,0,0.0,max_dim=1.055,not_suitable,not_suitable,not_suitable,not_suitable,not_suitable,possible
deep_fryer,jcmoji,too_large,0,0,0.0,max_dim=0.973,not_suitable,not_suitable,not_suitable,not_suitable,not_suitable,possible
dehumidifier,ppadfd,too_large,0,0,0.0,max_dim=0.590,not_suitable,not_suitable,not_suitable,not_suitable,not_suitable,not_suitable
dental_floss,aokqke,graspable,200,5,11.0,max_dim=0.044,not_suitable,not_suitable,not_suitable,not_suitable,possible,not_suitable
denture,cvkqkf,graspable,200,5,10.8,max_dim=0.100,not_suitable,not_suitable,not_suitable,not_suitable,not_suitable,not_suitable
deodorant_atomizer,utjfug,graspable,200,5,63.1,max_dim=0.151,not_suitable,not_suitable,possible,not_suitable,possible,not_suitable
deodorant_stick,albeyc,graspable,200,5,26.8,max_dim=0.135,not_suitable,not_suitable,not_suitable,not_suitable,possible,not_suitable
desk,aduafr,too_large,0,0,0.0,max_dim=1.513,not_suitable,not_suitable,not_suitable,not_suitable,not_suitable,not_suitable
desk,ampuyz,too_large,0,0,0.0,max_dim=0.808,not_suitable,not_suitable,not_suitable,not_suitable,not_suitable,not_suitable
desk,bhkhxo,too_large,0,0,0.0,max_dim=1.798,not_suitable,not_suitable,not_suitable,not_suitable,not_suitable,not_suitable
desk,bptvoy,too_large,0,0,0.0,max_dim=1.194,not_suitable,not_suitable,not_suitable,not_suitable,not_suitable,not_suitable
desk,ccxuey,too_large,0,0,0.0,max_dim=1.473,not_suitable,not_suitable,not_suitable,not_suitable,not_suitable,not_suitable
desk,cjhriz,too_large,0,0,0.0,max_dim=1.194,not_suitable,not_suitable,not_suitable,not_suitable,not_suitable,not_suitable
desk,clenrz,too_large,0,0,0.0,max_dim=1.612,not_suitable,not_suitable,not_suitable,not_suitable,not_suitable,not_suitable
desk,cnewsu,too_large,0,0,0.0,max_dim=1.194,not_suitable,not_suitable,not_suitable,not_suitable,not_suitable,not_suitable
desk,ctaxkd,too_large,0,0,0.0,max_dim=2.127,not_suitable,not_suitable,not_suitable,not_suitable,not_suitable,not_suitable
desk,egzdgz,too_large,0,0,0.0,max_dim=1.748,not_suitable,not_suitable,not_suitable,not_suitable,not_suitable,not_suitable
desk,ghtnfq,too_large,0,0,0.0,max_dim=2.794,not_suitable,not_suitable,not_suitable,not_suitable,not_suitable,not_suitable
desk,iotfzl,too_large,0,0,0.0,max_dim=1.398,not_suitable,not_suitable,not_suitable,not_suitable,not_suitable,not_suitable
desk,iufjhy,too_large,0,0,0.0,max_dim=1.508,not_suitable,not_suitable,not_suitable,not_suitable,not_suitable,not_suitable
desk,jfhurf,too_large,0,0,0.0,max_dim=1.194,not_suitable,not_suitable,not_suitable,not_suitable,not_suitable,not_suitable
desk,juzwaf,too_large,0,0,0.0,max_dim=1.487,not_suitable,not_suitable,not_suitable,not_suitable,not_suitable,not_suitable
desk,kmmlna,too_large,0,0,0.0,max_dim=1.104,not_suitable,not_suitable,not_suitable,not_suitable,not_suitable,not_suitable
desk,mdhelw,too_large,0,0,0.0,max_dim=2.781,not_suitable,not_suitable,not_suitable,not_suitable,not_suitable,not_suitable
desk,nafjjg,too_large,0,0,0.0,max_dim=1.401,not_suitable,not_suitable,not_suitable,not_suitable,not_suitable,not_suitable
desk,nbpuns,too_large,0,0,0.0,max_dim=1.090,not_suitable,not_suitable,not_suitable,not_suitable,not_suitable,not_suitable
desk,ntezkg,too_large,0,0,0.0,max_dim=1.127,not_suitable,not_suitable,not_suitable,not_suitable,not_suitable,not_suitable
desk,obvwds,too_large,0,0,0.0,max_dim=1.484,not_suitable,not_suitable,not_suitable,not_suitable,not_suitable,not_suitable
desk,ohjotf,too_large,0,0,0.0,max_dim=1.638,not_suitable,not_suitable,not_suitable,not_suitable,not_suitable,not_suitable
desk,pfsjbc,too_large,0,0,0.0,max_dim=4.200,not_suitable,not_suitable,not_suitable,not_suitable,not_suitable,not_suitable
desk,phavlj,too_large,0,0,0.0,max_dim=1.198,not_suitable,not_suitable,not_suitable,not_suitable,not_suitable,not_suitable
desk,pniubv,too_large,0,0,0.0,max_dim=2.510,not_suitable,not_suitable,not_suitable,not_suitable,not_suitable,not_suitable
desk,puapey,too_large,0,0,0.0,max_dim=1.616,not_suitable,not_suitable,not_suitable,not_suitable,not_suitable,not_suitable
desk,qpuflh,too_large,0,0,0.0,max_dim=2.794,not_suitable,not_suitable,not_suitable,not_suitable,not_suitable,not_suitable
desk,rzyfxk,too_large,0,0,0.0,max_dim=1.484,not_suitable,not_suitable,not_suitable,not_suitable,not_suitable,not_suitable
desk,sfstso,too_large,0,0,0.0,max_dim=1.265,not_suitable,not_suitable,not_suitable,not_suitable,not_suitable,not_suitable
desk,sjugsf,too_large,0,0,0.0,max_dim=3.045,not_suitable,not_suitable,not_suitable,not_suitable,not_suitable,not_suitable
desk,slgrxc,too_large,0,0,0.0,max_dim=2.269,not_suitable,not_suitable,not_suitable,not_suitable,not_suitable,not_suitable
desk,tdhgko,too_large,0,0,0.0,max_dim=0.842,not_suitable,not_suitable,not_suitable,not_suitable,not_suitable,not_suitable
desk,tmluxa,too_large,0,0,0.0,max_dim=0.708,not_suitable,not_suitable,not_suitable,not_suitable,not_suitable,not_suitable
desk,tmukzm,too_large,0,0,0.0,max_dim=1.194,not_suitable,not_suitable,not_suitable,not_suitable,not_suitable,not_suitable
desk,uffjvo,too_large,0,0,0.0,max_dim=1.194,not_suitable,not_suitable,not_suitable,not_suitable,not_suitable,not_suitable
desk,uqcmzf,too_large,0,0,0.0,max_dim=1.605,not_suitable,not_suitable,not_suitable,not_suitable,not_suitable,not_suitable
desk,uxgyui,too_large,0,0,0.0,max_dim=1.960,not_suitable,not_suitable,not_suitable,not_suitable,not_suitable,not_suitable
desk,vpwmkm,too_large,0,0,0.0,max_dim=1.133,not_suitable,not_suitable,not_suitable,not_suitable,not_suitable,not_suitable
desk,wtlxfr,too_large,0,0,0.0,max_dim=1.337,not_suitable,not_suitable,not_suitable,not_suitable,not_suitable,not_suitable
desk,xhjsub,too_large,0,0,0.0,max_dim=1.509,not_suitable,not_suitable,not_suitable,not_suitable,not_suitable,not_suitable
desk,yezrwt,too_large,0,0,0.0,max_dim=1.444,not_suitable,not_suitable,not_suitable,not_suitable,not_suitable,not_suitable
desk,zjbhgq,too_large,0,0,0.0,max_dim=1.748,not_suitable,not_suitable,not_suitable,not_suitable,not_suitable,not_suitable
desk,zlyqcq,too_large,0,0,0.0,max_dim=1.050,not_suitable,not_suitable,not_suitable,not_suitable,not_suitable,not_suitable
desk,ztsyqx,too_large,0,0,0.0,max_dim=0.785,not_suitable,not_suitable,not_suitable,not_suitable,not_suitable,not_suitable
desk_bracket,lwqwre,too_large,0,0,0.0,max_dim=1.328,not_suitable,not_suitable,not_suitable,not_suitable,not_suitable,not_suitable
desk_leg,qoerre,too_large,0,0,0.0,max_dim=0.651,not_suitable,not_suitable,not_suitable,not_suitable,not_suitable,not_suitable
desk_organizer,yidrel,graspable,200,5,19.5,max_dim=0.279,not_suitable,not_suitable,not_suitable,not_suitable,possible,not_suitable
desk_phone,gntohf,graspable,200,5,12.0,max_dim=0.333,possible,not_suitable,not_suitable,not_suitable,possible,not_suitable
desk_phone,itqxky,graspable,200,5,64.8,max_dim=0.229,possible,not_suitable,not_suitable,not_suitable,possible,not_suitable
desk_phone,kpxrpb,graspable,200,5,41.7,max_dim=0.407,possible,not_suitable,not_suitable,not_suitable,possible,not_suitable
desk_top,eggere,too_large,0,0,0.0,max_dim=1.337,not_suitable,not_suitable,not_suitable,not_suitable,not_suitable,not_suitable
desktop_computer,eantds,too_large,0,0,0.0,max_dim=0.538,not_suitable,not_suitable,not_suitable,not_suitable,not_suitable,not_suitable
desktop_computer,tbtham,too_large,0,0,0.0,max_dim=0.544,not_suitable,not_suitable,not_suitable,not_suitable,not_suitable,not_suitable
dessert_stand,xmwxow,too_large,0,0,0.0,max_dim=1.076,not_suitable,not_suitable,not_suitable,not_suitable,possible,not_suitable
detergent_atomizer,rhfpsb,graspable,200,5,15.7,max_dim=0.256,not_suitable,not_suitable,possible,not_suitable,not_suitable,not_suitable
detergent_bottle,yufawg,graspable,200,5,13.2,max_dim=0.276,not_suitable,not_suitable,possible,not_suitable,not_suitable,not_suitable
diamond,xeoqwf,not_ready,0,0,0.0,max_dim=0.010,not_suitable,not_suitable,not_suitable,not_suitable,not_suitable,not_suitable
diaper,faedft,not_ready,0,0,0.0,max_dim=0.357,not_suitable,not_suitable,not_suitable,not_suitable,not_suitable,not_suitable
dice,iswudu,graspable,200,5,13.5,max_dim=0.018,not_suitable,not_suitable,not_suitable,not_suitable,possible,not_suitable
dice,jommvx,graspable,200,5,11.0,max_dim=0.017,not_suitable,not_suitable,not_suitable,not_suitable,possible,not_suitable
dice,rcgtzz,graspable,200,5,17.2,max_dim=0.018,not_suitable,not_suitable,not_suitable,not_suitable,possible,not_suitable
digital_camera,tymxet,not_ready,0,0,0.0,max_dim=0.137,possible,not_suitable,not_suitable,not_suitable,possible,not_suitable
digital_camera,wbzzjl,graspable,200,5,19.0,max_dim=0.196,possible,not_suitable,not_suitable,not_suitable,possible,not_suitable
digital_camera,yptdmt,not_ready,0,0,0.0,max_dim=0.137,possible,not_suitable,not_suitable,not_suitable,possible,not_suitable
digital_camera,zcnxuz,not_ready,0,0,0.0,max_dim=0.163,possible,not_suitable,not_suitable,not_suitable,possible,not_suitable
digital_scale,ccphiu,graspable,200,5,17.6,max_dim=0.250,not_suitable,possible,not_suitable,not_suitable,possible,not_suitable
digital_scale,ecdsib,not_ready,0,0,0.0,max_dim=0.295,not_suitable,possible,not_suitable,not_suitable,possible,not_suitable
digital_scale,hfetby,graspable,200,5,31.3,max_dim=0.270,not_suitable,possible,not_suitable,not_suitable,possible,not_suitable
digital_scale,xwzzen,graspable,200,5,63.6,max_dim=0.343,not_suitable,possible,not_suitable,not_suitable,possible,not_suitable
digital_thermometer,bpnigg,graspable,200,5,40.1,max_dim=0.143,not_suitable,not_suitable,not_suitable,not_suitable,possible,not_suitable
dinner_napkin,etxjzg,not_ready,0,0,0.0,max_dim=0.218,not_suitable,perfect,not_suitable,not_suitable,possible,not_suitable
dinner_napkin,qmpgsg,not_ready,0,0,0.0,max_dim=0.210,not_suitable,perfect,not_suitable,not_suitable,possible,not_suitable
dip_candle,gbaons,graspable,200,5,24.0,max_dim=0.127,possible,not_suitable,not_suitable,not_suitable,possible,not_suitable
dip_candle,ghctun,graspable,200,5,45.6,max_dim=0.122,possible,not_suitable,not_suitable,not_suitable,possible,not_suitable
dip_candle,mxjejs,graspable,200,5,42.6,max_dim=0.310,possible,not_suitable,not_suitable,not_suitable,possible,not_suitable
dip_candle,poexjo,graspable,200,5,78.6,max_dim=0.167,possible,not_suitable,not_suitable,not_suitable,possible,not_suitable
dipper,hqqjfo,not_ready,0,0,0.0,max_dim=0.171,not_suitable,not_suitable,possible,not_suitable,possible,not_suitable
dish_rack,kxuutl,too_large,0,0,0.0,max_dim=0.624,not_suitable,not_suitable,not_suitable,not_suitable,not_suitable,not_suitable
dish_rack_cart,rniujn,too_large,0,0,0.0,max_dim=0.878,not_suitable,not_suitable,not_suitable,not_suitable,not_suitable,not_suitable
dishtowel,dtfspn,not_ready,0,0,0.0,max_dim=0.210,not_suitable,perfect,not_suitable,not_suitable,possible,not_suitable
dishtowel,ltydgg,not_ready,0,0,0.0,max_dim=0.217,not_suitable,perfect,not_suitable,not_suitable,possible,not_suitable
dishwasher,cgugie,too_large,0,0,0.0,max_dim=0.682,not_suitable,not_suitable,not_suitable,not_suitable,not_suitable,not_suitable
dishwasher,dngvvi,too_large,0,0,0.0,max_dim=0.706,not_suitable,not_suitable,not_suitable,not_suitable,not_suitable,not_suitable
dishwasher,dugpby,too_large,0,0,0.0,max_dim=0.651,not_suitable,not_suitable,not_suitable,not_suitable,not_suitable,not_suitable
dishwasher,tnlzww,too_large,0,0,0.0,max_dim=0.755,not_suitable,not_suitable,not_suitable,not_suitable,not_suitable,not_suitable
dishwasher,xlmier,too_large,0,0,0.0,max_dim=0.562,not_suitable,not_suitable,not_suitable,not_suitable,not_suitable,not_suitable
dishwasher,xvchpe,too_large,0,0,0.0,max_dim=1.232,not_suitable,not_suitable,not_suitable,not_suitable,not_suitable,not_suitable
dishwasher,ynrhuk,too_large,0,0,0.0,max_dim=0.760,not_suitable,not_suitable,not_suitable,not_suitable,not_suitable,not_suitable
dishwasher,znfvmj,too_large,0,0,0.0,max_dim=0.749,not_suitable,not_suitable,not_suitable,not_suitable,not_suitable,not_suitable
disinfectant_bottle,ifqdxn,graspable,200,5,13.2,max_dim=0.276,not_suitable,not_suitable,possible,not_suitable,not_suitable,not_suitable
display_case,dyiufq,too_large,0,0,0.0,max_dim=1.280,not_suitable,not_suitable,not_suitable,not_suitable,not_suitable,not_suitable
display_case,eyegld,too_large,0,0,0.0,max_dim=1.000,not_suitable,not_suitable,not_suitable,not_suitable,not_suitable,not_suitable
display_case,khxpgc,too_large,0,0,0.0,max_dim=2.109,not_suitable,not_suitable,not_suitable,not_suitable,not_suitable,not_suitable
display_fridge,oddyhd,too_large,0,0,0.0,max_dim=0.993,not_suitable,not_suitable,not_suitable,not_suitable,not_suitable,not_suitable
display_fridge,wlxyjn,too_large,0,0,0.0,max_dim=0.990,not_suitable,not_suitable,not_suitable,not_suitable,not_suitable,not_suitable
dog_collar,dnjpms,not_ready,0,0,0.0,max_dim=0.181,not_suitable,not_suitable,not_suitable,not_suitable,not_suitable,not_suitable
dog_food_can,vxxcvg,not_ready,0,0,0.0,max_dim=0.243,possible,not_suitable,possible,not_suitable,possible,not_suitable
doily,exiixv,graspable,200,5,30.9,max_dim=0.146,not_suitable,perfect,not_suitable,not_suitable,possible,not_suitable
doll,fhdgrp,graspable,200,5,45.6,max_dim=0.446,not_suitable,not_suitable,not_suitable,not_suitable,possible,not_suitable
donut,euibpi,not_ready,0,0,0.0,max_dim=0.097,not_suitable,not_suitable,not_suitable,perfect,possible,not_suitable
donut,hfdwgc,not_ready,0,0,0.0,max_dim=0.074,not_suitable,not_suitable,not_suitable,perfect,possible,not_suitable
door,adejun,too_large,0,0,0.0,max_dim=2.620,not_suitable,not_suitable,not_suitable,not_suitable,not_suitable,not_suitable
door,aknswb,too_large,0,0,0.0,max_dim=3.345,not_suitable,not_suitable,not_suitable,not_suitable,not_suitable,not_suitable
door,aleker,too_large,0,0,0.0,max_dim=3.000,not_suitable,not_suitable,not_suitable,not_suitable,not_suitable,not_suitable
door,axhbtu,too_large,0,0,0.0,max_dim=2.744,not_suitable,not_suitable,not_suitable,not_suitable,not_suitable,not_suitable
door,bandpe,too_large,0,0,0.0,max_dim=2.075,not_suitable,not_suitable,not_suitable,not_suitable,not_suitable,not_suitable
door,bexenl,too_large,0,0,0.0,max_dim=2.055,not_suitable,not_suitable,not_suitable,not_suitable,not_suitable,not_suitable
door,bkdxqa,too_large,0,0,0.0,max_dim=3.000,not_suitable,not_suitable,not_suitable,not_suitable,not_suitable,not_suitable
door,booxjn,too_large,0,0,0.0,max_dim=3.001,not_suitable,not_suitable,not_suitable,not_suitable,not_suitable,not_suitable
door,cbgtjl,too_large,0,0,0.0,max_dim=2.163,not_suitable,not_suitable,not_suitable,not_suitable,not_suitable,not_suitable
door,ccfetu,too_large,0,0,0.0,max_dim=2.099,not_suitable,not_suitable,not_suitable,not_suitable,not_suitable,not_suitable
door,ceddpg,too_large,0,0,0.0,max_dim=2.279,not_suitable,not_suitable,not_suitable,not_suitable,not_suitable,not_suitable
door,chonxi,too_large,0,0,0.0,max_dim=2.117,not_suitable,not_suitable,not_suitable,not_suitable,not_suitable,not_suitable
door,crtrpa,too_large,0,0,0.0,max_dim=2.330,not_suitable,not_suitable,not_suitable,not_suitable,not_suitable,not_suitable
door,cvvumy,too_large,0,0,0.0,max_dim=2.134,not_suitable,not_suitable,not_suitable,not_suitable,not_suitable,not_suitable
door,dladgw,too_large,0,0,0.0,max_dim=2.140,not_suitable,not_suitable,not_suitable,not_suitable,not_suitable,not_suitable
door,dlncrt,too_large,0,0,0.0,max_dim=1.902,not_suitable,not_suitable,not_suitable,not_suitable,not_suitable,not_suitable
door,dqnbsj,too_large,0,0,0.0,max_dim=2.679,not_suitable,not_suitable,not_suitable,not_suitable,not_suitable,not_suitable
door,duymuw,too_large,0,0,0.0,max_dim=2.143,not_suitable,not_suitable,not_suitable,not_suitable,not_suitable,not_suitable
door,edhkmd,too_large,0,0,0.0,max_dim=2.133,not_suitable,not_suitable,not_suitable,not_suitable,not_suitable,not_suitable
door,eduavq,too_large,0,0,0.0,max_dim=2.330,not_suitable,not_suitable,not_suitable,not_suitable,not_suitable,not_suitable
door,ehwmol,too_large,0,0,0.0,max_dim=2.080,not_suitable,not_suitable,not_suitable,not_suitable,not_suitable,not_suitable
door,esgehq,too_large,0,0,0.0,max_dim=2.782,not_suitable,not_suitable,not_suitable,not_suitable,not_suitable,not_suitable
door,ewqpfv,too_large,0,0,0.0,max_dim=2.268,not_suitable,not_suitable,not_suitable,not_suitable,not_suitable,not_suitable
door,exaqtm,too_large,0,0,0.0,max_dim=2.080,not_suitable,not_suitable,not_suitable,not_suitable,not_suitable,not_suitable
door,fnvpyu,too_large,0,0,0.0,max_dim=2.719,not_suitable,not_suitable,not_suitable,not_suitable,not_suitable,not_suitable
door,frkbgd,too_large,0,0,0.0,max_dim=2.450,not_suitable,not_suitable,not_suitable,not_suitable,not_suitable,not_suitable
door,frusok,too_large,0,0,0.0,max_dim=2.144,not_suitable,not_suitable,not_suitable,not_suitable,not_suitable,not_suitable
door,gfrgkk,too_large,0,0,0.0,max_dim=3.001,not_suitable,not_suitable,not_suitable,not_suitable,not_suitable,not_suitable
door,ggcyib,too_large,0,0,0.0,max_dim=3.000,not_suitable,not_suitable,not_suitable,not_suitable,not_suitable,not_suitable
door,gjtspo,too_large,0,0,0.0,max_dim=2.080,not_suitable,not_suitable,not_suitable,not_suitable,not_suitable,not_suitable
door,gmytjz,too_large,0,0,0.0,max_dim=2.192,not_suitable,not_suitable,not_suitable,not_suitable,not_suitable,not_suitable
door,gzaggw,too_large,0,0,0.0,max_dim=2.210,not_suitable,not_suitable,not_suitable,not_suitable,not_suitable,not_suitable
door,hzfirv,too_large,0,0,0.0,max_dim=1.984,not_suitable,not_suitable,not_suitable,not_suitable,not_suitable,not_suitable
door,ilmrvy,too_large,0,0,0.0,max_dim=2.080,not_suitable,not_suitable,not_suitable,not_suitable,not_suitable,not_suitable
door,iuuykr,too_large,0,0,0.0,max_dim=1.919,not_suitable,not_suitable,not_suitable,not_suitable,not_suitable,not_suitable
door,izyvmu,too_large,0,0,0.0,max_dim=2.801,not_suitable,not_suitable,not_suitable,not_suitable,not_suitable,not_suitable
door,jsoewn,too_large,0,0,0.0,max_dim=2.695,not_suitable,not_suitable,not_suitable,not_suitable,not_suitable,not_suitable
door,ktydvs,too_large,0,0,0.0,max_dim=1.885,not_suitable,not_suitable,not_suitable,not_suitable,not_suitable,not_suitable
door,kwbnhy,too_large,0,0,0.0,max_dim=2.655,not_suitable,not_suitable,not_suitable,not_suitable,not_suitable,not_suitable
door,lcrefl,too_large,0,0,0.0,max_dim=2.152,not_suitable,not_suitable,not_suitable,not_suitable,not_suitable,not_suitable
door,lctyaf,too_large,0,0,0.0,max_dim=2.201,not_suitable,not_suitable,not_suitable,not_suitable,not_suitable,not_suitable
door,lhxdte,too_large,0,0,0.0,max_dim=2.157,not_suitable,not_suitable,not_suitable,not_suitable,not_suitable,not_suitable
door,lvgliq,too_large,0,0,0.0,max_dim=1.825,not_suitable,not_suitable,not_suitable,not_suitable,not_suitable,not_suitable
door,lvncak,too_large,0,0,0.0,max_dim=2.219,not_suitable,not_suitable,not_suitable,not_suitable,not_suitable,not_suitable
door,lztyfn,too_large,0,0,0.0,max_dim=2.067,not_suitable,not_suitable,not_suitable,not_suitable,not_suitable,not_suitable
door,mdglvs,too_large,0,0,0.0,max_dim=3.061,not_suitable,not_suitable,not_suitable,not_suitable,not_suitable,not_suitable
door,mfocvp,too_large,0,0,0.0,max_dim=2.462,not_suitable,not_suitable,not_suitable,not_suitable,not_suitable,not_suitable
door,mgmayh,too_large,0,0,0.0,max_dim=1.999,not_suitable,not_suitable,not_suitable,not_suitable,not_suitable,not_suitable
door,mkcndz,too_large,0,0,0.0,max_dim=2.060,not_suitable,not_suitable,not_suitable,not_suitable,not_suitable,not_suitable
door,mrdthd,too_large,0,0,0.0,max_dim=2.892,not_suitable,not_suitable,not_suitable,not_suitable,not_suitable,not_suitable
door,msovkn,too_large,0,0,0.0,max_dim=2.289,not_suitable,not_suitable,not_suitable,not_suitable,not_suitable,not_suitable
door,myihfn,too_large,0,0,0.0,max_dim=2.177,not_suitable,not_suitable,not_suitable,not_suitable,not_suitable,not_suitable
door,nfrbch,too_large,0,0,0.0,max_dim=2.010,not_suitable,not_suitable,not_suitable,not_suitable,not_suitable,not_suitable
door,nwlbit,too_large,0,0,0.0,max_dim=2.095,not_suitable,not_suitable,not_suitable,not_suitable,not_suitable,not_suitable
door,nywsku,too_large,0,0,0.0,max_dim=2.200,not_suitable,not_suitable,not_suitable,not_suitable,not_suitable,not_suitable
door,ofgodc,too_large,0,0,0.0,max_dim=2.500,not_suitable,not_suitable,not_suitable,not_suitable,not_suitable,not_suitable
door,ofgpit,too_large,0,0,0.0,max_dim=2.123,not_suitable,not_suitable,not_suitable,not_suitable,not_suitable,not_suitable
door,ohagsq,too_large,0,0,0.0,max_dim=3.434,not_suitable,not_suitable,not_suitable,not_suitable,not_suitable,not_suitable
door,ozlhfk,too_large,0,0,0.0,max_dim=2.699,not_suitable,not_suitable,not_suitable,not_suitable,not_suitable,not_suitable
door,pevmgl,too_large,0,0,0.0,max_dim=1.900,not_suitable,not_suitable,not_suitable,not_suitable,not_suitable,not_suitable
door,poafwh,too_large,0,0,0.0,max_dim=2.306,not_suitable,not_suitable,not_suitable,not_suitable,not_suitable,not_suitable
door,pwoerr,too_large,0,0,0.0,max_dim=3.000,not_suitable,not_suitable,not_suitable,not_suitable,not_suitable,not_suitable
door,pxhbim,too_large,0,0,0.0,max_dim=2.055,not_suitable,not_suitable,not_suitable,not_suitable,not_suitable,not_suitable
door,pzgdls,too_large,0,0,0.0,max_dim=2.177,not_suitable,not_suitable,not_suitable,not_suitable,not_suitable,not_suitable
door,rhcnln,too_large,0,0,0.0,max_dim=2.604,not_suitable,not_suitable,not_suitable,not_suitable,not_suitable,not_suitable
door,rqextk,too_large,0,0,0.0,max_dim=2.142,not_suitable,not_suitable,not_suitable,not_suitable,not_suitable,not_suitable
door,rsypfh,too_large,0,0,0.0,max_dim=2.080,not_suitable,not_suitable,not_suitable,not_suitable,not_suitable,not_suitable
door,rwmofs,too_large,0,0,0.0,max_dim=2.080,not_suitable,not_suitable,not_suitable,not_suitable,not_suitable,not_suitable
door,scfdua,too_large,0,0,0.0,max_dim=2.855,not_suitable,not_suitable,not_suitable,not_suitable,not_suitable,not_suitable
door,stvajh,too_large,0,0,0.0,max_dim=2.695,not_suitable,not_suitable,not_suitable,not_suitable,not_suitable,not_suitable
door,tfdrhh,too_large,0,0,0.0,max_dim=2.394,not_suitable,not_suitable,not_suitable,not_suitable,not_suitable,not_suitable
door,tonlzz,too_large,0,0,0.0,max_dim=2.739,not_suitable,not_suitable,not_suitable,not_suitable,not_suitable,not_suitable
door,uatmde,too_large,0,0,0.0,max_dim=2.080,not_suitable,not_suitable,not_suitable,not_suitable,not_suitable,not_suitable
door,ubesbe,too_large,0,0,0.0,max_dim=2.083,not_suitable,not_suitable,not_suitable,not_suitable,not_suitable,not_suitable
door,uptpdr,too_large,0,0,0.0,max_dim=2.295,not_suitable,not_suitable,not_suitable,not_suitable,not_suitable,not_suitable
door,uubpeq,too_large,0,0,0.0,max_dim=2.279,not_suitable,not_suitable,not_suitable,not_suitable,not_suitable,not_suitable
door,vngfge,too_large,0,0,0.0,max_dim=2.100,not_suitable,not_suitable,not_suitable,not_suitable,not_suitable,not_suitable
door,vngpad,too_large,0,0,0.0,max_dim=2.002,not_suitable,not_suitable,not_suitable,not_suitable,not_suitable,not_suitable
door,vudhlc,too_large,0,0,0.0,max_dim=2.342,not_suitable,not_suitable,not_suitable,not_suitable,not_suitable,not_suitable
door,vxmxbc,too_large,0,0,0.0,max_dim=2.080,not_suitable,not_suitable,not_suitable,not_suitable,not_suitable,not_suitable
door,woxoyn,too_large,0,0,0.0,max_dim=1.900,not_suitable,not_suitable,not_suitable,not_suitable,not_suitable,not_suitable
door,xdcuws,too_large,0,0,0.0,max_dim=2.218,not_suitable,not_suitable,not_suitable,not_suitable,not_suitable,not_suitable
door,xkfmjp,too_large,0,0,0.0,max_dim=2.080,not_suitable,not_suitable,not_suitable,not_suitable,not_suitable,not_suitable
door,xqxiyb,too_large,0,0,0.0,max_dim=3.001,not_suitable,not_suitable,not_suitable,not_suitable,not_suitable,not_suitable
door,xxipyh,too_large,0,0,0.0,max_dim=3.300,not_suitable,not_suitable,not_suitable,not_suitable,not_suitable,not_suitable
door,ydokma,too_large,0,0,0.0,max_dim=2.080,not_suitable,not_suitable,not_suitable,not_suitable,not_suitable,not_suitable
door,zniqtp,too_large,0,0,0.0,max_dim=2.152,not_suitable,not_suitable,not_suitable,not_suitable,not_suitable,not_suitable
dowel,ghnjry,graspable,200,5,15.6,max_dim=0.035,not_suitable,not_suitable,not_suitable,not_suitable,not_suitable,not_suitable
downlight,adwcsx,not_ready,0,0,0.0,max_dim=0.064,not_suitable,not_suitable,not_suitable,not_suitable,not_suitable,not_suitable
downlight,avpijm,too_large,0,0,0.0,max_dim=5.350,not_suitable,not_suitable,not_suitable,not_suitable,not_suitable,not_suitable
downlight,dfjhxs,not_ready,0,0,0.0,max_dim=0.095,not_suitable,not_suitable,not_suitable,not_suitable,not_suitable,not_suitable
downlight,fisfbn,too_large,0,0,0.0,max_dim=0.645,not_suitable,not_suitable,not_suitable,not_suitable,not_suitable,not_suitable
downlight,foxnlo,graspable,200,5,67.3,max_dim=0.228,not_suitable,not_suitable,not_suitable,not_suitable,not_suitable,not_suitable
downlight,ggwgmo,graspable,200,5,35.5,max_dim=0.220,not_suitable,not_suitable,not_suitable,not_suitable,not_suitable,not_suitable
downlight,ghdczp,too_large,0,0,0.0,max_dim=0.962,not_suitable,not_suitable,not_suitable,not_suitable,not_suitable,not_suitable
downlight,hbqwek,not_ready,0,0,0.0,max_dim=0.083,not_suitable,not_suitable,not_suitable,not_suitable,not_suitable,not_suitable
downlight,hpkvem,not_ready,0,0,0.0,max_dim=0.169,not_suitable,not_suitable,not_suitable,not_suitable,not_suitable,not_suitable
downlight,jexffy,not_ready,0,0,0.0,max_dim=0.170,not_suitable,not_suitable,not_suitable,not_suitable,not_suitable,not_suitable
downlight,jrrugm,not_ready,0,0,0.0,max_dim=0.095,not_suitable,not_suitable,not_suitable,not_suitable,not_suitable,not_suitable
downlight,kpobtc,not_ready,0,0,0.0,max_dim=0.053,not_suitable,not_suitable,not_suitable,not_suitable,not_suitable,not_suitable
downlight,ldapja,not_ready,0,0,0.0,max_dim=0.195,not_suitable,not_suitable,not_suitable,not_suitable,not_suitable,not_suitable
downlight,miioxs,not_ready,0,0,0.0,max_dim=0.199,not_suitable,not_suitable,not_suitable,not_suitable,not_suitable,not_suitable
downlight,nlhffs,graspable,200,5,15.8,max_dim=0.100,not_suitable,not_suitable,not_suitable,not_suitable,not_suitable,not_suitable
downlight,pawfmw,not_ready,0,0,0.0,max_dim=0.137,not_suitable,not_suitable,not_suitable,not_suitable,not_suitable,not_suitable
downlight,pxrmnt,not_ready,0,0,0.0,max_dim=0.069,not_suitable,not_suitable,not_suitable,not_suitable,not_suitable,not_suitable
downlight,qnleip,too_large,0,0,0.0,max_dim=1.200,not_suitable,not_suitable,not_suitable,not_suitable,not_suitable,not_suitable
downlight,tghdrr,too_large,0,0,0.0,max_dim=3.606,not_suitable,not_suitable,not_suitable,not_suitable,not_suitable,not_suitable
downlight,tyfhjt,too_large,0,0,0.0,max_dim=0.612,not_suitable,not_suitable,not_suitable,not_suitable,not_suitable,not_suitable
downlight,vlplia,graspable,200,5,42.0,max_dim=0.156,not_suitable,not_suitable,not_suitable,not_suitable,not_suitable,not_suitable
downlight,vqlqsa,graspable,200,5,23.9,max_dim=0.220,not_suitable,not_suitable,not_suitable,not_suitable,not_suitable,not_suitable
downlight,vtamah,not_ready,0,0,0.0,max_dim=0.034,not_suitable,not_suitable,not_suitable,not_suitable,not_suitable,not_suitable
downlight,xfigfe,not_ready,0,0,0.0,max_dim=0.061,not_suitable,not_suitable,not_suitable,not_suitable,not_suitable,not_suitable
downlight,xhoqgk,not_ready,0,0,0.0,max_dim=0.120,not_suitable,not_suitable,not_suitable,not_suitable,not_suitable,not_suitable
downlight,ylheyu,not_ready,0,0,0.0,max_dim=0.428,not_suitable,not_suitable,not_suitable,not_suitable,not_suitable,not_suitable
downlight,yrnfdt,not_ready,0,0,0.0,max_dim=0.105,not_suitable,not_suitable,not_suitable,not_suitable,not_suitable,not_suitable
downlight,zojpvs,not_ready,0,0,0.0,max_dim=0.120,not_suitable,not_suitable,not_suitable,not_suitable,not_suitable,not_suitable
dreidel,smzktm,graspable,200,5,14.2,max_dim=0.026,not_suitable,not_suitable,not_suitable,not_suitable,possible,not_suitable
dreidel,vsmlcg,graspable,200,5,16.0,max_dim=0.032,not_suitable,not_suitable,not_suitable,not_suitable,possible,not_suitable
dreidel,zynift,graspable,200,5,10.7,max_dim=0.035,not_suitable,not_suitable,not_suitable,not_suitable,possible,not_suitable
dress,gtghon,too_large,0,0,0.0,max_dim=1.007,not_suitable,not_suitable,not_suitable,not_suitable,not_suitable,not_suitable
dress_shirt,fmapwe,too_large,0,0,0.0,max_dim=0.768,not_suitable,not_suitable,not_suitable,not_suitable,not_suitable,not_suitable
dried_apricot,fasedf,graspable,200,5,9.9,max_dim=0.053,not_suitable,not_suitable,not_suitable,perfect,not_suitable,not_suitable
drill,nzgmza,graspable,200,5,28.9,max_dim=0.197,not_suitable,not_suitable,not_suitable,not_suitable,not_suitable,not_suitable
drink_dispenser,midfat,too_large,0,0,0.0,max_dim=0.815,not_suitable,not_suitable,possible,not_suitable,not_suitable,possible
drink_dispenser,zgvhru,too_large,0,0,0.0,max_dim=1.014,not_suitable,not_suitable,possible,not_suitable,not_suitable,possible
drinking_fountain,xijidt,too_large,0,0,0.0,max_dim=1.088,not_suitable,not_suitable,not_suitable,not_suitable,not_suitable,not_suitable
drip_pot,xmxvml,graspable,200,5,19.3,max_dim=0.214,possible,not_suitable,perfect,not_suitable,possible,perfect
driveway,aipswu,too_large,0,0,0.0,max_dim=11.268,not_suitable,not_suitable,not_suitable,not_suitable,not_suitable,not_suitable
driveway,bswjlv,too_large,0,0,0.0,max_dim=14.403,not_suitable,not_suitable,not_suitable,not_suitable,not_suitable,not_suitable
driveway,hmbdky,too_large,0,0,0.0,max_dim=36.193,not_suitable,not_suitable,not_suitable,not_suitable,not_suitable,not_suitable
driveway,nnhykp,too_large,0,0,0.0,max_dim=6.173,not_suitable,not_suitable,not_suitable,not_suitable,not_suitable,not_suitable
driveway,ulegfe,too_large,0,0,0.0,max_dim=12.375,not_suitable,not_suitable,not_suitable,not_suitable,not_suitable,not_suitable
driveway,umalys,too_large,0,0,0.0,max_dim=7.403,not_suitable,not_suitable,not_suitable,not_suitable,not_suitable,not_suitable
driveway,ywqsrg,too_large,0,0,0.0,max_dim=5.888,not_suitable,not_suitable,not_suitable,not_suitable,not_suitable,not_suitable
drop_in_sink,awvzkn,too_large,0,0,0.0,max_dim=0.769,not_suitable,not_suitable,not_suitable,not_suitable,not_suitable,not_suitable
drop_in_sink,hecjnt,too_large,0,0,0.0,max_dim=0.682,not_suitable,not_suitable,not_suitable,not_suitable,not_suitable,not_suitable
drop_in_sink,lkklqs,too_large,0,0,0.0,max_dim=0.858,not_suitable,not_suitable,not_suitable,not_suitable,not_suitable,not_suitable
drop_in_sink,wqjwbx,too_large,0,0,0.0,max_dim=1.127,not_suitable,not_suitable,not_suitable,not_suitable,not_suitable,not_suitable
drop_in_sink,wzpabm,no_grasp,200,0,107.0,max_dim=0.331,not_suitable,not_suitable,not_suitable,not_suitable,not_suitable,not_suitable
drumstick,jauzlc,graspable,200,5,40.1,max_dim=0.375,not_suitable,not_suitable,not_suitable,perfect,not_suitable,not_suitable
drumstick,lkvzmj,graspable,200,5,49.4,max_dim=0.406,not_suitable,not_suitable,not_suitable,perfect,not_suitable,not_suitable
dry_food_dispenser_shelf,digmhv,too_large,0,0,0.0,max_dim=2.172,not_suitable,not_suitable,not_suitable,not_suitable,not_suitable,not_suitable
drying_rack,rygebd,too_large,0,0,0.0,max_dim=1.528,not_suitable,not_suitable,not_suitable,not_suitable,not_suitable,not_suitable
duck,nletxg,not_ready,0,0,0.0,max_dim=0.484,not_suitable,not_suitable,not_suitable,perfect,not_suitable,not_suitable
duct_tape,htrage,graspable,200,5,12.2,max_dim=0.142,not_suitable,not_suitable,not_suitable,not_suitable,possible,not_suitable
dumpling,upqcop,graspable,200,5,11.3,max_dim=0.042,not_suitable,not_suitable,not_suitable,perfect,not_suitable,not_suitable
durian,mttfyh,not_ready,0,0,0.0,max_dim=0.142,not_suitable,not_suitable,not_suitable,perfect,not_suitable,not_suitable
dustpan,espzwv,graspable,200,5,23.9,max_dim=0.294,not_suitable,not_suitable,not_suitable,not_suitable,not_suitable,not_suitable
dutch_oven,tyxwap,too_large,0,0,0.0,max_dim=0.507,not_suitable,not_suitable,perfect,not_suitable,possible,perfect
dvd,lggrfa,not_ready,0,0,0.0,max_dim=0.144,not_suitable,possible,not_suitable,not_suitable,possible,not_suitable
eames_chair,hjzqdj,too_large,0,0,0.0,max_dim=0.934,not_suitable,not_suitable,not_suitable,not_suitable,not_suitable,not_suitable
eames_chair,hndxiw,too_large,0,0,0.0,max_dim=0.845,not_suitable,not_suitable,not_suitable,not_suitable,not_suitable,not_suitable
eames_chair,hpwusn,too_large,0,0,0.0,max_dim=0.749,not_suitable,not_suitable,not_suitable,not_suitable,not_suitable,not_suitable
eames_chair,mmqvnh,too_large,0,0,0.0,max_dim=0.777,not_suitable,not_suitable,not_suitable,not_suitable,not_suitable,not_suitable
eames_chair,svlwdg,too_large,0,0,0.0,max_dim=0.945,not_suitable,not_suitable,not_suitable,not_suitable,not_suitable,not_suitable
eames_chair,ubmrms,too_large,0,0,0.0,max_dim=1.128,not_suitable,not_suitable,not_suitable,not_suitable,not_suitable,not_suitable
easel,jsvaph,too_large,0,0,0.0,max_dim=1.657,not_suitable,not_suitable,not_suitable,not_suitable,not_suitable,not_suitable
easter_egg,rxwfse,graspable,200,5,10.4,max_dim=0.057,not_suitable,not_suitable,not_suitable,possible,possible,not_suitable
echeveria_elegans,eijdyn,graspable,200,5,30.6,max_dim=0.143,not_suitable,not_suitable,not_suitable,not_suitable,possible,not_suitable
edible_cookie_dough,epwkoi,not_ready,0,0,0.0,max_dim=0.200,not_suitable,not_suitable,not_suitable,possible,not_suitable,not_suitable
egg,brkitw,graspable,200,5,9.8,max_dim=0.070,not_suitable,not_suitable,not_suitable,perfect,possible,not_suitable
egg,qopwgx,graspable,200,5,10.0,max_dim=0.066,not_suitable,not_suitable,not_suitable,perfect,possible,not_suitable
eggplant,gfytkk,graspable,200,5,63.5,max_dim=0.205,not_suitable,not_suitable,not_suitable,perfect,possible,not_suitable
eggplant,jniuxf,graspable,200,5,52.4,max_dim=0.199,not_suitable,not_suitable,not_suitable,perfect,possible,not_suitable
eggplant,nzbcyp,graspable,200,5,31.7,max_dim=0.200,not_suitable,not_suitable,not_suitable,perfect,possible,not_suitable
electric_cauldron,qmdgct,too_large,0,0,0.0,max_dim=1.057,not_suitable,not_suitable,perfect,not_suitable,not_suitable,perfect
electric_fan,lclkju,too_large,0,0,0.0,max_dim=0.534,not_suitable,not_suitable,not_suitable,not_suitable,not_suitable,not_suitable
electric_fan,qqphyr,too_large,0,0,0.0,max_dim=1.156,not_suitable,not_suitable,not_suitable,not_suitable,not_suitable,not_suitable
electric_hand_mixer,prewfi,graspable,200,5,28.9,max_dim=0.293,not_suitable,not_suitable,not_suitable,not_suitable,possible,not_suitable
electric_kettle,hkdsla,graspable,200,5,28.6,max_dim=0.265,possible,not_suitable,perfect,not_suitable,possible,possible
electric_mixer,ceaeqf,no_grasp,200,0,3.2,max_dim=0.403,not_suitable,not_suitable,not_suitable,not_suitable,not_suitable,not_suitable
electric_mixer,qornxa,too_large,0,0,0.0,max_dim=0.677,not_suitable,not_suitable,not_suitable,not_suitable,not_suitable,not_suitable
electric_switch,fjjber,no_grasp,200,0,1.5,max_dim=0.095,not_suitable,not_suitable,not_suitable,not_suitable,not_suitable,not_suitable
electric_switch,gashan,not_ready,0,0,0.0,max_dim=0.080,not_suitable,not_suitable,not_suitable,not_suitable,not_suitable,not_suitable
electric_switch,hpowgy,not_ready,0,0,0.0,max_dim=0.118,not_suitable,not_suitable,not_suitable,not_suitable,not_suitable,not_suitable
electric_switch,hrwnhp,no_grasp,200,0,1.6,max_dim=0.114,not_suitable,not_suitable,not_suitable,not_suitable,not_suitable,not_suitable
electric_switch,ldrjoi,not_ready,0,0,0.0,max_dim=0.081,not_suitable,not_suitable,not_suitable,not_suitable,not_suitable,not_suitable
electric_switch,oedwla,no_grasp,200,0,1.7,max_dim=0.081,not_suitable,not_suitable,not_suitable,not_suitable,not_suitable,not_suitable
electric_switch,qxhtct,no_grasp,200,0,1.6,max_dim=0.061,not_suitable,not_suitable,not_suitable,not_suitable,not_suitable,not_suitable
electric_switch,strbnw,no_grasp,200,0,1.5,max_dim=0.080,not_suitable,not_suitable,not_suitable,not_suitable,not_suitable,not_suitable
electric_switch,wseglt,not_ready,0,0,0.0,max_dim=0.114,not_suitable,not_suitable,not_suitable,not_suitable,not_suitable,not_suitable
electric_switch,zigdvw,no_grasp,200,0,1.7,max_dim=0.073,not_suitable,not_suitable,not_suitable,not_suitable,not_suitable,not_suitable
elevator_door,yazaic,too_large,0,0,0.0,max_dim=3.000,not_suitable,not_suitable,not_suitable,not_suitable,not_suitable,not_suitable
elevator_door,ymwnju,too_large,0,0,0.0,max_dim=2.122,not_suitable,not_suitable,not_suitable,not_suitable,not_suitable,not_suitable
elevator_door,zlmfwf,too_large,0,0,0.0,max_dim=2.136,not_suitable,not_suitable,not_suitable,not_suitable,not_suitable,not_suitable
elliptical_machine,qwsarx,too_large,0,0,0.0,max_dim=1.688,not_suitable,not_suitable,not_suitable,not_suitable,not_suitable,not_suitable
emery_paper,aozhnv,no_grasp,200,0,1.5,max_dim=0.228,not_suitable,possible,not_suitable,not_suitable,not_suitable,not_suitable
enchilada,dwvaig,not_ready,0,0,0.0,max_dim=0.203,not_suitable,not_suitable,not_suitable,perfect,not_suitable,not_suitable
envelope,urcigc,no_grasp,200,0,1.5,max_dim=0.103,not_suitable,perfect,not_suitable,not_suitable,possible,not_suitable
erlenmeyer_flask,bpwjxr,no_grasp,200,0,1.7,max_dim=0.153,possible,not_suitable,perfect,not_suitable,possible,not_suitable
erlenmeyer_flask,iwwpsf,no_grasp,200,0,1.6,max_dim=0.227,possible,not_suitable,perfect,not_suitable,possible,not_suitable
espresso_machine,artpwc,no_grasp,200,0,2.2,max_dim=0.476,not_suitable,not_suitable,not_suitable,not_suitable,not_suitable,not_suitable
espresso_machine,cycsgl,too_large,0,0,0.0,max_dim=0.569,not_suitable,not_suitable,not_suitable,not_suitable,not_suitable,not_suitable
espresso_machine,qhrtyw,too_large,0,0,0.0,max_dim=0.524,not_suitable,not_suitable,not_suitable,not_suitable,not_suitable,not_suitable
espresso_machine,tysouc,no_grasp,200,0,14.1,max_dim=0.340,not_suitable,not_suitable,not_suitable,not_suitable,not_suitable,not_suitable
espresso_machine,xybbzt,too_large,0,0,0.0,max_dim=0.861,not_suitable,not_suitable,not_suitable,not_suitable,not_suitable,not_suitable
exercise_bike,eponae,too_large,0,0,0.0,max_dim=1.266,not_suitable,not_suitable,not_suitable,not_suitable,not_suitable,not_suitable
eyeglasses,gphhuu,no_grasp,200,0,1.7,max_dim=0.129,not_suitable,not_suitable,not_suitable,not_suitable,possible,not_suitable
eyeglasses,ujauoy,no_grasp,200,0,2.0,max_dim=0.153,not_suitable,not_suitable,not_suitable,not_suitable,possible,not_suitable
fabric_softener_bottle,uyixwc,no_grasp,200,0,2.3,max_dim=0.276,not_suitable,not_suitable,possible,not_suitable,not_suitable,not_suitable
facsimile,mcqqhy,no_grasp,200,0,1.9,max_dim=0.130,not_suitable,not_suitable,not_suitable,not_suitable,not_suitable,not_suitable
fairy_light,waitum,too_large,0,0,0.0,max_dim=4.930,not_suitable,not_suitable,not_suitable,not_suitable,not_suitable,not_suitable
farm_stand,yoacgd,too_large,0,0,0.0,max_dim=3.158,not_suitable,not_suitable,not_suitable,not_suitable,not_suitable,not_suitable
feather,kwjblz,no_grasp,200,0,1.5,max_dim=0.229,not_suitable,not_suitable,not_suitable,not_suitable,not_suitable,not_suitable
fertilizer_atomizer,lhbpcq,no_grasp,200,0,2.1,max_dim=0.260,not_suitable,not_suitable,possible,not_suitable,not_suitable,not_suitable
feta,gkaitc,no_grasp,200,0,1.5,max_dim=0.177,not_suitable,not_suitable,not_suitable,perfect,possible,not_suitable
feta,imjclo,no_grasp,200,0,1.4,max_dim=0.163,not_suitable,not_suitable,not_suitable,perfect,possible,not_suitable
feta,qqnhke,no_grasp,200,0,1.4,max_dim=0.163,not_suitable,not_suitable,not_suitable,perfect,possible,not_suitable
feta,yvqmnt,no_grasp,200,0,1.5,max_dim=0.177,not_suitable,not_suitable,not_suitable,perfect,possible,not_suitable
feta_box,qxnzpx,not_ready,0,0,0.0,max_dim=0.204,not_suitable,not_suitable,not_suitable,not_suitable,possible,not_suitable
fillet,fqhuey,no_grasp,200,0,1.7,max_dim=0.191,not_suitable,not_suitable,not_suitable,perfect,not_suitable,not_suitable
fire_alarm,dkwmmf,no_grasp,200,0,1.5,max_dim=0.100,not_suitable,not_suitable,not_suitable,not_suitable,not_suitable,not_suitable
fire_alarm,jyifxp,no_grasp,200,0,1.5,max_dim=0.166,not_suitable,not_suitable,not_suitable,not_suitable,not_suitable,not_suitable
fire_alarm,nidjyp,no_grasp,200,0,1.8,max_dim=0.120,not_suitable,not_suitable,not_suitable,not_suitable,not_suitable,not_suitable
fire_alarm,rcviyl,no_grasp,200,0,1.9,max_dim=0.087,not_suitable,not_suitable,not_suitable,not_suitable,not_suitable,not_suitable
fire_alarm,wfihwf,not_ready,0,0,0.0,max_dim=0.109,not_suitable,not_suitable,not_suitable,not_suitable,not_suitable,not_suitable
fire_alarm,xjupjc,no_grasp,200,0,1.7,max_dim=0.087,not_suitable,not_suitable,not_suitable,not_suitable,not_suitable,not_suitable
fire_extinguisher,bejaeu,no_grasp,200,0,2.0,max_dim=0.418,not_suitable,not_suitable,not_suitable,not_suitable,not_suitable,not_suitable
fire_extinguisher,inqyom,no_grasp,200,0,2.1,max_dim=0.423,not_suitable,not_suitable,not_suitable,not_suitable,not_suitable,not_suitable
fire_extinguisher,jgdvdl,too_large,0,0,0.0,max_dim=0.637,not_suitable,not_suitable,not_suitable,not_suitable,not_suitable,not_suitable
fire_extinguisher,noepez,too_large,0,0,0.0,max_dim=0.637,not_suitable,not_suitable,not_suitable,not_suitable,not_suitable,not_suitable
fire_extinguisher,tfgypq,not_ready,0,0,0.0,max_dim=0.422,not_suitable,not_suitable,not_suitable,not_suitable,not_suitable,not_suitable
fire_extinguisher,xqtkxb,no_grasp,200,0,1.7,max_dim=0.430,not_suitable,not_suitable,not_suitable,not_suitable,not_suitable,not_suitable
fire_sprinkler,nodoxv,graspable,200,5,12.7,max_dim=0.123,not_suitable,not_suitable,not_suitable,not_suitable,not_suitable,not_suitable
fire_sprinkler,skcdiz,not_ready,0,0,0.0,max_dim=0.072,not_suitable,not_suitable,not_suitable,not_suitable,not_suitable,not_suitable
firewood,agntyc,graspable,200,5,52.1,max_dim=0.260,not_suitable,not_suitable,not_suitable,not_suitable,not_suitable,not_suitable
firewood,awnmwf,graspable,200,3,101.6,max_dim=0.385,not_suitable,not_suitable,not_suitable,not_suitable,not_suitable,not_suitable
firewood,bfalqo,graspable,200,5,65.0,max_dim=0.248,not_suitable,not_suitable,not_suitable,not_suitable,not_suitable,not_suitable
firewood,bpvxxo,graspable,200,5,21.4,max_dim=0.401,not_suitable,not_suitable,not_suitable,not_suitable,not_suitable,not_suitable
firewood,eqisnk,graspable,200,5,67.4,max_dim=0.455,not_suitable,not_suitable,not_suitable,not_suitable,not_suitable,not_suitable
firewood,fpqlgh,graspable,200,4,106.8,max_dim=0.286,not_suitable,not_suitable,not_suitable,not_suitable,not_suitable,not_suitable
firewood,fyasfx,graspable,200,2,97.7,max_dim=0.459,not_suitable,not_suitable,not_suitable,not_suitable,not_suitable,not_suitable
firewood,gmwelp,graspable,200,5,48.9,max_dim=0.252,not_suitable,not_suitable,not_suitable,not_suitable,not_suitable,not_suitable
firewood,hkdyem,graspable,200,5,26.0,max_dim=0.415,not_suitable,not_suitable,not_suitable,not_suitable,not_suitable,not_suitable
firewood,hmwryv,graspable,200,5,71.3,max_dim=0.449,not_suitable,not_suitable,not_suitable,not_suitable,not_suitable,not_suitable
firewood,hofdbd,graspable,200,5,29.9,max_dim=0.244,not_suitable,not_suitable,not_suitable,not_suitable,not_suitable,not_suitable
firewood,jdnzje,graspable,200,5,44.9,max_dim=0.385,not_suitable,not_suitable,not_suitable,not_suitable,not_suitable,not_suitable
firewood,jqmenf,graspable,200,5,50.0,max_dim=0.374,not_suitable,not_suitable,not_suitable,not_suitable,not_suitable,not_suitable
firewood,njlexd,graspable,200,5,32.4,max_dim=0.280,not_suitable,not_suitable,not_suitable,not_suitable,not_suitable,not_suitable
firewood,onxcke,graspable,200,5,28.2,max_dim=0.278,not_suitable,not_suitable,not_suitable,not_suitable,not_suitable,not_suitable
firewood,qokgna,graspable,200,5,32.1,max_dim=0.268,not_suitable,not_suitable,not_suitable,not_suitable,not_suitable,not_suitable
firewood,soubgn,graspable,200,5,41.5,max_dim=0.231,not_suitable,not_suitable,not_suitable,not_suitable,not_suitable,not_suitable
firewood,vehlap,graspable,200,5,16.9,max_dim=0.257,not_suitable,not_suitable,not_suitable,not_suitable,not_suitable,not_suitable
firewood_chopping_block,cvkfkz,too_large,0,0,0.0,max_dim=0.569,not_suitable,not_suitable,not_suitable,not_suitable,not_suitable,not_suitable
firewood_grate,jaobtm,not_ready,0,0,0.0,max_dim=0.500,not_suitable,not_suitable,not_suitable,not_suitable,not_suitable,not_suitable
first_aid_kit,flctdz,graspable,200,5,14.1,max_dim=0.200,not_suitable,not_suitable,not_suitable,not_suitable,possible,not_suitable
fishing_rod,zhmrtc,too_large,0,0,0.0,max_dim=1.332,not_suitable,not_suitable,not_suitable,not_suitable,not_suitable,not_suitable
fixed_window,asrqdf,too_large,0,0,0.0,max_dim=4.758,not_suitable,not_suitable,not_suitable,not_suitable,not_suitable,not_suitable
fixed_window,ayvcgc,too_large,0,0,0.0,max_dim=3.520,not_suitable,not_suitable,not_suitable,not_suitable,not_suitable,not_suitable
fixed_window,bvqijp,too_large,0,0,0.0,max_dim=2.310,not_suitable,not_suitable,not_suitable,not_suitable,not_suitable,not_suitable
fixed_window,caymim,too_large,0,0,0.0,max_dim=5.108,not_suitable,not_suitable,not_suitable,not_suitable,not_suitable,not_suitable
fixed_window,cciwhk,too_large,0,0,0.0,max_dim=5.295,not_suitable,not_suitable,not_suitable,not_suitable,not_suitable,not_suitable
fixed_window,cgchwh,too_large,0,0,0.0,max_dim=5.295,not_suitable,not_suitable,not_suitable,not_suitable,not_suitable,not_suitable
fixed_window,cggyho,too_large,0,0,0.0,max_dim=7.484,not_suitable,not_suitable,not_suitable,not_suitable,not_suitable,not_suitable
fixed_window,cmuvzz,too_large,0,0,0.0,max_dim=3.643,not_suitable,not_suitable,not_suitable,not_suitable,not_suitable,not_suitable
fixed_window,dbqbzg,too_large,0,0,0.0,max_dim=3.775,not_suitable,not_suitable,not_suitable,not_suitable,not_suitable,not_suitable
fixed_window,dfdweq,too_large,0,0,0.0,max_dim=4.712,not_suitable,not_suitable,not_suitable,not_suitable,not_suitable,not_suitable
fixed_window,djqiqc,too_large,0,0,0.0,max_dim=1.775,not_suitable,not_suitable,not_suitable,not_suitable,not_suitable,not_suitable
fixed_window,dompiq,too_large,0,0,0.0,max_dim=1.759,not_suitable,not_suitable,not_suitable,not_suitable,not_suitable,not_suitable
fixed_window,ebtgyg,too_large,0,0,0.0,max_dim=1.231,not_suitable,not_suitable,not_suitable,not_suitable,not_suitable,not_suitable
fixed_window,eiqker,too_large,0,0,0.0,max_dim=2.500,not_suitable,not_suitable,not_suitable,not_suitable,not_suitable,not_suitable
fixed_window,engzvq,too_large,0,0,0.0,max_dim=5.435,not_suitable,not_suitable,not_suitable,not_suitable,not_suitable,not_suitable
fixed_window,etjpqr,too_large,0,0,0.0,max_dim=1.484,not_suitable,not_suitable,not_suitable,not_suitable,not_suitable,not_suitable
fixed_window,fkfgvp,too_large,0,0,0.0,max_dim=1.751,not_suitable,not_suitable,not_suitable,not_suitable,not_suitable,not_suitable
fixed_window,fqsuee,too_large,0,0,0.0,max_dim=3.764,not_suitable,not_suitable,not_suitable,not_suitable,not_suitable,not_suitable
fixed_window,glimdy,too_large,0,0,0.0,max_dim=2.122,not_suitable,not_suitable,not_suitable,not_suitable,not_suitable,not_suitable
fixed_window,guhrnv,too_large,0,0,0.0,max_dim=5.295,not_suitable,not_suitable,not_suitable,not_suitable,not_suitable,not_suitable
fixed_window,hohdkt,too_large,0,0,0.0,max_dim=1.092,not_suitable,not_suitable,not_suitable,not_suitable,not_suitable,not_suitable
fixed_window,hwunjt,too_large,0,0,0.0,max_dim=7.910,not_suitable,not_suitable,not_suitable,not_suitable,not_suitable,not_suitable
fixed_window,iggzsd,too_large,0,0,0.0,max_dim=2.018,not_suitable,not_suitable,not_suitable,not_suitable,not_suitable,not_suitable
fixed_window,ijnwlp,too_large,0,0,0.0,max_dim=11.095,not_suitable,not_suitable,not_suitable,not_suitable,not_suitable,not_suitable
fixed_window,ijpvgf,too_large,0,0,0.0,max_dim=2.718,not_suitable,not_suitable,not_suitable,not_suitable,not_suitable,not_suitable
fixed_window,iueiur,too_large,0,0,0.0,max_dim=3.862,not_suitable,not_suitable,not_suitable,not_suitable,not_suitable,not_suitable
fixed_window,jpubcg,too_large,0,0,0.0,max_dim=2.350,not_suitable,not_suitable,not_suitable,not_suitable,not_suitable,not_suitable
fixed_window,jrnfkt,too_large,0,0,0.0,max_dim=2.295,not_suitable,not_suitable,not_suitable,not_suitable,not_suitable,not_suitable
fixed_window,kmvdjo,too_large,0,0,0.0,max_dim=24.316,not_suitable,not_suitable,not_suitable,not_suitable,not_suitable,not_suitable
fixed_window,kvdqep,too_large,0,0,0.0,max_dim=2.371,not_suitable,not_suitable,not_suitable,not_suitable,not_suitable,not_suitable
fixed_window,lhzwtz,too_large,0,0,0.0,max_dim=2.449,not_suitable,not_suitable,not_suitable,not_suitable,not_suitable,not_suitable
fixed_window,mvutvn,too_large,0,0,0.0,max_dim=3.764,not_suitable,not_suitable,not_suitable,not_suitable,not_suitable,not_suitable
fixed_window,nruots,too_large,0,0,0.0,max_dim=2.718,not_suitable,not_suitable,not_suitable,not_suitable,not_suitable,not_suitable
fixed_window,nszybf,too_large,0,0,0.0,max_dim=2.670,not_suitable,not_suitable,not_suitable,not_suitable,not_suitable,not_suitable
fixed_window,ocpgvi,too_large,0,0,0.0,max_dim=2.482,not_suitable,not_suitable,not_suitable,not_suitable,not_suitable,not_suitable
fixed_window,omnmee,too_large,0,0,0.0,max_dim=7.552,not_suitable,not_suitable,not_suitable,not_suitable,not_suitable,not_suitable
fixed_window,oszzno,too_large,0,0,0.0,max_dim=5.295,not_suitable,not_suitable,not_suitable,not_suitable,not_suitable,not_suitable
fixed_window,ouzyvo,too_large,0,0,0.0,max_dim=1.726,not_suitable,not_suitable,not_suitable,not_suitable,not_suitable,not_suitable
fixed_window,ozlemc,too_large,0,0,0.0,max_dim=3.050,not_suitable,not_suitable,not_suitable,not_suitable,not_suitable,not_suitable
fixed_window,qfifse,too_large,0,0,0.0,max_dim=2.653,not_suitable,not_suitable,not_suitable,not_suitable,not_suitable,not_suitable
fixed_window,qjcodu,too_large,0,0,0.0,max_dim=1.692,not_suitable,not_suitable,not_suitable,not_suitable,not_suitable,not_suitable
fixed_window,qvqecb,too_large,0,0,0.0,max_dim=2.144,not_suitable,not_suitable,not_suitable,not_suitable,not_suitable,not_suitable
fixed_window,rkqcfx,too_large,0,0,0.0,max_dim=2.608,not_suitable,not_suitable,not_suitable,not_suitable,not_suitable,not_suitable
fixed_window,ropopf,too_large,0,0,0.0,max_dim=4.912,not_suitable,not_suitable,not_suitable,not_suitable,not_suitable,not_suitable
fixed_window,surlxy,too_large,0,0,0.0,max_dim=2.000,not_suitable,not_suitable,not_suitable,not_suitable,not_suitable,not_suitable
fixed_window,tojcni,too_large,0,0,0.0,max_dim=2.295,not_suitable,not_suitable,not_suitable,not_suitable,not_suitable,not_suitable
fixed_window,tspbac,too_large,0,0,0.0,max_dim=1.848,not_suitable,not_suitable,not_suitable,not_suitable,not_suitable,not_suitable
fixed_window,txxinx,too_large,0,0,0.0,max_dim=14.400,not_suitable,not_suitable,not_suitable,not_suitable,not_suitable,not_suitable
fixed_window,ucejof,too_large,0,0,0.0,max_dim=3.629,not_suitable,not_suitable,not_suitable,not_suitable,not_suitable,not_suitable
fixed_window,usynui,too_large,0,0,0.0,max_dim=2.608,not_suitable,not_suitable,not_suitable,not_suitable,not_suitable,not_suitable
fixed_window,uztisk,too_large,0,0,0.0,max_dim=2.639,not_suitable,not_suitable,not_suitable,not_suitable,not_suitable,not_suitable
fixed_window,vapbnz,too_large,0,0,0.0,max_dim=13.903,not_suitable,not_suitable,not_suitable,not_suitable,not_suitable,not_suitable
fixed_window,vqbgzc,too_large,0,0,0.0,max_dim=6.690,not_suitable,not_suitable,not_suitable,not_suitable,not_suitable,not_suitable
fixed_window,vsifsu,too_large,0,0,0.0,max_dim=4.599,not_suitable,not_suitable,not_suitable,not_suitable,not_suitable,not_suitable
fixed_window,vuevwo,too_large,0,0,0.0,max_dim=2.723,not_suitable,not_suitable,not_suitable,not_suitable,not_suitable,not_suitable
fixed_window,whujjc,too_large,0,0,0.0,max_dim=5.295,not_suitable,not_suitable,not_suitable,not_suitable,not_suitable,not_suitable
fixed_window,wkzfdu,too_large,0,0,0.0,max_dim=0.880,not_suitable,not_suitable,not_suitable,not_suitable,not_suitable,not_suitable
fixed_window,wogynv,too_large,0,0,0.0,max_dim=2.643,not_suitable,not_suitable,not_suitable,not_suitable,not_suitable,not_suitable
fixed_window,xdxisn,too_large,0,0,0.0,max_dim=3.100,not_suitable,not_suitable,not_suitable,not_suitable,not_suitable,not_suitable
fixed_window,xjyvwx,too_large,0,0,0.0,max_dim=6.147,not_suitable,not_suitable,not_suitable,not_suitable,not_suitable,not_suitable
fixed_window,xkxvpp,too_large,0,0,0.0,max_dim=2.081,not_suitable,not_suitable,not_suitable,not_suitable,not_suitable,not_suitable
fixed_window,yikxbf,too_large,0,0,0.0,max_dim=2.718,not_suitable,not_suitable,not_suitable,not_suitable,not_suitable,not_suitable
fixed_window,yjbico,too_large,0,0,0.0,max_dim=2.643,not_suitable,not_suitable,not_suitable,not_suitable,not_suitable,not_suitable
fixed_window,ysgkig,too_large,0,0,0.0,max_dim=1.050,not_suitable,not_suitable,not_suitable,not_suitable,not_suitable,not_suitable
fixed_window,ywetvt,too_large,0,0,0.0,max_dim=5.544,not_suitable,not_suitable,not_suitable,not_suitable,not_suitable,not_suitable
fixed_window,yxclci,too_large,0,0,0.0,max_dim=6.474,not_suitable,not_suitable,not_suitable,not_suitable,not_suitable,not_suitable
fixed_window,yzxhbp,too_large,0,0,0.0,max_dim=2.026,not_suitable,not_suitable,not_suitable,not_suitable,not_suitable,not_suitable
flag_pole,jjtesy,too_large,0,0,0.0,max_dim=2.179,not_suitable,not_suitable,not_suitable,not_suitable,not_suitable,not_suitable
flagpole,kbijbm,too_large,0,0,0.0,max_dim=1.742,not_suitable,not_suitable,not_suitable,not_suitable,not_suitable,not_suitable
flashlight,jtrbkc,graspable,200,5,19.2,max_dim=0.237,possible,not_suitable,not_suitable,not_suitable,possible,not_suitable
flask_clamp,dyfksq,graspable,200,5,14.6,max_dim=0.297,not_suitable,not_suitable,not_suitable,not_suitable,possible,not_suitable
flask_clamp,kfbwai,graspable,200,5,13.7,max_dim=0.297,not_suitable,not_suitable,not_suitable,not_suitable,possible,not_suitable
flat_bench,iisaia,too_large,0,0,0.0,max_dim=1.275,not_suitable,not_suitable,not_suitable,not_suitable,not_suitable,not_suitable
flat_top_grill,drcurn,too_large,0,0,0.0,max_dim=1.506,not_suitable,not_suitable,not_suitable,not_suitable,not_suitable,not_suitable
flat_top_grill,ncdzkj,too_large,0,0,0.0,max_dim=1.195,not_suitable,not_suitable,not_suitable,not_suitable,not_suitable,not_suitable
flat_top_grill,rdyuii,too_large,0,0,0.0,max_dim=0.943,not_suitable,not_suitable,not_suitable,not_suitable,not_suitable,not_suitable
flat_top_grill,szisej,too_large,0,0,0.0,max_dim=1.026,not_suitable,not_suitable,not_suitable,not_suitable,not_suitable,not_suitable
flat_top_grill,wchhzh,too_large,0,0,0.0,max_dim=1.026,not_suitable,not_suitable,not_suitable,not_suitable,not_suitable,not_suitable
flat_top_grill,wlzvfj,too_large,0,0,0.0,max_dim=1.054,not_suitable,not_suitable,not_suitable,not_suitable,not_suitable,not_suitable
floor_lamp,chjeoy,too_large,0,0,0.0,max_dim=1.643,not_suitable,not_suitable,not_suitable,not_suitable,not_suitable,not_suitable
floor_lamp,cosjfl,too_large,0,0,0.0,max_dim=1.350,not_suitable,not_suitable,not_suitable,not_suitable,not_suitable,not_suitable
floor_lamp,disyzd,not_ready,0,0,0.0,max_dim=0.411,not_suitable,not_suitable,not_suitable,not_suitable,not_suitable,not_suitable
floor_lamp,fanocp,too_large,0,0,0.0,max_dim=1.283,not_suitable,not_suitable,not_suitable,not_suitable,not_suitable,not_suitable
floor_lamp,hdfnqb,too_large,0,0,0.0,max_dim=1.961,not_suitable,not_suitable,not_suitable,not_suitable,not_suitable,not_suitable
floor_lamp,imgsrd,too_large,0,0,0.0,max_dim=1.252,not_suitable,not_suitable,not_suitable,not_suitable,not_suitable,not_suitable
floor_lamp,jbjckk,too_large,0,0,0.0,max_dim=1.582,not_suitable,not_suitable,not_suitable,not_suitable,not_suitable,not_suitable
floor_lamp,jcbvfi,too_large,0,0,0.0,max_dim=1.302,not_suitable,not_suitable,not_suitable,not_suitable,not_suitable,not_suitable
floor_lamp,jqsuky,too_large,0,0,0.0,max_dim=1.243,not_suitable,not_suitable,not_suitable,not_suitable,not_suitable,not_suitable
floor_lamp,lcmuvd,too_large,0,0,0.0,max_dim=1.615,not_suitable,not_suitable,not_suitable,not_suitable,not_suitable,not_suitable
floor_lamp,lnacuc,too_large,0,0,0.0,max_dim=2.292,not_suitable,not_suitable,not_suitable,not_suitable,not_suitable,not_suitable
floor_lamp,lqdmym,too_large,0,0,0.0,max_dim=1.348,not_suitable,not_suitable,not_suitable,not_suitable,not_suitable,not_suitable
floor_lamp,mqfdjk,too_large,0,0,0.0,max_dim=0.645,not_suitable,not_suitable,not_suitable,not_suitable,not_suitable,not_suitable
floor_lamp,ogolip,too_large,0,0,0.0,max_dim=1.662,not_suitable,not_suitable,not_suitable,not_suitable,not_suitable,not_suitable
floor_lamp,ozknkr,too_large,0,0,0.0,max_dim=1.564,not_suitable,not_suitable,not_suitable,not_suitable,not_suitable,not_suitable
floor_lamp,pfuqec,too_large,0,0,0.0,max_dim=0.839,not_suitable,not_suitable,not_suitable,not_suitable,not_suitable,not_suitable
floor_lamp,smfygn,too_large,0,0,0.0,max_dim=1.664,not_suitable,not_suitable,not_suitable,not_suitable,not_suitable,not_suitable
floor_lamp,uivlzf,too_large,0,0,0.0,max_dim=1.489,not_suitable,not_suitable,not_suitable,not_suitable,not_suitable,not_suitable
floor_lamp,vdxlda,too_large,0,0,0.0,max_dim=1.332,not_suitable,not_suitable,not_suitable,not_suitable,not_suitable,not_suitable
floor_wax_bottle,fzhcdb,graspable,200,5,15.5,max_dim=0.276,not_suitable,not_suitable,possible,not_suitable,not_suitable,not_suitable
flour_sack,zhsjcs,graspable,200,5,45.1,max_dim=0.367,not_suitable,not_suitable,not_suitable,not_suitable,not_suitable,not_suitable
flower,chtieb,graspable,200,5,12.1,max_dim=0.306,not_suitable,not_suitable,not_suitable,not_suitable,possible,not_suitable
flower,gsekal,graspable,200,5,10.6,max_dim=0.250,not_suitable,not_suitable,not_suitable,not_suitable,possible,not_suitable
flower,ldkhmx,not_ready,0,0,0.0,max_dim=0.300,not_suitable,not_suitable,not_suitable,not_suitable,possible,not_suitable
flower,mylblj,not_ready,0,0,0.0,max_dim=0.483,not_suitable,not_suitable,not_suitable,not_suitable,possible,not_suitable
flower,qokboq,not_ready,0,0,0.0,max_dim=0.259,not_suitable,not_suitable,not_suitable,not_suitable,possible,not_suitable
flower,tfvsai,not_ready,0,0,0.0,max_dim=0.228,not_suitable,not_suitable,not_suitable,not_suitable,possible,not_suitable
flower,xxvkkw,not_ready,0,0,0.0,max_dim=0.446,not_suitable,not_suitable,not_suitable,not_suitable,possible,not_suitable
flower_petal,gzslfo,not_ready,0,0,0.0,max_dim=0.018,not_suitable,not_suitable,not_suitable,not_suitable,not_suitable,not_suitable
flower_petal,hhmaur,not_ready,0,0,0.0,max_dim=0.010,not_suitable,not_suitable,not_suitable,not_suitable,not_suitable,not_suitable
folder,guhatz,graspable,200,5,15.3,max_dim=0.286,not_suitable,perfect,not_suitable,not_suitable,possible,not_suitable
folder,inkwmw,graspable,200,5,22.9,max_dim=0.376,not_suitable,perfect,not_suitable,not_suitable,possible,not_suitable
folder,lktggf,graspable,200,5,39.4,max_dim=0.211,not_suitable,perfect,not_suitable,not_suitable,possible,not_suitable
folder,lufqkq,not_ready,0,0,0.0,max_dim=0.332,not_suitable,perfect,not_suitable,not_suitable,possible,not_suitable
folder,piezyg,graspable,200,5,10.4,max_dim=0.237,not_suitable,perfect,not_suitable,not_suitable,possible,not_suitable
folder,poqpux,no_grasp,200,0,9.4,max_dim=0.238,not_suitable,perfect,not_suitable,not_suitable,possible,not_suitable
folder,wauyns,no_grasp,200,0,1.5,max_dim=0.226,not_suitable,perfect,not_suitable,not_suitable,possible,not_suitable
folderal,ttldpx,no_grasp,200,0,1.5,max_dim=0.230,not_suitable,not_suitable,not_suitable,not_suitable,not_suitable,not_suitable
folderal,ydrlth,not_ready,0,0,0.0,max_dim=0.290,not_suitable,not_suitable,not_suitable,not_suitable,not_suitable,not_suitable
folderal,zwhewa,no_grasp,200,0,1.7,max_dim=0.182,not_suitable,not_suitable,not_suitable,not_suitable,not_suitable,not_suitable
folding_chair,dqhazh,too_large,0,0,0.0,max_dim=0.877,not_suitable,not_suitable,not_suitable,not_suitable,not_suitable,not_suitable
folding_chair,dxergu,too_large,0,0,0.0,max_dim=0.860,not_suitable,not_suitable,not_suitable,not_suitable,not_suitable,not_suitable
folding_chair,vngcqu,too_large,0,0,0.0,max_dim=0.981,not_suitable,not_suitable,not_suitable,not_suitable,not_suitable,not_suitable
food_processor,gamkbo,no_grasp,200,0,3.2,max_dim=0.460,not_suitable,not_suitable,not_suitable,not_suitable,not_suitable,possible
food_slicer,uanenn,too_large,0,0,0.0,max_dim=0.806,not_suitable,not_suitable,not_suitable,not_suitable,not_suitable,not_suitable
footstool,mysfnz,no_grasp,200,0,1.7,max_dim=0.408,not_suitable,not_suitable,not_suitable,not_suitable,not_suitable,not_suitable
footstool,sghekm,no_grasp,200,0,1.7,max_dim=0.412,not_suitable,not_suitable,not_suitable,not_suitable,not_suitable,not_suitable
fountain,udfxuu,too_large,0,0,0.0,max_dim=2.887,not_suitable,not_suitable,not_suitable,not_suitable,not_suitable,not_suitable
frail,qdienb,no_grasp,200,0,1.9,max_dim=0.270,not_suitable,not_suitable,not_suitable,not_suitable,not_suitable,not_suitable
frail,zmjovr,no_grasp,200,0,2.2,max_dim=0.250,not_suitable,not_suitable,not_suitable,not_suitable,not_suitable,not_suitable
frame,argijo,too_large,0,0,0.0,max_dim=1.459,not_suitable,not_suitable,not_suitable,not_suitable,possible,not_suitable
frame,trhhqo,too_large,0,0,0.0,max_dim=1.760,not_suitable,not_suitable,not_suitable,not_suitable,possible,not_suitable
free_weight,coqlph,no_grasp,200,0,1.5,max_dim=0.099,not_suitable,not_suitable,not_suitable,not_suitable,not_suitable,not_suitable
free_weight,frucyx,no_grasp,0,0,0.3,max_dim=0.490,not_suitable,not_suitable,not_suitable,not_suitable,not_suitable,not_suitable
free_weight_rack,fatvwt,too_large,0,0,0.0,max_dim=1.354,not_suitable,not_suitable,not_suitable,not_suitable,not_suitable,not_suitable
freezer,aayduy,too_large,0,0,0.0,max_dim=1.504,not_suitable,not_suitable,not_suitable,not_suitable,not_suitable,not_suitable
freezer,gyupcj,too_large,0,0,0.0,max_dim=2.310,not_suitable,not_suitable,not_suitable,not_suitable,not_suitable,not_suitable
freezer,vodkvg,too_large,0,0,0.0,max_dim=2.502,not_suitable,not_suitable,not_suitable,not_suitable,not_suitable,not_suitable
french_fries,jhskfy,no_grasp,200,0,1.5,max_dim=0.083,not_suitable,not_suitable,not_suitable,perfect,not_suitable,not_suitable
french_fries,jvhnyc,no_grasp,200,0,1.5,max_dim=0.069,not_suitable,not_suitable,not_suitable,perfect,not_suitable,not_suitable
french_fries,kjqhuo,no_grasp,200,0,1.5,max_dim=0.079,not_suitable,not_suitable,not_suitable,perfect,not_suitable,not_suitable
french_fries,kxpfcj,no_grasp,200,0,1.5,max_dim=0.067,not_suitable,not_suitable,not_suitable,perfect,not_suitable,not_suitable
french_fries,nfgqwu,no_grasp,200,0,1.5,max_dim=0.082,not_suitable,not_suitable,not_suitable,perfect,not_suitable,not_suitable
french_fries,oeterg,no_grasp,200,0,1.5,max_dim=0.049,not_suitable,not_suitable,not_suitable,perfect,not_suitable,not_suitable
french_fries,rremmp,no_grasp,200,0,1.4,max_dim=0.075,not_suitable,not_suitable,not_suitable,perfect,not_suitable,not_suitable
french_fries,uqsuef,graspable,200,5,17.3,max_dim=0.082,not_suitable,not_suitable,not_suitable,perfect,not_suitable,not_suitable
french_fries,xlkkxg,graspable,200,5,12.2,max_dim=0.065,not_suitable,not_suitable,not_suitable,perfect,not_suitable,not_suitable
french_fries,xshwvn,graspable,200,5,13.7,max_dim=0.059,not_suitable,not_suitable,not_suitable,perfect,not_suitable,not_suitable
french_fries,xzsoub,graspable,200,5,9.7,max_dim=0.059,not_suitable,not_suitable,not_suitable,perfect,not_suitable,not_suitable
french_fry_holder,bvavlr,graspable,200,5,19.2,max_dim=0.172,possible,not_suitable,not_suitable,not_suitable,possible,possible
french_press,zidmyo,not_ready,0,0,0.0,max_dim=0.204,possible,not_suitable,perfect,not_suitable,possible,not_suitable
french_toast,jfgasl,graspable,200,5,52.0,max_dim=0.179,not_suitable,not_suitable,not_suitable,perfect,not_suitable,not_suitable
fridge,dszchb,too_large,0,0,0.0,max_dim=1.684,not_suitable,not_suitable,not_suitable,not_suitable,not_suitable,not_suitable
fridge,dxwbae,too_large,0,0,0.0,max_dim=2.020,not_suitable,not_suitable,not_suitable,not_suitable,not_suitable,not_suitable
fridge,hivvdf,too_large,0,0,0.0,max_dim=0.912,not_suitable,not_suitable,not_suitable,not_suitable,not_suitable,not_suitable
fridge,hzgqdn,too_large,0,0,0.0,max_dim=0.905,not_suitable,not_suitable,not_suitable,not_suitable,not_suitable,not_suitable
fridge,jtqazu,too_large,0,0,0.0,max_dim=1.679,not_suitable,not_suitable,not_suitable,not_suitable,not_suitable,not_suitable
fridge,juwaoh,too_large,0,0,0.0,max_dim=1.606,not_suitable,not_suitable,not_suitable,not_suitable,not_suitable,not_suitable
fridge,lleghp,too_large,0,0,0.0,max_dim=2.231,not_suitable,not_suitable,not_suitable,not_suitable,not_suitable,not_suitable
fridge,petcxr,too_large,0,0,0.0,max_dim=2.040,not_suitable,not_suitable,not_suitable,not_suitable,not_suitable,not_suitable
fridge,seyhuo,too_large,0,0,0.0,max_dim=1.913,not_suitable,not_suitable,not_suitable,not_suitable,not_suitable,not_suitable
fridge,vwylob,too_large,0,0,0.0,max_dim=2.060,not_suitable,not_suitable,not_suitable,not_suitable,not_suitable,not_suitable
fridge,xyejdx,too_large,0,0,0.0,max_dim=1.676,not_suitable,not_suitable,not_suitable,not_suitable,not_suitable,not_suitable
fried_chicken,lpqpbn,not_ready,0,0,0.0,max_dim=0.070,not_suitable,not_suitable,not_suitable,perfect,not_suitable,not_suitable
fried_chicken,mtlxhf,graspable,200,5,46.0,max_dim=0.139,not_suitable,not_suitable,not_suitable,perfect,not_suitable,not_suitable
frosting_jar,ztyxyi,not_ready,0,0,0.0,max_dim=0.204,possible,not_suitable,possible,not_suitable,possible,possible
fruitcake,kxckts,graspable,200,5,43.6,max_dim=0.227,not_suitable,not_suitable,not_suitable,perfect,possible,not_suitable
fruitcake,nmxadm,graspable,200,5,44.2,max_dim=0.139,not_suitable,not_suitable,not_suitable,perfect,possible,not_suitable
frying_pan,aewpzn,too_large,0,0,0.0,max_dim=0.575,possible,not_suitable,perfect,not_suitable,possible,perfect
frying_pan,cprjvq,too_large,0,0,0.0,max_dim=0.638,possible,not_suitable,perfect,not_suitable,possible,perfect
frying_pan,hzspwg,not_ready,0,0,0.0,max_dim=0.493,possible,not_suitable,perfect,not_suitable,possible,perfect
frying_pan,jpzusm,graspable,200,5,41.6,max_dim=0.465,possible,not_suitable,perfect,not_suitable,possible,perfect
frying_pan,mhndon,too_large,0,0,0.0,max_dim=0.543,possible,not_suitable,perfect,not_suitable,possible,perfect
frying_pan,sfbdjn,graspable,200,5,14.4,max_dim=0.487,possible,not_suitable,perfect,not_suitable,possible,perfect
frying_pan,snvhlz,too_large,0,0,0.0,max_dim=0.575,possible,not_suitable,perfect,not_suitable,possible,perfect
frying_pan,vycozd,too_large,0,0,0.0,max_dim=0.536,possible,not_suitable,perfect,not_suitable,possible,perfect
fuel_can,bfaqfe,graspable,200,5,55.3,max_dim=0.309,not_suitable,not_suitable,possible,not_suitable,not_suitable,not_suitable
funnel,jzqlrt,graspable,200,5,30.3,max_dim=0.327,not_suitable,not_suitable,not_suitable,not_suitable,possible,not_suitable
funnel,otpdyp,graspable,200,5,13.8,max_dim=0.092,not_suitable,not_suitable,not_suitable,not_suitable,possible,not_suitable
fur_coat,ficvss,too_large,0,0,0.0,max_dim=0.769,not_suitable,not_suitable,not_suitable,not_suitable,not_suitable,not_suitable
furniture_sink,bnpjjy,too_large,0,0,0.0,max_dim=1.700,not_suitable,not_suitable,not_suitable,not_suitable,not_suitable,not_suitable
furniture_sink,czyfhq,too_large,0,0,0.0,max_dim=1.030,not_suitable,not_suitable,not_suitable,not_suitable,not_suitable,not_suitable
furniture_sink,jqvfyl,too_large,0,0,0.0,max_dim=1.938,not_suitable,not_suitable,not_suitable,not_suitable,not_suitable,not_suitable
furniture_sink,kyxynl,too_large,0,0,0.0,max_dim=1.101,not_suitable,not_suitable,not_suitable,not_suitable,not_suitable,not_suitable
furniture_sink,ojjqku,too_large,0,0,0.0,max_dim=1.200,not_suitable,not_suitable,not_suitable,not_suitable,not_suitable,not_suitable
furniture_sink,xiybkb,too_large,0,0,0.0,max_dim=1.030,not_suitable,not_suitable,not_suitable,not_suitable,not_suitable,not_suitable
furniture_sink,zexzrc,too_large,0,0,0.0,max_dim=1.320,not_suitable,not_suitable,not_suitable,not_suitable,not_suitable,not_suitable
game_console,anslwz,graspable,200,5,42.3,max_dim=0.301,not_suitable,not_suitable,not_suitable,not_suitable,possible,not_suitable
gaming_controller,yofqbq,graspable,200,5,18.6,max_dim=0.178,not_suitable,not_suitable,not_suitable,not_suitable,possible,not_suitable
gaming_table,ipdvzo,too_large,0,0,0.0,max_dim=1.194,not_suitable,not_suitable,not_suitable,not_suitable,not_suitable,not_suitable
garage_door,prdjyt,too_large,0,0,0.0,max_dim=5.666,not_suitable,not_suitable,not_suitable,not_suitable,not_suitable,not_suitable
garden_chair,cottya,too_large,0,0,0.0,max_dim=1.047,not_suitable,not_suitable,not_suitable,not_suitable,not_suitable,not_suitable
garden_chair,deuron,too_large,0,0,0.0,max_dim=1.058,not_suitable,not_suitable,not_suitable,not_suitable,not_suitable,not_suitable
garden_chair,lraplz,too_large,0,0,0.0,max_dim=1.846,not_suitable,not_suitable,not_suitable,not_suitable,not_suitable,not_suitable
garden_coffee_table,skxdpc,too_large,0,0,0.0,max_dim=1.260,not_suitable,not_suitable,not_suitable,not_suitable,not_suitable,not_suitable
garden_light,qyfrwj,too_large,0,0,0.0,max_dim=0.800,not_suitable,not_suitable,not_suitable,not_suitable,not_suitable,not_suitable
garden_light,xqmqmi,too_large,0,0,0.0,max_dim=0.583,not_suitable,not_suitable,not_suitable,not_suitable,not_suitable,not_suitable
garden_plant,dgqylq,too_large,0,0,0.0,max_dim=0.619,not_suitable,not_suitable,not_suitable,not_suitable,not_suitable,not_suitable
garden_plant,itktex,too_large,0,0,0.0,max_dim=1.427,not_suitable,not_suitable,not_suitable,not_suitable,not_suitable,not_suitable
garden_plant,kyitvo,too_large,0,0,0.0,max_dim=2.438,not_suitable,not_suitable,not_suitable,not_suitable,not_suitable,not_suitable
garden_plant,phowza,too_large,0,0,0.0,max_dim=3.931,not_suitable,not_suitable,not_suitable,not_suitable,not_suitable,not_suitable
garden_statue,smqgfh,too_large,0,0,0.0,max_dim=4.458,not_suitable,not_suitable,not_suitable,not_suitable,not_suitable,not_suitable
garden_umbrella,bkfuvq,too_large,0,0,0.0,max_dim=3.895,not_suitable,not_suitable,not_suitable,not_suitable,not_suitable,not_suitable
garlic,nlclql,graspable,200,5,11.8,max_dim=0.067,not_suitable,not_suitable,not_suitable,perfect,possible,not_suitable
garlic,thigpl,graspable,200,5,11.0,max_dim=0.065,not_suitable,not_suitable,not_suitable,perfect,possible,not_suitable
garlic_bread,kjhxsq,not_ready,0,0,0.0,max_dim=0.284,not_suitable,not_suitable,not_suitable,perfect,possible,not_suitable
garlic_clove,faeyay,graspable,200,5,13.3,max_dim=0.013,not_suitable,not_suitable,not_suitable,perfect,not_suitable,not_suitable
garlic_clove,flcbrn,graspable,200,5,16.5,max_dim=0.013,not_suitable,not_suitable,not_suitable,perfect,not_suitable,not_suitable
garlic_clove,hpzvmi,graspable,200,5,19.4,max_dim=0.013,not_suitable,not_suitable,not_suitable,perfect,not_suitable,not_suitable
garlic_clove,jwhnfc,graspable,200,5,10.4,max_dim=0.025,not_suitable,not_suitable,not_suitable,perfect,not_suitable,not_suitable
garlic_clove,qaqrqd,graspable,200,5,17.4,max_dim=0.013,not_suitable,not_suitable,not_suitable,perfect,not_suitable,not_suitable
garlic_clove,saombi,graspable,200,5,10.7,max_dim=0.027,not_suitable,not_suitable,not_suitable,perfect,not_suitable,not_suitable
garlic_clove,wyyhmi,graspable,200,5,12.2,max_dim=0.020,not_suitable,not_suitable,not_suitable,perfect,not_suitable,not_suitable
garlic_clove,xotobt,graspable,200,5,24.0,max_dim=0.013,not_suitable,not_suitable,not_suitable,perfect,not_suitable,not_suitable
garlic_clove,zpybkr,graspable,200,5,14.8,max_dim=0.013,not_suitable,not_suitable,not_suitable,perfect,not_suitable,not_suitable
garlic_clove,zpzrac,graspable,200,5,15.5,max_dim=0.013,not_suitable,not_suitable,not_suitable,perfect,not_suitable,not_suitable
gas_fireplace,gwqitr,too_large,0,0,0.0,max_dim=2.264,not_suitable,not_suitable,not_suitable,not_suitable,not_suitable,not_suitable
gate,bzotkq,too_large,0,0,0.0,max_dim=2.394,not_suitable,not_suitable,not_suitable,not_suitable,not_suitable,not_suitable
gate,flveay,too_large,0,0,0.0,max_dim=2.273,not_suitable,not_suitable,not_suitable,not_suitable,not_suitable,not_suitable
gate,izmteu,too_large,0,0,0.0,max_dim=4.206,not_suitable,not_suitable,not_suitable,not_suitable,not_suitable,not_suitable
gate,jnzgyw,too_large,0,0,0.0,max_dim=2.632,not_suitable,not_suitable,not_suitable,not_suitable,not_suitable,not_suitable
gate,rhnrfc,too_large,0,0,0.0,max_dim=3.344,not_suitable,not_suitable,not_suitable,not_suitable,not_suitable,not_suitable
gate,vqjuvg,too_large,0,0,0.0,max_dim=2.962,not_suitable,not_suitable,not_suitable,not_suitable,not_suitable,not_suitable
gate,wvbxij,too_large,0,0,0.0,max_dim=2.617,not_suitable,not_suitable,not_suitable,not_suitable,not_suitable,not_suitable
gelatin,mrrmpr,graspable,200,5,11.3,max_dim=0.022,not_suitable,not_suitable,not_suitable,possible,not_suitable,not_suitable
gelatin_box,oxknkz,not_ready,0,0,0.0,max_dim=0.225,not_suitable,not_suitable,not_suitable,not_suitable,possible,not_suitable
geode,shxbue,no_grasp,200,0,88.6,max_dim=0.397,not_suitable,not_suitable,not_suitable,not_suitable,possible,not_suitable
gift_box,mfalrc,graspable,200,5,17.4,max_dim=0.203,possible,not_suitable,not_suitable,not_suitable,possible,not_suitable
gift_box,pnprrx,graspable,200,5,34.9,max_dim=0.283,possible,not_suitable,not_suitable,not_suitable,possible,not_suitable
gift_box,wpmksn,graspable,200,5,17.6,max_dim=0.180,possible,not_suitable,not_suitable,not_suitable,possible,not_suitable
ginger_root,izvukv,graspable,200,5,10.4,max_dim=0.070,not_suitable,not_suitable,not_suitable,perfect,not_suitable,not_suitable
ginger_root,wqcasl,graspable,200,5,12.7,max_dim=0.114,not_suitable,not_suitable,not_suitable,perfect,not_suitable,not_suitable
ginger_shaker,adciyu,graspable,200,5,12.9,max_dim=0.160,possible,not_suitable,not_suitable,not_suitable,perfect,not_suitable
gingerbread,hxkcxs,graspable,200,5,33.6,max_dim=0.163,not_suitable,not_suitable,not_suitable,perfect,possible,not_suitable
glass_lantern,engbrg,not_ready,0,0,0.0,max_dim=0.426,possible,not_suitable,not_suitable,not_suitable,perfect,not_suitable
glass_lantern,fndlbf,graspable,200,5,39.8,max_dim=0.320,possible,not_suitable,not_suitable,not_suitable,perfect,not_suitable
glass_lantern,onfjnh,graspable,200,5,44.4,max_dim=0.465,possible,not_suitable,not_suitable,not_suitable,perfect,not_suitable
glass_lantern,otidux,graspable,200,5,11.9,max_dim=0.342,possible,not_suitable,not_suitable,not_suitable,perfect,not_suitable
glass_lantern,rqbseh,too_large,0,0,0.0,max_dim=0.500,possible,not_suitable,not_suitable,not_suitable,perfect,not_suitable
glass_lantern,wvmsse,graspable,200,5,13.7,max_dim=0.430,possible,not_suitable,not_suitable,not_suitable,perfect,not_suitable
glass_lantern,zjuwnf,too_large,0,0,0.0,max_dim=0.519,possible,not_suitable,not_suitable,not_suitable,perfect,not_suitable
glaze_bottle,zdxagk,graspable,200,5,30.5,max_dim=0.258,possible,not_suitable,possible,not_suitable,possible,not_suitable
globe,fzadcx,graspable,200,2,88.7,max_dim=0.409,not_suitable,not_suitable,not_suitable,not_suitable,possible,not_suitable
globe,xsmsyk,graspable,200,3,83.2,max_dim=0.416,not_suitable,not_suitable,not_suitable,not_suitable,possible,not_suitable
globe,xtupuk,graspable,200,5,14.5,max_dim=0.291,not_suitable,not_suitable,not_suitable,not_suitable,possible,not_suitable
glue_stick,sqzyci,graspable,200,5,13.2,max_dim=0.095,not_suitable,not_suitable,not_suitable,not_suitable,possible,not_suitable
goalkeeper_gloves,jvbdsy,graspable,200,5,24.5,max_dim=0.240,not_suitable,not_suitable,not_suitable,not_suitable,not_suitable,not_suitable
goalkeeper_gloves,nfcatk,graspable,200,5,50.5,max_dim=0.241,not_suitable,not_suitable,not_suitable,not_suitable,not_suitable,not_suitable
goblet,nawrfs,graspable,200,5,18.6,max_dim=0.213,perfect,not_suitable,perfect,not_suitable,perfect,perfect
goggles,wszdxi,graspable,200,5,33.8,max_dim=0.231,not_suitable,not_suitable,not_suitable,not_suitable,not_suitable,not_suitable
gold_coin,yudryg,graspable,200,5,31.0,max_dim=0.026,not_suitable,not_suitable,not_suitable,not_suitable,possible,not_suitable
golf_club,egsojb,too_large,0,0,0.0,max_dim=1.001,not_suitable,not_suitable,not_suitable,not_suitable,not_suitable,not_suitable
gooseberry,cltzwx,graspable,200,5,14.9,max_dim=0.014,not_suitable,not_suitable,not_suitable,perfect,not_suitable,not_suitable
gooseneck_microphone,uusnbr,graspable,200,5,14.2,max_dim=0.300,not_suitable,not_suitable,not_suitable,not_suitable,not_suitable,not_suitable
gourd,crpzoi,graspable,200,5,83.8,max_dim=0.240,not_suitable,not_suitable,not_suitable,possible,possible,not_suitable
gourd,lnfbza,graspable,200,5,56.7,max_dim=0.260,not_suitable,not_suitable,not_suitable,possible,possible,not_suitable
gourd,nylmku,graspable,200,5,68.8,max_dim=0.232,not_suitable,not_suitable,not_suitable,possible,possible,not_suitable
gourd,qqguxm,graspable,200,5,70.6,max_dim=0.249,not_suitable,not_suitable,not_suitable,possible,possible,not_suitable
graduated_cylinder,egpkea,graspable,200,5,22.0,max_dim=0.260,possible,not_suitable,perfect,not_suitable,possible,not_suitable
grandfather_clock,icznug,too_large,0,0,0.0,max_dim=0.750,not_suitable,not_suitable,not_suitable,not_suitable,not_suitable,not_suitable
grandfather_clock,oskfvo,too_large,0,0,0.0,max_dim=0.786,not_suitable,not_suitable,not_suitable,not_suitable,not_suitable,not_suitable
grandfather_clock,veyqcp,too_large,0,0,0.0,max_dim=0.956,not_suitable,not_suitable,not_suitable,not_suitable,not_suitable,not_suitable
granola_bar,iurfsq,graspable,200,5,25.3,max_dim=0.106,not_suitable,not_suitable,not_suitable,perfect,not_suitable,not_suitable
granola_box,yzeuqo,not_ready,0,0,0.0,max_dim=0.204,not_suitable,not_suitable,not_suitable,not_suitable,possible,not_suitable
granulated_sugar_jar,qwthua,not_ready,0,0,0.0,max_dim=0.204,possible,not_suitable,possible,not_suitable,perfect,possible
granulated_sugar_sack,oywwzz,graspable,200,5,41.8,max_dim=0.367,not_suitable,not_suitable,not_suitable,not_suitable,not_suitable,not_suitable
grape,qvogsz,graspable,200,5,16.7,max_dim=0.228,not_suitable,not_suitable,not_suitable,perfect,not_suitable,not_suitable
grape,snjrhg,graspable,200,5,18.5,max_dim=0.169,not_suitable,not_suitable,not_suitable,perfect,not_suitable,not_suitable
grape,uprbwp,graspable,200,5,17.0,max_dim=0.134,not_suitable,not_suitable,not_suitable,perfect,not_suitable,not_suitable
grape,venbog,graspable,200,5,14.7,max_dim=0.125,not_suitable,not_suitable,not_suitable,perfect,not_suitable,not_suitable
grapefruit,gsjmxa,graspable,200,5,19.3,max_dim=0.113,not_suitable,not_suitable,not_suitable,perfect,possible,not_suitable
grated_cheese_sack,fxnjfr,graspable,200,5,37.2,max_dim=0.367,not_suitable,not_suitable,not_suitable,not_suitable,not_suitable,not_suitable
grater,jlkowf,graspable,200,5,10.4,max_dim=0.228,not_suitable,not_suitable,not_suitable,not_suitable,possible,not_suitable
gravy_boat,arryyl,graspable,200,5,15.4,max_dim=0.241,perfect,not_suitable,perfect,not_suitable,perfect,perfect
gravy_boat,krgqwl,not_ready,0,0,0.0,max_dim=0.210,perfect,not_suitable,perfect,not_suitable,perfect,perfect
green_bean,dyjvwv,graspable,200,5,43.8,max_dim=0.129,not_suitable,not_suitable,not_suitable,perfect,not_suitable,not_suitable
green_bean,iukfzl,not_ready,0,0,0.0,max_dim=0.154,not_suitable,not_suitable,not_suitable,perfect,not_suitable,not_suitable
green_bean,lvbjws,graspable,200,5,10.8,max_dim=0.106,not_suitable,not_suitable,not_suitable,perfect,not_suitable,not_suitable
green_bean,mcbvwu,not_ready,0,0,0.0,max_dim=0.140,not_suitable,not_suitable,not_suitable,perfect,not_suitable,not_suitable
green_bean,pnwyiy,not_ready,0,0,0.0,max_dim=0.138,not_suitable,not_suitable,not_suitable,perfect,not_suitable,not_suitable
green_onion,ljynzg,graspable,200,5,21.8,max_dim=0.284,not_suitable,not_suitable,not_suitable,perfect,not_suitable,not_suitable
green_onion_stalk,kfaasd,graspable,200,5,31.4,max_dim=0.205,not_suitable,not_suitable,not_suitable,perfect,not_suitable,not_suitable
green_onion_stalk,ldaffa,graspable,200,5,18.5,max_dim=0.235,not_suitable,not_suitable,not_suitable,perfect,not_suitable,not_suitable
green_onion_stalk,lgsfgs,graspable,200,5,20.6,max_dim=0.219,not_suitable,not_suitable,not_suitable,perfect,not_suitable,not_suitable
greenery,ccisua,too_large,0,0,0.0,max_dim=6.784,not_suitable,not_suitable,not_suitable,not_suitable,not_suitable,not_suitable
griddle_pan,ryvqep,graspable,200,5,48.3,max_dim=0.328,not_suitable,not_suitable,possible,not_suitable,possible,not_suitable
grocery_fridge,vzwcql,too_large,0,0,0.0,max_dim=2.932,not_suitable,not_suitable,not_suitable,not_suitable,not_suitable,not_suitable
grocery_shelf,afhwym,too_large,0,0,0.0,max_dim=2.113,not_suitable,not_suitable,not_suitable,not_suitable,not_suitable,not_suitable
grocery_shelf,akinbg,too_large,0,0,0.0,max_dim=2.485,not_suitable,not_suitable,not_suitable,not_suitable,not_suitable,not_suitable
grocery_shelf,bgupna,too_large,0,0,0.0,max_dim=2.115,not_suitable,not_suitable,not_suitable,not_suitable,not_suitable,not_suitable
grocery_shelf,dhattl,too_large,0,0,0.0,max_dim=1.679,not_suitable,not_suitable,not_suitable,not_suitable,not_suitable,not_suitable
grocery_shelf,dtaove,too_large,0,0,0.0,max_dim=2.750,not_suitable,not_suitable,not_suitable,not_suitable,not_suitable,not_suitable
grocery_shelf,duckhq,too_large,0,0,0.0,max_dim=2.720,not_suitable,not_suitable,not_suitable,not_suitable,not_suitable,not_suitable
grocery_shelf,dylnro,too_large,0,0,0.0,max_dim=4.877,not_suitable,not_suitable,not_suitable,not_suitable,not_suitable,not_suitable
grocery_shelf,fgfrwb,too_large,0,0,0.0,max_dim=1.162,not_suitable,not_suitable,not_suitable,not_suitable,not_suitable,not_suitable
grocery_shelf,gihuth,too_large,0,0,0.0,max_dim=2.113,not_suitable,not_suitable,not_suitable,not_suitable,not_suitable,not_suitable
grocery_shelf,ihopug,too_large,0,0,0.0,max_dim=1.700,not_suitable,not_suitable,not_suitable,not_suitable,not_suitable,not_suitable
grocery_shelf,kpfgcm,too_large,0,0,0.0,max_dim=4.141,not_suitable,not_suitable,not_suitable,not_suitable,not_suitable,not_suitable
grocery_shelf,ldvnrg,too_large,0,0,0.0,max_dim=12.255,not_suitable,not_suitable,not_suitable,not_suitable,not_suitable,not_suitable
grocery_shelf,mqmadg,too_large,0,0,0.0,max_dim=2.115,not_suitable,not_suitable,not_suitable,not_suitable,not_suitable,not_suitable
grocery_shelf,msngax,too_large,0,0,0.0,max_dim=1.677,not_suitable,not_suitable,not_suitable,not_suitable,not_suitable,not_suitable
grocery_shelf,nocxjc,too_large,0,0,0.0,max_dim=2.126,not_suitable,not_suitable,not_suitable,not_suitable,not_suitable,not_suitable
grocery_shelf,pbjodr,too_large,0,0,0.0,max_dim=2.899,not_suitable,not_suitable,not_suitable,not_suitable,not_suitable,not_suitable
grocery_shelf,prtqlw,too_large,0,0,0.0,max_dim=4.034,not_suitable,not_suitable,not_suitable,not_suitable,not_suitable,not_suitable
grocery_shelf,qkkjwp,too_large,0,0,0.0,max_dim=1.454,not_suitable,not_suitable,not_suitable,not_suitable,not_suitable,not_suitable
grocery_shelf,rowulr,too_large,0,0,0.0,max_dim=0.800,not_suitable,not_suitable,not_suitable,not_suitable,not_suitable,not_suitable
grocery_shelf,rywinu,too_large,0,0,0.0,max_dim=2.874,not_suitable,not_suitable,not_suitable,not_suitable,not_suitable,not_suitable
grocery_shelf,sjmdri,too_large,0,0,0.0,max_dim=4.800,not_suitable,not_suitable,not_suitable,not_suitable,not_suitable,not_suitable
grocery_shelf,tfjzen,too_large,0,0,0.0,max_dim=7.500,not_suitable,not_suitable,not_suitable,not_suitable,not_suitable,not_suitable
grocery_shelf,uundbq,too_large,0,0,0.0,max_dim=1.687,not_suitable,not_suitable,not_suitable,not_suitable,not_suitable,not_suitable
grocery_shelf,vhnlno,too_large,0,0,0.0,max_dim=2.892,not_suitable,not_suitable,not_suitable,not_suitable,not_suitable,not_suitable
grocery_shelf,wranvj,too_large,0,0,0.0,max_dim=4.800,not_suitable,not_suitable,not_suitable,not_suitable,not_suitable,not_suitable
grocery_shelf,xfmyyw,too_large,0,0,0.0,max_dim=1.845,not_suitable,not_suitable,not_suitable,not_suitable,not_suitable,not_suitable
grocery_shelf,xmjzos,too_large,0,0,0.0,max_dim=2.001,not_suitable,not_suitable,not_suitable,not_suitable,not_suitable,not_suitable
grocery_shelf,xngcbz,too_large,0,0,0.0,max_dim=4.800,not_suitable,not_suitable,not_suitable,not_suitable,not_suitable,not_suitable
grocery_shelf,xzusqq,too_large,0,0,0.0,max_dim=1.305,not_suitable,not_suitable,not_suitable,not_suitable,not_suitable,not_suitable
grocery_shelf,ydnnsy,too_large,0,0,0.0,max_dim=2.020,not_suitable,not_suitable,not_suitable,not_suitable,not_suitable,not_suitable
grocery_shelf,yvydfm,too_large,0,0,0.0,max_dim=2.200,not_suitable,not_suitable,not_suitable,not_suitable,not_suitable,not_suitable
grocery_shelf,zeoukc,too_large,0,0,0.0,max_dim=2.122,not_suitable,not_suitable,not_suitable,not_suitable,not_suitable,not_suitable
grocery_shelf,znpari,too_large,0,0,0.0,max_dim=2.192,not_suitable,not_suitable,not_suitable,not_suitable,not_suitable,not_suitable
grocery_sign,kyyjer,graspable,200,5,44.1,max_dim=0.322,not_suitable,not_suitable,not_suitable,not_suitable,not_suitable,not_suitable
ground_beef_package,lwsgzd,graspable,200,5,42.7,max_dim=0.367,not_suitable,not_suitable,not_suitable,possible,possible,not_suitable
guitar,cybisc,too_large,0,0,0.0,max_dim=1.042,not_suitable,not_suitable,not_suitable,not_suitable,not_suitable,not_suitable
guitar,gysapt,too_large,0,0,0.0,max_dim=1.041,not_suitable,not_suitable,not_suitable,not_suitable,not_suitable,not_suitable
guitar,hpqjrq,too_large,0,0,0.0,max_dim=1.041,not_suitable,not_suitable,not_suitable,not_suitable,not_suitable,not_suitable
guitar,wjohag,too_large,0,0,0.0,max_dim=0.861,not_suitable,not_suitable,not_suitable,not_suitable,not_suitable,not_suitable
gym_mat,nakwsl,too_large,0,0,0.0,max_dim=2.000,not_suitable,not_suitable,not_suitable,not_suitable,not_suitable,not_suitable
gym_mat,ocxiiu,too_large,0,0,0.0,max_dim=2.003,not_suitable,not_suitable,not_suitable,not_suitable,not_suitable,not_suitable
gym_mat,ujnmsg,too_large,0,0,0.0,max_dim=2.000,not_suitable,not_suitable,not_suitable,not_suitable,not_suitable,not_suitable
gym_shoe,arigtn,graspable,200,5,13.2,max_dim=0.278,not_suitable,not_suitable,not_suitable,not_suitable,not_suitable,not_suitable
gym_shoe,hwrvmy,graspable,200,5,49.7,max_dim=0.307,not_suitable,not_suitable,not_suitable,not_suitable,not_suitable,not_suitable
gym_shoe,keskgm,not_ready,0,0,0.0,max_dim=0.182,not_suitable,not_suitable,not_suitable,not_suitable,not_suitable,not_suitable
gym_shoe,kmcbym,graspable,200,5,29.4,max_dim=0.306,not_suitable,not_suitable,not_suitable,not_suitable,not_suitable,not_suitable
gym_shoe,ldsuxh,not_ready,0,0,0.0,max_dim=0.184,not_suitable,not_suitable,not_suitable,not_suitable,not_suitable,not_suitable
gym_shoe,lmpdfa,graspable,200,5,27.0,max_dim=0.307,not_suitable,not_suitable,not_suitable,not_suitable,not_suitable,not_suitable
gym_shoe,lqzooz,graspable,200,5,30.0,max_dim=0.306,not_suitable,not_suitable,not_suitable,not_suitable,not_suitable,not_suitable
gym_shoe,lwcwme,graspable,200,5,26.8,max_dim=0.307,not_suitable,not_suitable,not_suitable,not_suitable,not_suitable,not_suitable
gym_shoe,mcfcwq,graspable,200,5,25.6,max_dim=0.307,not_suitable,not_suitable,not_suitable,not_suitable,not_suitable,not_suitable
gym_shoe,mjyyda,graspable,200,5,23.2,max_dim=0.306,not_suitable,not_suitable,not_suitable,not_suitable,not_suitable,not_suitable
gym_shoe,nahllg,graspable,200,5,33.2,max_dim=0.279,not_suitable,not_suitable,not_suitable,not_suitable,not_suitable,not_suitable
gym_shoe,pblxfp,graspable,200,5,35.5,max_dim=0.303,not_suitable,not_suitable,not_suitable,not_suitable,not_suitable,not_suitable
gym_shoe,picdro,graspable,200,5,21.3,max_dim=0.307,not_suitable,not_suitable,not_suitable,not_suitable,not_suitable,not_suitable
gym_shoe,qxecbh,graspable,200,5,18.1,max_dim=0.307,not_suitable,not_suitable,not_suitable,not_suitable,not_suitable,not_suitable
gym_shoe,rcozpq,graspable,200,5,24.7,max_dim=0.303,not_suitable,not_suitable,not_suitable,not_suitable,not_suitable,not_suitable
gym_shoe,rkikcm,graspable,200,5,15.7,max_dim=0.265,not_suitable,not_suitable,not_suitable,not_suitable,not_suitable,not_suitable
gym_shoe,ugbxip,graspable,200,5,35.8,max_dim=0.307,not_suitable,not_suitable,not_suitable,not_suitable,not_suitable,not_suitable
gym_shoe,ukkqib,graspable,200,5,36.2,max_dim=0.307,not_suitable,not_suitable,not_suitable,not_suitable,not_suitable,not_suitable
gym_shoe,uuvwev,graspable,200,5,25.2,max_dim=0.307,not_suitable,not_suitable,not_suitable,not_suitable,not_suitable,not_suitable
gym_shoe,wfmrpw,graspable,200,5,21.8,max_dim=0.307,not_suitable,not_suitable,not_suitable,not_suitable,not_suitable,not_suitable
gym_shoe,wkvcsn,graspable,200,5,11.4,max_dim=0.265,not_suitable,not_suitable,not_suitable,not_suitable,not_suitable,not_suitable
gym_shoe,womypz,graspable,200,5,43.5,max_dim=0.307,not_suitable,not_suitable,not_suitable,not_suitable,not_suitable,not_suitable
gym_shoe,xtvsaz,graspable,200,5,13.6,max_dim=0.307,not_suitable,not_suitable,not_suitable,not_suitable,not_suitable,not_suitable
gym_shoe,ziriis,graspable,200,5,15.4,max_dim=0.306,not_suitable,not_suitable,not_suitable,not_suitable,not_suitable,not_suitable
hair_dryer,qacdxx,not_ready,0,0,0.0,max_dim=0.184,not_suitable,not_suitable,not_suitable,not_suitable,not_suitable,not_suitable
hair_dryer,ylutzy,graspable,200,5,22.6,max_dim=0.264,not_suitable,not_suitable,not_suitable,not_suitable,not_suitable,not_suitable
hairbrush,bdylnb,graspable,200,5,26.9,max_dim=0.240,not_suitable,not_suitable,not_suitable,not_suitable,possible,not_suitable
half_agave,npxccb,not_ready,0,0,0.0,max_dim=0.060,not_suitable,not_suitable,not_suitable,not_suitable,not_suitable,not_suitable
half_agave,qylfyr,not_ready,0,0,0.0,max_dim=0.060,not_suitable,not_suitable,not_suitable,not_suitable,not_suitable,not_suitable
half_apple,jjaskz,not_ready,0,0,0.0,max_dim=0.063,not_suitable,not_suitable,not_suitable,perfect,not_suitable,not_suitable
half_apple,qusmpx,graspable,200,5,15.8,max_dim=0.101,not_suitable,not_suitable,not_suitable,perfect,not_suitable,not_suitable
half_apple,sguztn,graspable,200,5,13.0,max_dim=0.101,not_suitable,not_suitable,not_suitable,perfect,not_suitable,not_suitable
half_apple_pie,grcock,graspable,200,5,41.0,max_dim=0.171,not_suitable,not_suitable,not_suitable,perfect,not_suitable,not_suitable
half_apple_pie,pwfqwa,graspable,200,5,20.7,max_dim=0.166,not_suitable,not_suitable,not_suitable,perfect,not_suitable,not_suitable
half_apricot,inxcvi,graspable,200,5,9.9,max_dim=0.092,not_suitable,not_suitable,not_suitable,perfect,not_suitable,not_suitable
half_arepa,woqddd,graspable,200,5,11.2,max_dim=0.093,not_suitable,not_suitable,not_suitable,perfect,not_suitable,not_suitable
half_arepa,yksqxt,graspable,200,5,13.2,max_dim=0.093,not_suitable,not_suitable,not_suitable,perfect,not_suitable,not_suitable
half_artichoke,otlgxs,graspable,200,5,9.9,max_dim=0.066,not_suitable,not_suitable,not_suitable,perfect,not_suitable,not_suitable
half_artichoke,rkcgie,graspable,200,5,10.5,max_dim=0.067,not_suitable,not_suitable,not_suitable,perfect,not_suitable,not_suitable
half_arugula,bihmpr,graspable,200,5,9.7,max_dim=0.046,not_suitable,not_suitable,not_suitable,possible,not_suitable,not_suitable
half_arugula,hovvwk,graspable,200,5,11.9,max_dim=0.100,not_suitable,not_suitable,not_suitable,possible,not_suitable,not_suitable
half_asparagus,ldwvlg,graspable,200,5,13.0,max_dim=0.086,not_suitable,not_suitable,not_suitable,perfect,not_suitable,not_suitable
half_asparagus,lrpyob,graspable,200,5,17.3,max_dim=0.084,not_suitable,not_suitable,not_suitable,perfect,not_suitable,not_suitable
half_auricularia,ddjzqg,not_ready,0,0,0.0,max_dim=0.048,not_suitable,not_suitable,not_suitable,possible,not_suitable,not_suitable
half_auricularia,putkli,not_ready,0,0,0.0,max_dim=0.047,not_suitable,not_suitable,not_suitable,possible,not_suitable,not_suitable
half_avocado,fpzyzy,not_ready,0,0,0.0,max_dim=0.120,not_suitable,not_suitable,not_suitable,perfect,not_suitable,not_suitable
half_avocado,vxujjw,not_ready,0,0,0.0,max_dim=0.121,not_suitable,not_suitable,not_suitable,perfect,not_suitable,not_suitable
half_bacon,aeloou,graspable,200,5,16.7,max_dim=0.054,not_suitable,not_suitable,not_suitable,perfect,not_suitable,not_suitable
half_bacon,qetrvm,graspable,200,5,13.2,max_dim=0.053,not_suitable,not_suitable,not_suitable,perfect,not_suitable,not_suitable
half_bagel,gywbkh,graspable,200,5,15.5,max_dim=0.133,not_suitable,not_suitable,not_suitable,perfect,not_suitable,not_suitable
half_bagel,hsvakn,graspable,200,5,14.4,max_dim=0.134,not_suitable,not_suitable,not_suitable,perfect,not_suitable,not_suitable
half_bagel_dough,yhsrmc,not_ready,0,0,0.0,max_dim=0.200,not_suitable,not_suitable,not_suitable,possible,not_suitable,not_suitable
half_bagel_dough,zqdnzp,not_ready,0,0,0.0,max_dim=0.199,not_suitable,not_suitable,not_suitable,possible,not_suitable,not_suitable
half_baguette,mdaqot,not_ready,0,0,0.0,max_dim=0.109,not_suitable,not_suitable,not_suitable,perfect,not_suitable,not_suitable
half_baguette,mnhwnp,not_ready,0,0,0.0,max_dim=0.101,not_suitable,not_suitable,not_suitable,perfect,not_suitable,not_suitable
half_banana,matxor,graspable,200,5,21.1,max_dim=0.096,not_suitable,not_suitable,not_suitable,perfect,not_suitable,not_suitable
half_banana,xytkre,graspable,200,5,14.0,max_dim=0.124,not_suitable,not_suitable,not_suitable,perfect,not_suitable,not_suitable
half_banana_bread,myxyfa,not_ready,0,0,0.0,max_dim=0.130,not_suitable,not_suitable,not_suitable,perfect,not_suitable,not_suitable
half_banana_bread,sooaaz,not_ready,0,0,0.0,max_dim=0.128,not_suitable,not_suitable,not_suitable,perfect,not_suitable,not_suitable
half_bay_leaf,bibooy,graspable,200,5,13.7,max_dim=0.042,not_suitable,not_suitable,not_suitable,possible,not_suitable,not_suitable
half_bay_leaf,ficjtb,graspable,200,5,21.8,max_dim=0.036,not_suitable,not_suitable,not_suitable,possible,not_suitable,not_suitable
half_bean_curd,abzrit,not_ready,0,0,0.0,max_dim=0.039,not_suitable,not_suitable,not_suitable,possible,not_suitable,not_suitable
half_bean_curd,mdqpoj,not_ready,0,0,0.0,max_dim=0.040,not_suitable,not_suitable,not_suitable,possible,not_suitable,not_suitable
half_beefsteak_tomato,wjreyv,graspable,200,5,10.0,max_dim=0.066,not_suitable,not_suitable,not_suitable,perfect,not_suitable,not_suitable
half_beet,uehvci,graspable,200,5,10.0,max_dim=0.126,not_suitable,not_suitable,not_suitable,perfect,not_suitable,not_suitable
half_beet,xowfmb,graspable,200,5,9.7,max_dim=0.053,not_suitable,not_suitable,not_suitable,perfect,not_suitable,not_suitable
half_bell_pepper,uycgmx,graspable,200,5,14.6,max_dim=0.092,not_suitable,not_suitable,not_suitable,perfect,not_suitable,not_suitable
half_bell_pepper,waeejs,graspable,200,5,15.8,max_dim=0.092,not_suitable,not_suitable,not_suitable,perfect,not_suitable,not_suitable
half_biscuit_dough,fkbfdp,not_ready,0,0,0.0,max_dim=0.199,not_suitable,not_suitable,not_suitable,possible,not_suitable,not_suitable
half_biscuit_dough,wxqptp,not_ready,0,0,0.0,max_dim=0.200,not_suitable,not_suitable,not_suitable,possible,not_suitable,not_suitable
half_blackberry,pzhjfz,graspable,200,5,10.2,max_dim=0.026,not_suitable,not_suitable,not_suitable,possible,not_suitable,not_suitable
half_blackberry,vooovb,graspable,200,5,10.5,max_dim=0.028,not_suitable,not_suitable,not_suitable,possible,not_suitable,not_suitable
half_bleu,gpzeaz,not_ready,0,0,0.0,max_dim=0.084,not_suitable,not_suitable,not_suitable,possible,not_suitable,not_suitable
half_bleu,nelbjr,not_ready,0,0,0.0,max_dim=0.082,not_suitable,not_suitable,not_suitable,possible,not_suitable,not_suitable
half_bok_choy,vvfckx,graspable,200,5,9.9,max_dim=0.108,not_suitable,not_suitable,not_suitable,perfect,not_suitable,not_suitable
half_bok_choy,wuhuao,graspable,200,5,11.4,max_dim=0.079,not_suitable,not_suitable,not_suitable,perfect,not_suitable,not_suitable
half_branch,jlfkmd,too_large,0,0,0.0,max_dim=0.898,not_suitable,not_suitable,not_suitable,not_suitable,not_suitable,not_suitable
half_branch,pyoipk,too_large,0,0,0.0,max_dim=0.825,not_suitable,not_suitable,not_suitable,not_suitable,not_suitable,not_suitable
half_bratwurst,nbjyox,graspable,200,5,14.5,max_dim=0.138,not_suitable,not_suitable,not_suitable,perfect,not_suitable,not_suitable
half_bratwurst,tlvfkc,graspable,200,5,12.2,max_dim=0.138,not_suitable,not_suitable,not_suitable,perfect,not_suitable,not_suitable
half_brisket,ightnz,graspable,200,5,10.7,max_dim=0.059,not_suitable,not_suitable,not_suitable,perfect,not_suitable,not_suitable
half_brisket,rhapap,graspable,200,5,12.0,max_dim=0.059,not_suitable,not_suitable,not_suitable,perfect,not_suitable,not_suitable
half_broccoli,bapenb,graspable,200,5,10.9,max_dim=0.028,not_suitable,not_suitable,not_suitable,perfect,not_suitable,not_suitable
half_broccoli,swrjvx,graspable,200,5,12.7,max_dim=0.011,not_suitable,not_suitable,not_suitable,perfect,not_suitable,not_suitable
half_broccoli_rabe,etxdvg,graspable,200,5,11.8,max_dim=0.053,not_suitable,not_suitable,not_suitable,possible,not_suitable,not_suitable
half_broccoli_rabe,mvdozt,graspable,200,5,12.9,max_dim=0.054,not_suitable,not_suitable,not_suitable,possible,not_suitable,not_suitable
half_broccolini,nsqxlh,graspable,200,5,10.2,max_dim=0.088,not_suitable,not_suitable,not_suitable,perfect,not_suitable,not_suitable
half_broccolini,stvkzd,graspable,200,5,10.2,max_dim=0.088,not_suitable,not_suitable,not_suitable,perfect,not_suitable,not_suitable
half_brownie,cdipya,graspable,200,5,10.1,max_dim=0.081,not_suitable,not_suitable,not_suitable,perfect,not_suitable,not_suitable
half_brownie,zldjvy,graspable,200,5,11.1,max_dim=0.079,not_suitable,not_suitable,not_suitable,perfect,not_suitable,not_suitable
half_brussels_sprouts,txelwc,graspable,200,5,9.6,max_dim=0.052,not_suitable,not_suitable,not_suitable,perfect,not_suitable,not_suitable
half_brussels_sprouts,wbisku,graspable,200,5,10.4,max_dim=0.052,not_suitable,not_suitable,not_suitable,perfect,not_suitable,not_suitable
half_burrito,apcnnx,graspable,200,5,13.8,max_dim=0.102,not_suitable,not_suitable,not_suitable,perfect,not_suitable,not_suitable
half_burrito,wesaqr,graspable,200,5,13.1,max_dim=0.102,not_suitable,not_suitable,not_suitable,perfect,not_suitable,not_suitable
half_butter,bpabij,graspable,200,5,10.7,max_dim=0.028,not_suitable,not_suitable,not_suitable,possible,not_suitable,not_suitable
half_butter,umhvtj,graspable,200,5,10.6,max_dim=0.028,not_suitable,not_suitable,not_suitable,possible,not_suitable,not_suitable
half_butter_cookie,tcwjnx,graspable,200,5,10.4,max_dim=0.050,not_suitable,not_suitable,not_suitable,perfect,not_suitable,not_suitable
half_butter_cookie,wqgfsj,graspable,200,5,12.1,max_dim=0.050,not_suitable,not_suitable,not_suitable,perfect,not_suitable,not_suitable
half_buttermilk_pancake,rfgvmd,not_ready,0,0,0.0,max_dim=0.236,not_suitable,not_suitable,not_suitable,perfect,not_suitable,not_suitable
half_buttermilk_pancake,svndrr,not_ready,0,0,0.0,max_dim=0.241,not_suitable,not_suitable,not_suitable,perfect,not_suitable,not_suitable
half_butternut_squash,mfhfrq,graspable,200,5,12.6,max_dim=0.102,not_suitable,not_suitable,not_suitable,perfect,not_suitable,not_suitable
half_butternut_squash,ttries,graspable,200,5,27.7,max_dim=0.112,not_suitable,not_suitable,not_suitable,perfect,not_suitable,not_suitable
half_candied_yam,ckwhwm,not_ready,0,0,0.0,max_dim=0.077,not_suitable,not_suitable,not_suitable,perfect,not_suitable,not_suitable
half_candied_yam,dqfxuu,not_ready,0,0,0.0,max_dim=0.074,not_suitable,not_suitable,not_suitable,perfect,not_suitable,not_suitable
half_cantaloup,eydmty,not_ready,0,0,0.0,max_dim=0.159,not_suitable,not_suitable,not_suitable,perfect,not_suitable,not_suitable
half_cantaloup,rbshpi,not_ready,0,0,0.0,max_dim=0.159,not_suitable,not_suitable,not_suitable,perfect,not_suitable,not_suitable
half_cardstock,bdwvvq,graspable,200,5,50.0,max_dim=0.216,not_suitable,possible,not_suitable,not_suitable,not_suitable,not_suitable
half_cardstock,gnazgm,graspable,200,5,35.3,max_dim=0.216,not_suitable,possible,not_suitable,not_suitable,not_suitable,not_suitable
half_carrot,mwnhpj,graspable,200,5,9.8,max_dim=0.047,not_suitable,not_suitable,not_suitable,perfect,not_suitable,not_suitable
half_carrot,rprfom,graspable,200,5,9.8,max_dim=0.046,not_suitable,not_suitable,not_suitable,perfect,not_suitable,not_suitable
half_cauliflower,xjidit,graspable,200,5,19.5,max_dim=0.246,not_suitable,not_suitable,not_suitable,perfect,not_suitable,not_suitable
half_cauliflower,yzdbqn,graspable,200,5,10.7,max_dim=0.238,not_suitable,not_suitable,not_suitable,perfect,not_suitable,not_suitable
half_celery,fdspzm,graspable,200,5,18.1,max_dim=0.111,not_suitable,not_suitable,not_suitable,perfect,not_suitable,not_suitable
half_celery,leikaw,graspable,200,5,16.4,max_dim=0.111,not_suitable,not_suitable,not_suitable,perfect,not_suitable,not_suitable
half_chanterelle,bsfuew,not_ready,0,0,0.0,max_dim=0.123,not_suitable,not_suitable,not_suitable,possible,not_suitable,not_suitable
half_chanterelle,ftedsa,not_ready,0,0,0.0,max_dim=0.124,not_suitable,not_suitable,not_suitable,possible,not_suitable,not_suitable
half_chard,oajufk,not_ready,0,0,0.0,max_dim=0.114,not_suitable,not_suitable,not_suitable,possible,not_suitable,not_suitable
half_chard,shmety,not_ready,0,0,0.0,max_dim=0.104,not_suitable,not_suitable,not_suitable,possible,not_suitable,not_suitable
half_cheddar,cortmw,not_ready,0,0,0.0,max_dim=0.081,not_suitable,not_suitable,not_suitable,possible,not_suitable,not_suitable
half_cheddar,zkwspo,not_ready,0,0,0.0,max_dim=0.082,not_suitable,not_suitable,not_suitable,possible,not_suitable,not_suitable
half_cheese_danish,qrkfkq,graspable,200,5,11.2,max_dim=0.092,not_suitable,not_suitable,not_suitable,perfect,not_suitable,not_suitable
half_cheese_danish,zspamn,graspable,200,5,17.4,max_dim=0.093,not_suitable,not_suitable,not_suitable,perfect,not_suitable,not_suitable
half_cheese_tart,jldqnm,not_ready,0,0,0.0,max_dim=0.255,not_suitable,not_suitable,not_suitable,perfect,not_suitable,not_suitable
half_cheese_tart,txjdgi,not_ready,0,0,0.0,max_dim=0.255,not_suitable,not_suitable,not_suitable,perfect,not_suitable,not_suitable
half_cheesecake,nbowec,graspable,200,5,20.6,max_dim=0.116,not_suitable,not_suitable,not_suitable,perfect,not_suitable,not_suitable
half_cheesecake,tjmyvz,graspable,200,5,21.9,max_dim=0.117,not_suitable,not_suitable,not_suitable,perfect,not_suitable,not_suitable
half_cherry,hlzrio,graspable,200,5,23.3,max_dim=0.010,not_suitable,not_suitable,not_suitable,possible,not_suitable,not_suitable
half_cherry,xhuzsw,graspable,200,5,26.8,max_dim=0.010,not_suitable,not_suitable,not_suitable,possible,not_suitable,not_suitable
half_cherry_tomato,tcvxgv,graspable,200,5,10.4,max_dim=0.034,not_suitable,not_suitable,not_suitable,possible,not_suitable,not_suitable
half_cherry_tomato,vtoceh,graspable,200,5,10.2,max_dim=0.034,not_suitable,not_suitable,not_suitable,possible,not_suitable,not_suitable
half_chestnut,jvnilh,graspable,200,5,10.3,max_dim=0.020,not_suitable,not_suitable,not_suitable,possible,not_suitable,not_suitable
half_chestnut,tfawre,graspable,200,5,10.7,max_dim=0.020,not_suitable,not_suitable,not_suitable,possible,not_suitable,not_suitable
half_chicken,hkcqlq,graspable,200,5,14.5,max_dim=0.195,not_suitable,not_suitable,not_suitable,possible,not_suitable,not_suitable
half_chicken,kptygf,graspable,200,5,17.7,max_dim=0.163,not_suitable,not_suitable,not_suitable,possible,not_suitable,not_suitable
half_chicken_breast,kwlera,graspable,200,2,89.3,max_dim=0.210,not_suitable,not_suitable,not_suitable,perfect,not_suitable,not_suitable
half_chicken_breast,prtpsa,graspable,200,5,42.3,max_dim=0.196,not_suitable,not_suitable,not_suitable,perfect,not_suitable,not_suitable
half_chicken_leg,alhomx,graspable,200,5,10.4,max_dim=0.071,not_suitable,not_suitable,not_suitable,perfect,not_suitable,not_suitable
half_chicken_leg,edknen,graspable,200,5,9.9,max_dim=0.063,not_suitable,not_suitable,not_suitable,perfect,not_suitable,not_suitable
half_chicken_tender,cmfwiz,not_ready,0,0,0.0,max_dim=0.044,not_suitable,not_suitable,not_suitable,perfect,not_suitable,not_suitable
half_chicken_tender,zzwgnh,not_ready,0,0,0.0,max_dim=0.051,not_suitable,not_suitable,not_suitable,perfect,not_suitable,not_suitable
half_chicken_wing,jwklle,graspable,200,5,14.6,max_dim=0.128,not_suitable,not_suitable,not_suitable,perfect,not_suitable,not_suitable
half_chicken_wing,oovdww,graspable,200,5,12.3,max_dim=0.123,not_suitable,not_suitable,not_suitable,perfect,not_suitable,not_suitable
half_chili,lggdek,graspable,200,5,15.4,max_dim=0.020,not_suitable,not_suitable,not_suitable,possible,not_suitable,not_suitable
half_chili,nidjog,graspable,200,5,11.5,max_dim=0.022,not_suitable,not_suitable,not_suitable,possible,not_suitable,not_suitable
half_chives,andiol,graspable,200,5,10.9,max_dim=0.095,not_suitable,not_suitable,not_suitable,possible,not_suitable,not_suitable
half_chives,gxvaot,graspable,200,5,12.6,max_dim=0.140,not_suitable,not_suitable,not_suitable,possible,not_suitable,not_suitable
half_chocolate_biscuit,llipgq,not_ready,0,0,0.0,max_dim=0.073,not_suitable,not_suitable,not_suitable,perfect,not_suitable,not_suitable
half_chocolate_biscuit,owycyc,not_ready,0,0,0.0,max_dim=0.073,not_suitable,not_suitable,not_suitable,perfect,not_suitable,not_suitable
half_chocolate_cake,acvxyw,graspable,200,5,15.0,max_dim=0.075,not_suitable,not_suitable,not_suitable,perfect,not_suitable,not_suitable
half_chocolate_cake,fbwkko,graspable,200,5,11.0,max_dim=0.073,not_suitable,not_suitable,not_suitable,perfect,not_suitable,not_suitable
half_chocolate_chip_cookie,dajnau,graspable,200,5,15.0,max_dim=0.104,not_suitable,not_suitable,not_suitable,perfect,not_suitable,not_suitable
half_chocolate_chip_cookie,nvtssz,graspable,200,5,13.9,max_dim=0.104,not_suitable,not_suitable,not_suitable,perfect,not_suitable,not_suitable
half_chocolate_cookie_dough,jpknaw,not_ready,0,0,0.0,max_dim=0.200,not_suitable,not_suitable,not_suitable,possible,not_suitable,not_suitable
half_chocolate_cookie_dough,qpfajx,not_ready,0,0,0.0,max_dim=0.199,not_suitable,not_suitable,not_suitable,possible,not_suitable,not_suitable
half_chorizo,jxoccq,graspable,200,5,32.1,max_dim=0.119,not_suitable,not_suitable,not_suitable,perfect,not_suitable,not_suitable
half_chorizo,zzfehg,graspable,200,5,36.0,max_dim=0.117,not_suitable,not_suitable,not_suitable,perfect,not_suitable,not_suitable
half_cinnamon_roll,mijkzq,not_ready,0,0,0.0,max_dim=0.066,not_suitable,not_suitable,not_suitable,perfect,not_suitable,not_suitable
half_cinnamon_roll,tmlned,not_ready,0,0,0.0,max_dim=0.066,not_suitable,not_suitable,not_suitable,perfect,not_suitable,not_suitable
half_club_sandwich,qkhepd,graspable,200,5,15.8,max_dim=0.201,not_suitable,not_suitable,not_suitable,perfect,not_suitable,not_suitable
half_club_sandwich,yfdldg,graspable,200,5,11.7,max_dim=0.199,not_suitable,not_suitable,not_suitable,perfect,not_suitable,not_suitable
half_coconut_fruit,nnankv,graspable,200,5,28.5,max_dim=0.141,not_suitable,not_suitable,not_suitable,possible,not_suitable,not_suitable
half_coconut_fruit,txtabm,graspable,200,5,23.5,max_dim=0.139,not_suitable,not_suitable,not_suitable,possible,not_suitable,not_suitable
half_cold_cuts,khcjog,graspable,200,5,13.1,max_dim=0.040,not_suitable,not_suitable,not_suitable,perfect,not_suitable,not_suitable
half_cold_cuts,qhmncb,graspable,200,5,12.8,max_dim=0.041,not_suitable,not_suitable,not_suitable,perfect,not_suitable,not_suitable
half_cookie_dough,gcnxkb,not_ready,0,0,0.0,max_dim=0.200,not_suitable,not_suitable,not_suitable,possible,not_suitable,not_suitable
half_cookie_dough,gqgssp,not_ready,0,0,0.0,max_dim=0.199,not_suitable,not_suitable,not_suitable,possible,not_suitable,not_suitable
half_crab,cwmejr,graspable,200,5,21.8,max_dim=0.103,not_suitable,not_suitable,not_suitable,possible,not_suitable,not_suitable
half_crab,fuijbr,graspable,200,5,32.4,max_dim=0.161,not_suitable,not_suitable,not_suitable,possible,not_suitable,not_suitable
half_crawfish,gevixr,graspable,200,5,10.7,max_dim=0.044,not_suitable,not_suitable,not_suitable,possible,not_suitable,not_suitable
half_crawfish,mddfjg,graspable,200,5,11.0,max_dim=0.066,not_suitable,not_suitable,not_suitable,possible,not_suitable,not_suitable
half_croissant,xryfwy,not_ready,0,0,0.0,max_dim=0.118,not_suitable,not_suitable,not_suitable,perfect,not_suitable,not_suitable
half_croissant,ytowpu,not_ready,0,0,0.0,max_dim=0.118,not_suitable,not_suitable,not_suitable,perfect,not_suitable,not_suitable
half_cucumber,kyadrk,graspable,200,5,10.4,max_dim=0.069,not_suitable,not_suitable,not_suitable,perfect,not_suitable,not_suitable
half_cucumber,wkhmhs,graspable,200,5,12.8,max_dim=0.073,not_suitable,not_suitable,not_suitable,perfect,not_suitable,not_suitable
half_cupcake,ofuznw,not_ready,0,0,0.0,max_dim=0.096,not_suitable,not_suitable,not_suitable,perfect,not_suitable,not_suitable
half_cupcake,opuxgd,not_ready,0,0,0.0,max_dim=0.096,not_suitable,not_suitable,not_suitable,perfect,not_suitable,not_suitable
half_date,ltedqu,graspable,200,5,13.9,max_dim=0.024,not_suitable,not_suitable,not_suitable,possible,not_suitable,not_suitable
half_date,yjxvou,graspable,200,5,10.8,max_dim=0.021,not_suitable,not_suitable,not_suitable,possible,not_suitable,not_suitable
half_doughnut,qcuowh,not_ready,0,0,0.0,max_dim=0.096,not_suitable,not_suitable,not_suitable,perfect,not_suitable,not_suitable
half_doughnut,qhhrmz,not_ready,0,0,0.0,max_dim=0.095,not_suitable,not_suitable,not_suitable,perfect,not_suitable,not_suitable
half_dried_apricot,bfukml,graspable,200,5,11.1,max_dim=0.040,not_suitable,not_suitable,not_suitable,possible,not_suitable,not_suitable
half_dried_apricot,hzqpmr,graspable,200,5,10.4,max_dim=0.039,not_suitable,not_suitable,not_suitable,possible,not_suitable,not_suitable
half_duck,dutyih,graspable,200,5,18.2,max_dim=0.293,not_suitable,not_suitable,not_suitable,possible,not_suitable,not_suitable
half_duck,ztppla,graspable,200,4,102.4,max_dim=0.308,not_suitable,not_suitable,not_suitable,possible,not_suitable,not_suitable
half_durian,menivf,not_ready,0,0,0.0,max_dim=0.116,not_suitable,not_suitable,not_suitable,possible,not_suitable,not_suitable
half_durian,qqnxxi,not_ready,0,0,0.0,max_dim=0.114,not_suitable,not_suitable,not_suitable,possible,not_suitable,not_suitable
half_edible_cookie_dough,jkqazq,not_ready,0,0,0.0,max_dim=0.200,not_suitable,not_suitable,not_suitable,possible,not_suitable,not_suitable
half_edible_cookie_dough,zgxapd,not_ready,0,0,0.0,max_dim=0.199,not_suitable,not_suitable,not_suitable,possible,not_suitable,not_suitable
half_eggplant,jkcyap,graspable,200,5,38.1,max_dim=0.201,not_suitable,not_suitable,not_suitable,perfect,not_suitable,not_suitable
half_eggplant,splzyb,graspable,200,5,63.7,max_dim=0.201,not_suitable,not_suitable,not_suitable,perfect,not_suitable,not_suitable
half_enchilada,cgrjfr,not_ready,0,0,0.0,max_dim=0.102,not_suitable,not_suitable,not_suitable,perfect,not_suitable,not_suitable
half_enchilada,yyikja,not_ready,0,0,0.0,max_dim=0.102,not_suitable,not_suitable,not_suitable,perfect,not_suitable,not_suitable
half_fennel,evyukc,graspable,200,5,11.2,max_dim=0.114,not_suitable,not_suitable,not_suitable,perfect,not_suitable,not_suitable
half_fennel,qkpvje,graspable,200,5,20.1,max_dim=0.126,not_suitable,not_suitable,not_suitable,perfect,not_suitable,not_suitable
half_feta,lgoiop,graspable,200,5,30.4,max_dim=0.176,not_suitable,not_suitable,not_suitable,possible,not_suitable,not_suitable
half_feta,wvcjbm,graspable,200,5,54.2,max_dim=0.180,not_suitable,not_suitable,not_suitable,possible,not_suitable,not_suitable
half_fillet,cyvqdj,graspable,200,5,20.7,max_dim=0.099,not_suitable,not_suitable,not_suitable,perfect,not_suitable,not_suitable
half_fillet,gpkgzv,graspable,200,5,19.2,max_dim=0.092,not_suitable,not_suitable,not_suitable,perfect,not_suitable,not_suitable
half_french_fries,aorizk,graspable,200,5,34.7,max_dim=0.043,not_suitable,not_suitable,not_suitable,possible,not_suitable,not_suitable
half_french_fries,omohpk,graspable,200,5,11.4,max_dim=0.040,not_suitable,not_suitable,not_suitable,possible,not_suitable,not_suitable
half_french_toast,enjjdg,graspable,200,5,19.1,max_dim=0.178,not_suitable,not_suitable,not_suitable,perfect,not_suitable,not_suitable
half_french_toast,rqsxvo,graspable,200,5,17.9,max_dim=0.179,not_suitable,not_suitable,not_suitable,perfect,not_suitable,not_suitable
half_fried_chicken,axoton,not_ready,0,0,0.0,max_dim=0.050,not_suitable,not_suitable,not_suitable,perfect,not_suitable,not_suitable
half_fried_chicken,emcign,not_ready,0,0,0.0,max_dim=0.045,not_suitable,not_suitable,not_suitable,perfect,not_suitable,not_suitable
half_fruitcake,oknupa,graspable,200,5,19.2,max_dim=0.218,not_suitable,not_suitable,not_suitable,perfect,not_suitable,not_suitable
half_fruitcake,trfmog,graspable,200,5,47.5,max_dim=0.227,not_suitable,not_suitable,not_suitable,perfect,not_suitable,not_suitable
half_garlic,ategou,graspable,200,5,11.0,max_dim=0.067,not_suitable,not_suitable,not_suitable,possible,not_suitable,not_suitable
half_garlic,xhyczf,graspable,200,5,10.7,max_dim=0.067,not_suitable,not_suitable,not_suitable,possible,not_suitable,not_suitable
half_garlic_bread,smddfo,not_ready,0,0,0.0,max_dim=0.193,not_suitable,not_suitable,not_suitable,perfect,not_suitable,not_suitable
half_garlic_bread,vipzpb,not_ready,0,0,0.0,max_dim=0.143,not_suitable,not_suitable,not_suitable,perfect,not_suitable,not_suitable
half_garlic_clove,msoqxk,graspable,200,5,12.0,max_dim=0.014,not_suitable,not_suitable,not_suitable,possible,not_suitable,not_suitable
half_garlic_clove,rpypsx,graspable,200,5,14.6,max_dim=0.016,not_suitable,not_suitable,not_suitable,possible,not_suitable,not_suitable
half_gelatin,eewkyp,not_ready,0,0,0.0,max_dim=0.019,not_suitable,not_suitable,not_suitable,possible,not_suitable,not_suitable
half_gelatin,sggmch,not_ready,0,0,0.0,max_dim=0.020,not_suitable,not_suitable,not_suitable,possible,not_suitable,not_suitable
half_ginger_root,lqubed,graspable,200,5,10.2,max_dim=0.065,not_suitable,not_suitable,not_suitable,possible,not_suitable,not_suitable
half_ginger_root,owzxwo,graspable,200,5,12.6,max_dim=0.058,not_suitable,not_suitable,not_suitable,possible,not_suitable,not_suitable
half_gingerbread,setrds,graspable,200,5,24.1,max_dim=0.161,not_suitable,not_suitable,not_suitable,perfect,not_suitable,not_suitable
half_gingerbread,ststrq,graspable,200,5,39.7,max_dim=0.161,not_suitable,not_suitable,not_suitable,perfect,not_suitable,not_suitable
half_gooseberry,aumjui,graspable,200,5,23.0,max_dim=0.013,not_suitable,not_suitable,not_suitable,possible,not_suitable,not_suitable
half_gooseberry,rdytpz,graspable,200,5,13.5,max_dim=0.013,not_suitable,not_suitable,not_suitable,possible,not_suitable,not_suitable
half_gourd,ayuaqn,graspable,200,5,18.1,max_dim=0.120,not_suitable,not_suitable,not_suitable,possible,not_suitable,not_suitable
half_gourd,ogtwwu,graspable,200,5,17.4,max_dim=0.120,not_suitable,not_suitable,not_suitable,possible,not_suitable,not_suitable
half_granola_bar,nwmasa,graspable,200,5,11.0,max_dim=0.053,not_suitable,not_suitable,not_suitable,possible,not_suitable,not_suitable
half_granola_bar,xsprnc,graspable,200,5,9.9,max_dim=0.053,not_suitable,not_suitable,not_suitable,possible,not_suitable,not_suitable
half_grapefruit,fwtaoe,graspable,200,5,12.1,max_dim=0.110,not_suitable,not_suitable,not_suitable,perfect,not_suitable,not_suitable
half_grapefruit,mnbbgc,graspable,200,5,12.3,max_dim=0.109,not_suitable,not_suitable,not_suitable,perfect,not_suitable,not_suitable
half_green_bean,exrkaw,not_ready,0,0,0.0,max_dim=0.078,not_suitable,not_suitable,not_suitable,possible,not_suitable,not_suitable
half_green_bean,qqucst,not_ready,0,0,0.0,max_dim=0.077,not_suitable,not_suitable,not_suitable,possible,not_suitable,not_suitable
half_green_onion,oecniy,graspable,200,5,9.7,max_dim=0.089,not_suitable,not_suitable,not_suitable,possible,not_suitable,not_suitable
half_green_onion,qvdvcz,graspable,200,5,18.4,max_dim=0.196,not_suitable,not_suitable,not_suitable,possible,not_suitable,not_suitable
half_ham_hock,bbthbd,graspable,200,5,13.4,max_dim=0.115,not_suitable,not_suitable,not_suitable,possible,not_suitable,not_suitable
half_ham_hock,fuatid,graspable,200,5,12.4,max_dim=0.117,not_suitable,not_suitable,not_suitable,possible,not_suitable,not_suitable
half_hamburger,daxrmw,graspable,200,5,11.1,max_dim=0.108,not_suitable,not_suitable,not_suitable,perfect,not_suitable,not_suitable
half_hamburger,rmxdcq,graspable,200,5,9.9,max_dim=0.108,not_suitable,not_suitable,not_suitable,perfect,not_suitable,not_suitable
half_hamburger_bun,ailrka,graspable,200,5,11.8,max_dim=0.087,not_suitable,not_suitable,not_suitable,perfect,not_suitable,not_suitable
half_hamburger_bun,sjtieq,graspable,200,5,11.0,max_dim=0.086,not_suitable,not_suitable,not_suitable,perfect,not_suitable,not_suitable
half_hard_boiled_egg,zznlne,graspable,200,5,11.2,max_dim=0.059,not_suitable,not_suitable,not_suitable,perfect,not_suitable,not_suitable
half_hazelnut,tmfnmp,graspable,200,5,10.4,max_dim=0.023,not_suitable,not_suitable,not_suitable,possible,not_suitable,not_suitable
half_hazelnut,yvbqxq,graspable,200,5,13.4,max_dim=0.024,not_suitable,not_suitable,not_suitable,possible,not_suitable,not_suitable
half_head_cabbage,dwdrej,graspable,200,5,40.5,max_dim=0.148,not_suitable,not_suitable,not_suitable,perfect,not_suitable,not_suitable
half_head_cabbage,wpebpb,graspable,200,5,54.8,max_dim=0.148,not_suitable,not_suitable,not_suitable,perfect,not_suitable,not_suitable
half_hotdog,nqxnic,graspable,200,5,10.4,max_dim=0.086,not_suitable,not_suitable,not_suitable,perfect,not_suitable,not_suitable
half_hotdog,tliqic,graspable,200,5,12.8,max_dim=0.087,not_suitable,not_suitable,not_suitable,perfect,not_suitable,not_suitable
half_hotdog_bun,vsrkqf,graspable,200,5,10.8,max_dim=0.084,not_suitable,not_suitable,not_suitable,perfect,not_suitable,not_suitable
half_hotdog_bun,znjcve,graspable,200,5,11.2,max_dim=0.085,not_suitable,not_suitable,not_suitable,perfect,not_suitable,not_suitable
half_hotdog_frank,jvnabz,graspable,200,5,13.0,max_dim=0.079,not_suitable,not_suitable,not_suitable,perfect,not_suitable,not_suitable
half_hotdog_frank,stklgn,graspable,200,5,11.8,max_dim=0.079,not_suitable,not_suitable,not_suitable,perfect,not_suitable,not_suitable
half_kabob,eormcp,not_ready,0,0,0.0,max_dim=0.068,not_suitable,not_suitable,not_suitable,perfect,not_suitable,not_suitable
half_kabob,oeeitd,not_ready,0,0,0.0,max_dim=0.064,not_suitable,not_suitable,not_suitable,perfect,not_suitable,not_suitable
half_kale,fbthmv,graspable,200,5,10.5,max_dim=0.058,not_suitable,not_suitable,not_suitable,possible,not_suitable,not_suitable
half_kale,ysmhhp,graspable,200,5,10.0,max_dim=0.057,not_suitable,not_suitable,not_suitable,possible,not_suitable,not_suitable
half_kielbasa,atdozq,graspable,200,5,15.4,max_dim=0.090,not_suitable,not_suitable,not_suitable,perfect,not_suitable,not_suitable
half_kielbasa,vlwhby,graspable,200,5,17.4,max_dim=0.090,not_suitable,not_suitable,not_suitable,perfect,not_suitable,not_suitable
half_kiwi,ukwism,graspable,200,5,10.2,max_dim=0.099,not_suitable,not_suitable,not_suitable,perfect,not_suitable,not_suitable
half_lamb,edwejx,graspable,200,5,16.9,max_dim=0.099,not_suitable,not_suitable,not_suitable,possible,not_suitable,not_suitable
half_lamb,pqjbfz,graspable,200,5,25.5,max_dim=0.141,not_suitable,not_suitable,not_suitable,possible,not_suitable,not_suitable
half_leaf,mavsmd,graspable,200,5,14.4,max_dim=0.104,not_suitable,not_suitable,not_suitable,not_suitable,not_suitable,not_suitable
half_leaf,yievsk,graspable,200,5,17.0,max_dim=0.130,not_suitable,not_suitable,not_suitable,not_suitable,not_suitable,not_suitable
half_leek,oxkjob,graspable,200,5,29.3,max_dim=0.152,not_suitable,not_suitable,not_suitable,possible,not_suitable,not_suitable
half_leek,qyhvrf,graspable,200,5,35.5,max_dim=0.160,not_suitable,not_suitable,not_suitable,possible,not_suitable,not_suitable
half_lemon,wouoym,graspable,200,5,9.9,max_dim=0.071,not_suitable,not_suitable,not_suitable,perfect,not_suitable,not_suitable
half_lettuce,kdpjuz,graspable,200,5,34.5,max_dim=0.191,not_suitable,not_suitable,not_suitable,perfect,not_suitable,not_suitable
half_lettuce,onrtmg,graspable,200,5,36.6,max_dim=0.188,not_suitable,not_suitable,not_suitable,perfect,not_suitable,not_suitable
half_lime,dtyjkb,graspable,200,5,9.8,max_dim=0.060,not_suitable,not_suitable,not_suitable,perfect,not_suitable,not_suitable
half_lime,iwjqqq,graspable,200,5,10.4,max_dim=0.060,not_suitable,not_suitable,not_suitable,perfect,not_suitable,not_suitable
half_lime,jnbwpy,not_ready,0,0,0.0,max_dim=0.057,not_suitable,not_suitable,not_suitable,perfect,not_suitable,not_suitable
half_lime,mxmmcp,graspable,200,5,9.9,max_dim=0.060,not_suitable,not_suitable,not_suitable,perfect,not_suitable,not_suitable
half_lime,wdadtn,graspable,200,5,9.9,max_dim=0.060,not_suitable,not_suitable,not_suitable,perfect,not_suitable,not_suitable
half_lobster,mdxjdk,graspable,200,5,21.3,max_dim=0.362,not_suitable,not_suitable,not_suitable,possible,not_suitable,not_suitable
half_lobster,nazfrs,graspable,200,5,20.5,max_dim=0.180,not_suitable,not_suitable,not_suitable,possible,not_suitable,not_suitable
half_log,bbieuz,no_grasp,200,0,77.8,max_dim=0.446,not_suitable,not_suitable,not_suitable,not_suitable,not_suitable,not_suitable
half_log,rvtvqc,no_grasp,200,0,83.8,max_dim=0.443,not_suitable,not_suitable,not_suitable,not_suitable,not_suitable,not_suitable
half_macaroon,gafeof,not_ready,0,0,0.0,max_dim=0.050,not_suitable,not_suitable,not_suitable,perfect,not_suitable,not_suitable
half_macaroon,znmffr,not_ready,0,0,0.0,max_dim=0.050,not_suitable,not_suitable,not_suitable,perfect,not_suitable,not_suitable
half_mango,jywliv,graspable,200,5,80.4,max_dim=0.119,not_suitable,not_suitable,not_suitable,perfect,not_suitable,not_suitable
half_mango,qzgjym,graspable,200,5,13.3,max_dim=0.114,not_suitable,not_suitable,not_suitable,perfect,not_suitable,not_suitable
half_marshmallow,pdyexe,graspable,200,5,10.2,max_dim=0.062,not_suitable,not_suitable,not_suitable,possible,not_suitable,not_suitable
half_marshmallow,tcsuum,graspable,200,5,10.9,max_dim=0.062,not_suitable,not_suitable,not_suitable,possible,not_suitable,not_suitable
half_meat_loaf,qeqtna,graspable,200,5,21.9,max_dim=0.139,not_suitable,not_suitable,not_suitable,perfect,not_suitable,not_suitable
half_meat_loaf,rdxyfn,graspable,200,5,32.8,max_dim=0.136,not_suitable,not_suitable,not_suitable,perfect,not_suitable,not_suitable
half_meatball,nqprdu,graspable,200,5,12.2,max_dim=0.034,not_suitable,not_suitable,not_suitable,perfect,not_suitable,not_suitable
half_meatball,xmepzb,graspable,200,5,12.5,max_dim=0.034,not_suitable,not_suitable,not_suitable,perfect,not_suitable,not_suitable
half_mozzarella,luofri,not_ready,0,0,0.0,max_dim=0.057,not_suitable,not_suitable,not_suitable,possible,not_suitable,not_suitable
half_mozzarella,yflmjs,not_ready,0,0,0.0,max_dim=0.059,not_suitable,not_suitable,not_suitable,possible,not_suitable,not_suitable
half_muffin,ubimyt,not_ready,0,0,0.0,max_dim=0.086,not_suitable,not_suitable,not_suitable,perfect,not_suitable,not_suitable
half_muffin,ypzhst,not_ready,0,0,0.0,max_dim=0.086,not_suitable,not_suitable,not_suitable,perfect,not_suitable,not_suitable
half_mushroom,xeodai,graspable,200,5,10.5,max_dim=0.030,not_suitable,not_suitable,not_suitable,perfect,not_suitable,not_suitable
half_mustard_leaf,amrhdm,graspable,200,5,18.9,max_dim=0.025,not_suitable,not_suitable,not_suitable,possible,not_suitable,not_suitable
half_mustard_leaf,zwbunc,graspable,200,5,14.4,max_dim=0.027,not_suitable,not_suitable,not_suitable,possible,not_suitable,not_suitable
half_nectarine,glfyoh,graspable,200,5,9.7,max_dim=0.078,not_suitable,not_suitable,not_suitable,perfect,not_suitable,not_suitable
half_nectarine,uoechx,graspable,200,5,10.9,max_dim=0.079,not_suitable,not_suitable,not_suitable,perfect,not_suitable,not_suitable
half_olive,dghwop,not_ready,0,0,0.0,max_dim=0.022,not_suitable,not_suitable,not_suitable,possible,not_suitable,not_suitable
half_olive,mkchji,not_ready,0,0,0.0,max_dim=0.022,not_suitable,not_suitable,not_suitable,possible,not_suitable,not_suitable
half_omelet,eokxzc,graspable,200,5,50.7,max_dim=0.214,not_suitable,not_suitable,not_suitable,perfect,not_suitable,not_suitable
half_omelet,kkctir,graspable,200,5,87.1,max_dim=0.218,not_suitable,not_suitable,not_suitable,perfect,not_suitable,not_suitable
half_orange,yloghd,graspable,200,5,9.9,max_dim=0.084,not_suitable,not_suitable,not_suitable,perfect,not_suitable,not_suitable
half_oyster,dakxdo,graspable,200,5,18.8,max_dim=0.110,not_suitable,not_suitable,not_suitable,possible,not_suitable,not_suitable
half_oyster,ssiqcq,graspable,200,5,16.1,max_dim=0.107,not_suitable,not_suitable,not_suitable,possible,not_suitable,not_suitable
half_papaya,gbrakc,graspable,200,5,32.0,max_dim=0.160,not_suitable,not_suitable,not_suitable,perfect,not_suitable,not_suitable
half_papaya,hgjdxq,graspable,200,5,19.0,max_dim=0.160,not_suitable,not_suitable,not_suitable,perfect,not_suitable,not_suitable
half_parsley,zfzedo,not_ready,0,0,0.0,max_dim=0.027,not_suitable,not_suitable,not_suitable,possible,not_suitable,not_suitable
half_parsley,zgpzbo,not_ready,0,0,0.0,max_dim=0.025,not_suitable,not_suitable,not_suitable,possible,not_suitable,not_suitable
half_parsnip,quszcu,graspable,200,5,14.8,max_dim=0.126,not_suitable,not_suitable,not_suitable,perfect,not_suitable,not_suitable
half_parsnip,rkbfvr,graspable,200,5,32.3,max_dim=0.123,not_suitable,not_suitable,not_suitable,perfect,not_suitable,not_suitable
half_pastry,ilugji,not_ready,0,0,0.0,max_dim=0.192,not_suitable,not_suitable,not_suitable,perfect,not_suitable,not_suitable
half_pastry,izfobj,not_ready,0,0,0.0,max_dim=0.191,not_suitable,not_suitable,not_suitable,perfect,not_suitable,not_suitable
half_peach,orowgl,graspable,200,5,10.3,max_dim=0.090,not_suitable,not_suitable,not_suitable,perfect,not_suitable,not_suitable
half_pear,mqvgcg,graspable,200,5,12.5,max_dim=0.124,not_suitable,not_suitable,not_suitable,perfect,not_suitable,not_suitable
half_peppermint,bqhvim,graspable,200,5,22.3,max_dim=0.012,not_suitable,not_suitable,not_suitable,possible,not_suitable,not_suitable
half_peppermint,nfqgyt,graspable,200,5,35.8,max_dim=0.013,not_suitable,not_suitable,not_suitable,possible,not_suitable,not_suitable
half_peppermint_candy,vbqbxd,graspable,200,5,9.9,max_dim=0.078,not_suitable,not_suitable,not_suitable,possible,not_suitable,not_suitable
half_peppermint_candy,zizhcl,graspable,200,5,12.9,max_dim=0.076,not_suitable,not_suitable,not_suitable,possible,not_suitable,not_suitable
half_pepperoni,euthxy,graspable,200,5,10.2,max_dim=0.041,not_suitable,not_suitable,not_suitable,perfect,not_suitable,not_suitable
half_pepperoni,nworyk,graspable,200,5,13.1,max_dim=0.040,not_suitable,not_suitable,not_suitable,perfect,not_suitable,not_suitable
half_pickle,enuftv,graspable,200,5,12.2,max_dim=0.063,not_suitable,not_suitable,not_suitable,perfect,not_suitable,not_suitable
half_pickle,rmvuqm,graspable,200,5,10.2,max_dim=0.053,not_suitable,not_suitable,not_suitable,perfect,not_suitable,not_suitable
half_pineapple,jizmyh,graspable,200,5,10.2,max_dim=0.214,not_suitable,not_suitable,not_suitable,perfect,not_suitable,not_suitable
half_pineapple,zympwt,graspable,200,5,10.7,max_dim=0.107,not_suitable,not_suitable,not_suitable,perfect,not_suitable,not_suitable
half_pita,fmkiep,not_ready,0,0,0.0,max_dim=0.251,not_suitable,not_suitable,not_suitable,perfect,not_suitable,not_suitable
half_pita,mhwlwr,not_ready,0,0,0.0,max_dim=0.250,not_suitable,not_suitable,not_suitable,perfect,not_suitable,not_suitable
half_pizza,frlqiv,graspable,200,5,20.3,max_dim=0.469,not_suitable,not_suitable,not_suitable,perfect,not_suitable,not_suitable
half_pizza,jghsom,graspable,200,5,49.1,max_dim=0.473,not_suitable,not_suitable,not_suitable,perfect,not_suitable,not_suitable
half_pizza_dough,spvbal,not_ready,0,0,0.0,max_dim=0.316,not_suitable,not_suitable,not_suitable,possible,not_suitable,not_suitable
half_pizza_dough,xzkcwu,not_ready,0,0,0.0,max_dim=0.316,not_suitable,not_suitable,not_suitable,possible,not_suitable,not_suitable
half_plum,dsybez,graspable,200,5,12.8,max_dim=0.061,not_suitable,not_suitable,not_suitable,perfect,not_suitable,not_suitable
half_pomegranate,tbwsgm,graspable,200,5,11.4,max_dim=0.072,not_suitable,not_suitable,not_suitable,perfect,not_suitable,not_suitable
half_pomegranate,vqybii,graspable,200,5,11.5,max_dim=0.093,not_suitable,not_suitable,not_suitable,perfect,not_suitable,not_suitable
half_pomelo,qecwzm,graspable,200,5,9.9,max_dim=0.071,not_suitable,not_suitable,not_suitable,perfect,not_suitable,not_suitable
half_pork,plzhze,graspable,200,5,10.6,max_dim=0.064,not_suitable,not_suitable,not_suitable,possible,not_suitable,not_suitable
half_pork,zkyxzt,graspable,200,5,10.7,max_dim=0.063,not_suitable,not_suitable,not_suitable,possible,not_suitable,not_suitable
half_pork_chop,iyrjhs,graspable,200,5,17.3,max_dim=0.123,not_suitable,not_suitable,not_suitable,perfect,not_suitable,not_suitable
half_pork_chop,slvayf,graspable,200,5,10.1,max_dim=0.110,not_suitable,not_suitable,not_suitable,perfect,not_suitable,not_suitable
half_pork_rib,pwbysl,not_ready,0,0,0.0,max_dim=0.102,not_suitable,not_suitable,not_suitable,possible,not_suitable,not_suitable
half_pork_rib,xnujmn,not_ready,0,0,0.0,max_dim=0.122,not_suitable,not_suitable,not_suitable,possible,not_suitable,not_suitable
half_potato,qcnoim,not_ready,0,0,0.0,max_dim=0.137,not_suitable,not_suitable,not_suitable,perfect,not_suitable,not_suitable
half_potato,qktjci,not_ready,0,0,0.0,max_dim=0.137,not_suitable,not_suitable,not_suitable,perfect,not_suitable,not_suitable
half_pretzel,qlajrx,graspable,200,5,23.8,max_dim=0.196,not_suitable,not_suitable,not_suitable,perfect,not_suitable,not_suitable
half_pretzel,sexafo,not_ready,0,0,0.0,max_dim=0.192,not_suitable,not_suitable,not_suitable,perfect,not_suitable,not_suitable
half_prosciutto,cqlboj,graspable,200,5,19.4,max_dim=0.203,not_suitable,not_suitable,not_suitable,perfect,not_suitable,not_suitable
half_prosciutto,lchtrf,graspable,200,5,16.3,max_dim=0.191,not_suitable,not_suitable,not_suitable,perfect,not_suitable,not_suitable
half_pumpkin,mfoylv,graspable,200,5,11.8,max_dim=0.149,not_suitable,not_suitable,not_suitable,perfect,not_suitable,not_suitable
half_pumpkin,mjeocr,graspable,200,5,12.9,max_dim=0.149,not_suitable,not_suitable,not_suitable,perfect,not_suitable,not_suitable
half_quail_breast,wkprti,graspable,200,5,11.8,max_dim=0.085,not_suitable,not_suitable,not_suitable,possible,not_suitable,not_suitable
half_quail_breast,wphkwq,graspable,200,5,9.9,max_dim=0.091,not_suitable,not_suitable,not_suitable,possible,not_suitable,not_suitable
half_quiche,gdvrux,not_ready,0,0,0.0,max_dim=0.132,not_suitable,not_suitable,not_suitable,perfect,not_suitable,not_suitable
half_quiche,murare,not_ready,0,0,0.0,max_dim=0.132,not_suitable,not_suitable,not_suitable,perfect,not_suitable,not_suitable
half_radish,kyujnh,graspable,200,5,12.3,max_dim=0.015,not_suitable,not_suitable,not_suitable,perfect,not_suitable,not_suitable
half_radish,zjeukz,graspable,200,5,11.9,max_dim=0.035,not_suitable,not_suitable,not_suitable,perfect,not_suitable,not_suitable
half_ramen,argnww,not_ready,0,0,0.0,max_dim=0.102,not_suitable,not_suitable,not_suitable,possible,not_suitable,not_suitable
half_ramen,mplogd,not_ready,0,0,0.0,max_dim=0.102,not_suitable,not_suitable,not_suitable,possible,not_suitable,not_suitable
half_rhubarb,lyotpu,graspable,200,5,11.1,max_dim=0.051,not_suitable,not_suitable,not_suitable,possible,not_suitable,not_suitable
half_rhubarb,mtbhkr,graspable,200,5,12.4,max_dim=0.048,not_suitable,not_suitable,not_suitable,possible,not_suitable,not_suitable
half_roll_dough,gwnxss,not_ready,0,0,0.0,max_dim=0.199,not_suitable,not_suitable,not_suitable,possible,not_suitable,not_suitable
half_roll_dough,khmxtb,not_ready,0,0,0.0,max_dim=0.200,not_suitable,not_suitable,not_suitable,possible,not_suitable,not_suitable
half_rope,cbwygj,too_large,0,0,0.0,max_dim=1.061,not_suitable,not_suitable,not_suitable,not_suitable,not_suitable,not_suitable
half_rope,jbmqyc,too_large,0,0,0.0,max_dim=1.047,not_suitable,not_suitable,not_suitable,not_suitable,not_suitable,not_suitable
half_rosehip,arilit,graspable,200,5,11.4,max_dim=0.059,not_suitable,not_suitable,not_suitable,possible,not_suitable,not_suitable
half_rosehip,tdkaax,graspable,200,5,9.9,max_dim=0.059,not_suitable,not_suitable,not_suitable,possible,not_suitable,not_suitable
half_rutabaga,afinny,not_ready,0,0,0.0,max_dim=0.113,not_suitable,not_suitable,not_suitable,perfect,not_suitable,not_suitable
half_rutabaga,kvelnh,not_ready,0,0,0.0,max_dim=0.113,not_suitable,not_suitable,not_suitable,perfect,not_suitable,not_suitable
half_salmon,kqssje,graspable,200,5,43.8,max_dim=0.130,not_suitable,not_suitable,not_suitable,perfect,not_suitable,not_suitable
half_salmon,udseko,graspable,200,5,61.3,max_dim=0.134,not_suitable,not_suitable,not_suitable,perfect,not_suitable,not_suitable
half_scone,nruwwp,not_ready,0,0,0.0,max_dim=0.083,not_suitable,not_suitable,not_suitable,perfect,not_suitable,not_suitable
half_scone,vykthm,not_ready,0,0,0.0,max_dim=0.087,not_suitable,not_suitable,not_suitable,perfect,not_suitable,not_suitable
half_shiitake,wkcotv,graspable,200,5,11.0,max_dim=0.050,not_suitable,not_suitable,not_suitable,possible,not_suitable,not_suitable
half_shiitake,zuskah,graspable,200,5,11.4,max_dim=0.050,not_suitable,not_suitable,not_suitable,possible,not_suitable,not_suitable
half_shrimp,fmpevo,graspable,200,5,10.4,max_dim=0.049,not_suitable,not_suitable,not_suitable,possible,not_suitable,not_suitable
half_shrimp,kfhjwb,graspable,200,5,10.1,max_dim=0.068,not_suitable,not_suitable,not_suitable,possible,not_suitable,not_suitable
half_snapper,klxewc,graspable,200,5,78.2,max_dim=0.216,not_suitable,not_suitable,not_suitable,possible,not_suitable,not_suitable
half_snapper,rjsbgp,graspable,200,5,19.1,max_dim=0.247,not_suitable,not_suitable,not_suitable,possible,not_suitable,not_suitable
half_sourdough,flwdle,not_ready,0,0,0.0,max_dim=0.079,not_suitable,not_suitable,not_suitable,perfect,not_suitable,not_suitable
half_sourdough,wgcbuy,not_ready,0,0,0.0,max_dim=0.079,not_suitable,not_suitable,not_suitable,perfect,not_suitable,not_suitable
half_spice_cookie,mtzrxb,not_ready,0,0,0.0,max_dim=0.070,not_suitable,not_suitable,not_suitable,perfect,not_suitable,not_suitable
half_spice_cookie,qrwsjv,not_ready,0,0,0.0,max_dim=0.072,not_suitable,not_suitable,not_suitable,perfect,not_suitable,not_suitable
half_spice_cookie_dough,iajxas,not_ready,0,0,0.0,max_dim=0.199,not_suitable,not_suitable,not_suitable,possible,not_suitable,not_suitable
half_spice_cookie_dough,xzxwml,not_ready,0,0,0.0,max_dim=0.200,not_suitable,not_suitable,not_suitable,possible,not_suitable,not_suitable
half_spinach,gofplq,graspable,200,5,22.6,max_dim=0.039,not_suitable,not_suitable,not_suitable,possible,not_suitable,not_suitable
half_spinach,jmfmwt,graspable,200,5,11.8,max_dim=0.101,not_suitable,not_suitable,not_suitable,possible,not_suitable,not_suitable
half_squid,dvlcfl,graspable,200,5,11.7,max_dim=0.034,not_suitable,not_suitable,not_suitable,possible,not_suitable,not_suitable
half_squid,xasgey,graspable,200,5,10.4,max_dim=0.033,not_suitable,not_suitable,not_suitable,possible,not_suitable,not_suitable
half_steak,rltaoi,graspable,200,5,17.4,max_dim=0.125,not_suitable,not_suitable,not_suitable,perfect,not_suitable,not_suitable
half_steak,zphtsi,graspable,200,5,13.6,max_dim=0.130,not_suitable,not_suitable,not_suitable,perfect,not_suitable,not_suitable
half_strawberry,pgguhi,graspable,200,5,11.4,max_dim=0.028,not_suitable,not_suitable,not_suitable,possible,not_suitable,not_suitable
half_sugar_cookie,hvqdow,not_ready,0,0,0.0,max_dim=0.073,not_suitable,not_suitable,not_suitable,perfect,not_suitable,not_suitable
half_sugar_cookie,jkrbjp,not_ready,0,0,0.0,max_dim=0.073,not_suitable,not_suitable,not_suitable,perfect,not_suitable,not_suitable
half_sugar_cookie_dough,icwbdb,not_ready,0,0,0.0,max_dim=0.200,not_suitable,not_suitable,not_suitable,possible,not_suitable,not_suitable
half_sugar_cookie_dough,ueipcz,not_ready,0,0,0.0,max_dim=0.199,not_suitable,not_suitable,not_suitable,possible,not_suitable,not_suitable
half_sunflower,shnumy,graspable,200,5,10.3,max_dim=0.066,not_suitable,not_suitable,not_suitable,not_suitable,not_suitable,not_suitable
half_sunflower,woubco,graspable,200,5,10.1,max_dim=0.197,not_suitable,not_suitable,not_suitable,not_suitable,not_suitable,not_suitable
half_sushi,kbvcub,graspable,200,5,11.8,max_dim=0.037,not_suitable,not_suitable,not_suitable,possible,not_suitable,not_suitable
half_sushi,yeczqn,graspable,200,5,10.0,max_dim=0.036,not_suitable,not_suitable,not_suitable,possible,not_suitable,not_suitable
half_sweet_corn,qcnfch,graspable,200,5,38.5,max_dim=0.145,not_suitable,not_suitable,not_suitable,perfect,not_suitable,not_suitable
half_sweet_corn,tlrvtd,graspable,200,5,10.8,max_dim=0.118,not_suitable,not_suitable,not_suitable,perfect,not_suitable,not_suitable
half_swiss_cheese,ppnaxx,graspable,200,5,11.8,max_dim=0.066,not_suitable,not_suitable,not_suitable,possible,not_suitable,not_suitable
half_swiss_cheese,siurhp,graspable,200,5,9.9,max_dim=0.099,not_suitable,not_suitable,not_suitable,possible,not_suitable,not_suitable
half_taco,jbawkm,graspable,200,5,11.8,max_dim=0.084,not_suitable,not_suitable,not_suitable,perfect,not_suitable,not_suitable
half_taco,wrowli,graspable,200,5,10.6,max_dim=0.083,not_suitable,not_suitable,not_suitable,perfect,not_suitable,not_suitable
half_tenderloin,hsxfzx,not_ready,0,0,0.0,max_dim=0.100,not_suitable,not_suitable,not_suitable,possible,not_suitable,not_suitable
half_tenderloin,zlimsu,not_ready,0,0,0.0,max_dim=0.103,not_suitable,not_suitable,not_suitable,possible,not_suitable,not_suitable
half_tiramisu,dnypnm,graspable,200,5,13.6,max_dim=0.069,not_suitable,not_suitable,not_suitable,perfect,not_suitable,not_suitable
half_tiramisu,ftdroi,graspable,200,5,10.1,max_dim=0.069,not_suitable,not_suitable,not_suitable,perfect,not_suitable,not_suitable
half_toast,gjpbgv,not_ready,0,0,0.0,max_dim=0.089,not_suitable,not_suitable,not_suitable,perfect,not_suitable,not_suitable
half_toast,xvqnvl,not_ready,0,0,0.0,max_dim=0.092,not_suitable,not_suitable,not_suitable,perfect,not_suitable,not_suitable
half_tofu,ecmwbe,graspable,200,5,11.0,max_dim=0.028,not_suitable,not_suitable,not_suitable,possible,not_suitable,not_suitable
half_tofu,oukbgb,graspable,200,5,10.1,max_dim=0.028,not_suitable,not_suitable,not_suitable,possible,not_suitable,not_suitable
half_tortilla,ifxldf,not_ready,0,0,0.0,max_dim=0.237,not_suitable,not_suitable,not_suitable,perfect,not_suitable,not_suitable
half_tortilla,keraqb,not_ready,0,0,0.0,max_dim=0.237,not_suitable,not_suitable,not_suitable,perfect,not_suitable,not_suitable
half_tortilla_chip,plnyld,graspable,200,5,10.1,max_dim=0.078,not_suitable,not_suitable,not_suitable,possible,not_suitable,not_suitable
half_tortilla_chip,sbleta,graspable,200,5,9.5,max_dim=0.074,not_suitable,not_suitable,not_suitable,possible,not_suitable,not_suitable
half_trout,flyifh,graspable,200,5,13.7,max_dim=0.095,not_suitable,not_suitable,not_suitable,possible,not_suitable,not_suitable
half_trout,tyucmc,graspable,200,5,28.1,max_dim=0.130,not_suitable,not_suitable,not_suitable,possible,not_suitable,not_suitable
half_tuna,ntvqrf,graspable,200,5,93.2,max_dim=0.481,not_suitable,not_suitable,not_suitable,possible,not_suitable,not_suitable
half_tuna,vnzgtg,graspable,200,5,114.2,max_dim=0.409,not_suitable,not_suitable,not_suitable,possible,not_suitable,not_suitable
half_turkey,hbzolq,not_ready,0,0,0.0,max_dim=0.335,not_suitable,not_suitable,not_suitable,possible,not_suitable,not_suitable
half_turkey,xuxpbr,not_ready,0,0,0.0,max_dim=0.335,not_suitable,not_suitable,not_suitable,possible,not_suitable,not_suitable
half_turkey_leg,kweybb,graspable,200,5,11.6,max_dim=0.079,not_suitable,not_suitable,not_suitable,possible,not_suitable,not_suitable
half_turkey_leg,ymxpia,graspable,200,5,12.8,max_dim=0.083,not_suitable,not_suitable,not_suitable,possible,not_suitable,not_suitable
half_vanilla_flower,udzkpp,graspable,200,5,11.2,max_dim=0.032,not_suitable,not_suitable,not_suitable,not_suitable,not_suitable,not_suitable
half_vanilla_flower,zdpxwq,graspable,200,5,10.9,max_dim=0.033,not_suitable,not_suitable,not_suitable,not_suitable,not_suitable,not_suitable
half_veal,gopovb,graspable,200,5,12.3,max_dim=0.143,not_suitable,not_suitable,not_suitable,possible,not_suitable,not_suitable
half_veal,pznmyp,graspable,200,5,22.8,max_dim=0.139,not_suitable,not_suitable,not_suitable,possible,not_suitable,not_suitable
half_venison,ixnagn,not_ready,0,0,0.0,max_dim=0.087,not_suitable,not_suitable,not_suitable,possible,not_suitable,not_suitable
half_venison,mszwzw,not_ready,0,0,0.0,max_dim=0.097,not_suitable,not_suitable,not_suitable,possible,not_suitable,not_suitable
half_vidalia_onion,tnmqrt,graspable,200,5,10.1,max_dim=0.097,not_suitable,not_suitable,not_suitable,perfect,not_suitable,not_suitable
half_vidalia_onion,yxwjgn,graspable,200,5,10.2,max_dim=0.102,not_suitable,not_suitable,not_suitable,perfect,not_suitable,not_suitable
half_virginia_ham,inelbk,graspable,200,5,9.1,max_dim=0.270,not_suitable,not_suitable,not_suitable,perfect,not_suitable,not_suitable
half_virginia_ham,znrkjg,graspable,200,5,15.5,max_dim=0.284,not_suitable,not_suitable,not_suitable,perfect,not_suitable,not_suitable
half_waffle,vpimsk,graspable,200,5,25.6,max_dim=0.283,not_suitable,not_suitable,not_suitable,perfect,not_suitable,not_suitable
half_waffle,vufawe,graspable,200,5,32.0,max_dim=0.283,not_suitable,not_suitable,not_suitable,perfect,not_suitable,not_suitable
half_walnut,bpdkdn,graspable,200,5,9.9,max_dim=0.048,not_suitable,not_suitable,not_suitable,possible,not_suitable,not_suitable
half_walnut,dulddb,graspable,200,5,10.0,max_dim=0.050,not_suitable,not_suitable,not_suitable,possible,not_suitable,not_suitable
half_watermelon,diflgd,no_grasp,200,0,102.4,max_dim=0.360,not_suitable,not_suitable,not_suitable,perfect,not_suitable,not_suitable
half_white_turnip,cqztci,graspable,200,5,10.4,max_dim=0.034,not_suitable,not_suitable,not_suitable,perfect,not_suitable,not_suitable
half_white_turnip,guvvjb,graspable,200,5,12.1,max_dim=0.016,not_suitable,not_suitable,not_suitable,perfect,not_suitable,not_suitable
half_wrapping_paper,mntitw,graspable,200,5,40.7,max_dim=0.238,not_suitable,possible,not_suitable,not_suitable,not_suitable,not_suitable
half_wrapping_paper,pjcxni,graspable,200,5,14.3,max_dim=0.238,not_suitable,possible,not_suitable,not_suitable,not_suitable,not_suitable
half_zucchini,career,graspable,200,5,12.0,max_dim=0.116,not_suitable,not_suitable,not_suitable,perfect,not_suitable,not_suitable
half_zucchini,tncuen,not_ready,0,0,0.0,max_dim=0.096,not_suitable,not_suitable,not_suitable,perfect,not_suitable,not_suitable
half_zucchini,uzezze,graspable,200,5,13.2,max_dim=0.118,not_suitable,not_suitable,not_suitable,perfect,not_suitable,not_suitable
hall_tree,daxzaw,too_large,0,0,0.0,max_dim=2.373,not_suitable,not_suitable,not_suitable,not_suitable,not_suitable,not_suitable
hall_tree,gypwkr,too_large,0,0,0.0,max_dim=1.077,not_suitable,not_suitable,not_suitable,not_suitable,not_suitable,not_suitable
hall_tree,upkvgr,too_large,0,0,0.0,max_dim=5.371,not_suitable,not_suitable,not_suitable,not_suitable,not_suitable,not_suitable
ham_hock,pjcwba,graspable,200,5,26.1,max_dim=0.182,not_suitable,not_suitable,not_suitable,perfect,not_suitable,not_suitable
hamburger,fyswch,graspable,200,5,9.7,max_dim=0.108,not_suitable,not_suitable,not_suitable,perfect,possible,not_suitable
hamburger_bun,fqxumh,graspable,200,5,10.9,max_dim=0.087,not_suitable,not_suitable,not_suitable,perfect,not_suitable,not_suitable
hamburger_bun,jeygaq,graspable,200,5,12.1,max_dim=0.090,not_suitable,not_suitable,not_suitable,perfect,not_suitable,not_suitable
hammam_bench,wxpwzd,too_large,0,0,0.0,max_dim=6.220,not_suitable,not_suitable,not_suitable,not_suitable,not_suitable,not_suitable
hammer,bbzlel,graspable,200,5,28.8,max_dim=0.341,not_suitable,not_suitable,not_suitable,not_suitable,possible,not_suitable
hammer,fcrlbo,graspable,200,5,30.1,max_dim=0.231,not_suitable,not_suitable,not_suitable,not_suitable,possible,not_suitable
hammock,aiftuk,too_large,0,0,0.0,max_dim=3.749,not_suitable,not_suitable,not_suitable,not_suitable,not_suitable,not_suitable
hammock,fglfga,too_large,0,0,0.0,max_dim=2.565,not_suitable,not_suitable,not_suitable,not_suitable,not_suitable,not_suitable
hammock,klhkgd,too_large,0,0,0.0,max_dim=2.564,not_suitable,not_suitable,not_suitable,not_suitable,not_suitable,not_suitable
hammock,lqweda,too_large,0,0,0.0,max_dim=2.565,not_suitable,not_suitable,not_suitable,not_suitable,not_suitable,not_suitable
hammock,qewdqa,too_large,0,0,0.0,max_dim=2.565,not_suitable,not_suitable,not_suitable,not_suitable,not_suitable,not_suitable
hammock,sullco,too_large,0,0,0.0,max_dim=4.177,not_suitable,not_suitable,not_suitable,not_suitable,not_suitable,not_suitable
hamper,clziqw,too_large,0,0,0.0,max_dim=0.510,not_suitable,not_suitable,not_suitable,not_suitable,not_suitable,not_suitable
hamper,djrdum,graspable,200,5,38.0,max_dim=0.288,not_suitable,not_suitable,not_suitable,not_suitable,not_suitable,not_suitable
hamper,drgdfh,too_large,0,0,0.0,max_dim=0.540,not_suitable,not_suitable,not_suitable,not_suitable,not_suitable,not_suitable
hamper,fkghop,not_ready,0,0,0.0,max_dim=0.223,not_suitable,not_suitable,not_suitable,not_suitable,not_suitable,not_suitable
hamper,hlgjme,graspable,200,3,106.8,max_dim=0.417,not_suitable,not_suitable,not_suitable,not_suitable,not_suitable,not_suitable
hamper,iofciz,too_large,0,0,0.0,max_dim=0.503,not_suitable,not_suitable,not_suitable,not_suitable,not_suitable,not_suitable
hamper,mkxkwm,not_ready,0,0,0.0,max_dim=0.435,not_suitable,not_suitable,not_suitable,not_suitable,not_suitable,not_suitable
hamper,otswdv,not_ready,0,0,0.0,max_dim=0.175,not_suitable,not_suitable,not_suitable,not_suitable,not_suitable,not_suitable
hamper,pcyjbu,no_grasp,0,0,0.8,max_dim=0.481,not_suitable,not_suitable,not_suitable,not_suitable,not_suitable,not_suitable
hamper,pdzaca,too_large,0,0,0.0,max_dim=0.513,not_suitable,not_suitable,not_suitable,not_suitable,not_suitable,not_suitable
hamper,pgwdlg,too_large,0,0,0.0,max_dim=0.658,not_suitable,not_suitable,not_suitable,not_suitable,not_suitable,not_suitable
hamper,pqzyxx,graspable,200,3,140.9,max_dim=0.419,not_suitable,not_suitable,not_suitable,not_suitable,not_suitable,not_suitable
hamper,qhdikw,graspable,200,5,12.5,max_dim=0.155,not_suitable,not_suitable,not_suitable,not_suitable,not_suitable,not_suitable
hamper,sijioo,graspable,200,5,54.0,max_dim=0.305,not_suitable,not_suitable,not_suitable,not_suitable,not_suitable,not_suitable
hamper,ssfvij,no_grasp,200,0,118.3,max_dim=0.323,not_suitable,not_suitable,not_suitable,not_suitable,not_suitable,not_suitable
hamper,stibna,not_ready,0,0,0.0,max_dim=0.306,not_suitable,not_suitable,not_suitable,not_suitable,not_suitable,not_suitable
hamper,wdsnjy,too_large,0,0,0.0,max_dim=0.584,not_suitable,not_suitable,not_suitable,not_suitable,not_suitable,not_suitable
hamper,wqxrbf,too_large,0,0,0.0,max_dim=0.572,not_suitable,not_suitable,not_suitable,not_suitable,not_suitable,not_suitable
hamper,xhdtjn,graspable,200,3,70.7,max_dim=0.436,not_suitable,not_suitable,not_suitable,not_suitable,not_suitable,not_suitable
hamper,xjftlf,no_grasp,0,0,1.7,max_dim=0.475,not_suitable,not_suitable,not_suitable,not_suitable,not_suitable,not_suitable
hamster_wheel,atgpbe,graspable,200,5,110.1,max_dim=0.454,not_suitable,not_suitable,not_suitable,not_suitable,not_suitable,not_suitable
hand_dryer,cdyffs,no_grasp,200,0,115.3,max_dim=0.291,not_suitable,not_suitable,not_suitable,not_suitable,not_suitable,not_suitable
hand_dryer,jblykn,graspable,200,5,97.2,max_dim=0.303,not_suitable,not_suitable,not_suitable,not_suitable,not_suitable,not_suitable
hand_dryer,jjolwn,no_grasp,200,0,96.7,max_dim=0.415,not_suitable,not_suitable,not_suitable,not_suitable,not_suitable,not_suitable
hand_towel,klevhj,not_ready,0,0,0.0,max_dim=0.279,not_suitable,perfect,not_suitable,not_suitable,possible,not_suitable
handle,apdvez,too_large,0,0,0.0,max_dim=0.623,not_suitable,not_suitable,not_suitable,not_suitable,not_suitable,not_suitable
handset,ilmhxf,not_ready,0,0,0.0,max_dim=0.469,possible,not_suitable,not_suitable,not_suitable,possible,not_suitable
hanger,agrpio,graspable,200,5,18.2,max_dim=0.426,not_suitable,not_suitable,not_suitable,not_suitable,not_suitable,not_suitable
hanger,anobre,graspable,200,5,48.1,max_dim=0.436,not_suitable,not_suitable,not_suitable,not_suitable,not_suitable,not_suitable
hanger,ffecvd,graspable,200,5,63.1,max_dim=0.441,not_suitable,not_suitable,not_suitable,not_suitable,not_suitable,not_suitable
hanger,lymqks,graspable,200,5,25.6,max_dim=0.471,not_suitable,not_suitable,not_suitable,not_suitable,not_suitable,not_suitable
hanger,nadesv,graspable,200,5,22.1,max_dim=0.435,not_suitable,not_suitable,not_suitable,not_suitable,not_suitable,not_suitable
hanger,nagryh,graspable,200,5,40.4,max_dim=0.437,not_suitable,not_suitable,not_suitable,not_suitable,not_suitable,not_suitable
hanger,sfdekb,not_ready,0,0,0.0,max_dim=0.328,not_suitable,not_suitable,not_suitable,not_suitable,not_suitable,not_suitable
hanging,hpbdid,too_large,0,0,0.0,max_dim=2.967,not_suitable,not_suitable,not_suitable,not_suitable,not_suitable,not_suitable
hanging_banners,ajcjzr,too_large,0,0,0.0,max_dim=2.677,not_suitable,not_suitable,not_suitable,not_suitable,not_suitable,not_suitable
hanging_banners,bpjqwj,too_large,0,0,0.0,max_dim=2.669,not_suitable,not_suitable,not_suitable,not_suitable,not_suitable,not_suitable
hanging_banners,szdonp,too_large,0,0,0.0,max_dim=2.694,not_suitable,not_suitable,not_suitable,not_suitable,not_suitable,not_suitable
hanging_banners,vfknnl,too_large,0,0,0.0,max_dim=2.443,not_suitable,not_suitable,not_suitable,not_suitable,not_suitable,not_suitable
hanging_basket,mawcog,too_large,0,0,0.0,max_dim=0.649,not_suitable,not_suitable,not_suitable,not_suitable,not_suitable,possible
hanging_basket,ndohjv,too_large,0,0,0.0,max_dim=0.640,not_suitable,not_suitable,not_suitable,not_suitable,not_suitable,possible
hanging_basket,ojbzln,too_large,0,0,0.0,max_dim=0.609,not_suitable,not_suitable,not_suitable,not_suitable,not_suitable,possible
hanging_plant,bedomm,too_large,0,0,0.0,max_dim=0.848,not_suitable,not_suitable,not_suitable,not_suitable,not_suitable,not_suitable
hanging_plant,ipimgx,too_large,0,0,0.0,max_dim=0.974,not_suitable,not_suitable,not_suitable,not_suitable,not_suitable,not_suitable
hanging_plant,msdqfz,too_large,0,0,0.0,max_dim=0.645,not_suitable,not_suitable,not_suitable,not_suitable,not_suitable,not_suitable
hanging_plant,olcdif,no_grasp,200,0,96.0,max_dim=0.469,not_suitable,not_suitable,not_suitable,not_suitable,not_suitable,not_suitable
hanging_plant,pasict,no_grasp,200,0,90.1,max_dim=0.476,not_suitable,not_suitable,not_suitable,not_suitable,not_suitable,not_suitable
hanging_plant,xfecjy,too_large,0,0,0.0,max_dim=0.950,not_suitable,not_suitable,not_suitable,not_suitable,not_suitable,not_suitable
hanging_plant,zlgfak,too_large,0,0,0.0,max_dim=1.514,not_suitable,not_suitable,not_suitable,not_suitable,not_suitable,not_suitable
hard_boiled_egg,xzucin,graspable,200,5,13.1,max_dim=0.058,not_suitable,not_suitable,not_suitable,perfect,possible,not_suitable
hard_candy,ojznyf,graspable,200,5,12.9,max_dim=0.055,not_suitable,not_suitable,not_suitable,possible,not_suitable,not_suitable
hard_candy,qptjgv,graspable,200,5,10.5,max_dim=0.055,not_suitable,not_suitable,not_suitable,possible,not_suitable,not_suitable
hard_candy,vwegtt,graspable,200,5,10.7,max_dim=0.055,not_suitable,not_suitable,not_suitable,possible,not_suitable,not_suitable
hard_candy,vyxhmv,graspable,200,5,11.0,max_dim=0.055,not_suitable,not_suitable,not_suitable,possible,not_suitable,not_suitable
hard_candy,yuatcg,graspable,200,5,11.5,max_dim=0.055,not_suitable,not_suitable,not_suitable,possible,not_suitable,not_suitable
hard_drive,ijibkm,graspable,200,5,22.7,max_dim=0.117,not_suitable,not_suitable,not_suitable,not_suitable,possible,not_suitable
hard_drive,ubjbsm,graspable,200,5,24.5,max_dim=0.117,not_suitable,not_suitable,not_suitable,not_suitable,possible,not_suitable
hardback,acaxtl,graspable,200,5,28.5,max_dim=0.196,not_suitable,possible,not_suitable,not_suitable,possible,not_suitable
hardback,acbrnv,graspable,200,5,27.7,max_dim=0.223,not_suitable,possible,not_suitable,not_suitable,possible,not_suitable
hardback,aceozs,graspable,200,5,33.7,max_dim=0.198,not_suitable,possible,not_suitable,not_suitable,possible,not_suitable
hardback,acskbo,graspable,200,5,36.6,max_dim=0.237,not_suitable,possible,not_suitable,not_suitable,possible,not_suitable
hardback,aesiym,graspable,200,5,19.7,max_dim=0.243,not_suitable,possible,not_suitable,not_suitable,possible,not_suitable
hardback,aewljo,graspable,200,5,81.1,max_dim=0.366,not_suitable,possible,not_suitable,not_suitable,possible,not_suitable
hardback,agbqsy,graspable,200,5,23.4,max_dim=0.213,not_suitable,possible,not_suitable,not_suitable,possible,not_suitable
hardback,ajpulw,graspable,200,5,28.7,max_dim=0.259,not_suitable,possible,not_suitable,not_suitable,possible,not_suitable
hardback,atxzzy,graspable,200,5,26.5,max_dim=0.151,not_suitable,possible,not_suitable,not_suitable,possible,not_suitable
hardback,axvnml,graspable,200,5,28.2,max_dim=0.269,not_suitable,possible,not_suitable,not_suitable,possible,not_suitable
hardback,bcmzwo,graspable,200,4,108.3,max_dim=0.294,not_suitable,possible,not_suitable,not_suitable,possible,not_suitable
hardback,bgtbdp,graspable,200,5,28.0,max_dim=0.309,not_suitable,possible,not_suitable,not_suitable,possible,not_suitable
hardback,bklqfz,graspable,200,5,22.5,max_dim=0.226,not_suitable,possible,not_suitable,not_suitable,possible,not_suitable
hardback,bobmzf,graspable,200,2,102.6,max_dim=0.365,not_suitable,possible,not_suitable,not_suitable,possible,not_suitable
hardback,bpgluc,graspable,200,5,28.9,max_dim=0.219,not_suitable,possible,not_suitable,not_suitable,possible,not_suitable
hardback,bqvvvx,graspable,200,5,29.1,max_dim=0.232,not_suitable,possible,not_suitable,not_suitable,possible,not_suitable
hardback,bqwpvd,graspable,200,5,62.4,max_dim=0.212,not_suitable,possible,not_suitable,not_suitable,possible,not_suitable
hardback,bvqdte,graspable,200,5,29.5,max_dim=0.264,not_suitable,possible,not_suitable,not_suitable,possible,not_suitable
hardback,byaghj,graspable,200,5,27.3,max_dim=0.286,not_suitable,possible,not_suitable,not_suitable,possible,not_suitable
hardback,caclbu,graspable,200,5,24.7,max_dim=0.223,not_suitable,possible,not_suitable,not_suitable,possible,not_suitable
hardback,catcrp,graspable,200,5,18.5,max_dim=0.224,not_suitable,possible,not_suitable,not_suitable,possible,not_suitable
hardback,ccollh,graspable,200,5,24.6,max_dim=0.217,not_suitable,possible,not_suitable,not_suitable,possible,not_suitable
hardback,chumjg,graspable,200,5,21.5,max_dim=0.264,not_suitable,possible,not_suitable,not_suitable,possible,not_suitable
hardback,crlzzv,graspable,200,5,50.6,max_dim=0.295,not_suitable,possible,not_suitable,not_suitable,possible,not_suitable
hardback,csgebz,graspable,200,5,28.9,max_dim=0.154,not_suitable,possible,not_suitable,not_suitable,possible,not_suitable
hardback,csjnvj,graspable,200,5,26.8,max_dim=0.250,not_suitable,possible,not_suitable,not_suitable,possible,not_suitable
hardback,cvotie,graspable,200,5,49.2,max_dim=0.367,not_suitable,possible,not_suitable,not_suitable,possible,not_suitable
hardback,cwkwqk,graspable,200,5,16.1,max_dim=0.284,not_suitable,possible,not_suitable,not_suitable,possible,not_suitable
hardback,dbmzmo,graspable,200,5,29.6,max_dim=0.319,not_suitable,possible,not_suitable,not_suitable,possible,not_suitable
hardback,deroar,graspable,200,5,16.8,max_dim=0.235,not_suitable,possible,not_suitable,not_suitable,possible,not_suitable
hardback,dichmv,graspable,200,5,33.0,max_dim=0.171,not_suitable,possible,not_suitable,not_suitable,possible,not_suitable
hardback,dkspkn,graspable,200,5,17.8,max_dim=0.254,not_suitable,possible,not_suitable,not_suitable,possible,not_suitable
hardback,dmqfqx,graspable,200,5,27.3,max_dim=0.192,not_suitable,possible,not_suitable,not_suitable,possible,not_suitable
hardback,dwozht,graspable,200,5,34.5,max_dim=0.202,not_suitable,possible,not_suitable,not_suitable,possible,not_suitable
hardback,dyqykd,graspable,200,5,33.8,max_dim=0.227,not_suitable,possible,not_suitable,not_suitable,possible,not_suitable
hardback,dystbu,graspable,200,5,32.1,max_dim=0.248,not_suitable,possible,not_suitable,not_suitable,possible,not_suitable
hardback,eaktib,graspable,200,5,50.7,max_dim=0.265,not_suitable,possible,not_suitable,not_suitable,possible,not_suitable
hardback,eegpmu,graspable,200,5,22.7,max_dim=0.235,not_suitable,possible,not_suitable,not_suitable,possible,not_suitable
hardback,egvwya,graspable,200,5,29.2,max_dim=0.153,not_suitable,possible,not_suitable,not_suitable,possible,not_suitable
hardback,ekefru,graspable,200,5,35.8,max_dim=0.251,not_suitable,possible,not_suitable,not_suitable,possible,not_suitable
hardback,emqjpl,graspable,200,5,13.5,max_dim=0.192,not_suitable,possible,not_suitable,not_suitable,possible,not_suitable
hardback,eqeruw,graspable,200,5,19.3,max_dim=0.219,not_suitable,possible,not_suitable,not_suitable,possible,not_suitable
hardback,eqhjud,graspable,200,5,47.8,max_dim=0.300,not_suitable,possible,not_suitable,not_suitable,possible,not_suitable
hardback,esxakn,graspable,200,5,26.6,max_dim=0.215,not_suitable,possible,not_suitable,not_suitable,possible,not_suitable
hardback,etodez,graspable,200,5,34.3,max_dim=0.246,not_suitable,possible,not_suitable,not_suitable,possible,not_suitable
hardback,ewjgzf,graspable,200,5,31.7,max_dim=0.229,not_suitable,possible,not_suitable,not_suitable,possible,not_suitable
hardback,ewktjc,graspable,200,5,21.1,max_dim=0.139,not_suitable,possible,not_suitable,not_suitable,possible,not_suitable
hardback,eycrsb,graspable,200,5,20.7,max_dim=0.218,not_suitable,possible,not_suitable,not_suitable,possible,not_suitable
hardback,fdpfan,graspable,200,5,32.3,max_dim=0.219,not_suitable,possible,not_suitable,not_suitable,possible,not_suitable
hardback,fgyzry,graspable,200,5,28.0,max_dim=0.367,not_suitable,possible,not_suitable,not_suitable,possible,not_suitable
hardback,fhwnhz,not_ready,0,0,0.0,max_dim=0.358,not_suitable,possible,not_suitable,not_suitable,possible,not_suitable
hardback,fnruqu,graspable,200,5,13.7,max_dim=0.195,not_suitable,possible,not_suitable,not_suitable,possible,not_suitable
hardback,fqnrwx,graspable,200,5,26.8,max_dim=0.230,not_suitable,possible,not_suitable,not_suitable,possible,not_suitable
hardback,frymkm,graspable,200,5,60.1,max_dim=0.367,not_suitable,possible,not_suitable,not_suitable,possible,not_suitable
hardback,gacoxw,graspable,200,5,60.8,max_dim=0.271,not_suitable,possible,not_suitable,not_suitable,possible,not_suitable
hardback,gcytxe,graspable,200,2,105.6,max_dim=0.395,not_suitable,possible,not_suitable,not_suitable,possible,not_suitable
hardback,gdaauh,graspable,200,5,31.1,max_dim=0.277,not_suitable,possible,not_suitable,not_suitable,possible,not_suitable
hardback,gevalg,graspable,200,3,92.4,max_dim=0.366,not_suitable,possible,not_suitable,not_suitable,possible,not_suitable
hardback,ggfkba,graspable,200,5,24.3,max_dim=0.241,not_suitable,possible,not_suitable,not_suitable,possible,not_suitable
hardback,gophxm,graspable,200,5,17.9,max_dim=0.306,not_suitable,possible,not_suitable,not_suitable,possible,not_suitable
hardback,gpefzh,graspable,200,5,28.3,max_dim=0.153,not_suitable,possible,not_suitable,not_suitable,possible,not_suitable
hardback,grxiqn,graspable,200,5,28.3,max_dim=0.208,not_suitable,possible,not_suitable,not_suitable,possible,not_suitable
hardback,grxvdw,graspable,200,5,23.3,max_dim=0.235,not_suitable,possible,not_suitable,not_suitable,possible,not_suitable
hardback,gyfnow,graspable,200,5,34.6,max_dim=0.189,not_suitable,possible,not_suitable,not_suitable,possible,not_suitable
hardback,gyixdh,graspable,200,5,25.1,max_dim=0.218,not_suitable,possible,not_suitable,not_suitable,possible,not_suitable
hardback,gyjbgp,graspable,200,5,29.9,max_dim=0.209,not_suitable,possible,not_suitable,not_suitable,possible,not_suitable
hardback,gyshpg,graspable,200,5,21.1,max_dim=0.226,not_suitable,possible,not_suitable,not_suitable,possible,not_suitable
hardback,gznwgd,graspable,200,1,89.3,max_dim=0.346,not_suitable,possible,not_suitable,not_suitable,possible,not_suitable
hardback,hbszjg,graspable,200,5,33.8,max_dim=0.210,not_suitable,possible,not_suitable,not_suitable,possible,not_suitable
hardback,hccdxo,graspable,200,5,35.8,max_dim=0.236,not_suitable,possible,not_suitable,not_suitable,possible,not_suitable
hardback,hcwuuq,graspable,200,5,20.9,max_dim=0.249,not_suitable,possible,not_suitable,not_suitable,possible,not_suitable
hardback,hdczhd,graspable,200,5,34.1,max_dim=0.233,not_suitable,possible,not_suitable,not_suitable,possible,not_suitable
hardback,hhbfwv,graspable,200,5,27.1,max_dim=0.232,not_suitable,possible,not_suitable,not_suitable,possible,not_suitable
hardback,hitufw,graspable,200,5,33.0,max_dim=0.216,not_suitable,possible,not_suitable,not_suitable,possible,not_suitable
hardback,hrxujh,graspable,200,5,42.5,max_dim=0.182,not_suitable,possible,not_suitable,not_suitable,possible,not_suitable
hardback,hvllsq,graspable,200,5,31.4,max_dim=0.292,not_suitable,possible,not_suitable,not_suitable,possible,not_suitable
hardback,hwhsfu,graspable,200,5,20.0,max_dim=0.214,not_suitable,possible,not_suitable,not_suitable,possible,not_suitable
hardback,hxjtci,graspable,200,5,33.8,max_dim=0.280,not_suitable,possible,not_suitable,not_suitable,possible,not_suitable
hardback,ihstiw,graspable,200,5,23.6,max_dim=0.261,not_suitable,possible,not_suitable,not_suitable,possible,not_suitable
hardback,iklrpf,graspable,200,5,15.8,max_dim=0.272,not_suitable,possible,not_suitable,not_suitable,possible,not_suitable
hardback,ildqmz,graspable,200,5,18.9,max_dim=0.243,not_suitable,possible,not_suitable,not_suitable,possible,not_suitable
hardback,iobfrl,graspable,200,5,34.8,max_dim=0.268,not_suitable,possible,not_suitable,not_suitable,possible,not_suitable
hardback,ipkwys,graspable,200,5,29.8,max_dim=0.141,not_suitable,possible,not_suitable,not_suitable,possible,not_suitable
hardback,iqervp,graspable,200,5,27.8,max_dim=0.189,not_suitable,possible,not_suitable,not_suitable,possible,not_suitable
hardback,isjnmo,graspable,200,5,29.8,max_dim=0.271,not_suitable,possible,not_suitable,not_suitable,possible,not_suitable
hardback,isznan,graspable,200,5,27.6,max_dim=0.216,not_suitable,possible,not_suitable,not_suitable,possible,not_suitable
hardback,itjgnt,graspable,200,4,98.9,max_dim=0.395,not_suitable,possible,not_suitable,not_suitable,possible,not_suitable
hardback,itskbu,graspable,200,1,88.9,max_dim=0.388,not_suitable,possible,not_suitable,not_suitable,possible,not_suitable
hardback,jaifmc,graspable,200,2,99.5,max_dim=0.395,not_suitable,possible,not_suitable,not_suitable,possible,not_suitable
hardback,jcsevf,graspable,200,3,89.2,max_dim=0.395,not_suitable,possible,not_suitable,not_suitable,possible,not_suitable
hardback,jemhbb,graspable,200,5,31.4,max_dim=0.209,not_suitable,possible,not_suitable,not_suitable,possible,not_suitable
hardback,jeqtsl,graspable,200,5,37.7,max_dim=0.147,not_suitable,possible,not_suitable,not_suitable,possible,not_suitable
hardback,jfnwwu,graspable,200,5,14.7,max_dim=0.221,not_suitable,possible,not_suitable,not_suitable,possible,not_suitable
hardback,jikaee,graspable,200,5,45.7,max_dim=0.215,not_suitable,possible,not_suitable,not_suitable,possible,not_suitable
hardback,jpgboz,graspable,200,3,99.4,max_dim=0.358,not_suitable,possible,not_suitable,not_suitable,possible,not_suitable
hardback,jqddwn,graspable,200,5,20.7,max_dim=0.233,not_suitable,possible,not_suitable,not_suitable,possible,not_suitable
hardback,jsbpva,graspable,200,5,39.1,max_dim=0.309,not_suitable,possible,not_suitable,not_suitable,possible,not_suitable
hardback,jupphn,graspable,200,5,22.8,max_dim=0.309,not_suitable,possible,not_suitable,not_suitable,possible,not_suitable
hardback,jvgryr,no_grasp,200,0,109.0,max_dim=0.370,not_suitable,possible,not_suitable,not_suitable,possible,not_suitable
hardback,jyxmam,graspable,200,5,28.2,max_dim=0.256,not_suitable,possible,not_suitable,not_suitable,possible,not_suitable
hardback,keailc,graspable,200,5,80.4,max_dim=0.369,not_suitable,possible,not_suitable,not_suitable,possible,not_suitable
hardback,kerenw,graspable,200,5,17.1,max_dim=0.218,not_suitable,possible,not_suitable,not_suitable,possible,not_suitable
hardback,klpwul,graspable,200,5,37.4,max_dim=0.171,not_suitable,possible,not_suitable,not_suitable,possible,not_suitable
hardback,knmcwa,graspable,200,5,27.6,max_dim=0.207,not_suitable,possible,not_suitable,not_suitable,possible,not_suitable
hardback,kpoyem,graspable,200,5,17.9,max_dim=0.216,not_suitable,possible,not_suitable,not_suitable,possible,not_suitable
hardback,ktlyoa,graspable,200,5,19.2,max_dim=0.268,not_suitable,possible,not_suitable,not_suitable,possible,not_suitable
hardback,kvaorj,graspable,200,5,91.3,max_dim=0.315,not_suitable,possible,not_suitable,not_suitable,possible,not_suitable
hardback,kwkwiq,graspable,200,5,36.5,max_dim=0.271,not_suitable,possible,not_suitable,not_suitable,possible,not_suitable
hardback,kyyluq,graspable,200,5,23.8,max_dim=0.225,not_suitable,possible,not_suitable,not_suitable,possible,not_suitable
hardback,kzdjtz,graspable,200,5,36.2,max_dim=0.133,not_suitable,possible,not_suitable,not_suitable,possible,not_suitable
hardback,lbjkhk,graspable,200,5,10.3,max_dim=0.285,not_suitable,possible,not_suitable,not_suitable,possible,not_suitable
hardback,lebhqw,graspable,200,5,21.2,max_dim=0.219,not_suitable,possible,not_suitable,not_suitable,possible,not_suitable
hardback,lekmfy,graspable,200,5,25.1,max_dim=0.191,not_suitable,possible,not_suitable,not_suitable,possible,not_suitable
hardback,lfbzdu,graspable,200,5,25.1,max_dim=0.267,not_suitable,possible,not_suitable,not_suitable,possible,not_suitable
hardback,lffzty,graspable,200,5,39.8,max_dim=0.187,not_suitable,possible,not_suitable,not_suitable,possible,not_suitable
hardback,lixbdf,graspable,200,5,26.5,max_dim=0.262,not_suitable,possible,not_suitable,not_suitable,possible,not_suitable
hardback,ljuqil,graspable,200,5,29.4,max_dim=0.216,not_suitable,possible,not_suitable,not_suitable,possible,not_suitable
hardback,lktpjp,graspable,200,5,23.2,max_dim=0.228,not_suitable,possible,not_suitable,not_suitable,possible,not_suitable
hardback,lmxzhj,graspable,200,5,17.8,max_dim=0.305,not_suitable,possible,not_suitable,not_suitable,possible,not_suitable
hardback,loazgc,graspable,200,5,26.2,max_dim=0.287,not_suitable,possible,not_suitable,not_suitable,possible,not_suitable
hardback,lpnxqn,graspable,200,5,72.5,max_dim=0.396,not_suitable,possible,not_suitable,not_suitable,possible,not_suitable
hardback,lqdzfa,graspable,200,5,36.1,max_dim=0.253,not_suitable,possible,not_suitable,not_suitable,possible,not_suitable
hardback,ltfqpb,graspable,200,5,24.2,max_dim=0.212,not_suitable,possible,not_suitable,not_suitable,possible,not_suitable
hardback,lxbcpf,graspable,200,5,46.7,max_dim=0.349,not_suitable,possible,not_suitable,not_suitable,possible,not_suitable
hardback,lzdite,graspable,200,5,15.8,max_dim=0.245,not_suitable,possible,not_suitable,not_suitable,possible,not_suitable
hardback,mekfxk,graspable,200,5,35.2,max_dim=0.221,not_suitable,possible,not_suitable,not_suitable,possible,not_suitable
hardback,mijfhq,graspable,200,5,22.0,max_dim=0.253,not_suitable,possible,not_suitable,not_suitable,possible,not_suitable
hardback,mkfrad,graspable,200,5,25.4,max_dim=0.260,not_suitable,possible,not_suitable,not_suitable,possible,not_suitable
hardback,mkxbhk,not_ready,0,0,0.0,max_dim=0.206,not_suitable,possible,not_suitable,not_suitable,possible,not_suitable
hardback,mlxtxh,graspable,200,5,30.6,max_dim=0.259,not_suitable,possible,not_suitable,not_suitable,possible,not_suitable
hardback,mmscwm,graspable,200,5,20.3,max_dim=0.247,not_suitable,possible,not_suitable,not_suitable,possible,not_suitable
hardback,mpclle,graspable,200,5,23.4,max_dim=0.267,not_suitable,possible,not_suitable,not_suitable,possible,not_suitable
hardback,mpqusy,graspable,200,5,15.9,max_dim=0.257,not_suitable,possible,not_suitable,not_suitable,possible,not_suitable
hardback,mptjse,graspable,200,5,18.9,max_dim=0.209,not_suitable,possible,not_suitable,not_suitable,possible,not_suitable
hardback,mrquvx,graspable,200,5,24.4,max_dim=0.224,not_suitable,possible,not_suitable,not_suitable,possible,not_suitable
hardback,nathmv,graspable,200,5,21.1,max_dim=0.264,not_suitable,possible,not_suitable,not_suitable,possible,not_suitable
hardback,nbuuwf,graspable,200,5,29.8,max_dim=0.209,not_suitable,possible,not_suitable,not_suitable,possible,not_suitable
hardback,ndmbuu,graspable,200,5,21.3,max_dim=0.235,not_suitable,possible,not_suitable,not_suitable,possible,not_suitable
hardback,ngesty,graspable,200,5,23.7,max_dim=0.256,not_suitable,possible,not_suitable,not_suitable,possible,not_suitable
hardback,nhdqlm,graspable,200,5,41.7,max_dim=0.238,not_suitable,possible,not_suitable,not_suitable,possible,not_suitable
hardback,nubbfj,graspable,200,5,28.7,max_dim=0.239,not_suitable,possible,not_suitable,not_suitable,possible,not_suitable
hardback,numppv,graspable,200,5,13.3,max_dim=0.249,not_suitable,possible,not_suitable,not_suitable,possible,not_suitable
hardback,ohcbwk,graspable,200,4,96.0,max_dim=0.396,not_suitable,possible,not_suitable,not_suitable,possible,not_suitable
hardback,okcflv,graspable,200,5,19.1,max_dim=0.255,not_suitable,possible,not_suitable,not_suitable,possible,not_suitable
hardback,onlare,graspable,200,5,20.2,max_dim=0.235,not_suitable,possible,not_suitable,not_suitable,possible,not_suitable
hardback,onmmao,graspable,200,5,25.8,max_dim=0.259,not_suitable,possible,not_suitable,not_suitable,possible,not_suitable
hardback,oonryj,graspable,200,5,17.7,max_dim=0.189,not_suitable,possible,not_suitable,not_suitable,possible,not_suitable
hardback,oqemit,graspable,200,5,113.3,max_dim=0.396,not_suitable,possible,not_suitable,not_suitable,possible,not_suitable
hardback,orkzoz,graspable,200,5,23.2,max_dim=0.204,not_suitable,possible,not_suitable,not_suitable,possible,not_suitable
hardback,orxaxf,graspable,200,5,25.0,max_dim=0.231,not_suitable,possible,not_suitable,not_suitable,possible,not_suitable
hardback,otvmvn,graspable,200,5,17.7,max_dim=0.133,not_suitable,possible,not_suitable,not_suitable,possible,not_suitable
hardback,oxvgoe,graspable,200,5,45.9,max_dim=0.217,not_suitable,possible,not_suitable,not_suitable,possible,not_suitable
hardback,pagmpi,graspable,200,5,27.7,max_dim=0.195,not_suitable,possible,not_suitable,not_suitable,possible,not_suitable
hardback,pfvucb,graspable,200,5,12.7,max_dim=0.243,not_suitable,possible,not_suitable,not_suitable,possible,not_suitable
hardback,piaesm,graspable,200,5,31.6,max_dim=0.199,not_suitable,possible,not_suitable,not_suitable,possible,not_suitable
hardback,plimis,graspable,200,5,27.7,max_dim=0.182,not_suitable,possible,not_suitable,not_suitable,possible,not_suitable
hardback,pmnfgl,graspable,200,5,29.2,max_dim=0.246,not_suitable,possible,not_suitable,not_suitable,possible,not_suitable
hardback,pnjosu,graspable,200,5,22.2,max_dim=0.288,not_suitable,possible,not_suitable,not_suitable,possible,not_suitable
hardback,poanfs,graspable,200,5,45.5,max_dim=0.305,not_suitable,possible,not_suitable,not_suitable,possible,not_suitable
hardback,ppelap,graspable,200,5,23.5,max_dim=0.161,not_suitable,possible,not_suitable,not_suitable,possible,not_suitable
hardback,prifte,graspable,200,5,24.5,max_dim=0.256,not_suitable,possible,not_suitable,not_suitable,possible,not_suitable
hardback,pzjsfl,graspable,200,5,40.4,max_dim=0.270,not_suitable,possible,not_suitable,not_suitable,possible,not_suitable
hardback,qbllsj,graspable,200,5,34.1,max_dim=0.286,not_suitable,possible,not_suitable,not_suitable,possible,not_suitable
hardback,qdkajy,graspable,200,5,29.7,max_dim=0.209,not_suitable,possible,not_suitable,not_suitable,possible,not_suitable
hardback,qhvvlh,graspable,200,5,35.5,max_dim=0.321,not_suitable,possible,not_suitable,not_suitable,possible,not_suitable
hardback,qomarm,graspable,200,5,18.8,max_dim=0.184,not_suitable,possible,not_suitable,not_suitable,possible,not_suitable
hardback,qompdt,graspable,200,5,31.9,max_dim=0.152,not_suitable,possible,not_suitable,not_suitable,possible,not_suitable
hardback,qsssng,graspable,200,5,18.7,max_dim=0.196,not_suitable,possible,not_suitable,not_suitable,possible,not_suitable
hardback,quiqrp,graspable,200,5,87.2,max_dim=0.338,not_suitable,possible,not_suitable,not_suitable,possible,not_suitable
hardback,rbtywt,graspable,200,5,18.4,max_dim=0.197,not_suitable,possible,not_suitable,not_suitable,possible,not_suitable
hardback,rdpznw,graspable,200,5,24.9,max_dim=0.203,not_suitable,possible,not_suitable,not_suitable,possible,not_suitable
hardback,rdqqum,graspable,200,5,26.3,max_dim=0.241,not_suitable,possible,not_suitable,not_suitable,possible,not_suitable
hardback,rgzvyu,graspable,200,5,19.2,max_dim=0.181,not_suitable,possible,not_suitable,not_suitable,possible,not_suitable
hardback,ropdih,graspable,200,5,30.0,max_dim=0.223,not_suitable,possible,not_suitable,not_suitable,possible,not_suitable
hardback,rpptjr,graspable,200,5,64.7,max_dim=0.368,not_suitable,possible,not_suitable,not_suitable,possible,not_suitable
hardback,ruifbr,graspable,200,5,30.8,max_dim=0.181,not_suitable,possible,not_suitable,not_suitable,possible,not_suitable
hardback,rwkajx,graspable,200,5,25.4,max_dim=0.223,not_suitable,possible,not_suitable,not_suitable,possible,not_suitable
hardback,ryzohp,graspable,200,5,33.0,max_dim=0.288,not_suitable,possible,not_suitable,not_suitable,possible,not_suitable
hardback,rzuzmj,graspable,200,5,27.1,max_dim=0.216,not_suitable,possible,not_suitable,not_suitable,possible,not_suitable
hardback,sbrrwi,graspable,200,5,27.3,max_dim=0.210,not_suitable,possible,not_suitable,not_suitable,possible,not_suitable
hardback,scdwke,graspable,200,5,36.7,max_dim=0.262,not_suitable,possible,not_suitable,not_suitable,possible,not_suitable
hardback,sfrlsf,graspable,200,5,42.6,max_dim=0.275,not_suitable,possible,not_suitable,not_suitable,possible,not_suitable
hardback,sinlfd,graspable,200,5,23.0,max_dim=0.256,not_suitable,possible,not_suitable,not_suitable,possible,not_suitable
hardback,skqbff,graspable,200,5,22.0,max_dim=0.300,not_suitable,possible,not_suitable,not_suitable,possible,not_suitable
hardback,slckfs,graspable,200,5,23.3,max_dim=0.221,not_suitable,possible,not_suitable,not_suitable,possible,not_suitable
hardback,sndyvj,graspable,200,5,29.5,max_dim=0.192,not_suitable,possible,not_suitable,not_suitable,possible,not_suitable
hardback,snfzce,graspable,200,5,15.7,max_dim=0.200,not_suitable,possible,not_suitable,not_suitable,possible,not_suitable
hardback,sswztv,graspable,200,5,31.6,max_dim=0.253,not_suitable,possible,not_suitable,not_suitable,possible,not_suitable
hardback,tfwohd,graspable,200,5,25.6,max_dim=0.234,not_suitable,possible,not_suitable,not_suitable,possible,not_suitable
hardback,tgfofw,graspable,200,5,29.2,max_dim=0.229,not_suitable,possible,not_suitable,not_suitable,possible,not_suitable
hardback,tlezqg,graspable,200,5,31.3,max_dim=0.223,not_suitable,possible,not_suitable,not_suitable,possible,not_suitable
hardback,tmiacj,graspable,200,5,31.3,max_dim=0.208,not_suitable,possible,not_suitable,not_suitable,possible,not_suitable
hardback,tmlwev,graspable,200,5,36.6,max_dim=0.149,not_suitable,possible,not_suitable,not_suitable,possible,not_suitable
hardback,tqrqbu,graspable,200,5,30.7,max_dim=0.228,not_suitable,possible,not_suitable,not_suitable,possible,not_suitable
hardback,trlvhd,graspable,200,5,13.2,max_dim=0.258,not_suitable,possible,not_suitable,not_suitable,possible,not_suitable
hardback,tvmcgq,graspable,200,5,23.7,max_dim=0.217,not_suitable,possible,not_suitable,not_suitable,possible,not_suitable
hardback,tvrnpi,graspable,200,5,36.6,max_dim=0.214,not_suitable,possible,not_suitable,not_suitable,possible,not_suitable
hardback,tvydcv,graspable,200,2,94.4,max_dim=0.358,not_suitable,possible,not_suitable,not_suitable,possible,not_suitable
hardback,tybynw,graspable,200,5,21.7,max_dim=0.243,not_suitable,possible,not_suitable,not_suitable,possible,not_suitable
hardback,tyfzvl,graspable,200,5,40.3,max_dim=0.235,not_suitable,possible,not_suitable,not_suitable,possible,not_suitable
hardback,ucicpd,graspable,200,5,38.7,max_dim=0.268,not_suitable,possible,not_suitable,not_suitable,possible,not_suitable
hardback,udqhcl,graspable,200,5,26.8,max_dim=0.219,not_suitable,possible,not_suitable,not_suitable,possible,not_suitable
hardback,ufgtdl,graspable,200,5,38.2,max_dim=0.235,not_suitable,possible,not_suitable,not_suitable,possible,not_suitable
hardback,ujtvvt,graspable,200,5,77.5,max_dim=0.395,not_suitable,possible,not_suitable,not_suitable,possible,not_suitable
hardback,umdcwo,graspable,200,5,30.1,max_dim=0.269,not_suitable,possible,not_suitable,not_suitable,possible,not_suitable
hardback,umtflg,graspable,200,5,21.0,max_dim=0.235,not_suitable,possible,not_suitable,not_suitable,possible,not_suitable
hardback,unpvyf,graspable,200,5,33.4,max_dim=0.148,not_suitable,possible,not_suitable,not_suitable,possible,not_suitable
hardback,urfwur,graspable,200,5,30.2,max_dim=0.182,not_suitable,possible,not_suitable,not_suitable,possible,not_suitable
hardback,uwaqwg,graspable,200,5,21.9,max_dim=0.245,not_suitable,possible,not_suitable,not_suitable,possible,not_suitable
hardback,uzmhnf,graspable,200,5,23.9,max_dim=0.249,not_suitable,possible,not_suitable,not_suitable,possible,not_suitable
hardback,vbofme,graspable,200,5,25.2,max_dim=0.228,not_suitable,possible,not_suitable,not_suitable,possible,not_suitable
hardback,vdchph,graspable,200,5,36.0,max_dim=0.319,not_suitable,possible,not_suitable,not_suitable,possible,not_suitable
hardback,vgsbfh,graspable,200,5,20.6,max_dim=0.235,not_suitable,possible,not_suitable,not_suitable,possible,not_suitable
hardback,vjsenc,graspable,200,5,34.3,max_dim=0.243,not_suitable,possible,not_suitable,not_suitable,possible,not_suitable
hardback,vsbhgn,graspable,200,5,25.5,max_dim=0.263,not_suitable,possible,not_suitable,not_suitable,possible,not_suitable
hardback,vujkvf,graspable,200,5,28.3,max_dim=0.261,not_suitable,possible,not_suitable,not_suitable,possible,not_suitable
hardback,vxjpqu,graspable,200,5,90.8,max_dim=0.331,not_suitable,possible,not_suitable,not_suitable,possible,not_suitable
hardback,vywxev,not_ready,0,0,0.0,max_dim=0.162,not_suitable,possible,not_suitable,not_suitable,possible,not_suitable
hardback,waxszs,graspable,200,5,23.1,max_dim=0.223,not_suitable,possible,not_suitable,not_suitable,possible,not_suitable
hardback,wbprfv,graspable,200,5,26.5,max_dim=0.182,not_suitable,possible,not_suitable,not_suitable,possible,not_suitable
hardback,wdnkpr,graspable,200,5,17.9,max_dim=0.200,not_suitable,possible,not_suitable,not_suitable,possible,not_suitable
hardback,wehqno,graspable,200,5,63.3,max_dim=0.365,not_suitable,possible,not_suitable,not_suitable,possible,not_suitable
hardback,wfjsog,graspable,200,5,32.6,max_dim=0.196,not_suitable,possible,not_suitable,not_suitable,possible,not_suitable
hardback,winxhu,graspable,200,5,34.3,max_dim=0.206,not_suitable,possible,not_suitable,not_suitable,possible,not_suitable
hardback,wiydxy,graspable,200,5,28.4,max_dim=0.133,not_suitable,possible,not_suitable,not_suitable,possible,not_suitable
hardback,wudyye,graspable,200,5,23.5,max_dim=0.249,not_suitable,possible,not_suitable,not_suitable,possible,not_suitable
hardback,wxcndu,graspable,200,5,30.2,max_dim=0.256,not_suitable,possible,not_suitable,not_suitable,possible,not_suitable
hardback,xasgrq,graspable,200,5,26.8,max_dim=0.171,not_suitable,possible,not_suitable,not_suitable,possible,not_suitable
hardback,xbpozs,graspable,200,5,14.6,max_dim=0.171,not_suitable,possible,not_suitable,not_suitable,possible,not_suitable
hardback,xcxndi,graspable,200,5,20.8,max_dim=0.267,not_suitable,possible,not_suitable,not_suitable,possible,not_suitable
hardback,xefjtm,graspable,200,5,24.3,max_dim=0.235,not_suitable,possible,not_suitable,not_suitable,possible,not_suitable
hardback,xgxeev,graspable,200,5,16.5,max_dim=0.232,not_suitable,possible,not_suitable,not_suitable,possible,not_suitable
hardback,xkjctf,graspable,200,5,31.7,max_dim=0.188,not_suitable,possible,not_suitable,not_suitable,possible,not_suitable
hardback,xnxlqk,graspable,200,5,28.3,max_dim=0.181,not_suitable,possible,not_suitable,not_suitable,possible,not_suitable
hardback,xoephz,graspable,200,5,25.4,max_dim=0.156,not_suitable,possible,not_suitable,not_suitable,possible,not_suitable
hardback,xxnzwn,graspable,200,5,32.2,max_dim=0.189,not_suitable,possible,not_suitable,not_suitable,possible,not_suitable
hardback,xxwigj,graspable,200,5,33.0,max_dim=0.223,not_suitable,possible,not_suitable,not_suitable,possible,not_suitable
hardback,ycklwl,graspable,200,5,25.9,max_dim=0.184,not_suitable,possible,not_suitable,not_suitable,possible,not_suitable
hardback,ydgedi,graspable,200,5,42.7,max_dim=0.277,not_suitable,possible,not_suitable,not_suitable,possible,not_suitable
hardback,yjkktz,graspable,200,5,35.2,max_dim=0.245,not_suitable,possible,not_suitable,not_suitable,possible,not_suitable
hardback,yljvbc,graspable,200,5,23.4,max_dim=0.229,not_suitable,possible,not_suitable,not_suitable,possible,not_suitable
hardback,ymqzzc,graspable,200,5,19.4,max_dim=0.186,not_suitable,possible,not_suitable,not_suitable,possible,not_suitable
hardback,yomcyv,graspable,200,5,18.5,max_dim=0.216,not_suitable,possible,not_suitable,not_suitable,possible,not_suitable
hardback,zcnoxe,graspable,200,5,22.2,max_dim=0.190,not_suitable,possible,not_suitable,not_suitable,possible,not_suitable
hardback,zcpgyx,graspable,200,5,31.5,max_dim=0.229,not_suitable,possible,not_suitable,not_suitable,possible,not_suitable
hardback,zcyoll,graspable,200,5,20.2,max_dim=0.209,not_suitable,possible,not_suitable,not_suitable,possible,not_suitable
hardback,zegvtj,graspable,200,5,28.5,max_dim=0.367,not_suitable,possible,not_suitable,not_suitable,possible,not_suitable
hardback,zelcjs,graspable,200,5,43.5,max_dim=0.235,not_suitable,possible,not_suitable,not_suitable,possible,not_suitable
hardback,zgeveh,graspable,200,5,31.8,max_dim=0.268,not_suitable,possible,not_suitable,not_suitable,possible,not_suitable
hardback,ziyrti,graspable,200,5,35.4,max_dim=0.229,not_suitable,possible,not_suitable,not_suitable,possible,not_suitable
hardback,zmjcet,graspable,200,5,25.1,max_dim=0.228,not_suitable,possible,not_suitable,not_suitable,possible,not_suitable
hardback,znlewl,graspable,200,3,97.3,max_dim=0.366,not_suitable,possible,not_suitable,not_suitable,possible,not_suitable
hardback,ztoris,graspable,200,5,16.0,max_dim=0.323,not_suitable,possible,not_suitable,not_suitable,possible,not_suitable
hardback,zxjfcp,graspable,200,5,30.1,max_dim=0.255,not_suitable,possible,not_suitable,not_suitable,possible,not_suitable
hardback,zzevep,graspable,200,5,25.6,max_dim=0.200,not_suitable,possible,not_suitable,not_suitable,possible,not_suitable
hat,avvknr,graspable,200,5,62.7,max_dim=0.453,not_suitable,not_suitable,not_suitable,not_suitable,possible,not_suitable
hat,ldxyyc,graspable,200,5,21.1,max_dim=0.375,not_suitable,not_suitable,not_suitable,not_suitable,possible,not_suitable
hat,ljyldk,not_ready,0,0,0.0,max_dim=0.431,not_suitable,not_suitable,not_suitable,not_suitable,possible,not_suitable
hat,rfwrrv,not_ready,0,0,0.0,max_dim=0.238,not_suitable,not_suitable,not_suitable,not_suitable,possible,not_suitable
hat,wkrzep,graspable,200,5,55.3,max_dim=0.412,not_suitable,not_suitable,not_suitable,not_suitable,possible,not_suitable
hat,zymxgw,graspable,200,1,98.3,max_dim=0.412,not_suitable,not_suitable,not_suitable,not_suitable,possible,not_suitable
hazelnut,nkjtmd,graspable,200,5,12.8,max_dim=0.018,not_suitable,not_suitable,not_suitable,possible,not_suitable,not_suitable
hazelnut,rhfksw,graspable,200,5,12.6,max_dim=0.023,not_suitable,not_suitable,not_suitable,possible,not_suitable,not_suitable
head_cabbage,tqohvs,graspable,200,5,30.1,max_dim=0.148,not_suitable,not_suitable,not_suitable,perfect,possible,not_suitable
headset,oytuam,graspable,200,5,10.2,max_dim=0.094,not_suitable,not_suitable,not_suitable,not_suitable,possible,not_suitable
headstone,rlynvy,too_large,0,0,0.0,max_dim=1.367,not_suitable,not_suitable,not_suitable,not_suitable,not_suitable,not_suitable
heap_of_granola,mwhrhm,graspable,200,5,10.6,max_dim=0.082,not_suitable,not_suitable,not_suitable,possible,not_suitable,not_suitable
heap_of_gravel,kcsyrn,graspable,200,5,10.4,max_dim=0.055,not_suitable,not_suitable,not_suitable,not_suitable,not_suitable,not_suitable
heap_of_raisins,gihwbe,graspable,200,5,10.8,max_dim=0.080,not_suitable,not_suitable,not_suitable,possible,not_suitable,not_suitable
heatgun,vvndqp,graspable,200,5,71.2,max_dim=0.462,not_suitable,not_suitable,not_suitable,not_suitable,not_suitable,not_suitable
herbicide_bottle,aeslmf,graspable,200,5,13.0,max_dim=0.276,not_suitable,not_suitable,possible,not_suitable,not_suitable,not_suitable
high_heel,htqifz,graspable,200,5,12.5,max_dim=0.197,not_suitable,not_suitable,not_suitable,not_suitable,not_suitable,not_suitable
high_heel,omckzr,graspable,200,5,13.2,max_dim=0.197,not_suitable,not_suitable,not_suitable,not_suitable,not_suitable,not_suitable
highchair,eteuuf,too_large,0,0,0.0,max_dim=0.780,not_suitable,not_suitable,not_suitable,not_suitable,not_suitable,not_suitable
highchair,pahqnp,too_large,0,0,0.0,max_dim=0.780,not_suitable,not_suitable,not_suitable,not_suitable,not_suitable,not_suitable
hiking_boot,ljiila,graspable,200,5,26.9,max_dim=0.265,not_suitable,not_suitable,not_suitable,not_suitable,not_suitable,not_suitable
hiking_boot,tariyy,graspable,200,5,25.1,max_dim=0.265,not_suitable,not_suitable,not_suitable,not_suitable,not_suitable,not_suitable
hinge,qroify,not_ready,0,0,0.0,max_dim=0.079,not_suitable,not_suitable,not_suitable,not_suitable,not_suitable,not_suitable
hinged_jar,gqtsam,no_grasp,200,0,6.4,max_dim=0.204,possible,not_suitable,possible,not_suitable,perfect,perfect
hinged_jar,jnjtrl,no_grasp,200,0,2.3,max_dim=0.174,possible,not_suitable,possible,not_suitable,perfect,perfect
hinged_jar,kijnrj,not_ready,0,0,0.0,max_dim=0.204,possible,not_suitable,possible,not_suitable,perfect,perfect
hinged_jar,vzwhbg,no_grasp,200,0,2.4,max_dim=0.270,possible,not_suitable,possible,not_suitable,perfect,perfect
hingeless_jar,bqpmsv,graspable,200,0,2.1,max_dim=0.205;manual_override,possible,not_suitable,possible,not_suitable,perfect,perfect
hingeless_jar,crlhmi,no_grasp,200,0,1.7,max_dim=0.114,possible,not_suitable,possible,not_suitable,perfect,perfect
hingeless_jar,gejwoi,not_ready,0,0,0.0,max_dim=0.176,possible,not_suitable,possible,not_suitable,perfect,perfect
hingeless_jar,hjrnct,graspable,200,0,1.7,max_dim=0.117;manual_override,possible,not_suitable,possible,not_suitable,perfect,perfect
hingeless_jar,ifgcmr,not_ready,0,0,0.0,max_dim=0.101,possible,not_suitable,possible,not_suitable,perfect,perfect
hingeless_jar,jdwvyt,not_ready,0,0,0.0,max_dim=0.204,possible,not_suitable,possible,not_suitable,perfect,perfect
hingeless_jar,lvuvbf,graspable,200,0,2.0,max_dim=0.168;manual_override,possible,not_suitable,possible,not_suitable,perfect,perfect
hingeless_jar,mefezc,graspable,200,0,2.1,max_dim=0.250;manual_override,possible,not_suitable,possible,not_suitable,perfect,perfect
hingeless_jar,pjaljg,not_ready,0,0,0.0,max_dim=0.122,possible,not_suitable,possible,not_suitable,perfect,perfect
hingeless_jar,qdnmwg,not_ready,0,0,0.0,max_dim=0.157,possible,not_suitable,possible,not_suitable,perfect,perfect
hingeless_jar,qzwijs,graspable,200,5,38.2,max_dim=0.270,possible,not_suitable,possible,not_suitable,perfect,perfect
hingeless_jar,vxqpnm,not_ready,0,0,0.0,max_dim=0.298,possible,not_suitable,possible,not_suitable,perfect,perfect
hingeless_jar,waousd,graspable,200,5,13.6,max_dim=0.114,possible,not_suitable,possible,not_suitable,perfect,perfect
hingeless_jar,wcqjew,graspable,200,5,11.1,max_dim=0.205,possible,not_suitable,possible,not_suitable,perfect,perfect
hingeless_jar,zdeyzf,graspable,200,5,9.5,max_dim=0.060,possible,not_suitable,possible,not_suitable,perfect,perfect
hitch,eqwskw,not_ready,0,0,0.0,max_dim=0.323,not_suitable,not_suitable,not_suitable,not_suitable,not_suitable,not_suitable
hockey_puck,smhogx,not_ready,0,0,0.0,max_dim=0.075,not_suitable,not_suitable,not_suitable,not_suitable,possible,not_suitable
hockey_stick,jvgphb,too_large,0,0,0.0,max_dim=1.144,not_suitable,not_suitable,not_suitable,not_suitable,not_suitable,not_suitable
hoe,nycggc,too_large,0,0,0.0,max_dim=1.340,not_suitable,not_suitable,not_suitable,not_suitable,not_suitable,not_suitable
holly_decoration,shmkir,graspable,200,5,13.1,max_dim=0.122,not_suitable,not_suitable,not_suitable,not_suitable,possible,not_suitable
honey_jar,dhgtvg,not_ready,0,0,0.0,max_dim=0.204,possible,not_suitable,possible,not_suitable,perfect,possible
honing_steel,ugerym,graspable,200,5,26.7,max_dim=0.290,not_suitable,not_suitable,not_suitable,not_suitable,possible,not_suitable
hoodie,agftpm,too_large,0,0,0.0,max_dim=0.787,not_suitable,not_suitable,not_suitable,not_suitable,not_suitable,not_suitable
hook,akwlam,graspable,200,5,10.3,max_dim=0.069,not_suitable,not_suitable,not_suitable,not_suitable,not_suitable,not_suitable
hook,ddbsdk,graspable,200,5,10.7,max_dim=0.073,not_suitable,not_suitable,not_suitable,not_suitable,not_suitable,not_suitable
hook,hewhtl,graspable,200,5,17.4,max_dim=0.108,not_suitable,not_suitable,not_suitable,not_suitable,not_suitable,not_suitable
hook,wmvozo,graspable,200,5,12.8,max_dim=0.041,not_suitable,not_suitable,not_suitable,not_suitable,not_suitable,not_suitable
hook,yfikis,graspable,200,5,14.3,max_dim=0.066,not_suitable,not_suitable,not_suitable,not_suitable,not_suitable,not_suitable
hook_rack,mdnfjr,too_large,0,0,0.0,max_dim=0.956,not_suitable,not_suitable,not_suitable,not_suitable,not_suitable,not_suitable
hose,qxgbfv,graspable,200,5,30.6,max_dim=0.461,not_suitable,not_suitable,not_suitable,not_suitable,not_suitable,not_suitable
hose_cart,gavrvw,too_large,0,0,0.0,max_dim=1.002,not_suitable,not_suitable,not_suitable,not_suitable,not_suitable,not_suitable
hospital_bed,muuddx,too_large,0,0,0.0,max_dim=2.117,not_suitable,not_suitable,not_suitable,not_suitable,not_suitable,not_suitable
hot_sauce_bottle,qvpthd,graspable,200,5,15.3,max_dim=0.258,possible,not_suitable,possible,not_suitable,possible,not_suitable
hot_tub,nuzkuf,too_large,0,0,0.0,max_dim=1.815,not_suitable,not_suitable,not_suitable,not_suitable,not_suitable,not_suitable
hot_tub,wbnkfk,too_large,0,0,0.0,max_dim=1.806,not_suitable,not_suitable,not_suitable,not_suitable,not_suitable,not_suitable
hotdog,lsajfg,graspable,200,5,11.8,max_dim=0.158,not_suitable,not_suitable,not_suitable,perfect,not_suitable,not_suitable
hotdog_bun,ajlvvj,graspable,200,5,41.2,max_dim=0.158,not_suitable,not_suitable,not_suitable,perfect,not_suitable,not_suitable
hotdog_frank,dvoeyy,graspable,200,5,98.4,max_dim=0.155,not_suitable,not_suitable,not_suitable,perfect,not_suitable,not_suitable
hotdog_frank,qijvmi,graspable,200,5,64.0,max_dim=0.145,not_suitable,not_suitable,not_suitable,perfect,not_suitable,not_suitable
hourglass,sdzunm,not_ready,0,0,0.0,max_dim=0.228,possible,not_suitable,not_suitable,not_suitable,perfect,not_suitable
hummus_box,jvnqly,not_ready,0,0,0.0,max_dim=0.204,not_suitable,not_suitable,not_suitable,not_suitable,possible,not_suitable
hutch,vsqsuy,too_large,0,0,0.0,max_dim=0.948,not_suitable,not_suitable,not_suitable,not_suitable,not_suitable,not_suitable
hydrogen_peroxide_bottle,luhnej,graspable,200,5,12.8,max_dim=0.276,not_suitable,not_suitable,possible,not_suitable,possible,not_suitable
ice,cmjpva,graspable,200,5,10.2,max_dim=0.021,not_suitable,not_suitable,not_suitable,not_suitable,not_suitable,not_suitable
ice,ddmbhf,graspable,200,5,9.8,max_dim=0.021,not_suitable,not_suitable,not_suitable,not_suitable,not_suitable,not_suitable
ice,mkjogt,graspable,200,5,10.9,max_dim=0.021,not_suitable,not_suitable,not_suitable,not_suitable,not_suitable,not_suitable
ice_bucket,vlurir,graspable,200,2,104.1,max_dim=0.411,possible,not_suitable,perfect,not_suitable,possible,perfect
ice_cream_carton,lulzdz,not_ready,0,0,0.0,max_dim=0.204,not_suitable,not_suitable,not_suitable,not_suitable,possible,not_suitable
ice_cream_cone,thwtmp,not_ready,0,0,0.0,max_dim=0.115,not_suitable,not_suitable,not_suitable,perfect,not_suitable,not_suitable
ice_cube,czbfpm,graspable,200,5,13.8,max_dim=0.022,not_suitable,not_suitable,not_suitable,not_suitable,not_suitable,not_suitable
ice_cube,dueotq,graspable,200,5,13.0,max_dim=0.022,not_suitable,not_suitable,not_suitable,not_suitable,not_suitable,not_suitable
ice_cube,iiimgo,not_ready,0,0,0.0,max_dim=0.020,not_suitable,not_suitable,not_suitable,not_suitable,not_suitable,not_suitable
ice_cube,kdlafa,graspable,200,5,13.1,max_dim=0.021,not_suitable,not_suitable,not_suitable,not_suitable,not_suitable,not_suitable
ice_cube,lkirej,graspable,200,5,11.9,max_dim=0.022,not_suitable,not_suitable,not_suitable,not_suitable,not_suitable,not_suitable
ice_cube,pjgror,graspable,200,5,10.4,max_dim=0.023,not_suitable,not_suitable,not_suitable,not_suitable,not_suitable,not_suitable
ice_cube,tqsquu,graspable,200,5,11.2,max_dim=0.023,not_suitable,not_suitable,not_suitable,not_suitable,not_suitable,not_suitable
ice_cube,ujmgkb,graspable,200,5,9.9,max_dim=0.022,not_suitable,not_suitable,not_suitable,not_suitable,not_suitable,not_suitable
ice_cube,xupugj,graspable,200,5,12.1,max_dim=0.022,not_suitable,not_suitable,not_suitable,not_suitable,not_suitable,not_suitable
ice_lolly,kcfwxs,graspable,200,5,14.4,max_dim=0.137,not_suitable,not_suitable,not_suitable,possible,not_suitable,not_suitable
ice_tray,gewlsk,graspable,200,5,50.7,max_dim=0.320,not_suitable,possible,not_suitable,not_suitable,possible,not_suitable
icicle_lights,lbwpka,too_large,0,0,0.0,max_dim=2.022,not_suitable,not_suitable,not_suitable,not_suitable,not_suitable,not_suitable
infant_car_seat,nulroi,too_large,0,0,0.0,max_dim=0.650,not_suitable,not_suitable,not_suitable,not_suitable,not_suitable,not_suitable
information_bulletin,utvtam,too_large,0,0,0.0,max_dim=2.084,not_suitable,possible,not_suitable,not_suitable,not_suitable,not_suitable
inhaler,iksfbo,graspable,200,5,12.2,max_dim=0.096,not_suitable,not_suitable,not_suitable,not_suitable,possible,not_suitable
ink_bottle,gcyvrx,graspable,200,5,9.5,max_dim=0.090,possible,not_suitable,possible,not_suitable,possible,not_suitable
insectifuge_atomizer,qnroki,graspable,200,5,13.8,max_dim=0.151,not_suitable,not_suitable,possible,not_suitable,not_suitable,not_suitable
instant_coffee_jar,ycgxwb,no_grasp,200,0,4.0,max_dim=0.204,possible,not_suitable,possible,not_suitable,perfect,possible
instant_pot,lkbvad,not_ready,0,0,0.0,max_dim=0.395,not_suitable,not_suitable,perfect,not_suitable,not_suitable,perfect
instant_pot,wengzf,no_grasp,200,0,3.1,max_dim=0.413,not_suitable,not_suitable,perfect,not_suitable,not_suitable,perfect
iron,fzbvce,no_grasp,200,0,1.9,max_dim=0.267,not_suitable,not_suitable,not_suitable,not_suitable,possible,not_suitable
iron,vlvslm,not_ready,0,0,0.0,max_dim=0.304,not_suitable,not_suitable,not_suitable,not_suitable,possible,not_suitable
ironing_board,uwwdky,too_large,0,0,0.0,max_dim=1.573,not_suitable,not_suitable,not_suitable,not_suitable,not_suitable,not_suitable
isopropanol_dispenser,mjcbfc,no_grasp,200,0,1.6,max_dim=0.131,not_suitable,not_suitable,possible,not_suitable,possible,not_suitable
jade,fzobtk,no_grasp,200,0,1.5,max_dim=0.062,not_suitable,not_suitable,not_suitable,not_suitable,possible,not_suitable
jade,ylbnwn,no_grasp,200,0,1.5,max_dim=0.055,not_suitable,not_suitable,not_suitable,not_suitable,possible,not_suitable
jade_roller,chplbu,no_grasp,200,0,1.9,max_dim=0.127,not_suitable,not_suitable,not_suitable,not_suitable,possible,not_suitable
jam_dispenser,gnpgeh,no_grasp,200,0,1.9,max_dim=0.306,possible,not_suitable,possible,not_suitable,possible,not_suitable
jam_dispenser,kerjkh,no_grasp,200,0,1.9,max_dim=0.385,possible,not_suitable,possible,not_suitable,possible,not_suitable
jar_of_bath_salt,dtrjxi,no_grasp,200,0,2.2,max_dim=0.071,possible,not_suitable,possible,not_suitable,possible,possible
jar_of_bath_salt,erglwp,no_grasp,200,0,2.5,max_dim=0.070,possible,not_suitable,possible,not_suitable,possible,possible
jar_of_chilli_powder,mxhrcl,not_ready,0,0,0.0,max_dim=0.132,possible,not_suitable,not_suitable,not_suitable,perfect,possible
jar_of_clove,dlvall,no_grasp,200,0,2.2,max_dim=0.132,possible,not_suitable,not_suitable,not_suitable,perfect,possible
jar_of_cocoa,sjwgfn,not_ready,0,0,0.0,max_dim=0.162,possible,not_suitable,possible,not_suitable,perfect,possible
jar_of_coffee,bnrvcs,not_ready,0,0,0.0,max_dim=0.193,possible,not_suitable,not_suitable,not_suitable,perfect,possible
jar_of_cumin,bpxhso,not_ready,0,0,0.0,max_dim=0.132,possible,not_suitable,not_suitable,not_suitable,perfect,possible
jar_of_cumin,tsktnz,graspable,200,5,15.9,max_dim=0.072,possible,not_suitable,not_suitable,not_suitable,perfect,possible
jar_of_cumin,vyfehw,not_ready,0,0,0.0,max_dim=0.132,possible,not_suitable,not_suitable,not_suitable,perfect,possible
jar_of_curry_powder,ozhftu,graspable,200,5,10.3,max_dim=0.072,possible,not_suitable,not_suitable,not_suitable,perfect,possible
jar_of_dill_seed,reavkt,graspable,200,5,12.9,max_dim=0.074,possible,not_suitable,not_suitable,not_suitable,perfect,possible
jar_of_grains,fyfahz,graspable,200,5,14.8,max_dim=0.265,possible,not_suitable,not_suitable,not_suitable,perfect,possible
jar_of_grains,irqkdw,graspable,200,5,10.8,max_dim=0.265,possible,not_suitable,not_suitable,not_suitable,perfect,possible
jar_of_grains,jbhdeu,graspable,200,5,40.3,max_dim=0.264,possible,not_suitable,not_suitable,not_suitable,perfect,possible
jar_of_grains,lnxzuy,graspable,200,5,16.4,max_dim=0.265,possible,not_suitable,not_suitable,not_suitable,perfect,possible
jar_of_grains,piemou,graspable,200,5,27.1,max_dim=0.264,possible,not_suitable,not_suitable,not_suitable,perfect,possible
jar_of_grains,pluujx,graspable,200,5,22.7,max_dim=0.266,possible,not_suitable,not_suitable,not_suitable,perfect,possible
jar_of_grains,uydvnv,graspable,200,5,25.8,max_dim=0.266,possible,not_suitable,not_suitable,not_suitable,perfect,possible
jar_of_grains,vuolos,graspable,200,5,20.7,max_dim=0.265,possible,not_suitable,not_suitable,not_suitable,perfect,possible
jar_of_grains,xebmcy,graspable,200,5,32.2,max_dim=0.265,possible,not_suitable,not_suitable,not_suitable,perfect,possible
jar_of_grains,xrirkq,graspable,200,5,22.9,max_dim=0.264,possible,not_suitable,not_suitable,not_suitable,perfect,possible
jar_of_grains,ykrdzg,graspable,200,5,31.0,max_dim=0.265,possible,not_suitable,not_suitable,not_suitable,perfect,possible
jar_of_grains,zqoboc,graspable,200,5,45.9,max_dim=0.264,possible,not_suitable,not_suitable,not_suitable,perfect,possible
jar_of_honey,wdxfaq,graspable,200,5,27.4,max_dim=0.261,possible,not_suitable,possible,not_suitable,perfect,possible
jar_of_jam,vxjbjf,graspable,200,5,11.1,max_dim=0.104,possible,not_suitable,possible,not_suitable,perfect,possible
jar_of_jelly,ytlmmb,graspable,200,5,14.2,max_dim=0.141,possible,not_suitable,possible,not_suitable,perfect,possible
jar_of_kidney_beans,kfzxah,not_ready,0,0,0.0,max_dim=0.132,possible,not_suitable,possible,not_suitable,perfect,possible
jar_of_mayonnaise,gjwjet,graspable,200,5,13.7,max_dim=0.103,possible,not_suitable,possible,not_suitable,perfect,possible
jar_of_mayonnaise,ktmjvg,graspable,200,5,18.4,max_dim=0.090,possible,not_suitable,possible,not_suitable,perfect,possible
jar_of_orange_sauce,xfxfig,graspable,200,5,38.5,max_dim=0.094,possible,not_suitable,possible,not_suitable,perfect,possible
jar_of_pepper,nzcbda,graspable,200,5,16.0,max_dim=0.265,possible,not_suitable,not_suitable,not_suitable,perfect,possible
jar_of_pepper_seasoning,iuydyz,not_ready,0,0,0.0,max_dim=0.132,possible,not_suitable,not_suitable,not_suitable,perfect,possible
jar_of_peppercorns,gkakwk,not_ready,0,0,0.0,max_dim=0.132,possible,not_suitable,not_suitable,not_suitable,perfect,possible
jar_of_puree,raagvm,graspable,200,5,12.0,max_dim=0.080,possible,not_suitable,possible,not_suitable,perfect,possible
jar_of_sesame_seed,acsllv,not_ready,0,0,0.0,max_dim=0.132,possible,not_suitable,not_suitable,not_suitable,perfect,possible
jar_of_spaghetti_sauce,efrxze,graspable,200,5,64.0,max_dim=0.132,possible,not_suitable,possible,not_suitable,perfect,possible
jar_of_spaghetti_sauce,exmsmm,graspable,200,5,22.2,max_dim=0.132,possible,not_suitable,possible,not_suitable,perfect,possible
jar_of_spaghetti_sauce,fyocnu,graspable,200,5,41.0,max_dim=0.129,possible,not_suitable,possible,not_suitable,perfect,possible
jar_of_spaghetti_sauce,xpasvb,graspable,200,5,32.1,max_dim=0.129,possible,not_suitable,possible,not_suitable,perfect,possible
jar_of_spaghetti_sauce,yqnmoy,graspable,200,5,29.7,max_dim=0.130,possible,not_suitable,possible,not_suitable,perfect,possible
jar_of_spaghetti_sauce,zahyds,graspable,200,5,18.6,max_dim=0.106,possible,not_suitable,possible,not_suitable,perfect,possible
jar_of_strawberry_jam,busiti,graspable,200,5,27.2,max_dim=0.180,possible,not_suitable,possible,not_suitable,perfect,possible
jar_of_sugar,bholak,graspable,200,5,21.1,max_dim=0.133,possible,not_suitable,not_suitable,not_suitable,perfect,possible
jar_of_sugar,pnbbfb,not_ready,0,0,0.0,max_dim=0.101,possible,not_suitable,not_suitable,not_suitable,perfect,possible
jar_of_sugar,rfzqei,not_ready,0,0,0.0,max_dim=0.145,possible,not_suitable,not_suitable,not_suitable,perfect,possible
jar_of_sugar,vrmrci,not_ready,0,0,0.0,max_dim=0.105,possible,not_suitable,not_suitable,not_suitable,perfect,possible
jar_of_tumeric,miivhi,graspable,200,5,24.7,max_dim=0.132,possible,not_suitable,not_suitable,not_suitable,perfect,possible
jar_of_vegetable,rdngsc,graspable,200,5,27.5,max_dim=0.267,possible,not_suitable,possible,not_suitable,perfect,possible
jeans,nmvvil,too_large,0,0,0.0,max_dim=0.762,not_suitable,not_suitable,not_suitable,not_suitable,not_suitable,not_suitable
jeans,pvzxyp,too_large,0,0,0.0,max_dim=0.681,not_suitable,not_suitable,not_suitable,not_suitable,not_suitable,not_suitable
jelly_bean_jar,nftsal,not_ready,0,0,0.0,max_dim=0.204,possible,not_suitable,possible,not_suitable,perfect,possible
jelly_jar,lrjoro,not_ready,0,0,0.0,max_dim=0.204,possible,not_suitable,possible,not_suitable,perfect,possible
jersey,wiwont,too_large,0,0,0.0,max_dim=0.766,not_suitable,not_suitable,not_suitable,not_suitable,not_suitable,not_suitable
jigger,aysfhf,graspable,200,5,10.9,max_dim=0.080,possible,not_suitable,perfect,not_suitable,perfect,possible
jigsaw_puzzle,antykn,graspable,200,5,32.2,max_dim=0.195,not_suitable,not_suitable,not_suitable,not_suitable,possible,not_suitable
jigsaw_puzzle_piece,jcafwy,graspable,200,5,17.9,max_dim=0.034,not_suitable,not_suitable,not_suitable,not_suitable,not_suitable,not_suitable
jigsaw_puzzle_piece,moneds,graspable,200,5,10.0,max_dim=0.042,not_suitable,not_suitable,not_suitable,not_suitable,not_suitable,not_suitable
jigsaw_puzzle_piece,ppikln,graspable,200,5,13.1,max_dim=0.033,not_suitable,not_suitable,not_suitable,not_suitable,not_suitable,not_suitable
jimmies_jar,oqyoos,not_ready,0,0,0.0,max_dim=0.204,possible,not_suitable,possible,not_suitable,perfect,possible
jug,gjgwvi,graspable,200,5,70.7,max_dim=0.294,possible,not_suitable,perfect,not_suitable,possible,perfect
jug,hjjeeh,graspable,200,5,15.6,max_dim=0.247,possible,not_suitable,perfect,not_suitable,possible,perfect
jug,llexze,graspable,200,5,21.4,max_dim=0.227,possible,not_suitable,perfect,not_suitable,possible,perfect
jug,pvxfot,graspable,200,5,10.8,max_dim=0.246,possible,not_suitable,perfect,not_suitable,possible,perfect
jug,quzmfw,graspable,200,5,16.9,max_dim=0.305,possible,not_suitable,perfect,not_suitable,possible,perfect
jug_of_milk,xbvdpc,graspable,200,5,11.9,max_dim=0.217,possible,not_suitable,possible,not_suitable,possible,possible
juicer,mvrllt,no_grasp,200,0,13.3,max_dim=0.436,not_suitable,not_suitable,not_suitable,not_suitable,possible,not_suitable
jukebox,nijgrl,too_large,0,0,0.0,max_dim=1.467,not_suitable,not_suitable,not_suitable,not_suitable,not_suitable,not_suitable
kabob,icxokf,not_ready,0,0,0.0,max_dim=0.340,not_suitable,not_suitable,not_suitable,perfect,not_suitable,not_suitable
kabob,khdosp,not_ready,0,0,0.0,max_dim=0.130,not_suitable,not_suitable,not_suitable,perfect,not_suitable,not_suitable
kabob,vderrf,not_ready,0,0,0.0,max_dim=0.342,not_suitable,not_suitable,not_suitable,perfect,not_suitable,not_suitable
kale,kjyfdx,no_grasp,200,0,1.7,max_dim=0.104,not_suitable,not_suitable,not_suitable,perfect,not_suitable,not_suitable
kayak,dkizyc,too_large,0,0,0.0,max_dim=3.057,not_suitable,not_suitable,not_suitable,not_suitable,not_suitable,not_suitable
kayak_rack,goewhp,too_large,0,0,0.0,max_dim=0.853,not_suitable,not_suitable,not_suitable,not_suitable,not_suitable,not_suitable
kebab,ezgwob,no_grasp,200,0,1.7,max_dim=0.216,not_suitable,not_suitable,not_suitable,perfect,not_suitable,not_suitable
kebab,mmvcsx,no_grasp,200,0,1.7,max_dim=0.217,not_suitable,not_suitable,not_suitable,perfect,not_suitable,not_suitable
kebab,qkupnz,no_grasp,200,0,1.5,max_dim=0.216,not_suitable,not_suitable,not_suitable,perfect,not_suitable,not_suitable
kettle,bzisss,graspable,200,0,2.2,max_dim=0.185;manual_override,possible,not_suitable,perfect,not_suitable,possible,possible
kettle,vjbldp,graspable,200,0,1.8,max_dim=0.181;manual_override,possible,not_suitable,perfect,not_suitable,possible,possible
key,ftdfir,no_grasp,200,0,1.6,max_dim=0.034,not_suitable,not_suitable,not_suitable,not_suitable,possible,not_suitable
key_chain,gqbwfv,not_ready,0,0,0.0,max_dim=0.115,not_suitable,not_suitable,not_suitable,not_suitable,possible,not_suitable
key_chain,wirxcw,not_ready,0,0,0.0,max_dim=0.146,not_suitable,not_suitable,not_suitable,not_suitable,possible,not_suitable
keyboard,hgtbot,no_grasp,200,0,1.9,max_dim=0.496,not_suitable,possible,not_suitable,not_suitable,possible,not_suitable
keyboard,injrgc,no_grasp,200,0,1.6,max_dim=0.484,not_suitable,possible,not_suitable,not_suitable,possible,not_suitable
keyboard,jtdyix,no_grasp,200,0,1.9,max_dim=0.426,not_suitable,possible,not_suitable,not_suitable,possible,not_suitable
keyboard,kzcreb,graspable,200,5,64.1,max_dim=0.430,not_suitable,possible,not_suitable,not_suitable,possible,not_suitable
keyboard,mzskhj,not_ready,0,0,0.0,max_dim=0.440,not_suitable,possible,not_suitable,not_suitable,possible,not_suitable
keyboard,nddmmy,graspable,200,5,47.0,max_dim=0.340,not_suitable,possible,not_suitable,not_suitable,possible,not_suitable
keyboard,pwgnjb,not_ready,0,0,0.0,max_dim=0.439,not_suitable,possible,not_suitable,not_suitable,possible,not_suitable
keyboard,uwacaq,graspable,200,5,27.1,max_dim=0.477,not_suitable,possible,not_suitable,not_suitable,possible,not_suitable
keyboard,wziopn,not_ready,0,0,0.0,max_dim=0.439,not_suitable,possible,not_suitable,not_suitable,possible,not_suitable
keyboard,ybreuw,not_ready,0,0,0.0,max_dim=0.500,not_suitable,possible,not_suitable,not_suitable,possible,not_suitable
keys,olymng,graspable,200,5,12.0,max_dim=0.064,not_suitable,not_suitable,not_suitable,not_suitable,possible,not_suitable
kielbasa,amhjme,graspable,200,5,56.4,max_dim=0.177,not_suitable,not_suitable,not_suitable,perfect,not_suitable,not_suitable
kielbasa,pvzhlm,graspable,200,5,23.4,max_dim=0.177,not_suitable,not_suitable,not_suitable,perfect,not_suitable,not_suitable
kitchen_analog_scale,lpjpez,graspable,200,5,71.0,max_dim=0.230,not_suitable,possible,not_suitable,not_suitable,possible,not_suitable
kitchen_analog_scale,tqvnpo,graspable,200,1,125.6,max_dim=0.321,not_suitable,possible,not_suitable,not_suitable,possible,not_suitable
kitchen_analog_scale,zpmpoq,graspable,200,5,72.7,max_dim=0.296,not_suitable,possible,not_suitable,not_suitable,possible,not_suitable
kiwi,khupqq,graspable,200,5,10.1,max_dim=0.113,not_suitable,not_suitable,not_suitable,perfect,possible,not_suitable
knife_block,mjywpg,not_ready,0,0,0.0,max_dim=0.410,not_suitable,not_suitable,not_suitable,not_suitable,possible,not_suitable
knife_block,ukmecq,no_grasp,200,0,76.3,max_dim=0.335,not_suitable,not_suitable,not_suitable,not_suitable,possible,not_suitable
l_shaped_handle,xksaux,too_large,0,0,0.0,max_dim=0.802,not_suitable,not_suitable,not_suitable,not_suitable,not_suitable,not_suitable
lab_exhaust_hood,sdlkyk,too_large,0,0,0.0,max_dim=1.782,not_suitable,not_suitable,not_suitable,not_suitable,not_suitable,not_suitable
lab_table,ishrsy,too_large,0,0,0.0,max_dim=4.001,not_suitable,not_suitable,not_suitable,not_suitable,not_suitable,not_suitable
lab_table,jkemfk,too_large,0,0,0.0,max_dim=2.269,not_suitable,not_suitable,not_suitable,not_suitable,not_suitable,not_suitable
lab_table,vujgjq,too_large,0,0,0.0,max_dim=2.169,not_suitable,not_suitable,not_suitable,not_suitable,not_suitable,not_suitable
lace,xhphik,graspable,200,5,11.6,max_dim=0.193,not_suitable,not_suitable,not_suitable,not_suitable,not_suitable,not_suitable
lace,ymxgjr,graspable,200,5,16.4,max_dim=0.194,not_suitable,not_suitable,not_suitable,not_suitable,not_suitable,not_suitable
lace,zfmaws,graspable,200,5,13.9,max_dim=0.194,not_suitable,not_suitable,not_suitable,not_suitable,not_suitable,not_suitable
ladder,axywzt,too_large,0,0,0.0,max_dim=1.900,not_suitable,not_suitable,not_suitable,not_suitable,not_suitable,not_suitable
ladder,shfvtl,too_large,0,0,0.0,max_dim=2.412,not_suitable,not_suitable,not_suitable,not_suitable,not_suitable,not_suitable
ladder,vpmrlk,too_large,0,0,0.0,max_dim=1.808,not_suitable,not_suitable,not_suitable,not_suitable,not_suitable,not_suitable
lamb,zzwdks,graspable,200,5,22.8,max_dim=0.214,not_suitable,not_suitable,not_suitable,perfect,not_suitable,not_suitable
lampshade,crzpcw,not_ready,0,0,0.0,max_dim=0.250,not_suitable,not_suitable,not_suitable,not_suitable,not_suitable,not_suitable
lampshade,dizlbd,not_ready,0,0,0.0,max_dim=0.375,not_suitable,not_suitable,not_suitable,not_suitable,not_suitable,not_suitable
lampshade,drlveg,not_ready,0,0,0.0,max_dim=0.250,not_suitable,not_suitable,not_suitable,not_suitable,not_suitable,not_suitable
lampshade,zadmdc,not_ready,0,0,0.0,max_dim=0.292,not_suitable,not_suitable,not_suitable,not_suitable,not_suitable,not_suitable
laptop,izydvb,not_ready,0,0,0.0,max_dim=0.445,not_suitable,possible,not_suitable,not_suitable,possible,not_suitable
laptop,nvulcs,no_grasp,200,0,15.3,max_dim=0.268,not_suitable,possible,not_suitable,not_suitable,possible,not_suitable
laptop,pczjnr,not_ready,0,0,0.0,max_dim=0.325,not_suitable,possible,not_suitable,not_suitable,possible,not_suitable
laptop,rocupn,not_ready,0,0,0.0,max_dim=0.303,not_suitable,possible,not_suitable,not_suitable,possible,not_suitable
laptop,sngiih,not_ready,0,0,0.0,max_dim=0.375,not_suitable,possible,not_suitable,not_suitable,possible,not_suitable
laptop,vhbsgv,not_ready,0,0,0.0,max_dim=0.325,not_suitable,possible,not_suitable,not_suitable,possible,not_suitable
lasagna,eovigz,no_grasp,200,0,1.6,max_dim=0.066,not_suitable,not_suitable,not_suitable,possible,not_suitable,not_suitable
lawn,aztwla,too_large,0,0,0.0,max_dim=46.317,not_suitable,not_suitable,not_suitable,not_suitable,not_suitable,not_suitable
lawn,djekse,too_large,0,0,0.0,max_dim=19.528,not_suitable,not_suitable,not_suitable,not_suitable,not_suitable,not_suitable
lawn,fjlcsj,too_large,0,0,0.0,max_dim=31.661,not_suitable,not_suitable,not_suitable,not_suitable,not_suitable,not_suitable
lawn,goumgk,too_large,0,0,0.0,max_dim=5.893,not_suitable,not_suitable,not_suitable,not_suitable,not_suitable,not_suitable
lawn,mgxskp,too_large,0,0,0.0,max_dim=28.098,not_suitable,not_suitable,not_suitable,not_suitable,not_suitable,not_suitable
lawn,qaedpx,too_large,0,0,0.0,max_dim=51.162,not_suitable,not_suitable,not_suitable,not_suitable,not_suitable,not_suitable
lawn,srfikq,too_large,0,0,0.0,max_dim=6.472,not_suitable,not_suitable,not_suitable,not_suitable,not_suitable,not_suitable
lawn,tewkte,too_large,0,0,0.0,max_dim=6.348,not_suitable,not_suitable,not_suitable,not_suitable,not_suitable,not_suitable
lawn,tiqndr,too_large,0,0,0.0,max_dim=4.189,not_suitable,not_suitable,not_suitable,not_suitable,not_suitable,not_suitable
lawn,ucjwnm,too_large,0,0,0.0,max_dim=33.056,not_suitable,not_suitable,not_suitable,not_suitable,not_suitable,not_suitable
lawn,uinmme,too_large,0,0,0.0,max_dim=21.920,not_suitable,not_suitable,not_suitable,not_suitable,not_suitable,not_suitable
lawn,wwoqjw,too_large,0,0,0.0,max_dim=59.000,not_suitable,not_suitable,not_suitable,not_suitable,not_suitable,not_suitable
lawn,zijpqt,too_large,0,0,0.0,max_dim=22.595,not_suitable,not_suitable,not_suitable,not_suitable,not_suitable,not_suitable
lawn,zjtrpt,too_large,0,0,0.0,max_dim=9.819,not_suitable,not_suitable,not_suitable,not_suitable,not_suitable,not_suitable
lawn_mower,bterwo,too_large,0,0,0.0,max_dim=1.412,not_suitable,not_suitable,not_suitable,not_suitable,not_suitable,not_suitable
lawn_mower,hrebgj,too_large,0,0,0.0,max_dim=1.031,not_suitable,not_suitable,not_suitable,not_suitable,not_suitable,not_suitable
leaf,lrwbfy,no_grasp,200,0,1.6,max_dim=0.130,not_suitable,not_suitable,not_suitable,not_suitable,not_suitable,not_suitable
leaf,qykzem,no_grasp,200,0,1.6,max_dim=0.089,not_suitable,not_suitable,not_suitable,not_suitable,not_suitable,not_suitable
leaf,rqcqvu,no_grasp,200,0,2.0,max_dim=0.162,not_suitable,not_suitable,not_suitable,not_suitable,not_suitable,not_suitable
leaf,tvqiye,no_grasp,200,0,2.0,max_dim=0.187,not_suitable,not_suitable,not_suitable,not_suitable,not_suitable,not_suitable
leaf,vqnsmw,no_grasp,200,0,1.5,max_dim=0.148,not_suitable,not_suitable,not_suitable,not_suitable,not_suitable,not_suitable
leaf,vsbwzz,no_grasp,200,0,1.5,max_dim=0.097,not_suitable,not_suitable,not_suitable,not_suitable,not_suitable,not_suitable
leaf,vydlnm,no_grasp,200,0,1.5,max_dim=0.171,not_suitable,not_suitable,not_suitable,not_suitable,not_suitable,not_suitable
leaf,wtluvw,no_grasp,200,0,1.5,max_dim=0.187,not_suitable,not_suitable,not_suitable,not_suitable,not_suitable,not_suitable
leaf,xmzxqj,no_grasp,200,0,2.0,max_dim=0.226,not_suitable,not_suitable,not_suitable,not_suitable,not_suitable,not_suitable
leaf_blower,omfuej,too_large,0,0,0.0,max_dim=0.645,not_suitable,not_suitable,not_suitable,not_suitable,not_suitable,not_suitable
leek,fyihsq,no_grasp,200,0,1.5,max_dim=0.312,not_suitable,not_suitable,not_suitable,perfect,not_suitable,not_suitable
legal_document,mougvz,graspable,200,2,108.8,max_dim=0.349,not_suitable,perfect,not_suitable,not_suitable,possible,not_suitable
legal_document,qkrlsi,graspable,200,2,107.3,max_dim=0.345,not_suitable,perfect,not_suitable,not_suitable,possible,not_suitable
legal_document,uchhwn,not_ready,0,0,0.0,max_dim=0.269,not_suitable,perfect,not_suitable,not_suitable,possible,not_suitable
legging,izafif,too_large,0,0,0.0,max_dim=0.976,not_suitable,not_suitable,not_suitable,not_suitable,not_suitable,not_suitable
lemon,asdada,graspable,200,5,10.1,max_dim=0.095,not_suitable,not_suitable,not_suitable,perfect,possible,not_suitable
lemon,bbvonm,graspable,200,5,10.2,max_dim=0.057,not_suitable,not_suitable,not_suitable,perfect,possible,not_suitable
lemon,bmvxas,graspable,200,5,10.6,max_dim=0.091,not_suitable,not_suitable,not_suitable,perfect,possible,not_suitable
lemon,dsacfa,graspable,200,5,9.5,max_dim=0.102,not_suitable,not_suitable,not_suitable,perfect,possible,not_suitable
lemon,gkrfha,graspable,200,5,9.7,max_dim=0.086,not_suitable,not_suitable,not_suitable,perfect,possible,not_suitable
lemon,hoghjl,graspable,200,5,9.6,max_dim=0.101,not_suitable,not_suitable,not_suitable,perfect,possible,not_suitable
lemon,kvgfdl,graspable,200,5,10.4,max_dim=0.087,not_suitable,not_suitable,not_suitable,perfect,possible,not_suitable
lemon,ovbcff,graspable,200,5,12.9,max_dim=0.098,not_suitable,not_suitable,not_suitable,perfect,possible,not_suitable
lemon,peqwoa,graspable,200,5,10.7,max_dim=0.100,not_suitable,not_suitable,not_suitable,perfect,possible,not_suitable
lemon,pffkae,graspable,200,5,9.8,max_dim=0.103,not_suitable,not_suitable,not_suitable,perfect,possible,not_suitable
lemon,pqweio,graspable,200,5,10.3,max_dim=0.090,not_suitable,not_suitable,not_suitable,perfect,possible,not_suitable
lemon,pwqedq,graspable,200,5,9.5,max_dim=0.102,not_suitable,not_suitable,not_suitable,perfect,possible,not_suitable
lemon,vuwehu,graspable,200,5,12.3,max_dim=0.104,not_suitable,not_suitable,not_suitable,perfect,possible,not_suitable
lemon_juice_bottle,qsdqik,not_ready,0,0,0.0,max_dim=0.281,possible,not_suitable,possible,not_suitable,possible,not_suitable
lemon_peel,mrvvpr,not_ready,0,0,0.0,max_dim=0.040,not_suitable,not_suitable,not_suitable,possible,not_suitable,not_suitable
lemon_peel,qirncy,not_ready,0,0,0.0,max_dim=0.041,not_suitable,not_suitable,not_suitable,possible,not_suitable,not_suitable
lemon_peel,sdvrmi,not_ready,0,0,0.0,max_dim=0.038,not_suitable,not_suitable,not_suitable,possible,not_suitable,not_suitable
lemon_pepper_seasoning_shaker,ucwqcy,graspable,200,5,12.4,max_dim=0.160,possible,not_suitable,not_suitable,not_suitable,perfect,not_suitable
lemonade_bottle,yprkek,graspable,200,5,13.0,max_dim=0.255,possible,not_suitable,possible,not_suitable,possible,not_suitable
lens,oeeuic,not_ready,0,0,0.0,max_dim=0.123,not_suitable,not_suitable,not_suitable,not_suitable,possible,not_suitable
leotard,ededis,too_large,0,0,0.0,max_dim=0.588,not_suitable,not_suitable,not_suitable,not_suitable,not_suitable,not_suitable
letter,bdlpry,graspable,200,5,66.1,max_dim=0.315,not_suitable,perfect,not_suitable,not_suitable,possible,not_suitable
letter,bswqmq,graspable,200,5,41.8,max_dim=0.307,not_suitable,perfect,not_suitable,not_suitable,possible,not_suitable
letter,csncjv,graspable,200,5,49.0,max_dim=0.319,not_suitable,perfect,not_suitable,not_suitable,possible,not_suitable
letter,cvtjcy,graspable,200,5,74.9,max_dim=0.308,not_suitable,perfect,not_suitable,not_suitable,possible,not_suitable
letter,dyvllf,graspable,200,5,24.8,max_dim=0.316,not_suitable,perfect,not_suitable,not_suitable,possible,not_suitable
letter,esmoua,graspable,200,5,27.7,max_dim=0.316,not_suitable,perfect,not_suitable,not_suitable,possible,not_suitable
letter,fnaqcr,graspable,200,5,86.0,max_dim=0.316,not_suitable,perfect,not_suitable,not_suitable,possible,not_suitable
letter,igvnic,graspable,200,5,68.4,max_dim=0.316,not_suitable,perfect,not_suitable,not_suitable,possible,not_suitable
letter,jafvfh,graspable,200,5,56.1,max_dim=0.314,not_suitable,perfect,not_suitable,not_suitable,possible,not_suitable
letter,jgnowc,graspable,200,5,37.2,max_dim=0.314,not_suitable,perfect,not_suitable,not_suitable,possible,not_suitable
letter,oheufk,graspable,200,3,112.7,max_dim=0.315,not_suitable,perfect,not_suitable,not_suitable,possible,not_suitable
letter,pieqjf,graspable,200,5,67.9,max_dim=0.316,not_suitable,perfect,not_suitable,not_suitable,possible,not_suitable
letter,pvuaxx,graspable,200,5,52.7,max_dim=0.322,not_suitable,perfect,not_suitable,not_suitable,possible,not_suitable
letter,qhqhwk,graspable,200,5,38.7,max_dim=0.311,not_suitable,perfect,not_suitable,not_suitable,possible,not_suitable
letter,qljxat,graspable,200,5,75.0,max_dim=0.316,not_suitable,perfect,not_suitable,not_suitable,possible,not_suitable
letter,qrykxc,graspable,200,5,16.3,max_dim=0.312,not_suitable,perfect,not_suitable,not_suitable,possible,not_suitable
letter,sjoqrj,graspable,200,5,23.8,max_dim=0.304,not_suitable,perfect,not_suitable,not_suitable,possible,not_suitable
lettuce,jnagox,graspable,200,5,48.7,max_dim=0.247,not_suitable,not_suitable,not_suitable,perfect,not_suitable,not_suitable
lettuce,orsjxq,not_ready,0,0,0.0,max_dim=0.154,not_suitable,not_suitable,not_suitable,perfect,not_suitable,not_suitable
lettuce,yxemcs,graspable,200,5,25.5,max_dim=0.154,not_suitable,not_suitable,not_suitable,perfect,not_suitable,not_suitable
license_plate,hjdaqn,graspable,200,5,37.1,max_dim=0.308,not_suitable,possible,not_suitable,not_suitable,not_suitable,not_suitable
license_plate,naclac,graspable,200,5,68.0,max_dim=0.308,not_suitable,possible,not_suitable,not_suitable,not_suitable,not_suitable
license_plate,nuqnlr,graspable,200,5,41.4,max_dim=0.308,not_suitable,possible,not_suitable,not_suitable,not_suitable,not_suitable
license_plate,nwfbxn,graspable,200,5,28.3,max_dim=0.308,not_suitable,possible,not_suitable,not_suitable,not_suitable,not_suitable
license_plate,yepdrj,graspable,200,5,51.0,max_dim=0.308,not_suitable,possible,not_suitable,not_suitable,not_suitable,not_suitable
lid,aybgkm,graspable,200,5,26.1,max_dim=0.112,not_suitable,perfect,not_suitable,not_suitable,possible,not_suitable
lid,bemtjd,graspable,200,5,20.3,max_dim=0.179,not_suitable,perfect,not_suitable,not_suitable,possible,not_suitable
lid,chwwdg,graspable,200,5,17.8,max_dim=0.125,not_suitable,perfect,not_suitable,not_suitable,possible,not_suitable
lid,ckgilb,graspable,200,5,14.4,max_dim=0.119,not_suitable,perfect,not_suitable,not_suitable,possible,not_suitable
lid,cofhlg,graspable,200,4,26.4,max_dim=0.397,not_suitable,perfect,not_suitable,not_suitable,possible,not_suitable
lid,dadswa,graspable,200,5,16.5,max_dim=0.187,not_suitable,perfect,not_suitable,not_suitable,possible,not_suitable
lid,dkncbi,graspable,200,5,10.9,max_dim=0.200,not_suitable,perfect,not_suitable,not_suitable,possible,not_suitable
lid,egfobe,graspable,200,5,35.1,max_dim=0.243,not_suitable,perfect,not_suitable,not_suitable,possible,not_suitable
lid,ejywmx,graspable,200,5,21.2,max_dim=0.283,not_suitable,perfect,not_suitable,not_suitable,possible,not_suitable
lid,exiqxa,graspable,200,5,14.6,max_dim=0.200,not_suitable,perfect,not_suitable,not_suitable,possible,not_suitable
lid,exzfzm,not_ready,0,0,0.0,max_dim=0.087,not_suitable,perfect,not_suitable,not_suitable,possible,not_suitable
lid,fnqhbz,graspable,200,5,15.5,max_dim=0.200,not_suitable,perfect,not_suitable,not_suitable,possible,not_suitable
lid,fvebnu,not_ready,0,0,0.0,max_dim=0.092,not_suitable,perfect,not_suitable,not_suitable,possible,not_suitable
lid,geesvf,not_ready,0,0,0.0,max_dim=0.226,not_suitable,perfect,not_suitable,not_suitable,possible,not_suitable
lid,gerjlh,graspable,200,5,21.0,max_dim=0.296,not_suitable,perfect,not_suitable,not_suitable,possible,not_suitable
lid,gploju,not_ready,0,0,0.0,max_dim=0.250,not_suitable,perfect,not_suitable,not_suitable,possible,not_suitable
lid,haxrqc,graspable,200,5,10.4,max_dim=0.200,not_suitable,perfect,not_suitable,not_suitable,possible,not_suitable
lid,iojcmf,graspable,200,5,15.1,max_dim=0.092,not_suitable,perfect,not_suitable,not_suitable,possible,not_suitable
lid,itwwle,not_ready,0,0,0.0,max_dim=0.177,not_suitable,perfect,not_suitable,not_suitable,possible,not_suitable
lid,iuhvrv,not_ready,0,0,0.0,max_dim=0.267,not_suitable,perfect,not_suitable,not_suitable,possible,not_suitable
lid,jqvurl,graspable,200,5,38.8,max_dim=0.157,not_suitable,perfect,not_suitable,not_suitable,possible,not_suitable
lid,jvqtqi,graspable,200,5,14.8,max_dim=0.165,not_suitable,perfect,not_suitable,not_suitable,possible,not_suitable
lid,jvzjzp,graspable,200,5,13.4,max_dim=0.120,not_suitable,perfect,not_suitable,not_suitable,possible,not_suitable
lid,jzwezh,no_grasp,200,0,69.3,max_dim=0.419,not_suitable,perfect,not_suitable,not_suitable,possible,not_suitable
lid,kbuqww,not_ready,0,0,0.0,max_dim=0.176,not_suitable,perfect,not_suitable,not_suitable,possible,not_suitable
lid,kdswwr,too_large,0,0,0.0,max_dim=0.813,not_suitable,perfect,not_suitable,not_suitable,possible,not_suitable
lid,kgjkzr,not_ready,0,0,0.0,max_dim=0.191,not_suitable,perfect,not_suitable,not_suitable,possible,not_suitable
lid,kuibhu,not_ready,0,0,0.0,max_dim=0.136,not_suitable,perfect,not_suitable,not_suitable,possible,not_suitable
lid,lkaasa,not_ready,0,0,0.0,max_dim=0.174,not_suitable,perfect,not_suitable,not_suitable,possible,not_suitable
lid,lryrtt,not_ready,0,0,0.0,max_dim=0.317,not_suitable,perfect,not_suitable,not_suitable,possible,not_suitable
lid,lwyfab,graspable,200,5,12.6,max_dim=0.148,not_suitable,perfect,not_suitable,not_suitable,possible,not_suitable
lid,mdowoz,graspable,200,5,23.1,max_dim=0.222,not_suitable,perfect,not_suitable,not_suitable,possible,not_suitable
lid,mlkmlk,not_ready,0,0,0.0,max_dim=0.295,not_suitable,perfect,not_suitable,not_suitable,possible,not_suitable
lid,muczdt,graspable,200,5,16.2,max_dim=0.200,not_suitable,perfect,not_suitable,not_suitable,possible,not_suitable
lid,myrzac,graspable,200,5,20.4,max_dim=0.266,not_suitable,perfect,not_suitable,not_suitable,possible,not_suitable
lid,ndafok,graspable,200,5,28.6,max_dim=0.318,not_suitable,perfect,not_suitable,not_suitable,possible,not_suitable
lid,niarsj,graspable,200,5,17.1,max_dim=0.200,not_suitable,perfect,not_suitable,not_suitable,possible,not_suitable
lid,oawddr,too_large,0,0,0.0,max_dim=0.518,not_suitable,perfect,not_suitable,not_suitable,possible,not_suitable
lid,obuzeh,graspable,200,2,77.1,max_dim=0.453,not_suitable,perfect,not_suitable,not_suitable,possible,not_suitable
lid,pbmsji,graspable,200,3,41.2,max_dim=0.339,not_suitable,perfect,not_suitable,not_suitable,possible,not_suitable
lid,picclm,graspable,200,5,13.2,max_dim=0.165,not_suitable,perfect,not_suitable,not_suitable,possible,not_suitable
lid,ppkjuy,graspable,200,5,11.2,max_dim=0.232,not_suitable,perfect,not_suitable,not_suitable,possible,not_suitable
lid,pwgbsb,graspable,200,5,11.8,max_dim=0.090,not_suitable,perfect,not_suitable,not_suitable,possible,not_suitable
lid,qferch,graspable,200,5,11.9,max_dim=0.200,not_suitable,perfect,not_suitable,not_suitable,possible,not_suitable
lid,qfqccp,not_ready,0,0,0.0,max_dim=0.198,not_suitable,perfect,not_suitable,not_suitable,possible,not_suitable
lid,qhlsdq,graspable,200,5,11.3,max_dim=0.090,not_suitable,perfect,not_suitable,not_suitable,possible,not_suitable
lid,qkogll,graspable,200,5,10.8,max_dim=0.200,not_suitable,perfect,not_suitable,not_suitable,possible,not_suitable
lid,qkpdih,graspable,200,5,23.3,max_dim=0.256,not_suitable,perfect,not_suitable,not_suitable,possible,not_suitable
lid,sihkub,graspable,200,5,19.6,max_dim=0.119,not_suitable,perfect,not_suitable,not_suitable,possible,not_suitable
lid,snklci,graspable,200,5,17.5,max_dim=0.179,not_suitable,perfect,not_suitable,not_suitable,possible,not_suitable
lid,swszeb,not_ready,0,0,0.0,max_dim=0.192,not_suitable,perfect,not_suitable,not_suitable,possible,not_suitable
lid,tnwisp,graspable,200,5,12.8,max_dim=0.095,not_suitable,perfect,not_suitable,not_suitable,possible,not_suitable
lid,tzbbeo,not_ready,0,0,0.0,max_dim=0.118,not_suitable,perfect,not_suitable,not_suitable,possible,not_suitable
lid,ugfmpq,graspable,200,5,17.5,max_dim=0.089,not_suitable,perfect,not_suitable,not_suitable,possible,not_suitable
lid,utfcdx,graspable,200,5,12.2,max_dim=0.199,not_suitable,perfect,not_suitable,not_suitable,possible,not_suitable
lid,uwzqlf,graspable,200,5,13.8,max_dim=0.200,not_suitable,perfect,not_suitable,not_suitable,possible,not_suitable
lid,vkepll,graspable,200,5,19.6,max_dim=0.134,not_suitable,perfect,not_suitable,not_suitable,possible,not_suitable
lid,wjrwer,graspable,200,5,21.5,max_dim=0.201,not_suitable,perfect,not_suitable,not_suitable,possible,not_suitable
lid,wtjthb,graspable,200,5,16.7,max_dim=0.288,not_suitable,perfect,not_suitable,not_suitable,possible,not_suitable
lid,wxdxss,graspable,200,5,10.5,max_dim=0.142,not_suitable,perfect,not_suitable,not_suitable,possible,not_suitable
lid,xdvzpr,graspable,200,5,28.9,max_dim=0.279,not_suitable,perfect,not_suitable,not_suitable,possible,not_suitable
lid,xdyddo,no_grasp,200,0,81.1,max_dim=0.435,not_suitable,perfect,not_suitable,not_suitable,possible,not_suitable
lid,zjtjrn,not_ready,0,0,0.0,max_dim=0.344,not_suitable,perfect,not_suitable,not_suitable,possible,not_suitable
lid,zkderg,graspable,200,5,10.0,max_dim=0.076,not_suitable,perfect,not_suitable,not_suitable,possible,not_suitable
lid,zxlntj,graspable,200,5,21.2,max_dim=0.330,not_suitable,perfect,not_suitable,not_suitable,possible,not_suitable
life_jacket,uevmzv,too_large,0,0,0.0,max_dim=0.634,not_suitable,not_suitable,not_suitable,not_suitable,not_suitable,not_suitable
light_bulb,kfmkwd,graspable,200,5,19.6,max_dim=0.113,not_suitable,not_suitable,not_suitable,not_suitable,possible,not_suitable
light_bulb,sxkjea,no_grasp,200,0,20.4,max_dim=0.107,not_suitable,not_suitable,not_suitable,not_suitable,possible,not_suitable
light_bulb,ymomhw,no_grasp,200,0,1.9,max_dim=0.210,not_suitable,not_suitable,not_suitable,not_suitable,possible,not_suitable
lighter,zsxfjz,no_grasp,200,0,1.7,max_dim=0.102,not_suitable,not_suitable,not_suitable,not_suitable,possible,not_suitable
lily,jfeimu,not_ready,0,0,0.0,max_dim=0.425,not_suitable,not_suitable,not_suitable,not_suitable,possible,not_suitable
lily,jobzwo,not_ready,0,0,0.0,max_dim=0.467,not_suitable,not_suitable,not_suitable,not_suitable,possible,not_suitable
lily,jtouad,not_ready,0,0,0.0,max_dim=0.424,not_suitable,not_suitable,not_suitable,not_suitable,possible,not_suitable
lily,mohrqo,not_ready,0,0,0.0,max_dim=0.462,not_suitable,not_suitable,not_suitable,not_suitable,possible,not_suitable
lily,pfodaq,not_ready,0,0,0.0,max_dim=0.424,not_suitable,not_suitable,not_suitable,not_suitable,possible,not_suitable
lily,qpqtlz,not_ready,0,0,0.0,max_dim=0.424,not_suitable,not_suitable,not_suitable,not_suitable,possible,not_suitable
lily,qqtrts,not_ready,0,0,0.0,max_dim=0.467,not_suitable,not_suitable,not_suitable,not_suitable,possible,not_suitable
lily,relerp,not_ready,0,0,0.0,max_dim=0.425,not_suitable,not_suitable,not_suitable,not_suitable,possible,not_suitable
lily,rygjjm,not_ready,0,0,0.0,max_dim=0.424,not_suitable,not_suitable,not_suitable,not_suitable,possible,not_suitable
lily,yltekp,not_ready,0,0,0.0,max_dim=0.470,not_suitable,not_suitable,not_suitable,not_suitable,possible,not_suitable
lily_pad,kglgih,too_large,0,0,0.0,max_dim=0.557,not_suitable,not_suitable,not_suitable,not_suitable,not_suitable,not_suitable
lily_pad,lnnxee,too_large,0,0,0.0,max_dim=0.657,not_suitable,not_suitable,not_suitable,not_suitable,not_suitable,not_suitable
lily_pad,phusby,no_grasp,200,0,1.5,max_dim=0.450,not_suitable,not_suitable,not_suitable,not_suitable,not_suitable,not_suitable
lime,iwjcjp,no_grasp,200,0,1.8,max_dim=0.078,not_suitable,not_suitable,not_suitable,perfect,possible,not_suitable
lime_juice_bottle,bnekjp,not_ready,0,0,0.0,max_dim=0.276,possible,not_suitable,possible,not_suitable,possible,not_suitable
lint_roller,itbtor,no_grasp,200,0,1.6,max_dim=0.220,not_suitable,not_suitable,not_suitable,not_suitable,possible,not_suitable
lint_screen,wnbcnn,not_ready,0,0,0.0,max_dim=0.207,not_suitable,not_suitable,not_suitable,not_suitable,not_suitable,not_suitable
lip_balm,sqjhbz,no_grasp,200,0,1.7,max_dim=0.095,not_suitable,not_suitable,not_suitable,not_suitable,possible,not_suitable
lipstick,albshz,no_grasp,200,0,1.6,max_dim=0.146,not_suitable,not_suitable,not_suitable,not_suitable,possible,not_suitable
lipstick,petufo,no_grasp,200,0,1.7,max_dim=0.080,not_suitable,not_suitable,not_suitable,not_suitable,possible,not_suitable
lipstick,xnyivq,no_grasp,200,0,1.6,max_dim=0.122,not_suitable,not_suitable,not_suitable,not_suitable,possible,not_suitable
liquid_carton,rsvypp,not_ready,0,0,0.0,max_dim=0.316,possible,not_suitable,possible,not_suitable,possible,not_suitable
liquid_carton,ykfkyq,not_ready,0,0,0.0,max_dim=0.305,possible,not_suitable,possible,not_suitable,possible,not_suitable
liquid_soap_bottle,hazvbh,no_grasp,200,0,2.1,max_dim=0.276,possible,not_suitable,possible,not_suitable,possible,not_suitable
litter_box,rwnakn,too_large,0,0,0.0,max_dim=0.531,not_suitable,not_suitable,not_suitable,not_suitable,not_suitable,not_suitable
lobster,fhvrtx,too_large,0,0,0.0,max_dim=0.505,not_suitable,not_suitable,not_suitable,possible,not_suitable,not_suitable
lock,pngvzn,no_grasp,200,0,1.6,max_dim=0.085,not_suitable,not_suitable,not_suitable,not_suitable,possible,not_suitable
locker,bxlkyo,too_large,0,0,0.0,max_dim=2.304,not_suitable,not_suitable,not_suitable,not_suitable,not_suitable,not_suitable
locker,gemgfz,too_large,0,0,0.0,max_dim=1.804,not_suitable,not_suitable,not_suitable,not_suitable,not_suitable,not_suitable
locker,umumgu,too_large,0,0,0.0,max_dim=2.100,not_suitable,not_suitable,not_suitable,not_suitable,not_suitable,not_suitable
locker,yhthgr,too_large,0,0,0.0,max_dim=1.800,not_suitable,not_suitable,not_suitable,not_suitable,not_suitable,not_suitable
log,ehkwjg,too_large,0,0,0.0,max_dim=0.609,not_suitable,not_suitable,not_suitable,not_suitable,not_suitable,not_suitable
log,fhhuic,no_grasp,200,0,1.4,max_dim=0.428,not_suitable,not_suitable,not_suitable,not_suitable,not_suitable,not_suitable
log,fkaapx,no_grasp,200,0,1.4,max_dim=0.434,not_suitable,not_suitable,not_suitable,not_suitable,not_suitable,not_suitable
log,huvmgu,no_grasp,200,0,1.4,max_dim=0.402,not_suitable,not_suitable,not_suitable,not_suitable,not_suitable,not_suitable
log,pepele,no_grasp,200,0,1.6,max_dim=0.446,not_suitable,not_suitable,not_suitable,not_suitable,not_suitable,not_suitable
log,rlhqcm,too_large,0,0,0.0,max_dim=0.501,not_suitable,not_suitable,not_suitable,not_suitable,not_suitable,not_suitable
log,sboyet,no_grasp,200,0,1.5,max_dim=0.475,not_suitable,not_suitable,not_suitable,not_suitable,not_suitable,not_suitable
log,tujlga,too_large,0,0,0.0,max_dim=0.500,not_suitable,not_suitable,not_suitable,not_suitable,not_suitable,not_suitable
log,ubcyhk,too_large,0,0,0.0,max_dim=0.572,not_suitable,not_suitable,not_suitable,not_suitable,not_suitable,not_suitable
log,ujwecs,no_grasp,200,0,1.4,max_dim=0.403,not_suitable,not_suitable,not_suitable,not_suitable,not_suitable,not_suitable
log,wdablp,too_large,0,0,0.0,max_dim=0.511,not_suitable,not_suitable,not_suitable,not_suitable,not_suitable,not_suitable
loin,vdfkby,graspable,200,5,15.5,max_dim=0.130,not_suitable,not_suitable,not_suitable,perfect,not_suitable,not_suitable
lollipop,bhjyff,graspable,200,5,10.5,max_dim=0.147,not_suitable,not_suitable,not_suitable,possible,not_suitable,not_suitable
lollipop,vtxiqm,graspable,200,5,9.7,max_dim=0.067,not_suitable,not_suitable,not_suitable,possible,not_suitable,not_suitable
longboard,osdbnt,too_large,0,0,0.0,max_dim=1.044,not_suitable,not_suitable,not_suitable,not_suitable,not_suitable,not_suitable
loofah,uudvib,graspable,200,5,11.1,max_dim=0.216,not_suitable,not_suitable,not_suitable,not_suitable,not_suitable,not_suitable
loofah,vtvqwc,graspable,200,5,11.9,max_dim=0.185,not_suitable,not_suitable,not_suitable,not_suitable,not_suitable,not_suitable
lorry,oxbgfh,too_large,0,0,0.0,max_dim=10.561,not_suitable,not_suitable,not_suitable,not_suitable,not_suitable,not_suitable
loudspeaker,avtlcj,graspable,200,5,37.8,max_dim=0.175,not_suitable,not_suitable,not_suitable,not_suitable,not_suitable,not_suitable
loudspeaker,bmpdyv,graspable,200,5,16.1,max_dim=0.175,not_suitable,not_suitable,not_suitable,not_suitable,not_suitable,not_suitable
loudspeaker,eylavt,not_ready,0,0,0.0,max_dim=0.174,not_suitable,not_suitable,not_suitable,not_suitable,not_suitable,not_suitable
loudspeaker,fsyioq,graspable,200,5,46.1,max_dim=0.293,not_suitable,not_suitable,not_suitable,not_suitable,not_suitable,not_suitable
loudspeaker,xpoajn,not_ready,0,0,0.0,max_dim=0.213,not_suitable,not_suitable,not_suitable,not_suitable,not_suitable,not_suitable
low_resolution_tree,bxcorf,too_large,0,0,0.0,max_dim=13.780,not_suitable,not_suitable,not_suitable,not_suitable,not_suitable,not_suitable
low_resolution_tree,clcozg,too_large,0,0,0.0,max_dim=9.145,not_suitable,not_suitable,not_suitable,not_suitable,not_suitable,not_suitable
low_resolution_tree,djpxqx,too_large,0,0,0.0,max_dim=8.596,not_suitable,not_suitable,not_suitable,not_suitable,not_suitable,not_suitable
low_resolution_tree,elrvnt,too_large,0,0,0.0,max_dim=12.209,not_suitable,not_suitable,not_suitable,not_suitable,not_suitable,not_suitable
low_resolution_tree,enxjlj,too_large,0,0,0.0,max_dim=11.223,not_suitable,not_suitable,not_suitable,not_suitable,not_suitable,not_suitable
low_resolution_tree,hsycwe,too_large,0,0,0.0,max_dim=7.680,not_suitable,not_suitable,not_suitable,not_suitable,not_suitable,not_suitable
low_resolution_tree,qoqswr,too_large,0,0,0.0,max_dim=9.124,not_suitable,not_suitable,not_suitable,not_suitable,not_suitable,not_suitable
low_resolution_tree,vpbrij,too_large,0,0,0.0,max_dim=7.005,not_suitable,not_suitable,not_suitable,not_suitable,not_suitable,not_suitable
low_resolution_tree,wcadtc,too_large,0,0,0.0,max_dim=13.468,not_suitable,not_suitable,not_suitable,not_suitable,not_suitable,not_suitable
lubricant_bottle,omknho,graspable,200,5,12.7,max_dim=0.276,not_suitable,not_suitable,possible,not_suitable,not_suitable,not_suitable
lunch_box,adxzhe,not_ready,0,0,0.0,max_dim=0.254,possible,not_suitable,not_suitable,not_suitable,possible,not_suitable
mac_and_cheese,gamhfg,graspable,200,5,12.1,max_dim=0.057,not_suitable,not_suitable,not_suitable,possible,not_suitable,not_suitable
macaron,ggffjy,not_ready,0,0,0.0,max_dim=0.050,not_suitable,not_suitable,not_suitable,perfect,possible,not_suitable
macaron,szcqkk,not_ready,0,0,0.0,max_dim=0.051,not_suitable,not_suitable,not_suitable,perfect,possible,not_suitable
macaron,yhsnod,not_ready,0,0,0.0,max_dim=0.053,not_suitable,not_suitable,not_suitable,perfect,possible,not_suitable
magazine,ajitiv,graspable,200,5,41.1,max_dim=0.217,not_suitable,perfect,not_suitable,not_suitable,possible,not_suitable
magazine,ehdwsd,graspable,200,5,25.9,max_dim=0.270,not_suitable,perfect,not_suitable,not_suitable,possible,not_suitable
magazine,kbzalg,not_ready,0,0,0.0,max_dim=0.301,not_suitable,perfect,not_suitable,not_suitable,possible,not_suitable
magazine,kjfxxx,graspable,200,5,70.3,max_dim=0.279,not_suitable,perfect,not_suitable,not_suitable,possible,not_suitable
magazine,tfovwy,graspable,200,5,22.2,max_dim=0.218,not_suitable,perfect,not_suitable,not_suitable,possible,not_suitable
magazine,vvcrhu,graspable,200,5,57.0,max_dim=0.279,not_suitable,perfect,not_suitable,not_suitable,possible,not_suitable
magazine,yijmro,too_large,0,0,0.0,max_dim=0.560,not_suitable,perfect,not_suitable,not_suitable,possible,not_suitable
magazine,ymfwaz,graspable,200,5,25.8,max_dim=0.219,not_suitable,perfect,not_suitable,not_suitable,possible,not_suitable
magazine,zfeoeu,graspable,200,5,65.6,max_dim=0.311,not_suitable,perfect,not_suitable,not_suitable,possible,not_suitable
magazine_rack,cdhybw,graspable,200,5,33.6,max_dim=0.283,not_suitable,not_suitable,not_suitable,not_suitable,not_suitable,not_suitable
magazine_rack,enzfco,graspable,200,5,26.2,max_dim=0.302,not_suitable,not_suitable,not_suitable,not_suitable,not_suitable,not_suitable
magazine_rack,fvkjpt,graspable,200,5,17.0,max_dim=0.302,not_suitable,not_suitable,not_suitable,not_suitable,not_suitable,not_suitable
magazine_rack,szdjbr,graspable,200,5,62.2,max_dim=0.383,not_suitable,not_suitable,not_suitable,not_suitable,not_suitable,not_suitable
magazine_rack,yvhjht,graspable,200,5,12.9,max_dim=0.284,not_suitable,not_suitable,not_suitable,not_suitable,not_suitable,not_suitable
magazine_stand,apfdcj,too_large,0,0,0.0,max_dim=2.218,not_suitable,not_suitable,not_suitable,not_suitable,not_suitable,not_suitable
magazine_stand,arrjbg,too_large,0,0,0.0,max_dim=1.756,not_suitable,not_suitable,not_suitable,not_suitable,not_suitable,not_suitable
magazine_stand,rkpmec,too_large,0,0,0.0,max_dim=1.605,not_suitable,not_suitable,not_suitable,not_suitable,not_suitable,not_suitable
magnetic_stirrer,xtamki,graspable,200,5,11.5,max_dim=0.188,not_suitable,not_suitable,not_suitable,not_suitable,possible,not_suitable
magnifying_glass,clyiol,graspable,200,5,33.8,max_dim=0.227,possible,not_suitable,not_suitable,not_suitable,possible,not_suitable
mail,azunex,graspable,200,5,14.5,max_dim=0.200,not_suitable,perfect,not_suitable,not_suitable,possible,not_suitable
mail,gvivdi,graspable,200,5,33.8,max_dim=0.275,not_suitable,perfect,not_suitable,not_suitable,possible,not_suitable
mail,mbbwhn,graspable,200,5,26.9,max_dim=0.271,not_suitable,perfect,not_suitable,not_suitable,possible,not_suitable
mail,ojkepk,graspable,200,5,12.6,max_dim=0.191,not_suitable,perfect,not_suitable,not_suitable,possible,not_suitable
mail,qpwlor,graspable,200,5,20.3,max_dim=0.191,not_suitable,perfect,not_suitable,not_suitable,possible,not_suitable
mailbox,bktljr,too_large,0,0,0.0,max_dim=1.573,not_suitable,not_suitable,not_suitable,not_suitable,not_suitable,not_suitable
maillot,rygqoc,too_large,0,0,0.0,max_dim=0.583,not_suitable,not_suitable,not_suitable,not_suitable,not_suitable,not_suitable
makeup_mirror,vtccbu,too_large,0,0,0.0,max_dim=0.887,possible,not_suitable,not_suitable,not_suitable,possible,not_suitable
mallet,wpswgw,graspable,200,5,26.0,max_dim=0.253,not_suitable,not_suitable,not_suitable,not_suitable,possible,not_suitable
mango,nwwjbw,graspable,200,5,17.1,max_dim=0.119,not_suitable,not_suitable,not_suitable,perfect,possible,not_suitable
mango,phdamg,graspable,200,5,11.6,max_dim=0.118,not_suitable,not_suitable,not_suitable,perfect,possible,not_suitable
mango,qqnarm,graspable,200,5,10.6,max_dim=0.099,not_suitable,not_suitable,not_suitable,perfect,possible,not_suitable
mango,toddjy,graspable,200,5,18.9,max_dim=0.160,not_suitable,not_suitable,not_suitable,perfect,possible,not_suitable
mango,xkvwti,graspable,200,5,30.2,max_dim=0.139,not_suitable,not_suitable,not_suitable,perfect,possible,not_suitable
mannequin,nphsfp,too_large,0,0,0.0,max_dim=1.743,not_suitable,not_suitable,not_suitable,not_suitable,not_suitable,not_suitable
map,fdtxut,graspable,200,5,41.5,max_dim=0.238,not_suitable,perfect,not_suitable,not_suitable,possible,not_suitable
map,hsbtqi,graspable,200,5,12.2,max_dim=0.081,not_suitable,perfect,not_suitable,not_suitable,possible,not_suitable
map,umftoc,too_large,0,0,0.0,max_dim=2.146,not_suitable,perfect,not_suitable,not_suitable,possible,not_suitable
maple_syrup_jar,wigtue,not_ready,0,0,0.0,max_dim=0.236,possible,not_suitable,possible,not_suitable,perfect,possible
marigold,arvona,graspable,200,5,28.1,max_dim=0.235,not_suitable,not_suitable,not_suitable,not_suitable,possible,not_suitable
marigold,bioksr,graspable,200,5,16.1,max_dim=0.224,not_suitable,not_suitable,not_suitable,not_suitable,possible,not_suitable
marigold,fseapn,graspable,200,5,12.0,max_dim=0.209,not_suitable,not_suitable,not_suitable,not_suitable,possible,not_suitable
marigold,jmomsu,graspable,200,5,16.2,max_dim=0.199,not_suitable,not_suitable,not_suitable,not_suitable,possible,not_suitable
marigold,kzyxgd,graspable,200,5,12.7,max_dim=0.222,not_suitable,not_suitable,not_suitable,not_suitable,possible,not_suitable
marigold,nghkfn,graspable,200,5,14.9,max_dim=0.184,not_suitable,not_suitable,not_suitable,not_suitable,possible,not_suitable
marigold,rlapyi,graspable,200,5,12.0,max_dim=0.205,not_suitable,not_suitable,not_suitable,not_suitable,possible,not_suitable
marigold,ugezjo,graspable,200,5,16.9,max_dim=0.188,not_suitable,not_suitable,not_suitable,not_suitable,possible,not_suitable
marigold,xjqpmb,graspable,200,5,15.4,max_dim=0.203,not_suitable,not_suitable,not_suitable,not_suitable,possible,not_suitable
marigold,zdlpfb,graspable,200,5,16.4,max_dim=0.161,not_suitable,not_suitable,not_suitable,not_suitable,possible,not_suitable
marinara_jar,cydfkt,no_grasp,200,0,7.6,max_dim=0.204,possible,not_suitable,possible,not_suitable,perfect,possible
marjoram_shaker,xlspnl,no_grasp,200,0,2.1,max_dim=0.160,possible,not_suitable,not_suitable,not_suitable,perfect,not_suitable
marker,ablbdc,no_grasp,200,0,1.4,max_dim=0.154,not_suitable,not_suitable,not_suitable,not_suitable,possible,not_suitable
marker,asrobz,not_ready,0,0,0.0,max_dim=0.165,not_suitable,not_suitable,not_suitable,not_suitable,possible,not_suitable
marker,bwwkmb,no_grasp,200,0,1.4,max_dim=0.154,not_suitable,not_suitable,not_suitable,not_suitable,possible,not_suitable
marker,erhlbb,no_grasp,200,0,1.4,max_dim=0.164,not_suitable,not_suitable,not_suitable,not_suitable,possible,not_suitable
marker,gldosk,no_grasp,200,0,1.5,max_dim=0.154,not_suitable,not_suitable,not_suitable,not_suitable,possible,not_suitable
marker,hmlofs,no_grasp,200,0,1.5,max_dim=0.187,not_suitable,not_suitable,not_suitable,not_suitable,possible,not_suitable
marker,jlvneb,no_grasp,200,0,1.4,max_dim=0.164,not_suitable,not_suitable,not_suitable,not_suitable,possible,not_suitable
marker,kjxpdi,no_grasp,200,0,1.5,max_dim=0.108,not_suitable,not_suitable,not_suitable,not_suitable,possible,not_suitable
marker,mcpkkq,no_grasp,200,0,1.4,max_dim=0.154,not_suitable,not_suitable,not_suitable,not_suitable,possible,not_suitable
marker,mznenj,no_grasp,200,0,1.5,max_dim=0.154,not_suitable,not_suitable,not_suitable,not_suitable,possible,not_suitable
marker,nqxveo,no_grasp,200,0,1.4,max_dim=0.126,not_suitable,not_suitable,not_suitable,not_suitable,possible,not_suitable
marker,oyjbhy,graspable,200,5,39.3,max_dim=0.154,not_suitable,not_suitable,not_suitable,not_suitable,possible,not_suitable
marker,qemval,graspable,200,5,13.8,max_dim=0.100,not_suitable,not_suitable,not_suitable,not_suitable,possible,not_suitable
marker,rkxsiu,not_ready,0,0,0.0,max_dim=0.165,not_suitable,not_suitable,not_suitable,not_suitable,possible,not_suitable
marker,rsxbso,graspable,200,5,11.3,max_dim=0.167,not_suitable,not_suitable,not_suitable,not_suitable,possible,not_suitable
marker,scplur,not_ready,0,0,0.0,max_dim=0.150,not_suitable,not_suitable,not_suitable,not_suitable,possible,not_suitable
marker,shyzgp,not_ready,0,0,0.0,max_dim=0.159,not_suitable,not_suitable,not_suitable,not_suitable,possible,not_suitable
marker,slgheo,graspable,200,5,35.3,max_dim=0.154,not_suitable,not_suitable,not_suitable,not_suitable,possible,not_suitable
marker,tcsmqv,graspable,200,5,18.7,max_dim=0.134,not_suitable,not_suitable,not_suitable,not_suitable,possible,not_suitable
marker,vjjsul,graspable,200,5,22.6,max_dim=0.154,not_suitable,not_suitable,not_suitable,not_suitable,possible,not_suitable
marker,vrjwkg,graspable,200,5,23.0,max_dim=0.154,not_suitable,not_suitable,not_suitable,not_suitable,possible,not_suitable
marker,xakoic,graspable,200,5,17.2,max_dim=0.154,not_suitable,not_suitable,not_suitable,not_suitable,possible,not_suitable
marker,zmimhb,graspable,200,5,19.6,max_dim=0.127,not_suitable,not_suitable,not_suitable,not_suitable,possible,not_suitable
marker,zvvovh,graspable,200,5,22.5,max_dim=0.154,not_suitable,not_suitable,not_suitable,not_suitable,possible,not_suitable
marshmallow,nteslm,graspable,200,5,9.7,max_dim=0.069,not_suitable,not_suitable,not_suitable,perfect,not_suitable,not_suitable
marshmallow,qtgehn,graspable,200,5,9.3,max_dim=0.070,not_suitable,not_suitable,not_suitable,perfect,not_suitable,not_suitable
marshmallow,swbhik,graspable,200,5,10.1,max_dim=0.066,not_suitable,not_suitable,not_suitable,perfect,not_suitable,not_suitable
masking_tape,vpgzne,graspable,200,5,10.4,max_dim=0.050,not_suitable,not_suitable,not_suitable,not_suitable,possible,not_suitable
massage_bed,jkeydh,too_large,0,0,0.0,max_dim=1.830,not_suitable,not_suitable,not_suitable,not_suitable,not_suitable,not_suitable
massage_bed,snqlsq,too_large,0,0,0.0,max_dim=2.018,not_suitable,not_suitable,not_suitable,not_suitable,not_suitable,not_suitable
mat,ieqyct,too_large,0,0,0.0,max_dim=0.720,not_suitable,possible,not_suitable,not_suitable,not_suitable,not_suitable
match,xlqbjh,graspable,200,5,30.0,max_dim=0.064,not_suitable,not_suitable,not_suitable,not_suitable,not_suitable,not_suitable
match_box,xpnfjz,graspable,200,5,15.8,max_dim=0.105,not_suitable,not_suitable,not_suitable,not_suitable,possible,not_suitable
mattress,hvvpgo,too_large,0,0,0.0,max_dim=2.343,not_suitable,not_suitable,not_suitable,not_suitable,not_suitable,not_suitable
mattress,spvovw,too_large,0,0,0.0,max_dim=2.313,not_suitable,not_suitable,not_suitable,not_suitable,not_suitable,not_suitable
mattress,urvkxg,too_large,0,0,0.0,max_dim=2.998,not_suitable,not_suitable,not_suitable,not_suitable,not_suitable,not_suitable
measuring_cup,ahtzhp,not_ready,0,0,0.0,max_dim=0.274,perfect,not_suitable,perfect,not_suitable,perfect,perfect
meat_loaf,ecmacb,graspable,200,5,46.3,max_dim=0.246,not_suitable,not_suitable,not_suitable,perfect,not_suitable,not_suitable
meat_loaf,qdzskd,graspable,200,5,56.5,max_dim=0.247,not_suitable,not_suitable,not_suitable,perfect,not_suitable,not_suitable
meat_thermometer,idugwc,graspable,200,5,14.3,max_dim=0.243,not_suitable,not_suitable,not_suitable,not_suitable,possible,not_suitable
meatball,ctdwth,graspable,200,5,12.2,max_dim=0.036,not_suitable,not_suitable,not_suitable,perfect,possible,not_suitable
menu,keaqlh,graspable,200,5,103.0,max_dim=0.318,not_suitable,perfect,not_suitable,not_suitable,possible,not_suitable
menu,ncfnii,graspable,200,5,17.7,max_dim=0.201,not_suitable,perfect,not_suitable,not_suitable,possible,not_suitable
menu,qmypsm,graspable,200,5,97.5,max_dim=0.315,not_suitable,perfect,not_suitable,not_suitable,possible,not_suitable
menu,tissfg,graspable,200,5,30.0,max_dim=0.255,not_suitable,perfect,not_suitable,not_suitable,possible,not_suitable
menu,ugplzr,graspable,200,5,56.4,max_dim=0.201,not_suitable,perfect,not_suitable,not_suitable,possible,not_suitable
menu,wqhybr,graspable,200,5,89.0,max_dim=0.267,not_suitable,perfect,not_suitable,not_suitable,possible,not_suitable
metal_bottom_cabinet,bbjuqu,too_large,0,0,0.0,max_dim=1.404,not_suitable,not_suitable,not_suitable,not_suitable,not_suitable,not_suitable
metal_bottom_cabinet,jqyhjy,too_large,0,0,0.0,max_dim=1.252,not_suitable,not_suitable,not_suitable,not_suitable,not_suitable,not_suitable
metal_bottom_cabinet,melxmd,too_large,0,0,0.0,max_dim=1.006,not_suitable,not_suitable,not_suitable,not_suitable,not_suitable,not_suitable
metal_bottom_cabinet,mvsgdm,too_large,0,0,0.0,max_dim=0.923,not_suitable,not_suitable,not_suitable,not_suitable,not_suitable,not_suitable
metal_bottom_cabinet,yfycfx,too_large,0,0,0.0,max_dim=1.522,not_suitable,not_suitable,not_suitable,not_suitable,not_suitable,not_suitable
microfiber_cloth,zpllxb,not_ready,0,0,0.0,max_dim=0.155,not_suitable,possible,not_suitable,not_suitable,not_suitable,not_suitable
microphone,eyleyk,graspable,200,5,62.7,max_dim=0.265,not_suitable,not_suitable,not_suitable,not_suitable,possible,not_suitable
microscope,ktzwez,graspable,200,5,65.9,max_dim=0.480,not_suitable,not_suitable,not_suitable,not_suitable,possible,not_suitable
microwave,abzvij,not_ready,0,0,0.0,max_dim=0.498,not_suitable,not_suitable,not_suitable,not_suitable,not_suitable,not_suitable
microwave,bfbeeb,too_large,0,0,0.0,max_dim=0.517,not_suitable,not_suitable,not_suitable,not_suitable,not_suitable,not_suitable
microwave,hjjxmi,too_large,0,0,0.0,max_dim=0.517,not_suitable,not_suitable,not_suitable,not_suitable,not_suitable,not_suitable
microwave,ihxrvr,not_ready,0,0,0.0,max_dim=0.496,not_suitable,not_suitable,not_suitable,not_suitable,not_suitable,not_suitable
microwave,rtfebu,not_ready,0,0,0.0,max_dim=0.414,not_suitable,not_suitable,not_suitable,not_suitable,not_suitable,not_suitable
microwave,snsqrt,too_large,0,0,0.0,max_dim=0.517,not_suitable,not_suitable,not_suitable,not_suitable,not_suitable,not_suitable
microwave,vuezel,not_ready,0,0,0.0,max_dim=0.405,not_suitable,not_suitable,not_suitable,not_suitable,not_suitable,not_suitable
milk_carton,icvmix,graspable,200,5,16.7,max_dim=0.305;manual_override,possible,not_suitable,possible,not_suitable,possible,possible
mint,asdasd,graspable,200,5,14.5,max_dim=0.022,not_suitable,not_suitable,not_suitable,possible,not_suitable,not_suitable
mint,jezepy,not_ready,0,0,0.0,max_dim=0.079,not_suitable,not_suitable,not_suitable,possible,not_suitable,not_suitable
mint,oewhqr,not_ready,0,0,0.0,max_dim=0.049,not_suitable,not_suitable,not_suitable,possible,not_suitable,not_suitable
mint,sivqgq,not_ready,0,0,0.0,max_dim=0.079,not_suitable,not_suitable,not_suitable,possible,not_suitable,not_suitable
mint,ujfdga,graspable,200,5,11.9,max_dim=0.031,not_suitable,not_suitable,not_suitable,possible,not_suitable,not_suitable
mirror,catitv,too_large,0,0,0.0,max_dim=1.908,not_suitable,not_suitable,not_suitable,not_suitable,not_suitable,not_suitable
mirror,ddmyjg,too_large,0,0,0.0,max_dim=2.570,not_suitable,not_suitable,not_suitable,not_suitable,not_suitable,not_suitable
mirror,edxfnt,too_large,0,0,0.0,max_dim=0.784,not_suitable,not_suitable,not_suitable,not_suitable,not_suitable,not_suitable
mirror,ffoudz,too_large,0,0,0.0,max_dim=2.202,not_suitable,not_suitable,not_suitable,not_suitable,not_suitable,not_suitable
mirror,jpktmn,too_large,0,0,0.0,max_dim=1.892,not_suitable,not_suitable,not_suitable,not_suitable,not_suitable,not_suitable
mirror,jtgjha,too_large,0,0,0.0,max_dim=2.057,not_suitable,not_suitable,not_suitable,not_suitable,not_suitable,not_suitable
mirror,kglofh,too_large,0,0,0.0,max_dim=2.203,not_suitable,not_suitable,not_suitable,not_suitable,not_suitable,not_suitable
mirror,kujdxi,too_large,0,0,0.0,max_dim=1.991,not_suitable,not_suitable,not_suitable,not_suitable,not_suitable,not_suitable
mirror,lkmqmv,too_large,0,0,0.0,max_dim=3.094,not_suitable,not_suitable,not_suitable,not_suitable,not_suitable,not_suitable
mirror,lkzwcd,too_large,0,0,0.0,max_dim=5.935,not_suitable,not_suitable,not_suitable,not_suitable,not_suitable,not_suitable
mirror,lobucc,too_large,0,0,0.0,max_dim=3.296,not_suitable,not_suitable,not_suitable,not_suitable,not_suitable,not_suitable
mirror,ndvgah,too_large,0,0,0.0,max_dim=1.612,not_suitable,not_suitable,not_suitable,not_suitable,not_suitable,not_suitable
mirror,ovdinr,too_large,0,0,0.0,max_dim=1.171,not_suitable,not_suitable,not_suitable,not_suitable,not_suitable,not_suitable
mirror,pevdqu,too_large,0,0,0.0,max_dim=0.572,not_suitable,not_suitable,not_suitable,not_suitable,not_suitable,not_suitable
mirror,qqniad,too_large,0,0,0.0,max_dim=0.998,not_suitable,not_suitable,not_suitable,not_suitable,not_suitable,not_suitable
mirror,rgbvxy,too_large,0,0,0.0,max_dim=0.502,not_suitable,not_suitable,not_suitable,not_suitable,not_suitable,not_suitable
mirror,tytkbq,too_large,0,0,0.0,max_dim=2.263,not_suitable,not_suitable,not_suitable,not_suitable,not_suitable,not_suitable
mirror,vibcfd,too_large,0,0,0.0,max_dim=1.044,not_suitable,not_suitable,not_suitable,not_suitable,not_suitable,not_suitable
mirror,ztefpk,too_large,0,0,0.0,max_dim=4.509,not_suitable,not_suitable,not_suitable,not_suitable,not_suitable,not_suitable
mixing_bowl,bsgybx,graspable,200,5,22.6,max_dim=0.239,perfect,not_suitable,perfect,not_suitable,perfect,perfect
mixing_bowl,deudkt,graspable,200,5,27.2,max_dim=0.263,perfect,not_suitable,perfect,not_suitable,perfect,perfect
mixing_bowl,xifive,graspable,200,5,35.1,max_dim=0.290,perfect,not_suitable,perfect,not_suitable,perfect,perfect
modem,axqxsv,graspable,200,5,21.2,max_dim=0.204,not_suitable,not_suitable,not_suitable,not_suitable,possible,not_suitable
money,atvcng,graspable,200,5,9.9,max_dim=0.156,not_suitable,perfect,not_suitable,not_suitable,possible,not_suitable
money,bhklvt,graspable,200,5,10.6,max_dim=0.156,not_suitable,perfect,not_suitable,not_suitable,possible,not_suitable
money,cgtmzo,graspable,200,5,13.7,max_dim=0.156,not_suitable,perfect,not_suitable,not_suitable,possible,not_suitable
money,eqwggh,graspable,200,5,12.1,max_dim=0.156,not_suitable,perfect,not_suitable,not_suitable,possible,not_suitable
money,mtenfi,graspable,200,5,15.3,max_dim=0.156,not_suitable,perfect,not_suitable,not_suitable,possible,not_suitable
money,tpeext,graspable,200,5,10.0,max_dim=0.156,not_suitable,perfect,not_suitable,not_suitable,possible,not_suitable
money,wfooon,graspable,200,5,10.4,max_dim=0.156,not_suitable,perfect,not_suitable,not_suitable,possible,not_suitable
monitor,acltvl,not_ready,0,0,0.0,max_dim=0.485,not_suitable,not_suitable,not_suitable,not_suitable,not_suitable,not_suitable
monitor,fpkdou,not_ready,0,0,0.0,max_dim=0.485,not_suitable,not_suitable,not_suitable,not_suitable,not_suitable,not_suitable
monitor,huvcgu,no_grasp,200,0,35.1,max_dim=0.437,not_suitable,not_suitable,not_suitable,not_suitable,not_suitable,not_suitable
monitor,kmltvq,too_large,0,0,0.0,max_dim=0.620,not_suitable,not_suitable,not_suitable,not_suitable,not_suitable,not_suitable
monitor,mlyppp,too_large,0,0,0.0,max_dim=0.567,not_suitable,not_suitable,not_suitable,not_suitable,not_suitable,not_suitable
monitor,nghyiv,no_grasp,200,0,1.8,max_dim=0.496,not_suitable,not_suitable,not_suitable,not_suitable,not_suitable,not_suitable
monitor,okfatx,not_ready,0,0,0.0,max_dim=0.468,not_suitable,not_suitable,not_suitable,not_suitable,not_suitable,not_suitable
monitor,qaacxt,too_large,0,0,0.0,max_dim=0.650,not_suitable,not_suitable,not_suitable,not_suitable,not_suitable,not_suitable
monitor,qvpbge,too_large,0,0,0.0,max_dim=0.819,not_suitable,not_suitable,not_suitable,not_suitable,not_suitable,not_suitable
monitor,rbqanz,no_grasp,200,0,1.7,max_dim=0.374,not_suitable,not_suitable,not_suitable,not_suitable,not_suitable,not_suitable
monitor,wxhvqc,no_grasp,200,0,1.8,max_dim=0.495,not_suitable,not_suitable,not_suitable,not_suitable,not_suitable,not_suitable
monitor,xffisd,no_grasp,200,0,1.7,max_dim=0.453,not_suitable,not_suitable,not_suitable,not_suitable,not_suitable,not_suitable
monitor,xhxcyg,no_grasp,200,0,1.6,max_dim=0.479,not_suitable,not_suitable,not_suitable,not_suitable,not_suitable,not_suitable
mop,qclfvj,too_large,0,0,0.0,max_dim=1.289,not_suitable,not_suitable,not_suitable,not_suitable,not_suitable,not_suitable
mop_bucket,xjzyfc,too_large,0,0,0.0,max_dim=0.593,not_suitable,not_suitable,possible,not_suitable,not_suitable,possible
mortar,ftszbl,no_grasp,200,0,2.0,max_dim=0.118,possible,not_suitable,possible,not_suitable,possible,perfect
moth_ball,nogvls,no_grasp,200,0,1.5,max_dim=0.003,not_suitable,not_suitable,not_suitable,not_suitable,not_suitable,not_suitable
moth_ball,nyoucp,no_grasp,200,0,1.5,max_dim=0.003,not_suitable,not_suitable,not_suitable,not_suitable,not_suitable,not_suitable
motion_sensor,aecflf,no_grasp,200,0,1.5,max_dim=0.081,not_suitable,not_suitable,not_suitable,not_suitable,not_suitable,not_suitable
motorcycle,aocuum,too_large,0,0,0.0,max_dim=2.200,not_suitable,not_suitable,not_suitable,not_suitable,not_suitable,not_suitable
mouse,cduwda,no_grasp,200,0,1.6,max_dim=0.124,possible,not_suitable,not_suitable,not_suitable,perfect,not_suitable
mouse,chqwqp,not_ready,0,0,0.0,max_dim=0.132,possible,not_suitable,not_suitable,not_suitable,perfect,not_suitable
mouse,eosngb,no_grasp,200,0,1.5,max_dim=0.109,possible,not_suitable,not_suitable,not_suitable,perfect,not_suitable
mouse,fjljxp,graspable,200,5,22.2,max_dim=0.106,possible,not_suitable,not_suitable,not_suitable,perfect,not_suitable
mouse,ihpnjx,graspable,200,5,17.6,max_dim=0.106,possible,not_suitable,not_suitable,not_suitable,perfect,not_suitable
mouse,ofdmmj,not_ready,0,0,0.0,max_dim=0.118,possible,not_suitable,not_suitable,not_suitable,perfect,not_suitable
mouse,oydobn,graspable,200,5,10.1,max_dim=0.031,possible,not_suitable,not_suitable,not_suitable,perfect,not_suitable
mouse,pljjtu,graspable,200,5,11.9,max_dim=0.119,possible,not_suitable,not_suitable,not_suitable,perfect,not_suitable
mouse,wwyopp,graspable,200,5,21.8,max_dim=0.117,possible,not_suitable,not_suitable,not_suitable,perfect,not_suitable
mousepad,mfrcto,graspable,200,5,104.9,max_dim=0.312,not_suitable,perfect,not_suitable,not_suitable,perfect,not_suitable
mousepad,oeljiw,too_large,0,0,0.0,max_dim=0.848,not_suitable,perfect,not_suitable,not_suitable,perfect,not_suitable
mousetrap,mwfwsv,graspable,200,5,19.9,max_dim=0.108,not_suitable,not_suitable,not_suitable,not_suitable,possible,not_suitable
mozzarella,rsiccz,not_ready,0,0,0.0,max_dim=0.059,not_suitable,not_suitable,not_suitable,perfect,possible,not_suitable
muffin,pxrntz,graspable,200,5,9.7,max_dim=0.080,not_suitable,not_suitable,not_suitable,perfect,possible,not_suitable
muffin,upcxno,not_ready,0,0,0.0,max_dim=0.087,not_suitable,not_suitable,not_suitable,perfect,possible,not_suitable
mug,dhnxww,not_ready,0,0,0.0,max_dim=0.121,perfect,not_suitable,perfect,not_suitable,perfect,perfect
mug,ehnmxj,graspable,200,5,16.7,max_dim=0.113,perfect,not_suitable,perfect,not_suitable,perfect,perfect
mug,fapsrj,graspable,200,5,15.2,max_dim=0.113,perfect,not_suitable,perfect,not_suitable,perfect,perfect
mug,jgethp,graspable,200,5,13.3,max_dim=0.137,perfect,not_suitable,perfect,not_suitable,perfect,perfect
mug,kewbyf,not_ready,0,0,0.0,max_dim=0.088,perfect,not_suitable,perfect,not_suitable,perfect,perfect
mug,kitxam,not_ready,0,0,0.0,max_dim=0.086,perfect,not_suitable,perfect,not_suitable,perfect,perfect
mug,lgxhsc,graspable,200,5,10.5,max_dim=0.105,perfect,not_suitable,perfect,not_suitable,perfect,perfect
mug,ntgftr,graspable,200,5,10.4,max_dim=0.144,perfect,not_suitable,perfect,not_suitable,perfect,perfect
mug,ppdqbj,graspable,200,5,9.8,max_dim=0.129,perfect,not_suitable,perfect,not_suitable,perfect,perfect
mug,ppzttc,graspable,200,5,14.9,max_dim=0.109,perfect,not_suitable,perfect,not_suitable,perfect,perfect
mug,waqrdy,graspable,200,5,13.6,max_dim=0.135,perfect,not_suitable,perfect,not_suitable,perfect,perfect
mug,ycbmug,graspable,200,5,22.9,max_dim=0.117,perfect,not_suitable,perfect,not_suitable,perfect,perfect
mug,yiamah,not_ready,0,0,0.0,max_dim=0.105,perfect,not_suitable,perfect,not_suitable,perfect,perfect
mug,yxaapv,graspable,200,5,19.4,max_dim=0.128,perfect,not_suitable,perfect,not_suitable,perfect,perfect
mulch_bag,zsrpiu,graspable,200,5,60.5,max_dim=0.367,not_suitable,not_suitable,not_suitable,not_suitable,not_suitable,not_suitable
multi_station_furniture_sink,ejooms,too_large,0,0,0.0,max_dim=2.644,not_suitable,not_suitable,not_suitable,not_suitable,not_suitable,not_suitable
multi_station_furniture_sink,upwldu,too_large,0,0,0.0,max_dim=1.615,not_suitable,not_suitable,not_suitable,not_suitable,not_suitable,not_suitable
multi_station_furniture_sink,wavlkt,too_large,0,0,0.0,max_dim=3.086,not_suitable,not_suitable,not_suitable,not_suitable,not_suitable,not_suitable
multi_station_furniture_sink,yfaufu,too_large,0,0,0.0,max_dim=1.542,not_suitable,not_suitable,not_suitable,not_suitable,not_suitable,not_suitable
multi_station_furniture_sink,yyntym,too_large,0,0,0.0,max_dim=2.965,not_suitable,not_suitable,not_suitable,not_suitable,not_suitable,not_suitable
multi_station_tabletop_sink,ekkwsy,too_large,0,0,0.0,max_dim=1.000,not_suitable,not_suitable,not_suitable,not_suitable,not_suitable,not_suitable
multi_station_wall_mounted_sink,pbmwrv,too_large,0,0,0.0,max_dim=3.815,not_suitable,not_suitable,not_suitable,not_suitable,not_suitable,not_suitable
mushroom,zlukhz,graspable,200,5,10.5,max_dim=0.030,not_suitable,not_suitable,not_suitable,perfect,possible,not_suitable
music_stool,bjtbrp,too_large,0,0,0.0,max_dim=0.574,not_suitable,not_suitable,not_suitable,not_suitable,not_suitable,not_suitable
music_stool,dqvlff,too_large,0,0,0.0,max_dim=1.048,not_suitable,not_suitable,not_suitable,not_suitable,not_suitable,not_suitable
music_stool,qwqxew,too_large,0,0,0.0,max_dim=0.636,not_suitable,not_suitable,not_suitable,not_suitable,not_suitable,not_suitable
mussel,hhegox,graspable,200,5,10.2,max_dim=0.139,not_suitable,not_suitable,not_suitable,possible,not_suitable,not_suitable
mustard_bottle,lgxfyv,graspable,200,5,12.0,max_dim=0.258,possible,not_suitable,possible,not_suitable,possible,not_suitable
mustard_leaf,mfjykp,graspable,200,5,10.6,max_dim=0.048,not_suitable,not_suitable,not_suitable,possible,not_suitable,not_suitable
mustard_leaf,rhufup,graspable,200,5,12.8,max_dim=0.067,not_suitable,not_suitable,not_suitable,possible,not_suitable,not_suitable
mustard_leaf,ubloux,graspable,200,5,12.2,max_dim=0.060,not_suitable,not_suitable,not_suitable,possible,not_suitable,not_suitable
mustard_seed_shaker,apuolt,graspable,200,5,11.8,max_dim=0.160,possible,not_suitable,not_suitable,not_suitable,perfect,not_suitable
name_tag,xmncvq,graspable,200,5,55.4,max_dim=0.148,not_suitable,not_suitable,not_suitable,not_suitable,not_suitable,not_suitable
national_flag,akeryo,too_large,0,0,0.0,max_dim=1.548,not_suitable,not_suitable,not_suitable,not_suitable,not_suitable,not_suitable
nativity_figurine,iuislr,graspable,200,5,27.1,max_dim=0.339,possible,not_suitable,not_suitable,not_suitable,possible,not_suitable
necklace,ythgnf,not_ready,0,0,0.0,max_dim=0.188,not_suitable,not_suitable,not_suitable,not_suitable,not_suitable,not_suitable
necktie,llnxru,not_ready,0,0,0.0,max_dim=0.361,not_suitable,not_suitable,not_suitable,not_suitable,not_suitable,not_suitable
nectarine,frutec,graspable,200,5,9.8,max_dim=0.080,not_suitable,not_suitable,not_suitable,perfect,possible,not_suitable
newspaper,edarlp,graspable,200,1,104.1,max_dim=0.413,not_suitable,perfect,not_suitable,not_suitable,possible,not_suitable
newspaper,omsont,not_ready,0,0,0.0,max_dim=0.292,not_suitable,perfect,not_suitable,not_suitable,possible,not_suitable
newspaper,ukamcl,graspable,200,2,106.8,max_dim=0.391,not_suitable,perfect,not_suitable,not_suitable,possible,not_suitable
nickel,joqvbk,graspable,200,5,14.7,max_dim=0.021,not_suitable,not_suitable,not_suitable,not_suitable,not_suitable,not_suitable
nightstand,aykehx,too_large,0,0,0.0,max_dim=0.636,not_suitable,not_suitable,not_suitable,not_suitable,not_suitable,not_suitable
nightstand,geeldi,too_large,0,0,0.0,max_dim=0.756,not_suitable,not_suitable,not_suitable,not_suitable,not_suitable,not_suitable
nightstand,gjwjtj,too_large,0,0,0.0,max_dim=0.524,not_suitable,not_suitable,not_suitable,not_suitable,not_suitable,not_suitable
nightstand,hessxe,too_large,0,0,0.0,max_dim=0.596,not_suitable,not_suitable,not_suitable,not_suitable,not_suitable,not_suitable
nightstand,kanola,too_large,0,0,0.0,max_dim=0.756,not_suitable,not_suitable,not_suitable,not_suitable,not_suitable,not_suitable
nightstand,ljtrka,too_large,0,0,0.0,max_dim=0.756,not_suitable,not_suitable,not_suitable,not_suitable,not_suitable,not_suitable
nightstand,roxnbe,too_large,0,0,0.0,max_dim=0.775,not_suitable,not_suitable,not_suitable,not_suitable,not_suitable,not_suitable
nightstand,uudzva,too_large,0,0,0.0,max_dim=0.700,not_suitable,not_suitable,not_suitable,not_suitable,not_suitable,not_suitable
nightstand,uzxrlg,too_large,0,0,0.0,max_dim=0.775,not_suitable,not_suitable,not_suitable,not_suitable,not_suitable,not_suitable
nightstand,wbxekb,too_large,0,0,0.0,max_dim=0.776,not_suitable,not_suitable,not_suitable,not_suitable,not_suitable,not_suitable
noodle_jar,tmjxno,no_grasp,200,0,4.0,max_dim=0.204,possible,not_suitable,possible,not_suitable,perfect,possible
notebook,aanuhi,no_grasp,200,0,1.6,max_dim=0.151,not_suitable,perfect,not_suitable,not_suitable,possible,not_suitable
notebook,bnsvvw,no_grasp,200,0,1.5,max_dim=0.308,not_suitable,perfect,not_suitable,not_suitable,possible,not_suitable
notebook,djtnsj,not_ready,0,0,0.0,max_dim=0.220,not_suitable,perfect,not_suitable,not_suitable,possible,not_suitable
notebook,dlhxxl,no_grasp,200,0,1.5,max_dim=0.121,not_suitable,perfect,not_suitable,not_suitable,possible,not_suitable
notebook,eijrqw,no_grasp,200,0,1.7,max_dim=0.205,not_suitable,perfect,not_suitable,not_suitable,possible,not_suitable
notebook,fckzgw,no_grasp,200,0,1.6,max_dim=0.276,not_suitable,perfect,not_suitable,not_suitable,possible,not_suitable
notebook,ffdjzp,no_grasp,200,0,1.5,max_dim=0.251,not_suitable,perfect,not_suitable,not_suitable,possible,not_suitable
notebook,flpxdx,no_grasp,200,0,1.5,max_dim=0.308,not_suitable,perfect,not_suitable,not_suitable,possible,not_suitable
notebook,gqkaqu,no_grasp,200,0,1.5,max_dim=0.163,not_suitable,perfect,not_suitable,not_suitable,possible,not_suitable
notebook,hwhisw,no_grasp,200,0,1.5,max_dim=0.296,not_suitable,perfect,not_suitable,not_suitable,possible,not_suitable
notebook,ioaxit,no_grasp,200,0,1.5,max_dim=0.308,not_suitable,perfect,not_suitable,not_suitable,possible,not_suitable
notebook,jxabmj,no_grasp,200,0,1.5,max_dim=0.169,not_suitable,perfect,not_suitable,not_suitable,possible,not_suitable
notebook,jzwprb,no_grasp,200,0,1.5,max_dim=0.308,not_suitable,perfect,not_suitable,not_suitable,possible,not_suitable
notebook,kchdrf,no_grasp,200,0,1.5,max_dim=0.308,not_suitable,perfect,not_suitable,not_suitable,possible,not_suitable
notebook,ksxknp,no_grasp,200,0,1.7,max_dim=0.110,not_suitable,perfect,not_suitable,not_suitable,possible,not_suitable
notebook,mtveio,no_grasp,200,0,1.5,max_dim=0.367,not_suitable,perfect,not_suitable,not_suitable,possible,not_suitable
notebook,nxegkh,no_grasp,200,0,1.5,max_dim=0.308,not_suitable,perfect,not_suitable,not_suitable,possible,not_suitable
notebook,qehiwi,not_ready,0,0,0.0,max_dim=0.162,not_suitable,perfect,not_suitable,not_suitable,possible,not_suitable
notebook,qwhiqc,graspable,200,5,29.7,max_dim=0.213,not_suitable,perfect,not_suitable,not_suitable,possible,not_suitable
notebook,rwhloa,graspable,200,5,74.2,max_dim=0.308,not_suitable,perfect,not_suitable,not_suitable,possible,not_suitable
notebook,sommfe,graspable,200,5,27.3,max_dim=0.240,not_suitable,perfect,not_suitable,not_suitable,possible,not_suitable
notebook,svisnb,graspable,200,5,19.3,max_dim=0.193,not_suitable,perfect,not_suitable,not_suitable,possible,not_suitable
notebook,tbzucx,graspable,200,5,22.7,max_dim=0.291,not_suitable,perfect,not_suitable,not_suitable,possible,not_suitable
notebook,tshsaq,graspable,200,5,24.0,max_dim=0.307,not_suitable,perfect,not_suitable,not_suitable,possible,not_suitable
notebook,ugpged,graspable,200,5,26.1,max_dim=0.308,not_suitable,perfect,not_suitable,not_suitable,possible,not_suitable
notebook,ukdkpe,graspable,200,5,26.1,max_dim=0.308,not_suitable,perfect,not_suitable,not_suitable,possible,not_suitable
notebook,umxsmd,graspable,200,5,19.8,max_dim=0.110,not_suitable,perfect,not_suitable,not_suitable,possible,not_suitable
notebook,vicgic,graspable,200,5,60.5,max_dim=0.308,not_suitable,perfect,not_suitable,not_suitable,possible,not_suitable
notebook,xdnswn,graspable,200,5,25.8,max_dim=0.209,not_suitable,perfect,not_suitable,not_suitable,possible,not_suitable
notebook,xhigou,graspable,200,5,15.2,max_dim=0.155,not_suitable,perfect,not_suitable,not_suitable,possible,not_suitable
notebook,xpqslr,graspable,200,1,98.5,max_dim=0.308,not_suitable,perfect,not_suitable,not_suitable,possible,not_suitable
notebook,yibctu,no_grasp,200,0,9.5,max_dim=0.292,not_suitable,perfect,not_suitable,not_suitable,possible,not_suitable
notebook,ylrwil,no_grasp,200,0,1.6,max_dim=0.263,not_suitable,perfect,not_suitable,not_suitable,possible,not_suitable
notebook,yzopor,no_grasp,200,0,1.5,max_dim=0.308,not_suitable,perfect,not_suitable,not_suitable,possible,not_suitable
notebook,zkmmnf,no_grasp,200,0,1.6,max_dim=0.127,not_suitable,perfect,not_suitable,not_suitable,possible,not_suitable
notebook,zkpswz,no_grasp,200,0,1.6,max_dim=0.122,not_suitable,perfect,not_suitable,not_suitable,possible,not_suitable
notepad,awcyha,no_grasp,200,0,1.6,max_dim=0.329,not_suitable,perfect,not_suitable,not_suitable,possible,not_suitable
notepad,hirdfd,no_grasp,200,0,1.6,max_dim=0.345,not_suitable,perfect,not_suitable,not_suitable,possible,not_suitable
notepad,njeocp,no_grasp,200,0,1.5,max_dim=0.260,not_suitable,perfect,not_suitable,not_suitable,possible,not_suitable
notepad,oaikde,no_grasp,200,0,1.5,max_dim=0.189,not_suitable,perfect,not_suitable,not_suitable,possible,not_suitable
notepad,rvevdj,no_grasp,200,0,1.5,max_dim=0.257,not_suitable,perfect,not_suitable,not_suitable,possible,not_suitable
nutmeg_shaker,truuld,no_grasp,200,0,2.7,max_dim=0.160,possible,not_suitable,not_suitable,not_suitable,perfect,not_suitable
oat_box,xdhysb,not_ready,0,0,0.0,max_dim=0.204,not_suitable,not_suitable,not_suitable,not_suitable,possible,not_suitable
octopus,nmgedh,no_grasp,200,0,2.3,max_dim=0.105,not_suitable,not_suitable,not_suitable,possible,not_suitable,not_suitable
oden_cooker,fjpams,too_large,0,0,0.0,max_dim=0.655,not_suitable,not_suitable,perfect,not_suitable,not_suitable,perfect
oil_bottle,gcixra,graspable,200,5,14.8,max_dim=0.163,possible,not_suitable,possible,not_suitable,possible,not_suitable
oil_bottle,yoxfyu,not_ready,0,0,0.0,max_dim=0.276,possible,not_suitable,possible,not_suitable,possible,not_suitable
okra,mopall,not_ready,0,0,0.0,max_dim=0.096,not_suitable,not_suitable,not_suitable,perfect,not_suitable,not_suitable
okra,oezxso,not_ready,0,0,0.0,max_dim=0.099,not_suitable,not_suitable,not_suitable,perfect,not_suitable,not_suitable
okra,oibmms,not_ready,0,0,0.0,max_dim=0.081,not_suitable,not_suitable,not_suitable,perfect,not_suitable,not_suitable
olive,ghjddf,not_ready,0,0,0.0,max_dim=0.027,not_suitable,not_suitable,not_suitable,perfect,not_suitable,not_suitable
olive,gtitsg,graspable,200,5,10.3,max_dim=0.027,not_suitable,not_suitable,not_suitable,perfect,not_suitable,not_suitable
olive,mhnfdr,not_ready,0,0,0.0,max_dim=0.024,not_suitable,not_suitable,not_suitable,perfect,not_suitable,not_suitable
olive,npbtjs,graspable,200,5,10.9,max_dim=0.024,not_suitable,not_suitable,not_suitable,perfect,not_suitable,not_suitable
olive,rstwkd,not_ready,0,0,0.0,max_dim=0.026,not_suitable,not_suitable,not_suitable,perfect,not_suitable,not_suitable
olive,rzktwr,not_ready,0,0,0.0,max_dim=0.024,not_suitable,not_suitable,not_suitable,perfect,not_suitable,not_suitable
olive_oil_bottle,zfvhus,not_ready,0,0,0.0,max_dim=0.276,possible,not_suitable,possible,not_suitable,possible,not_suitable
omelet,bnetuu,graspable,200,5,21.0,max_dim=0.218,not_suitable,not_suitable,not_suitable,perfect,not_suitable,not_suitable
onesie,pbytey,too_large,0,0,0.0,max_dim=1.290,not_suitable,not_suitable,not_suitable,not_suitable,not_suitable,not_suitable
onion_powder_shaker,rrlopw,not_ready,0,0,0.0,max_dim=0.160,possible,not_suitable,not_suitable,not_suitable,perfect,not_suitable
open_end_wrench,klnawb,graspable,200,5,21.1,max_dim=0.212,not_suitable,not_suitable,not_suitable,not_suitable,possible,not_suitable
openable_window,agoayg,too_large,0,0,0.0,max_dim=1.742,not_suitable,not_suitable,not_suitable,not_suitable,not_suitable,not_suitable
openable_window,bhwwja,too_large,0,0,0.0,max_dim=1.001,not_suitable,not_suitable,not_suitable,not_suitable,not_suitable,not_suitable
openable_window,bpmpuw,too_large,0,0,0.0,max_dim=2.095,not_suitable,not_suitable,not_suitable,not_suitable,not_suitable,not_suitable
openable_window,bxydsr,too_large,0,0,0.0,max_dim=1.524,not_suitable,not_suitable,not_suitable,not_suitable,not_suitable,not_suitable
openable_window,cbudyv,too_large,0,0,0.0,max_dim=3.004,not_suitable,not_suitable,not_suitable,not_suitable,not_suitable,not_suitable
openable_window,dlficn,too_large,0,0,0.0,max_dim=1.078,not_suitable,not_suitable,not_suitable,not_suitable,not_suitable,not_suitable
openable_window,dpngol,too_large,0,0,0.0,max_dim=3.830,not_suitable,not_suitable,not_suitable,not_suitable,not_suitable,not_suitable
openable_window,eyvzfu,too_large,0,0,0.0,max_dim=2.840,not_suitable,not_suitable,not_suitable,not_suitable,not_suitable,not_suitable
openable_window,fufios,too_large,0,0,0.0,max_dim=1.016,not_suitable,not_suitable,not_suitable,not_suitable,not_suitable,not_suitable
openable_window,inmymj,too_large,0,0,0.0,max_dim=1.830,not_suitable,not_suitable,not_suitable,not_suitable,not_suitable,not_suitable
openable_window,irfkql,too_large,0,0,0.0,max_dim=1.109,not_suitable,not_suitable,not_suitable,not_suitable,not_suitable,not_suitable
openable_window,ithrgo,too_large,0,0,0.0,max_dim=1.524,not_suitable,not_suitable,not_suitable,not_suitable,not_suitable,not_suitable
openable_window,iwcqsz,too_large,0,0,0.0,max_dim=0.950,not_suitable,not_suitable,not_suitable,not_suitable,not_suitable,not_suitable
openable_window,jdxnzi,too_large,0,0,0.0,max_dim=1.622,not_suitable,not_suitable,not_suitable,not_suitable,not_suitable,not_suitable
openable_window,jongdb,too_large,0,0,0.0,max_dim=1.618,not_suitable,not_suitable,not_suitable,not_suitable,not_suitable,not_suitable
openable_window,jpftow,too_large,0,0,0.0,max_dim=2.284,not_suitable,not_suitable,not_suitable,not_suitable,not_suitable,not_suitable
openable_window,jzxtbv,too_large,0,0,0.0,max_dim=0.764,not_suitable,not_suitable,not_suitable,not_suitable,not_suitable,not_suitable
openable_window,mfiens,too_large,0,0,0.0,max_dim=1.615,not_suitable,not_suitable,not_suitable,not_suitable,not_suitable,not_suitable
openable_window,mjssrd,too_large,0,0,0.0,max_dim=0.748,not_suitable,not_suitable,not_suitable,not_suitable,not_suitable,not_suitable
openable_window,nirntp,too_large,0,0,0.0,max_dim=1.830,not_suitable,not_suitable,not_suitable,not_suitable,not_suitable,not_suitable
openable_window,ntlgsx,too_large,0,0,0.0,max_dim=1.618,not_suitable,not_suitable,not_suitable,not_suitable,not_suitable,not_suitable
openable_window,qdkcdn,too_large,0,0,0.0,max_dim=1.321,not_suitable,not_suitable,not_suitable,not_suitable,not_suitable,not_suitable
openable_window,rgmujm,too_large,0,0,0.0,max_dim=1.660,not_suitable,not_suitable,not_suitable,not_suitable,not_suitable,not_suitable
openable_window,subxdn,too_large,0,0,0.0,max_dim=0.828,not_suitable,not_suitable,not_suitable,not_suitable,not_suitable,not_suitable
openable_window,tflzbx,too_large,0,0,0.0,max_dim=1.021,not_suitable,not_suitable,not_suitable,not_suitable,not_suitable,not_suitable
openable_window,tuztdv,too_large,0,0,0.0,max_dim=1.018,not_suitable,not_suitable,not_suitable,not_suitable,not_suitable,not_suitable
openable_window,ulnafj,too_large,0,0,0.0,max_dim=0.918,not_suitable,not_suitable,not_suitable,not_suitable,not_suitable,not_suitable
openable_window,uzxlbr,too_large,0,0,0.0,max_dim=2.182,not_suitable,not_suitable,not_suitable,not_suitable,not_suitable,not_suitable
openable_window,wwhydr,too_large,0,0,0.0,max_dim=1.834,not_suitable,not_suitable,not_suitable,not_suitable,not_suitable,not_suitable
openable_window,xljwun,too_large,0,0,0.0,max_dim=2.818,not_suitable,not_suitable,not_suitable,not_suitable,not_suitable,not_suitable
openable_window,yorgot,too_large,0,0,0.0,max_dim=1.398,not_suitable,not_suitable,not_suitable,not_suitable,not_suitable,not_suitable
orange,cwcefi,not_ready,0,0,0.0,max_dim=0.111,possible,not_suitable,not_suitable,perfect,possible,not_suitable
orange,nlygru,graspable,200,5,11.8,max_dim=0.087,possible,not_suitable,not_suitable,perfect,possible,not_suitable
orange,ucstpm,graspable,200,5,11.3,max_dim=0.085,possible,not_suitable,not_suitable,perfect,possible,not_suitable
orange_juice_carton,jjlfla,graspable,200,5,16.0,max_dim=0.305;manual_override,possible,not_suitable,possible,not_suitable,possible,possible
ottoman,hnmndv,too_large,0,0,0.0,max_dim=1.474,not_suitable,not_suitable,not_suitable,not_suitable,not_suitable,not_suitable
ottoman,lsaxch,too_large,0,0,0.0,max_dim=0.821,not_suitable,not_suitable,not_suitable,not_suitable,not_suitable,not_suitable
ottoman,miftfy,graspable,200,5,42.2,max_dim=0.406,not_suitable,not_suitable,not_suitable,not_suitable,not_suitable,not_suitable
ottoman,mjmkdw,too_large,0,0,0.0,max_dim=0.976,not_suitable,not_suitable,not_suitable,not_suitable,not_suitable,not_suitable
ottoman,qsnawv,no_grasp,0,0,0.8,max_dim=0.453,not_suitable,not_suitable,not_suitable,not_suitable,not_suitable,not_suitable
ottoman,wkmbra,too_large,0,0,0.0,max_dim=0.543,not_suitable,not_suitable,not_suitable,not_suitable,not_suitable,not_suitable
ottoman,xcmniq,too_large,0,0,0.0,max_dim=0.664,not_suitable,not_suitable,not_suitable,not_suitable,not_suitable,not_suitable
ottoman,xcuyiw,too_large,0,0,0.0,max_dim=1.323,not_suitable,not_suitable,not_suitable,not_suitable,not_suitable,not_suitable
ottoman,ycfbsd,too_large,0,0,0.0,max_dim=0.597,not_suitable,not_suitable,not_suitable,not_suitable,not_suitable,not_suitable
outlet,alwlfr,graspable,200,5,51.2,max_dim=0.122,not_suitable,not_suitable,not_suitable,not_suitable,not_suitable,not_suitable
outlet,ndmqrv,graspable,200,5,23.9,max_dim=0.162,not_suitable,not_suitable,not_suitable,not_suitable,not_suitable,not_suitable
outlet,obxxkt,graspable,200,5,38.4,max_dim=0.114,not_suitable,not_suitable,not_suitable,not_suitable,not_suitable,not_suitable
outlet,pqgeot,graspable,200,5,26.7,max_dim=0.114,not_suitable,not_suitable,not_suitable,not_suitable,not_suitable,not_suitable
outlet,rdinfq,graspable,200,5,37.5,max_dim=0.116,not_suitable,not_suitable,not_suitable,not_suitable,not_suitable,not_suitable
outlet,ushowc,graspable,200,5,34.0,max_dim=0.116,not_suitable,not_suitable,not_suitable,not_suitable,not_suitable,not_suitable
outline_tray,mmegts,graspable,200,5,11.5,max_dim=0.276,not_suitable,possible,not_suitable,not_suitable,possible,not_suitable
outline_vase,pqsamn,graspable,200,5,13.4,max_dim=0.192,possible,not_suitable,possible,not_suitable,possible,possible
outline_vase,szsudo,graspable,200,5,48.9,max_dim=0.364,possible,not_suitable,possible,not_suitable,possible,possible
outline_vase,wmuysk,graspable,200,5,55.1,max_dim=0.200,possible,not_suitable,possible,not_suitable,possible,possible
oven,amblrk,too_large,0,0,0.0,max_dim=1.672,not_suitable,not_suitable,not_suitable,not_suitable,not_suitable,not_suitable
oven,cgtaer,too_large,0,0,0.0,max_dim=1.297,not_suitable,not_suitable,not_suitable,not_suitable,not_suitable,not_suitable
oven,fexqbj,too_large,0,0,0.0,max_dim=0.604,not_suitable,not_suitable,not_suitable,not_suitable,not_suitable,not_suitable
oven,ffitak,too_large,0,0,0.0,max_dim=0.595,not_suitable,not_suitable,not_suitable,not_suitable,not_suitable,not_suitable
oven,hxorzh,too_large,0,0,0.0,max_dim=0.768,not_suitable,not_suitable,not_suitable,not_suitable,not_suitable,not_suitable
oven,kenajw,too_large,0,0,0.0,max_dim=0.635,not_suitable,not_suitable,not_suitable,not_suitable,not_suitable,not_suitable
oven,kfftgk,too_large,0,0,0.0,max_dim=0.536,not_suitable,not_suitable,not_suitable,not_suitable,not_suitable,not_suitable
oven,leqtlc,too_large,0,0,0.0,max_dim=0.525,not_suitable,not_suitable,not_suitable,not_suitable,not_suitable,not_suitable
oven,nkxhvf,too_large,0,0,0.0,max_dim=0.845,not_suitable,not_suitable,not_suitable,not_suitable,not_suitable,not_suitable
oven,nvqqkv,too_large,0,0,0.0,max_dim=0.679,not_suitable,not_suitable,not_suitable,not_suitable,not_suitable,not_suitable
oven,qriitd,too_large,0,0,0.0,max_dim=0.525,not_suitable,not_suitable,not_suitable,not_suitable,not_suitable,not_suitable
oven,qygclv,too_large,0,0,0.0,max_dim=0.768,not_suitable,not_suitable,not_suitable,not_suitable,not_suitable,not_suitable
oven,rwuazb,too_large,0,0,0.0,max_dim=0.535,not_suitable,not_suitable,not_suitable,not_suitable,not_suitable,not_suitable
oven,tllnvs,too_large,0,0,0.0,max_dim=0.525,not_suitable,not_suitable,not_suitable,not_suitable,not_suitable,not_suitable
oven,vduyjh,too_large,0,0,0.0,max_dim=0.813,not_suitable,not_suitable,not_suitable,not_suitable,not_suitable,not_suitable
oven,wuinhm,too_large,0,0,0.0,max_dim=0.699,not_suitable,not_suitable,not_suitable,not_suitable,not_suitable,not_suitable
oyster,enzocs,graspable,200,5,12.1,max_dim=0.112,not_suitable,not_suitable,not_suitable,possible,not_suitable,not_suitable
pack_of_bread,fckfij,graspable,200,5,12.8,max_dim=0.300,not_suitable,not_suitable,not_suitable,not_suitable,possible,not_suitable
pack_of_bread,sfupqo,graspable,200,5,53.1,max_dim=0.276,not_suitable,not_suitable,not_suitable,not_suitable,possible,not_suitable
pack_of_bread,wjbnfu,graspable,200,5,64.6,max_dim=0.248,not_suitable,not_suitable,not_suitable,not_suitable,possible,not_suitable
pack_of_bread,yehtiv,graspable,200,5,24.9,max_dim=0.246,not_suitable,not_suitable,not_suitable,not_suitable,possible,not_suitable
pack_of_chocolate_bar,bxgewr,graspable,200,5,23.0,max_dim=0.100,not_suitable,not_suitable,not_suitable,not_suitable,possible,not_suitable
pack_of_chocolate_bar,tidcst,graspable,200,5,25.6,max_dim=0.098,not_suitable,not_suitable,not_suitable,not_suitable,possible,not_suitable
pack_of_chocolate_bar,wgrkhn,graspable,200,5,16.0,max_dim=0.063,not_suitable,not_suitable,not_suitable,not_suitable,possible,not_suitable
pack_of_cigarettes,ajphvf,graspable,200,5,26.3,max_dim=0.110,not_suitable,not_suitable,not_suitable,not_suitable,possible,not_suitable
pack_of_cigarettes,cfmlhf,graspable,200,5,23.1,max_dim=0.110,not_suitable,not_suitable,not_suitable,not_suitable,possible,not_suitable
pack_of_cigarettes,dthkix,graspable,200,5,19.6,max_dim=0.110,not_suitable,not_suitable,not_suitable,not_suitable,possible,not_suitable
pack_of_cigarettes,ghbqav,graspable,200,5,22.4,max_dim=0.110,not_suitable,not_suitable,not_suitable,not_suitable,possible,not_suitable
pack_of_cigarettes,gzxueq,graspable,200,5,20.3,max_dim=0.110,not_suitable,not_suitable,not_suitable,not_suitable,possible,not_suitable
pack_of_cigarettes,hmhqkq,graspable,200,5,18.7,max_dim=0.110,not_suitable,not_suitable,not_suitable,not_suitable,possible,not_suitable
pack_of_cigarettes,ipmejr,graspable,200,5,28.9,max_dim=0.110,not_suitable,not_suitable,not_suitable,not_suitable,possible,not_suitable
pack_of_cigarettes,kienyo,graspable,200,5,11.5,max_dim=0.125,not_suitable,not_suitable,not_suitable,not_suitable,possible,not_suitable
pack_of_cigarettes,ohpqua,graspable,200,5,14.7,max_dim=0.125,not_suitable,not_suitable,not_suitable,not_suitable,possible,not_suitable
pack_of_cigarettes,ppbmak,graspable,200,5,29.2,max_dim=0.110,not_suitable,not_suitable,not_suitable,not_suitable,possible,not_suitable
pack_of_cigarettes,qabdgg,graspable,200,5,11.7,max_dim=0.125,not_suitable,not_suitable,not_suitable,not_suitable,possible,not_suitable
pack_of_cigarettes,qldhnm,graspable,200,5,11.9,max_dim=0.110,not_suitable,not_suitable,not_suitable,not_suitable,possible,not_suitable
pack_of_cigarettes,rmrubd,graspable,200,5,10.4,max_dim=0.125,not_suitable,not_suitable,not_suitable,not_suitable,possible,not_suitable
pack_of_cigarettes,tngixy,graspable,200,5,12.1,max_dim=0.125,not_suitable,not_suitable,not_suitable,not_suitable,possible,not_suitable
pack_of_cigarettes,wjfbhw,graspable,200,5,10.6,max_dim=0.126,not_suitable,not_suitable,not_suitable,not_suitable,possible,not_suitable
pack_of_cigarettes,wpmpcf,graspable,200,5,20.9,max_dim=0.110,not_suitable,not_suitable,not_suitable,not_suitable,possible,not_suitable
pack_of_ground_beef,ctmcjn,graspable,200,5,36.0,max_dim=0.231,not_suitable,not_suitable,not_suitable,possible,possible,not_suitable
pack_of_kielbasa,bhkkiq,graspable,200,5,14.9,max_dim=0.130,not_suitable,not_suitable,not_suitable,possible,possible,not_suitable
pack_of_kielbasa,biokqz,graspable,200,5,30.5,max_dim=0.161,not_suitable,not_suitable,not_suitable,possible,possible,not_suitable
pack_of_kielbasa,bzlsuh,graspable,200,5,65.7,max_dim=0.190,not_suitable,not_suitable,not_suitable,possible,possible,not_suitable
pack_of_kielbasa,ckzejj,graspable,200,5,20.2,max_dim=0.133,not_suitable,not_suitable,not_suitable,possible,possible,not_suitable
pack_of_kielbasa,dgodnn,graspable,200,5,28.9,max_dim=0.221,not_suitable,not_suitable,not_suitable,possible,possible,not_suitable
pack_of_kielbasa,femhoz,graspable,200,5,63.9,max_dim=0.236,not_suitable,not_suitable,not_suitable,possible,possible,not_suitable
pack_of_kielbasa,fwqdoy,graspable,200,5,18.1,max_dim=0.260,not_suitable,not_suitable,not_suitable,possible,possible,not_suitable
pack_of_kielbasa,gmwwsh,graspable,200,5,38.4,max_dim=0.201,not_suitable,not_suitable,not_suitable,possible,possible,not_suitable
pack_of_kielbasa,herxxh,graspable,200,5,12.5,max_dim=0.130,not_suitable,not_suitable,not_suitable,possible,possible,not_suitable
pack_of_kielbasa,ktjjlo,graspable,200,5,30.0,max_dim=0.171,not_suitable,not_suitable,not_suitable,possible,possible,not_suitable
pack_of_kielbasa,lwrdjd,graspable,200,5,15.2,max_dim=0.130,not_suitable,not_suitable,not_suitable,possible,possible,not_suitable
pack_of_kielbasa,nhkuzn,graspable,200,5,31.1,max_dim=0.311,not_suitable,not_suitable,not_suitable,possible,possible,not_suitable
pack_of_kielbasa,nqtltw,graspable,200,5,71.3,max_dim=0.233,not_suitable,not_suitable,not_suitable,possible,possible,not_suitable
pack_of_kielbasa,qwdfea,graspable,200,5,19.1,max_dim=0.155,not_suitable,not_suitable,not_suitable,possible,possible,not_suitable
pack_of_kielbasa,rvhpal,graspable,200,5,27.4,max_dim=0.257,not_suitable,not_suitable,not_suitable,possible,possible,not_suitable
pack_of_kielbasa,twgpur,graspable,200,5,46.6,max_dim=0.307,not_suitable,not_suitable,not_suitable,possible,possible,not_suitable
pack_of_pasta,gwqhko,graspable,200,5,23.0,max_dim=0.238,not_suitable,not_suitable,not_suitable,not_suitable,possible,not_suitable
pack_of_protein_powder,rikjwx,graspable,200,5,56.9,max_dim=0.163,not_suitable,not_suitable,not_suitable,not_suitable,possible,not_suitable
pack_of_protein_powder,tpcsve,graspable,200,5,87.8,max_dim=0.160,not_suitable,not_suitable,not_suitable,not_suitable,possible,not_suitable
pack_of_ramen,bcfzfr,not_ready,0,0,0.0,max_dim=0.178,not_suitable,not_suitable,not_suitable,not_suitable,possible,not_suitable
pack_of_ramen,fqnsjp,not_ready,0,0,0.0,max_dim=0.177,not_suitable,not_suitable,not_suitable,not_suitable,possible,not_suitable
pack_of_ramen,ptxndt,not_ready,0,0,0.0,max_dim=0.180,not_suitable,not_suitable,not_suitable,not_suitable,possible,not_suitable
package,mvvnqm,graspable,200,5,49.8,max_dim=0.301,not_suitable,not_suitable,not_suitable,not_suitable,possible,not_suitable
packing_box,cjhskr,no_grasp,0,0,0.7,max_dim=0.468,not_suitable,not_suitable,not_suitable,not_suitable,not_suitable,not_suitable
paddle,gvgbcp,too_large,0,0,0.0,max_dim=2.131,not_suitable,not_suitable,not_suitable,not_suitable,not_suitable,not_suitable
paint_roller,jcqwrt,graspable,200,5,42.2,max_dim=0.415,not_suitable,not_suitable,not_suitable,not_suitable,not_suitable,not_suitable
paint_roller,nbwihe,too_large,0,0,0.0,max_dim=1.540,not_suitable,not_suitable,not_suitable,not_suitable,not_suitable,not_suitable
paintbrush,gngyrk,graspable,200,5,26.6,max_dim=0.144,not_suitable,not_suitable,not_suitable,not_suitable,possible,not_suitable
paintbrush,tivzcl,graspable,200,5,53.3,max_dim=0.219,not_suitable,not_suitable,not_suitable,not_suitable,possible,not_suitable
painting,cjrilr,too_large,0,0,0.0,max_dim=3.310,not_suitable,not_suitable,not_suitable,not_suitable,not_suitable,not_suitable
painting,dacihj,too_large,0,0,0.0,max_dim=0.502,not_suitable,not_suitable,not_suitable,not_suitable,not_suitable,not_suitable
painting,eexydp,too_large,0,0,0.0,max_dim=1.218,not_suitable,not_suitable,not_suitable,not_suitable,not_suitable,not_suitable
painting,ejhanr,too_large,0,0,0.0,max_dim=1.039,not_suitable,not_suitable,not_suitable,not_suitable,not_suitable,not_suitable
painting,fmcgul,graspable,200,3,107.9,max_dim=0.271,not_suitable,not_suitable,not_suitable,not_suitable,not_suitable,not_suitable
painting,fmlmox,graspable,200,5,55.5,max_dim=0.183,not_suitable,not_suitable,not_suitable,not_suitable,not_suitable,not_suitable
painting,fqlxxd,too_large,0,0,0.0,max_dim=1.489,not_suitable,not_suitable,not_suitable,not_suitable,not_suitable,not_suitable
painting,fwuole,too_large,0,0,0.0,max_dim=1.129,not_suitable,not_suitable,not_suitable,not_suitable,not_suitable,not_suitable
painting,fyoxcq,no_grasp,200,0,103.3,max_dim=0.359,not_suitable,not_suitable,not_suitable,not_suitable,not_suitable,not_suitable
painting,gardkz,graspable,200,2,103.0,max_dim=0.324,not_suitable,not_suitable,not_suitable,not_suitable,not_suitable,not_suitable
painting,ggloob,no_grasp,200,0,95.5,max_dim=0.300,not_suitable,not_suitable,not_suitable,not_suitable,not_suitable,not_suitable
painting,ifdzgs,graspable,200,3,109.0,max_dim=0.325,not_suitable,not_suitable,not_suitable,not_suitable,not_suitable,not_suitable
painting,ixbmia,too_large,0,0,0.0,max_dim=0.706,not_suitable,not_suitable,not_suitable,not_suitable,not_suitable,not_suitable
painting,jayvqq,graspable,200,1,99.0,max_dim=0.355,not_suitable,not_suitable,not_suitable,not_suitable,not_suitable,not_suitable
painting,jfkvxh,too_large,0,0,0.0,max_dim=1.073,not_suitable,not_suitable,not_suitable,not_suitable,not_suitable,not_suitable
painting,jreujf,too_large,0,0,0.0,max_dim=1.808,not_suitable,not_suitable,not_suitable,not_suitable,not_suitable,not_suitable
painting,jwqlzb,graspable,200,5,111.6,max_dim=0.251,not_suitable,not_suitable,not_suitable,not_suitable,not_suitable,not_suitable
painting,jykkya,too_large,0,0,0.0,max_dim=0.781,not_suitable,not_suitable,not_suitable,not_suitable,not_suitable,not_suitable
painting,ljabhq,too_large,0,0,0.0,max_dim=0.586,not_suitable,not_suitable,not_suitable,not_suitable,not_suitable,not_suitable
painting,lxirlt,too_large,0,0,0.0,max_dim=1.799,not_suitable,not_suitable,not_suitable,not_suitable,not_suitable,not_suitable
painting,msquxr,graspable,200,5,95.2,max_dim=0.149,not_suitable,not_suitable,not_suitable,not_suitable,not_suitable,not_suitable
painting,oegvpy,too_large,0,0,0.0,max_dim=5.561,not_suitable,not_suitable,not_suitable,not_suitable,not_suitable,not_suitable
painting,pefmap,graspable,200,2,98.0,max_dim=0.355,not_suitable,not_suitable,not_suitable,not_suitable,not_suitable,not_suitable
painting,pqsidc,too_large,0,0,0.0,max_dim=1.039,not_suitable,not_suitable,not_suitable,not_suitable,not_suitable,not_suitable
painting,pwklyc,too_large,0,0,0.0,max_dim=2.935,not_suitable,not_suitable,not_suitable,not_suitable,not_suitable,not_suitable
painting,qvmegb,too_large,0,0,0.0,max_dim=0.886,not_suitable,not_suitable,not_suitable,not_suitable,not_suitable,not_suitable
painting,rmsbpu,too_large,0,0,0.0,max_dim=7.785,not_suitable,not_suitable,not_suitable,not_suitable,not_suitable,not_suitable
painting,tkcdhf,graspable,200,1,107.2,max_dim=0.496,not_suitable,not_suitable,not_suitable,not_suitable,not_suitable,not_suitable
painting,tpmcuj,too_large,0,0,0.0,max_dim=0.713,not_suitable,not_suitable,not_suitable,not_suitable,not_suitable,not_suitable
painting,tqlvuf,no_grasp,200,0,97.8,max_dim=0.494,not_suitable,not_suitable,not_suitable,not_suitable,not_suitable,not_suitable
painting,twvyzs,graspable,200,1,90.1,max_dim=0.300,not_suitable,not_suitable,not_suitable,not_suitable,not_suitable,not_suitable
painting,uzhuyu,graspable,200,1,93.8,max_dim=0.300,not_suitable,not_suitable,not_suitable,not_suitable,not_suitable,not_suitable
painting,wduwwo,graspable,200,2,95.4,max_dim=0.324,not_suitable,not_suitable,not_suitable,not_suitable,not_suitable,not_suitable
painting,wlrptk,graspable,200,1,96.8,max_dim=0.289,not_suitable,not_suitable,not_suitable,not_suitable,not_suitable,not_suitable
painting,wwnloz,graspable,200,2,125.5,max_dim=0.155,not_suitable,not_suitable,not_suitable,not_suitable,not_suitable,not_suitable
painting,xlzxry,too_large,0,0,0.0,max_dim=0.771,not_suitable,not_suitable,not_suitable,not_suitable,not_suitable,not_suitable
painting,xpxncg,graspable,200,5,120.4,max_dim=0.336,not_suitable,not_suitable,not_suitable,not_suitable,not_suitable,not_suitable
painting,xxmpoi,too_large,0,0,0.0,max_dim=2.935,not_suitable,not_suitable,not_suitable,not_suitable,not_suitable,not_suitable
painting,zfyrna,too_large,0,0,0.0,max_dim=0.873,not_suitable,not_suitable,not_suitable,not_suitable,not_suitable,not_suitable
pajamas,rcgdde,too_large,0,0,0.0,max_dim=0.734,not_suitable,not_suitable,not_suitable,not_suitable,not_suitable,not_suitable
pallet,autwkf,too_large,0,0,0.0,max_dim=1.075,not_suitable,not_suitable,not_suitable,not_suitable,not_suitable,not_suitable
pants,tnirgd,too_large,0,0,0.0,max_dim=0.969,not_suitable,not_suitable,not_suitable,not_suitable,not_suitable,not_suitable
papaya,bwcsvx,graspable,200,5,59.6,max_dim=0.148,not_suitable,not_suitable,not_suitable,perfect,not_suitable,not_suitable
papaya,izjnbc,graspable,200,5,46.5,max_dim=0.161,not_suitable,not_suitable,not_suitable,perfect,not_suitable,not_suitable
papaya,rsoqeq,graspable,200,5,52.1,max_dim=0.149,not_suitable,not_suitable,not_suitable,perfect,not_suitable,not_suitable
papaya,zsdzix,graspable,200,5,32.7,max_dim=0.136,not_suitable,not_suitable,not_suitable,perfect,not_suitable,not_suitable
paper_bag,bzsxgw,graspable,200,5,16.5,max_dim=0.240,not_suitable,not_suitable,not_suitable,not_suitable,possible,not_suitable
paper_bag,ruryqd,graspable,200,5,14.2,max_dim=0.202,not_suitable,not_suitable,not_suitable,not_suitable,possible,not_suitable
paper_bag,wvhmww,too_large,0,0,0.0,max_dim=0.508,not_suitable,not_suitable,not_suitable,not_suitable,possible,not_suitable
paper_clip,xjfirk,not_ready,0,0,0.0,max_dim=0.020,not_suitable,not_suitable,not_suitable,not_suitable,not_suitable,not_suitable
paper_coffee_filter,kizndy,not_ready,0,0,0.0,max_dim=0.140,not_suitable,possible,not_suitable,not_suitable,not_suitable,not_suitable
paper_cup,guobeq,graspable,200,5,15.3,max_dim=0.105,possible,not_suitable,possible,not_suitable,possible,perfect
paper_lantern,cvzqeb,too_large,0,0,0.0,max_dim=2.474,not_suitable,not_suitable,not_suitable,not_suitable,possible,not_suitable
paper_lantern,hcieco,too_large,0,0,0.0,max_dim=0.745,not_suitable,not_suitable,not_suitable,not_suitable,possible,not_suitable
paper_lantern,hgmreo,too_large,0,0,0.0,max_dim=0.611,not_suitable,not_suitable,not_suitable,not_suitable,possible,not_suitable
paper_liners,yvuilk,graspable,200,5,10.6,max_dim=0.081,not_suitable,possible,not_suitable,not_suitable,not_suitable,not_suitable
paper_sheet,afdjfk,graspable,200,5,58.8,max_dim=0.279,not_suitable,perfect,not_suitable,not_suitable,possible,not_suitable
paper_sheet,uqbipw,graspable,200,5,15.2,max_dim=0.290,not_suitable,perfect,not_suitable,not_suitable,possible,not_suitable
paper_towel,mdcnha,not_ready,0,0,0.0,max_dim=0.168,not_suitable,perfect,not_suitable,not_suitable,possible,not_suitable
paper_towel_dispenser,jacqxv,graspable,200,5,56.6,max_dim=0.397,not_suitable,not_suitable,not_suitable,not_suitable,not_suitable,not_suitable
paper_towel_dispenser,lahuhb,no_grasp,200,0,100.4,max_dim=0.397,not_suitable,not_suitable,not_suitable,not_suitable,not_suitable,not_suitable
paper_towel_dispenser,ovwdpz,no_grasp,200,0,110.9,max_dim=0.443,not_suitable,not_suitable,not_suitable,not_suitable,not_suitable,not_suitable
paper_towel_dispenser,tuvnnt,graspable,200,5,27.3,max_dim=0.397,not_suitable,not_suitable,not_suitable,not_suitable,not_suitable,not_suitable
paper_towel_dispenser,zpfghl,graspable,200,5,13.9,max_dim=0.320,not_suitable,not_suitable,not_suitable,not_suitable,not_suitable,not_suitable
paper_towel_holder,rntefx,graspable,200,5,18.2,max_dim=0.211,not_suitable,not_suitable,not_suitable,not_suitable,possible,not_suitable
paperback_book,aubynm,graspable,200,5,92.2,max_dim=0.293,not_suitable,possible,not_suitable,not_suitable,possible,not_suitable
paperback_book,bisnup,graspable,200,5,77.9,max_dim=0.305,not_suitable,possible,not_suitable,not_suitable,possible,not_suitable
paperback_book,eqzjjk,graspable,200,5,99.8,max_dim=0.305,not_suitable,possible,not_suitable,not_suitable,possible,not_suitable
paperback_book,fvzdec,graspable,200,5,43.0,max_dim=0.307,not_suitable,possible,not_suitable,not_suitable,possible,not_suitable
paperback_book,hdhhqo,graspable,200,5,34.2,max_dim=0.222,not_suitable,possible,not_suitable,not_suitable,possible,not_suitable
paperback_book,hrtflt,graspable,200,5,81.1,max_dim=0.309,not_suitable,possible,not_suitable,not_suitable,possible,not_suitable
paperback_book,ixwtnb,graspable,200,5,72.0,max_dim=0.307,not_suitable,possible,not_suitable,not_suitable,possible,not_suitable
paperback_book,jhaltj,graspable,200,5,78.8,max_dim=0.305,not_suitable,possible,not_suitable,not_suitable,possible,not_suitable
paperback_book,ncjkcg,graspable,200,5,95.7,max_dim=0.307,not_suitable,possible,not_suitable,not_suitable,possible,not_suitable
paperback_book,nozsed,not_ready,0,0,0.0,max_dim=0.286,not_suitable,possible,not_suitable,not_suitable,possible,not_suitable
paperback_book,phsgun,graspable,200,5,55.9,max_dim=0.305,not_suitable,possible,not_suitable,not_suitable,possible,not_suitable
paperback_book,rougms,not_ready,0,0,0.0,max_dim=0.254,not_suitable,possible,not_suitable,not_suitable,possible,not_suitable
paperback_book,vciijb,graspable,200,5,65.8,max_dim=0.305,not_suitable,possible,not_suitable,not_suitable,possible,not_suitable
paperback_book,vuploz,not_ready,0,0,0.0,max_dim=0.288,not_suitable,possible,not_suitable,not_suitable,possible,not_suitable
paperback_book,wfcxjv,graspable,200,5,83.0,max_dim=0.289,not_suitable,possible,not_suitable,not_suitable,possible,not_suitable
paperback_book,xhibsy,graspable,200,5,23.7,max_dim=0.242,not_suitable,possible,not_suitable,not_suitable,possible,not_suitable
paperback_book,xtnqza,not_ready,0,0,0.0,max_dim=0.239,not_suitable,possible,not_suitable,not_suitable,possible,not_suitable
paperback_book,xxknda,graspable,200,5,18.5,max_dim=0.209,not_suitable,possible,not_suitable,not_suitable,possible,not_suitable
paperback_book,xzxgfw,graspable,200,5,23.7,max_dim=0.277,not_suitable,possible,not_suitable,not_suitable,possible,not_suitable
paperback_book,ydarnr,graspable,200,5,41.4,max_dim=0.238,not_suitable,possible,not_suitable,not_suitable,possible,not_suitable
paperback_book,yfhdvx,graspable,200,5,76.6,max_dim=0.307,not_suitable,possible,not_suitable,not_suitable,possible,not_suitable
paperback_book,ysbzis,graspable,200,5,46.5,max_dim=0.258,not_suitable,possible,not_suitable,not_suitable,possible,not_suitable
paperback_book,yxujzs,graspable,200,5,50.2,max_dim=0.252,not_suitable,possible,not_suitable,not_suitable,possible,not_suitable
paprika_shaker,nvpttt,graspable,200,5,13.1,max_dim=0.160,possible,not_suitable,not_suitable,not_suitable,perfect,not_suitable
paraffin_wax,nnbvcm,not_ready,0,0,0.0,max_dim=0.134,not_suitable,not_suitable,not_suitable,not_suitable,not_suitable,not_suitable
paraffin_wax,onopqz,not_ready,0,0,0.0,max_dim=0.115,not_suitable,not_suitable,not_suitable,not_suitable,not_suitable,not_suitable
parallel_bars,wnfyin,too_large,0,0,0.0,max_dim=2.260,not_suitable,not_suitable,not_suitable,not_suitable,not_suitable,not_suitable
parer,lwpdhi,graspable,200,5,55.1,max_dim=0.268,not_suitable,not_suitable,not_suitable,not_suitable,possible,not_suitable
parer,zpkhwi,graspable,200,5,51.0,max_dim=0.174,not_suitable,not_suitable,not_suitable,not_suitable,possible,not_suitable
parmesan_shaker,kppzim,graspable,200,5,12.6,max_dim=0.160,possible,not_suitable,not_suitable,not_suitable,perfect,not_suitable
parsley,acotgf,not_ready,0,0,0.0,max_dim=0.041,not_suitable,not_suitable,not_suitable,perfect,not_suitable,not_suitable
parsley,bvekjv,not_ready,0,0,0.0,max_dim=0.022,not_suitable,not_suitable,not_suitable,perfect,not_suitable,not_suitable
parsley,coghab,not_ready,0,0,0.0,max_dim=0.041,not_suitable,not_suitable,not_suitable,perfect,not_suitable,not_suitable
parsley,ipknzh,graspable,200,5,17.0,max_dim=0.057,not_suitable,not_suitable,not_suitable,perfect,not_suitable,not_suitable
parsley,jirtgx,not_ready,0,0,0.0,max_dim=0.023,not_suitable,not_suitable,not_suitable,perfect,not_suitable,not_suitable
parsley,kavoif,not_ready,0,0,0.0,max_dim=0.032,not_suitable,not_suitable,not_suitable,perfect,not_suitable,not_suitable
parsley,kkgkkd,graspable,200,5,10.9,max_dim=0.060,not_suitable,not_suitable,not_suitable,perfect,not_suitable,not_suitable
parsley,nasgbx,not_ready,0,0,0.0,max_dim=0.023,not_suitable,not_suitable,not_suitable,perfect,not_suitable,not_suitable
parsley,nikwgc,graspable,200,5,15.4,max_dim=0.057,not_suitable,not_suitable,not_suitable,perfect,not_suitable,not_suitable
parsley,okmcfy,not_ready,0,0,0.0,max_dim=0.064,not_suitable,not_suitable,not_suitable,perfect,not_suitable,not_suitable
parsley,paksij,not_ready,0,0,0.0,max_dim=0.015,not_suitable,not_suitable,not_suitable,perfect,not_suitable,not_suitable
parsley,rispvj,not_ready,0,0,0.0,max_dim=0.053,not_suitable,not_suitable,not_suitable,perfect,not_suitable,not_suitable
parsnip,fwmatc,graspable,200,5,37.8,max_dim=0.246,not_suitable,not_suitable,not_suitable,perfect,not_suitable,not_suitable
parsnip,invznw,graspable,200,5,70.6,max_dim=0.188,not_suitable,not_suitable,not_suitable,perfect,not_suitable,not_suitable
parsnip,jidpjl,graspable,200,5,26.9,max_dim=0.246,not_suitable,not_suitable,not_suitable,perfect,not_suitable,not_suitable
parsnip,jmxlll,graspable,200,5,52.2,max_dim=0.186,not_suitable,not_suitable,not_suitable,perfect,not_suitable,not_suitable
parsnip,osqisk,graspable,200,5,66.9,max_dim=0.225,not_suitable,not_suitable,not_suitable,perfect,not_suitable,not_suitable
parsnip,racjko,graspable,200,5,50.5,max_dim=0.235,not_suitable,not_suitable,not_suitable,perfect,not_suitable,not_suitable
pasta_box,jaypjo,not_ready,0,0,0.0,max_dim=0.204,not_suitable,not_suitable,not_suitable,not_suitable,possible,not_suitable
pasta_server,kwyoqh,not_ready,0,0,0.0,max_dim=0.307,not_suitable,not_suitable,not_suitable,not_suitable,possible,not_suitable
pasta_server,lmilmj,graspable,200,5,38.2,max_dim=0.333,not_suitable,not_suitable,not_suitable,not_suitable,possible,not_suitable
pastry,bqjjie,not_ready,0,0,0.0,max_dim=0.200,not_suitable,not_suitable,not_suitable,perfect,possible,not_suitable
pastry_cutter,fconda,graspable,200,5,20.7,max_dim=0.162,not_suitable,not_suitable,not_suitable,not_suitable,possible,not_suitable
patty,ejbije,not_ready,0,0,0.0,max_dim=0.089,not_suitable,not_suitable,not_suitable,perfect,not_suitable,not_suitable
pattypan_squash,dybtwb,graspable,200,5,23.3,max_dim=0.212,not_suitable,not_suitable,not_suitable,perfect,not_suitable,not_suitable
paver,eskaca,too_large,0,0,0.0,max_dim=6.595,not_suitable,not_suitable,not_suitable,not_suitable,not_suitable,not_suitable
paver,lmdfdn,too_large,0,0,0.0,max_dim=4.388,not_suitable,not_suitable,not_suitable,not_suitable,not_suitable,not_suitable
paver,sekqqq,too_large,0,0,0.0,max_dim=27.323,not_suitable,not_suitable,not_suitable,not_suitable,not_suitable,not_suitable
paving_stone,yencys,graspable,200,5,60.3,max_dim=0.195,not_suitable,not_suitable,not_suitable,not_suitable,not_suitable,not_suitable
pay_phone,poyfzg,too_large,0,0,0.0,max_dim=0.692,not_suitable,not_suitable,not_suitable,not_suitable,not_suitable,not_suitable
pea_pod,qntgxe,not_ready,0,0,0.0,max_dim=0.117,not_suitable,not_suitable,not_suitable,perfect,not_suitable,not_suitable
peach,wrutgk,graspable,200,5,10.1,max_dim=0.095,not_suitable,not_suitable,not_suitable,perfect,possible,not_suitable
peanut_butter_jar,xdxqxj,no_grasp,200,0,17.6,max_dim=0.204,possible,not_suitable,possible,not_suitable,perfect,possible
pear,clvnqe,no_grasp,200,0,6.1,max_dim=0.093,not_suitable,not_suitable,not_suitable,perfect,possible,not_suitable
pear,ngtwvy,no_grasp,200,0,5.3,max_dim=0.120,not_suitable,not_suitable,not_suitable,perfect,possible,not_suitable
pear,vjqkwh,not_ready,0,0,0.0,max_dim=0.164,not_suitable,not_suitable,not_suitable,perfect,possible,not_suitable
pear,vutulb,no_grasp,200,0,3.6,max_dim=0.125,not_suitable,not_suitable,not_suitable,perfect,possible,not_suitable
pearl,cqumnb,no_grasp,200,0,1.6,max_dim=0.012,not_suitable,not_suitable,not_suitable,not_suitable,not_suitable,not_suitable
pebble,bpwpcd,no_grasp,200,0,1.7,max_dim=0.167,not_suitable,not_suitable,not_suitable,not_suitable,not_suitable,not_suitable
pebble,dwqodj,no_grasp,200,0,1.6,max_dim=0.167,not_suitable,not_suitable,not_suitable,not_suitable,not_suitable,not_suitable
pebble,hgwpzl,no_grasp,200,0,1.9,max_dim=0.134,not_suitable,not_suitable,not_suitable,not_suitable,not_suitable,not_suitable
pedestal,povrmw,too_large,0,0,0.0,max_dim=2.590,not_suitable,not_suitable,not_suitable,not_suitable,not_suitable,not_suitable
pedestal,ussokc,too_large,0,0,0.0,max_dim=1.504,not_suitable,not_suitable,not_suitable,not_suitable,not_suitable,not_suitable
pedestal_sink,ksecxq,too_large,0,0,0.0,max_dim=1.030,not_suitable,not_suitable,not_suitable,not_suitable,not_suitable,not_suitable
pedestal_sink,wikvlp,too_large,0,0,0.0,max_dim=0.927,not_suitable,not_suitable,not_suitable,not_suitable,not_suitable,not_suitable
pedestal_table,aympln,too_large,0,0,0.0,max_dim=0.900,not_suitable,not_suitable,not_suitable,not_suitable,not_suitable,not_suitable
pedestal_table,djflkd,too_large,0,0,0.0,max_dim=0.977,not_suitable,not_suitable,not_suitable,not_suitable,not_suitable,not_suitable
pedestal_table,dmghrm,too_large,0,0,0.0,max_dim=1.092,not_suitable,not_suitable,not_suitable,not_suitable,not_suitable,not_suitable
pedestal_table,gikdir,too_large,0,0,0.0,max_dim=0.791,not_suitable,not_suitable,not_suitable,not_suitable,not_suitable,not_suitable
pedestal_table,gkkxaj,too_large,0,0,0.0,max_dim=0.761,not_suitable,not_suitable,not_suitable,not_suitable,not_suitable,not_suitable
pedestal_table,ifmhpn,too_large,0,0,0.0,max_dim=1.132,not_suitable,not_suitable,not_suitable,not_suitable,not_suitable,not_suitable
pedestal_table,jdilum,too_large,0,0,0.0,max_dim=0.900,not_suitable,not_suitable,not_suitable,not_suitable,not_suitable,not_suitable
pedestal_table,ktevfe,too_large,0,0,0.0,max_dim=0.749,not_suitable,not_suitable,not_suitable,not_suitable,not_suitable,not_suitable
pedestal_table,mbojpo,too_large,0,0,0.0,max_dim=0.762,not_suitable,not_suitable,not_suitable,not_suitable,not_suitable,not_suitable
pedestal_table,nlfgwe,too_large,0,0,0.0,max_dim=1.074,not_suitable,not_suitable,not_suitable,not_suitable,not_suitable,not_suitable
pedestal_table,nyprvh,too_large,0,0,0.0,max_dim=0.623,not_suitable,not_suitable,not_suitable,not_suitable,not_suitable,not_suitable
pedestal_table,oqclwq,too_large,0,0,0.0,max_dim=0.908,not_suitable,not_suitable,not_suitable,not_suitable,not_suitable,not_suitable
pedestal_table,pljlcn,too_large,0,0,0.0,max_dim=0.588,not_suitable,not_suitable,not_suitable,not_suitable,not_suitable,not_suitable
pedestal_table,poukwl,too_large,0,0,0.0,max_dim=0.907,not_suitable,not_suitable,not_suitable,not_suitable,not_suitable,not_suitable
pedestal_table,pyybeq,too_large,0,0,0.0,max_dim=0.759,not_suitable,not_suitable,not_suitable,not_suitable,not_suitable,not_suitable
pedestal_table,ssnzie,too_large,0,0,0.0,max_dim=0.617,not_suitable,not_suitable,not_suitable,not_suitable,not_suitable,not_suitable
pedestal_table,swgvxs,too_large,0,0,0.0,max_dim=1.008,not_suitable,not_suitable,not_suitable,not_suitable,not_suitable,not_suitable
pedestal_table,tdpuit,too_large,0,0,0.0,max_dim=1.249,not_suitable,not_suitable,not_suitable,not_suitable,not_suitable,not_suitable
pedestal_table,wnqrci,too_large,0,0,0.0,max_dim=0.826,not_suitable,not_suitable,not_suitable,not_suitable,not_suitable,not_suitable
pedestal_table,xcnvsy,too_large,0,0,0.0,max_dim=1.524,not_suitable,not_suitable,not_suitable,not_suitable,not_suitable,not_suitable
pedestal_table,xrrhik,too_large,0,0,0.0,max_dim=0.780,not_suitable,not_suitable,not_suitable,not_suitable,not_suitable,not_suitable
pegboard,jafivf,no_grasp,200,0,1.8,max_dim=0.457,not_suitable,not_suitable,not_suitable,not_suitable,not_suitable,not_suitable
pellet,jfrauq,no_grasp,200,0,2.6,max_dim=0.044,not_suitable,not_suitable,not_suitable,not_suitable,not_suitable,not_suitable
pellet_food_bag,jgyqpd,no_grasp,200,0,3.3,max_dim=0.367,not_suitable,not_suitable,not_suitable,not_suitable,not_suitable,not_suitable
pen,enfumt,no_grasp,200,0,1.8,max_dim=0.175,not_suitable,not_suitable,not_suitable,not_suitable,possible,not_suitable
pen,gqwdor,no_grasp,200,0,2.1,max_dim=0.186,not_suitable,not_suitable,not_suitable,not_suitable,possible,not_suitable
pen,gzrbrx,no_grasp,200,0,1.7,max_dim=0.158,not_suitable,not_suitable,not_suitable,not_suitable,possible,not_suitable
pen,hiyeki,no_grasp,200,0,1.6,max_dim=0.142,not_suitable,not_suitable,not_suitable,not_suitable,possible,not_suitable
pen,izhouj,not_ready,0,0,0.0,max_dim=0.175,not_suitable,not_suitable,not_suitable,not_suitable,possible,not_suitable
pen,nvyicz,no_grasp,200,0,1.6,max_dim=0.149,not_suitable,not_suitable,not_suitable,not_suitable,possible,not_suitable
pen,ubwjqa,graspable,200,5,40.3,max_dim=0.126,not_suitable,not_suitable,not_suitable,not_suitable,possible,not_suitable
pen,vgsgxk,not_ready,0,0,0.0,max_dim=0.175,not_suitable,not_suitable,not_suitable,not_suitable,possible,not_suitable
pen,zfyxul,not_ready,0,0,0.0,max_dim=0.140,not_suitable,not_suitable,not_suitable,not_suitable,possible,not_suitable
pencil,almpve,graspable,200,5,43.9,max_dim=0.186,not_suitable,not_suitable,not_suitable,not_suitable,possible,not_suitable
pencil,bfkwhb,graspable,200,5,22.6,max_dim=0.186,not_suitable,not_suitable,not_suitable,not_suitable,possible,not_suitable
pencil,boykzh,graspable,200,5,83.3,max_dim=0.129,not_suitable,not_suitable,not_suitable,not_suitable,possible,not_suitable
pencil,bsrfog,graspable,200,5,49.3,max_dim=0.129,not_suitable,not_suitable,not_suitable,not_suitable,possible,not_suitable
pencil,bzcuth,graspable,200,5,53.0,max_dim=0.129,not_suitable,not_suitable,not_suitable,not_suitable,possible,not_suitable
pencil,cexjew,graspable,200,5,50.2,max_dim=0.186,not_suitable,not_suitable,not_suitable,not_suitable,possible,not_suitable
pencil,cjvaxt,graspable,200,5,37.2,max_dim=0.180,not_suitable,not_suitable,not_suitable,not_suitable,possible,not_suitable
pencil,cxuaxg,graspable,200,5,44.3,max_dim=0.129,not_suitable,not_suitable,not_suitable,not_suitable,possible,not_suitable
pencil,dcqvto,graspable,200,5,38.5,max_dim=0.160,not_suitable,not_suitable,not_suitable,not_suitable,possible,not_suitable
pencil,ddjmwx,graspable,200,3,94.7,max_dim=0.129,not_suitable,not_suitable,not_suitable,not_suitable,possible,not_suitable
pencil,ddptpt,graspable,200,5,34.5,max_dim=0.129,not_suitable,not_suitable,not_suitable,not_suitable,possible,not_suitable
pencil,efaadr,graspable,200,5,32.3,max_dim=0.213,not_suitable,not_suitable,not_suitable,not_suitable,possible,not_suitable
pencil,faudjj,graspable,200,5,90.1,max_dim=0.139,not_suitable,not_suitable,not_suitable,not_suitable,possible,not_suitable
pencil,fgkyhk,graspable,200,5,41.4,max_dim=0.129,not_suitable,not_suitable,not_suitable,not_suitable,possible,not_suitable
pencil,fnlbpu,graspable,200,5,63.4,max_dim=0.124,not_suitable,not_suitable,not_suitable,not_suitable,possible,not_suitable
pencil,ftvtbb,graspable,200,5,51.0,max_dim=0.129,not_suitable,not_suitable,not_suitable,not_suitable,possible,not_suitable
pencil,fuiwrd,graspable,200,5,60.4,max_dim=0.203,not_suitable,not_suitable,not_suitable,not_suitable,possible,not_suitable
pencil,gbzzcg,graspable,200,5,116.4,max_dim=0.124,not_suitable,not_suitable,not_suitable,not_suitable,possible,not_suitable
pencil,gflxcq,graspable,200,5,31.2,max_dim=0.129,not_suitable,not_suitable,not_suitable,not_suitable,possible,not_suitable
pencil,ggxzdy,graspable,200,5,115.1,max_dim=0.129,not_suitable,not_suitable,not_suitable,not_suitable,possible,not_suitable
pencil,habhcf,graspable,200,5,81.9,max_dim=0.129,not_suitable,not_suitable,not_suitable,not_suitable,possible,not_suitable
pencil,heqkmr,graspable,200,4,124.1,max_dim=0.124,not_suitable,not_suitable,not_suitable,not_suitable,possible,not_suitable
pencil,hetnrn,graspable,200,5,52.3,max_dim=0.129,not_suitable,not_suitable,not_suitable,not_suitable,possible,not_suitable
pencil,hmawzy,graspable,200,4,134.6,max_dim=0.124,not_suitable,not_suitable,not_suitable,not_suitable,possible,not_suitable
pencil,hwkudt,graspable,200,5,37.0,max_dim=0.129,not_suitable,not_suitable,not_suitable,not_suitable,possible,not_suitable
pencil,ieescz,graspable,200,5,71.5,max_dim=0.129,not_suitable,not_suitable,not_suitable,not_suitable,possible,not_suitable
pencil,ieyqkf,graspable,200,5,37.5,max_dim=0.129,not_suitable,not_suitable,not_suitable,not_suitable,possible,not_suitable
pencil,ilaszu,graspable,200,5,108.3,max_dim=0.145,not_suitable,not_suitable,not_suitable,not_suitable,possible,not_suitable
pencil,iygidu,graspable,200,5,40.6,max_dim=0.124,not_suitable,not_suitable,not_suitable,not_suitable,possible,not_suitable
pencil,jgfsgv,graspable,200,5,92.3,max_dim=0.129,not_suitable,not_suitable,not_suitable,not_suitable,possible,not_suitable
pencil,jntybl,graspable,200,5,57.4,max_dim=0.124,not_suitable,not_suitable,not_suitable,not_suitable,possible,not_suitable
pencil,jvakba,graspable,200,5,57.3,max_dim=0.129,not_suitable,not_suitable,not_suitable,not_suitable,possible,not_suitable
pencil,kdpdvw,graspable,200,5,47.2,max_dim=0.129,not_suitable,not_suitable,not_suitable,not_suitable,possible,not_suitable
pencil,kfnckk,graspable,200,5,37.7,max_dim=0.129,not_suitable,not_suitable,not_suitable,not_suitable,possible,not_suitable
pencil,kkrlrc,not_ready,0,0,0.0,max_dim=0.200,not_suitable,not_suitable,not_suitable,not_suitable,possible,not_suitable
pencil,kxgcgy,graspable,200,5,90.6,max_dim=0.129,not_suitable,not_suitable,not_suitable,not_suitable,possible,not_suitable
pencil,lamaxq,graspable,200,5,63.5,max_dim=0.129,not_suitable,not_suitable,not_suitable,not_suitable,possible,not_suitable
pencil,lphubb,graspable,200,5,123.2,max_dim=0.129,not_suitable,not_suitable,not_suitable,not_suitable,possible,not_suitable
pencil,lruiot,graspable,200,5,98.9,max_dim=0.124,not_suitable,not_suitable,not_suitable,not_suitable,possible,not_suitable
pencil,lrwosa,graspable,200,5,56.8,max_dim=0.160,not_suitable,not_suitable,not_suitable,not_suitable,possible,not_suitable
pencil,lykqoh,graspable,200,5,98.3,max_dim=0.124,not_suitable,not_suitable,not_suitable,not_suitable,possible,not_suitable
pencil,mhzqwu,graspable,200,5,72.5,max_dim=0.129,not_suitable,not_suitable,not_suitable,not_suitable,possible,not_suitable
pencil,mvmxfo,graspable,200,5,109.6,max_dim=0.124,not_suitable,not_suitable,not_suitable,not_suitable,possible,not_suitable
pencil,pqydvm,graspable,200,5,37.1,max_dim=0.213,not_suitable,not_suitable,not_suitable,not_suitable,possible,not_suitable
pencil,qefchi,graspable,200,5,64.6,max_dim=0.129,not_suitable,not_suitable,not_suitable,not_suitable,possible,not_suitable
pencil,qhkqvt,graspable,200,5,80.8,max_dim=0.129,not_suitable,not_suitable,not_suitable,not_suitable,possible,not_suitable
pencil,qpcsjc,graspable,200,5,116.2,max_dim=0.129,not_suitable,not_suitable,not_suitable,not_suitable,possible,not_suitable
pencil,qrqzyq,graspable,200,5,49.4,max_dim=0.129,not_suitable,not_suitable,not_suitable,not_suitable,possible,not_suitable
pencil,qvypft,graspable,200,5,69.5,max_dim=0.124,not_suitable,not_suitable,not_suitable,not_suitable,possible,not_suitable
pencil,qznteb,graspable,200,5,53.1,max_dim=0.129,not_suitable,not_suitable,not_suitable,not_suitable,possible,not_suitable
pencil,rbkfxp,graspable,200,5,70.2,max_dim=0.129,not_suitable,not_suitable,not_suitable,not_suitable,possible,not_suitable
pencil,rwciyo,graspable,200,5,39.9,max_dim=0.178,not_suitable,not_suitable,not_suitable,not_suitable,possible,not_suitable
pencil,rzscao,graspable,200,5,103.1,max_dim=0.124,not_suitable,not_suitable,not_suitable,not_suitable,possible,not_suitable
pencil,scyvsz,graspable,200,5,28.0,max_dim=0.129,not_suitable,not_suitable,not_suitable,not_suitable,possible,not_suitable
pencil,tqrrbk,graspable,200,5,36.5,max_dim=0.160,not_suitable,not_suitable,not_suitable,not_suitable,possible,not_suitable
pencil,tyipwi,graspable,200,5,52.3,max_dim=0.129,not_suitable,not_suitable,not_suitable,not_suitable,possible,not_suitable
pencil,ueshkr,graspable,200,5,32.1,max_dim=0.129,not_suitable,not_suitable,not_suitable,not_suitable,possible,not_suitable
pencil,ugvzfa,graspable,200,5,100.7,max_dim=0.129,not_suitable,not_suitable,not_suitable,not_suitable,possible,not_suitable
pencil,vakowb,graspable,200,5,99.2,max_dim=0.136,not_suitable,not_suitable,not_suitable,not_suitable,possible,not_suitable
pencil,vedvit,graspable,200,5,17.8,max_dim=0.124,not_suitable,not_suitable,not_suitable,not_suitable,possible,not_suitable
pencil,vmrwlp,graspable,200,5,39.8,max_dim=0.129,not_suitable,not_suitable,not_suitable,not_suitable,possible,not_suitable
pencil,vpzhth,graspable,200,5,109.3,max_dim=0.124,not_suitable,not_suitable,not_suitable,not_suitable,possible,not_suitable
pencil,vvofwr,graspable,200,5,84.7,max_dim=0.124,not_suitable,not_suitable,not_suitable,not_suitable,possible,not_suitable
pencil,wvhqac,graspable,200,3,98.0,max_dim=0.124,not_suitable,not_suitable,not_suitable,not_suitable,possible,not_suitable
pencil,xdrqaq,graspable,200,5,44.5,max_dim=0.129,not_suitable,not_suitable,not_suitable,not_suitable,possible,not_suitable
pencil,xslrbt,graspable,200,5,48.4,max_dim=0.129,not_suitable,not_suitable,not_suitable,not_suitable,possible,not_suitable
pencil,xuanpj,graspable,200,4,108.2,max_dim=0.138,not_suitable,not_suitable,not_suitable,not_suitable,possible,not_suitable
pencil,zcapdd,graspable,200,5,36.1,max_dim=0.129,not_suitable,not_suitable,not_suitable,not_suitable,possible,not_suitable
pencil,zemxrz,graspable,200,5,56.0,max_dim=0.129,not_suitable,not_suitable,not_suitable,not_suitable,possible,not_suitable
pencil,zzzvln,graspable,200,5,83.5,max_dim=0.160,not_suitable,not_suitable,not_suitable,not_suitable,possible,not_suitable
pencil_case,acikzo,graspable,200,5,9.7,max_dim=0.193,not_suitable,not_suitable,not_suitable,not_suitable,possible,not_suitable
pencil_case,cqxkgl,graspable,200,5,13.1,max_dim=0.156,not_suitable,not_suitable,not_suitable,not_suitable,possible,not_suitable
pencil_case,otcmih,graspable,200,5,11.2,max_dim=0.197,not_suitable,not_suitable,not_suitable,not_suitable,possible,not_suitable
pencil_holder,bnzugk,not_ready,0,0,0.0,max_dim=0.127,possible,not_suitable,not_suitable,not_suitable,perfect,possible
pencil_holder,eodvyo,not_ready,0,0,0.0,max_dim=0.142,possible,not_suitable,not_suitable,not_suitable,perfect,possible
pencil_holder,ipeltj,not_ready,0,0,0.0,max_dim=0.153,possible,not_suitable,not_suitable,not_suitable,perfect,possible
pencil_holder,jkuiqg,graspable,200,5,10.9,max_dim=0.078,possible,not_suitable,not_suitable,not_suitable,perfect,possible
pencil_holder,jyetcl,graspable,200,5,10.4,max_dim=0.113,possible,not_suitable,not_suitable,not_suitable,perfect,possible
pencil_holder,mrrpay,graspable,200,5,11.4,max_dim=0.079,possible,not_suitable,not_suitable,not_suitable,perfect,possible
pencil_holder,muqeud,not_ready,0,0,0.0,max_dim=0.123,possible,not_suitable,not_suitable,not_suitable,perfect,possible
pencil_holder,nqiujp,graspable,200,5,12.2,max_dim=0.484,possible,not_suitable,not_suitable,not_suitable,perfect,possible
pencil_holder,qwqsgi,not_ready,0,0,0.0,max_dim=0.142,possible,not_suitable,not_suitable,not_suitable,perfect,possible
pencil_holder,taixcy,graspable,200,5,10.1,max_dim=0.113,possible,not_suitable,not_suitable,not_suitable,perfect,possible
pencil_holder,vdtheb,not_ready,0,0,0.0,max_dim=0.152,possible,not_suitable,not_suitable,not_suitable,perfect,possible
pennant,tfnwti,graspable,200,5,47.4,max_dim=0.246,not_suitable,not_suitable,not_suitable,not_suitable,not_suitable,not_suitable
penny,dscjon,graspable,200,5,13.6,max_dim=0.019,not_suitable,not_suitable,not_suitable,not_suitable,not_suitable,not_suitable
pepper_grinder,tfoogy,graspable,200,5,11.2,max_dim=0.140,possible,not_suitable,not_suitable,not_suitable,perfect,not_suitable
pepper_shaker,stbqbt,graspable,200,5,37.7,max_dim=0.073,possible,not_suitable,not_suitable,not_suitable,perfect,not_suitable
pepper_shaker,tgcwtr,graspable,200,5,10.4,max_dim=0.160,possible,not_suitable,not_suitable,not_suitable,perfect,not_suitable
pepper_shaker,ykujyn,graspable,200,5,10.1,max_dim=0.160,possible,not_suitable,not_suitable,not_suitable,perfect,not_suitable
peppermint,ghhekw,graspable,200,5,15.5,max_dim=0.027,not_suitable,not_suitable,not_suitable,possible,not_suitable,not_suitable
peppermint,pbrxfe,graspable,200,5,12.1,max_dim=0.040,not_suitable,not_suitable,not_suitable,possible,not_suitable,not_suitable
peppermint,qvszrs,graspable,200,5,13.3,max_dim=0.018,not_suitable,not_suitable,not_suitable,possible,not_suitable,not_suitable
peppermint_candy,dqpiet,graspable,200,5,13.2,max_dim=0.153,not_suitable,not_suitable,not_suitable,possible,not_suitable,not_suitable
pepperoni,xcurfr,graspable,200,5,10.6,max_dim=0.046,not_suitable,not_suitable,not_suitable,perfect,not_suitable,not_suitable
pergola,xfciuu,too_large,0,0,0.0,max_dim=5.619,not_suitable,not_suitable,not_suitable,not_suitable,not_suitable,not_suitable
periodic_table,mhwwtu,too_large,0,0,0.0,max_dim=1.918,not_suitable,not_suitable,not_suitable,not_suitable,not_suitable,not_suitable
pesticide_atomizer,eisckl,graspable,200,5,11.2,max_dim=0.151,not_suitable,not_suitable,possible,not_suitable,not_suitable,not_suitable
pestle,dzhzot,not_ready,0,0,0.0,max_dim=0.122,possible,not_suitable,not_suitable,not_suitable,possible,not_suitable
pestle,wzbodb,graspable,200,5,46.1,max_dim=0.170,possible,not_suitable,not_suitable,not_suitable,possible,not_suitable
pet_bed,ynznsw,too_large,0,0,0.0,max_dim=0.881,not_suitable,not_suitable,not_suitable,not_suitable,not_suitable,not_suitable
petfood_bag,fhfqys,graspable,200,5,26.4,max_dim=0.367,not_suitable,not_suitable,not_suitable,not_suitable,not_suitable,not_suitable
petri_dish,vbiqcq,graspable,200,5,14.6,max_dim=0.101,not_suitable,possible,not_suitable,not_suitable,possible,possible
petri_dish,xfqatj,graspable,200,5,9.6,max_dim=0.072,not_suitable,possible,not_suitable,not_suitable,possible,possible
pewter_teapot,dwfdpi,graspable,200,5,30.6,max_dim=0.297,possible,not_suitable,perfect,not_suitable,perfect,not_suitable
phonograph_record,couvrd,graspable,200,2,89.2,max_dim=0.356,not_suitable,possible,not_suitable,not_suitable,possible,not_suitable
phonograph_record,ejxxmy,graspable,200,1,114.9,max_dim=0.356,not_suitable,possible,not_suitable,not_suitable,possible,not_suitable
phonograph_record,krnmnc,graspable,200,5,103.3,max_dim=0.356,not_suitable,possible,not_suitable,not_suitable,possible,not_suitable
phonograph_record,reunea,graspable,200,3,107.1,max_dim=0.356,not_suitable,possible,not_suitable,not_suitable,possible,not_suitable
phonograph_record,urcabe,graspable,200,5,120.7,max_dim=0.356,not_suitable,possible,not_suitable,not_suitable,possible,not_suitable
photocopier,hemqez,too_large,0,0,0.0,max_dim=1.150,not_suitable,not_suitable,not_suitable,not_suitable,not_suitable,not_suitable
photocopier,ittctd,too_large,0,0,0.0,max_dim=1.058,not_suitable,not_suitable,not_suitable,not_suitable,not_suitable,not_suitable
photocopier,jgqfsa,too_large,0,0,0.0,max_dim=1.058,not_suitable,not_suitable,not_suitable,not_suitable,not_suitable,not_suitable
photocopier,tajnkx,too_large,0,0,0.0,max_dim=0.864,not_suitable,not_suitable,not_suitable,not_suitable,not_suitable,not_suitable
photocopier,tlbmhm,too_large,0,0,0.0,max_dim=1.213,not_suitable,not_suitable,not_suitable,not_suitable,not_suitable,not_suitable
piano,bnxcvw,too_large,0,0,0.0,max_dim=1.512,not_suitable,not_suitable,not_suitable,not_suitable,not_suitable,not_suitable
piano,ojoiqt,too_large,0,0,0.0,max_dim=0.816,not_suitable,not_suitable,not_suitable,not_suitable,not_suitable,not_suitable
piano,qlcpph,too_large,0,0,0.0,max_dim=1.896,not_suitable,not_suitable,not_suitable,not_suitable,not_suitable,not_suitable
piano,ygmqqa,too_large,0,0,0.0,max_dim=1.812,not_suitable,not_suitable,not_suitable,not_suitable,not_suitable,not_suitable
pickle,gytwes,graspable,200,5,10.7,max_dim=0.090,not_suitable,not_suitable,not_suitable,perfect,not_suitable,not_suitable
pickle,ifterk,graspable,200,5,13.9,max_dim=0.100,not_suitable,not_suitable,not_suitable,perfect,not_suitable,not_suitable
pickle,iobrqp,graspable,200,5,11.6,max_dim=0.100,not_suitable,not_suitable,not_suitable,perfect,not_suitable,not_suitable
pickle,rxuimv,graspable,200,5,10.4,max_dim=0.080,not_suitable,not_suitable,not_suitable,perfect,not_suitable,not_suitable
pickle,vuspsy,graspable,200,5,11.7,max_dim=0.110,not_suitable,not_suitable,not_suitable,perfect,not_suitable,not_suitable
pickup_truck,zppyty,too_large,0,0,0.0,max_dim=4.873,not_suitable,not_suitable,not_suitable,not_suitable,not_suitable,not_suitable
picture,abtgvz,graspable,200,5,13.2,max_dim=0.096,not_suitable,possible,not_suitable,not_suitable,possible,not_suitable
picture,aicjaq,too_large,0,0,0.0,max_dim=0.615,not_suitable,possible,not_suitable,not_suitable,possible,not_suitable
picture,alwmys,too_large,0,0,0.0,max_dim=0.666,not_suitable,possible,not_suitable,not_suitable,possible,not_suitable
picture,aqahkx,not_ready,0,0,0.0,max_dim=0.384,not_suitable,possible,not_suitable,not_suitable,possible,not_suitable
picture,bxpohm,too_large,0,0,0.0,max_dim=0.842,not_suitable,possible,not_suitable,not_suitable,possible,not_suitable
picture,bzmdxc,graspable,200,5,14.1,max_dim=0.072,not_suitable,possible,not_suitable,not_suitable,possible,not_suitable
picture,cgvoho,too_large,0,0,0.0,max_dim=0.745,not_suitable,possible,not_suitable,not_suitable,possible,not_suitable
picture,chfljy,too_large,0,0,0.0,max_dim=0.900,not_suitable,possible,not_suitable,not_suitable,possible,not_suitable
picture,cltbty,too_large,0,0,0.0,max_dim=0.686,not_suitable,possible,not_suitable,not_suitable,possible,not_suitable
picture,dogydw,too_large,0,0,0.0,max_dim=0.653,not_suitable,possible,not_suitable,not_suitable,possible,not_suitable
picture,ekagyj,too_large,0,0,0.0,max_dim=1.298,not_suitable,possible,not_suitable,not_suitable,possible,not_suitable
picture,etixod,too_large,0,0,0.0,max_dim=0.686,not_suitable,possible,not_suitable,not_suitable,possible,not_suitable
picture,fanvpf,too_large,0,0,0.0,max_dim=0.686,not_suitable,possible,not_suitable,not_suitable,possible,not_suitable
picture,fhkzlm,too_large,0,0,0.0,max_dim=1.028,not_suitable,possible,not_suitable,not_suitable,possible,not_suitable
picture,ggajdz,graspable,200,5,34.5,max_dim=0.257,not_suitable,possible,not_suitable,not_suitable,possible,not_suitable
picture,gwricv,too_large,0,0,0.0,max_dim=0.686,not_suitable,possible,not_suitable,not_suitable,possible,not_suitable
picture,hdcvfu,not_ready,0,0,0.0,max_dim=0.336,not_suitable,possible,not_suitable,not_suitable,possible,not_suitable
picture,hffaxw,too_large,0,0,0.0,max_dim=0.658,not_suitable,possible,not_suitable,not_suitable,possible,not_suitable
picture,hhxttu,too_large,0,0,0.0,max_dim=0.686,not_suitable,possible,not_suitable,not_suitable,possible,not_suitable
picture,hvjwvj,too_large,0,0,0.0,max_dim=0.742,not_suitable,possible,not_suitable,not_suitable,possible,not_suitable
picture,hxbrop,too_large,0,0,0.0,max_dim=0.742,not_suitable,possible,not_suitable,not_suitable,possible,not_suitable
picture,hyjqxp,not_ready,0,0,0.0,max_dim=0.415,not_suitable,possible,not_suitable,not_suitable,possible,not_suitable
picture,jmvdxm,too_large,0,0,0.0,max_dim=0.666,not_suitable,possible,not_suitable,not_suitable,possible,not_suitable
picture,jnecmu,too_large,0,0,0.0,max_dim=0.615,not_suitable,possible,not_suitable,not_suitable,possible,not_suitable
picture,jovfqj,no_grasp,200,0,97.7,max_dim=0.385,not_suitable,possible,not_suitable,not_suitable,possible,not_suitable
picture,jpfyrq,too_large,0,0,0.0,max_dim=0.686,not_suitable,possible,not_suitable,not_suitable,possible,not_suitable
picture,kigjuq,too_large,0,0,0.0,max_dim=0.697,not_suitable,possible,not_suitable,not_suitable,possible,not_suitable
picture,krwzus,not_ready,0,0,0.0,max_dim=0.300,not_suitable,possible,not_suitable,not_suitable,possible,not_suitable
picture,lowoid,too_large,0,0,0.0,max_dim=0.653,not_suitable,possible,not_suitable,not_suitable,possible,not_suitable
picture,lucjyq,too_large,0,0,0.0,max_dim=0.686,not_suitable,possible,not_suitable,not_suitable,possible,not_suitable
picture,mbfgxr,too_large,0,0,0.0,max_dim=0.742,not_suitable,possible,not_suitable,not_suitable,possible,not_suitable
picture,mstxjw,too_large,0,0,0.0,max_dim=0.742,not_suitable,possible,not_suitable,not_suitable,possible,not_suitable
picture,nbwrns,too_large,0,0,0.0,max_dim=0.742,not_suitable,possible,not_suitable,not_suitable,possible,not_suitable
picture,ngyduh,too_large,0,0,0.0,max_dim=0.615,not_suitable,possible,not_suitable,not_suitable,possible,not_suitable
picture,nxjgqw,too_large,0,0,0.0,max_dim=0.615,not_suitable,possible,not_suitable,not_suitable,possible,not_suitable
picture,nxqoed,too_large,0,0,0.0,max_dim=0.615,not_suitable,possible,not_suitable,not_suitable,possible,not_suitable
picture,nzctlq,not_ready,0,0,0.0,max_dim=0.303,not_suitable,possible,not_suitable,not_suitable,possible,not_suitable
picture,oshvew,graspable,200,5,66.9,max_dim=0.369,not_suitable,possible,not_suitable,not_suitable,possible,not_suitable
picture,ougrxx,graspable,200,5,19.2,max_dim=0.252,not_suitable,possible,not_suitable,not_suitable,possible,not_suitable
picture,pblkaf,not_ready,0,0,0.0,max_dim=0.300,not_suitable,possible,not_suitable,not_suitable,possible,not_suitable
picture,pixmmn,too_large,0,0,0.0,max_dim=0.653,not_suitable,possible,not_suitable,not_suitable,possible,not_suitable
picture,pmtynn,too_large,0,0,0.0,max_dim=0.742,not_suitable,possible,not_suitable,not_suitable,possible,not_suitable
picture,qavxsz,too_large,0,0,0.0,max_dim=0.686,not_suitable,possible,not_suitable,not_suitable,possible,not_suitable
picture,qjkajj,too_large,0,0,0.0,max_dim=0.686,not_suitable,possible,not_suitable,not_suitable,possible,not_suitable
picture,qlkknu,too_large,0,0,0.0,max_dim=1.401,not_suitable,possible,not_suitable,not_suitable,possible,not_suitable
picture,qlsyco,graspable,200,5,25.4,max_dim=0.280,not_suitable,possible,not_suitable,not_suitable,possible,not_suitable
picture,qtvjzk,too_large,0,0,0.0,max_dim=0.686,not_suitable,possible,not_suitable,not_suitable,possible,not_suitable
picture,qvvvxz,too_large,0,0,0.0,max_dim=0.742,not_suitable,possible,not_suitable,not_suitable,possible,not_suitable
picture,qzrpiw,too_large,0,0,0.0,max_dim=0.742,not_suitable,possible,not_suitable,not_suitable,possible,not_suitable
picture,rciuob,too_large,0,0,0.0,max_dim=0.686,not_suitable,possible,not_suitable,not_suitable,possible,not_suitable
picture,rypaxo,not_ready,0,0,0.0,max_dim=0.315,not_suitable,possible,not_suitable,not_suitable,possible,not_suitable
picture,sfqdjg,too_large,0,0,0.0,max_dim=0.666,not_suitable,possible,not_suitable,not_suitable,possible,not_suitable
picture,sjmxgo,not_ready,0,0,0.0,max_dim=0.307,not_suitable,possible,not_suitable,not_suitable,possible,not_suitable
picture,svpzro,no_grasp,200,0,125.2,max_dim=0.131,not_suitable,possible,not_suitable,not_suitable,possible,not_suitable
picture,szpupz,too_large,0,0,0.0,max_dim=0.686,not_suitable,possible,not_suitable,not_suitable,possible,not_suitable
picture,tfrisv,too_large,0,0,0.0,max_dim=0.742,not_suitable,possible,not_suitable,not_suitable,possible,not_suitable
picture,tlwjpv,too_large,0,0,0.0,max_dim=0.686,not_suitable,possible,not_suitable,not_suitable,possible,not_suitable
picture,trqgni,too_large,0,0,0.0,max_dim=0.615,not_suitable,possible,not_suitable,not_suitable,possible,not_suitable
picture,ttwhjj,not_ready,0,0,0.0,max_dim=0.434,not_suitable,possible,not_suitable,not_suitable,possible,not_suitable
picture,tveyoh,too_large,0,0,0.0,max_dim=0.745,not_suitable,possible,not_suitable,not_suitable,possible,not_suitable
picture,uokrzt,too_large,0,0,0.0,max_dim=0.666,not_suitable,possible,not_suitable,not_suitable,possible,not_suitable
picture,uwlqdu,graspable,200,5,62.8,max_dim=0.364,not_suitable,possible,not_suitable,not_suitable,possible,not_suitable
picture,verboh,too_large,0,0,0.0,max_dim=3.621,not_suitable,possible,not_suitable,not_suitable,possible,not_suitable
picture,vezfau,not_ready,0,0,0.0,max_dim=0.406,not_suitable,possible,not_suitable,not_suitable,possible,not_suitable
picture,vhgkix,too_large,0,0,0.0,max_dim=0.666,not_suitable,possible,not_suitable,not_suitable,possible,not_suitable
picture,vkjonm,no_grasp,200,0,96.9,max_dim=0.399,not_suitable,possible,not_suitable,not_suitable,possible,not_suitable
picture,vzomxk,not_ready,0,0,0.0,max_dim=0.399,not_suitable,possible,not_suitable,not_suitable,possible,not_suitable
picture,watgtj,too_large,0,0,0.0,max_dim=0.775,not_suitable,possible,not_suitable,not_suitable,possible,not_suitable
picture,weqggl,too_large,0,0,0.0,max_dim=0.686,not_suitable,possible,not_suitable,not_suitable,possible,not_suitable
picture,wfdvzv,too_large,0,0,0.0,max_dim=0.686,not_suitable,possible,not_suitable,not_suitable,possible,not_suitable
picture,wttqrk,too_large,0,0,0.0,max_dim=0.742,not_suitable,possible,not_suitable,not_suitable,possible,not_suitable
picture,wvymrn,too_large,0,0,0.0,max_dim=0.666,not_suitable,possible,not_suitable,not_suitable,possible,not_suitable
picture,wxwera,too_large,0,0,0.0,max_dim=0.666,not_suitable,possible,not_suitable,not_suitable,possible,not_suitable
picture,xmrjoj,too_large,0,0,0.0,max_dim=0.666,not_suitable,possible,not_suitable,not_suitable,possible,not_suitable
picture,xnuynn,too_large,0,0,0.0,max_dim=0.688,not_suitable,possible,not_suitable,not_suitable,possible,not_suitable
picture,ydfgju,too_large,0,0,0.0,max_dim=0.742,not_suitable,possible,not_suitable,not_suitable,possible,not_suitable
picture,yrgaal,too_large,0,0,0.0,max_dim=0.686,not_suitable,possible,not_suitable,not_suitable,possible,not_suitable
picture,yrkfct,not_ready,0,0,0.0,max_dim=0.409,not_suitable,possible,not_suitable,not_suitable,possible,not_suitable
picture,ytxhyl,too_large,0,0,0.0,max_dim=1.028,not_suitable,possible,not_suitable,not_suitable,possible,not_suitable
picture,yzbpie,too_large,0,0,0.0,max_dim=0.760,not_suitable,possible,not_suitable,not_suitable,possible,not_suitable
picture,zarhyi,too_large,0,0,0.0,max_dim=0.653,not_suitable,possible,not_suitable,not_suitable,possible,not_suitable
picture,zrsytt,too_large,0,0,0.0,max_dim=0.742,not_suitable,possible,not_suitable,not_suitable,possible,not_suitable
picture,zsirgc,too_large,0,0,0.0,max_dim=0.686,not_suitable,possible,not_suitable,not_suitable,possible,not_suitable
picture,zughoy,too_large,0,0,0.0,max_dim=0.742,not_suitable,possible,not_suitable,not_suitable,possible,not_suitable
picture,zywgbh,too_large,0,0,0.0,max_dim=0.742,not_suitable,possible,not_suitable,not_suitable,possible,not_suitable
picture_frame,brhofj,graspable,200,5,37.1,max_dim=0.158,not_suitable,not_suitable,not_suitable,not_suitable,possible,not_suitable
picture_frame,byaund,graspable,200,5,27.5,max_dim=0.202,not_suitable,not_suitable,not_suitable,not_suitable,possible,not_suitable
picture_frame,cvyfaw,not_ready,0,0,0.0,max_dim=0.071,not_suitable,not_suitable,not_suitable,not_suitable,possible,not_suitable
picture_frame,fgsgpu,graspable,200,5,80.4,max_dim=0.270,not_suitable,not_suitable,not_suitable,not_suitable,possible,not_suitable
picture_frame,guatvs,graspable,200,5,25.7,max_dim=0.159,not_suitable,not_suitable,not_suitable,not_suitable,possible,not_suitable
picture_frame,htwjfo,not_ready,0,0,0.0,max_dim=0.202,not_suitable,not_suitable,not_suitable,not_suitable,possible,not_suitable
picture_frame,ibhiuq,not_ready,0,0,0.0,max_dim=0.202,not_suitable,not_suitable,not_suitable,not_suitable,possible,not_suitable
picture_frame,kncybf,graspable,200,5,15.5,max_dim=0.233,not_suitable,not_suitable,not_suitable,not_suitable,possible,not_suitable
picture_frame,lsqclh,graspable,200,5,90.6,max_dim=0.301,not_suitable,not_suitable,not_suitable,not_suitable,possible,not_suitable
picture_frame,lxpxcf,graspable,200,5,30.6,max_dim=0.220,not_suitable,not_suitable,not_suitable,not_suitable,possible,not_suitable
picture_frame,nrviiu,graspable,200,5,87.4,max_dim=0.300,not_suitable,not_suitable,not_suitable,not_suitable,possible,not_suitable
picture_frame,vmyqsm,graspable,200,5,54.0,max_dim=0.232,not_suitable,not_suitable,not_suitable,not_suitable,possible,not_suitable
picture_frame,yxmjdx,graspable,200,5,29.2,max_dim=0.228,not_suitable,not_suitable,not_suitable,not_suitable,possible,not_suitable
pill_bottle,csvdbe,not_ready,0,0,0.0,max_dim=0.055,possible,not_suitable,not_suitable,not_suitable,possible,not_suitable
pill_bottle,wsasmm,not_ready,0,0,0.0,max_dim=0.055,possible,not_suitable,not_suitable,not_suitable,possible,not_suitable
pillar,afgytu,too_large,0,0,0.0,max_dim=4.099,not_suitable,not_suitable,not_suitable,not_suitable,not_suitable,not_suitable
pillar,aljtps,too_large,0,0,0.0,max_dim=4.500,not_suitable,not_suitable,not_suitable,not_suitable,not_suitable,not_suitable
pillar,bxqiwq,too_large,0,0,0.0,max_dim=2.373,not_suitable,not_suitable,not_suitable,not_suitable,not_suitable,not_suitable
pillar,etiret,too_large,0,0,0.0,max_dim=2.156,not_suitable,not_suitable,not_suitable,not_suitable,not_suitable,not_suitable
pillar,gqjdgx,too_large,0,0,0.0,max_dim=2.504,not_suitable,not_suitable,not_suitable,not_suitable,not_suitable,not_suitable
pillar,hfianz,too_large,0,0,0.0,max_dim=2.938,not_suitable,not_suitable,not_suitable,not_suitable,not_suitable,not_suitable
pillar,iertyj,too_large,0,0,0.0,max_dim=2.156,not_suitable,not_suitable,not_suitable,not_suitable,not_suitable,not_suitable
pillar,jwkwer,too_large,0,0,0.0,max_dim=2.156,not_suitable,not_suitable,not_suitable,not_suitable,not_suitable,not_suitable
pillar,keesuv,too_large,0,0,0.0,max_dim=10.151,not_suitable,not_suitable,not_suitable,not_suitable,not_suitable,not_suitable
pillar,komgra,too_large,0,0,0.0,max_dim=4.961,not_suitable,not_suitable,not_suitable,not_suitable,not_suitable,not_suitable
pillar,lhruoz,too_large,0,0,0.0,max_dim=2.509,not_suitable,not_suitable,not_suitable,not_suitable,not_suitable,not_suitable
pillar,necxcp,too_large,0,0,0.0,max_dim=2.920,not_suitable,not_suitable,not_suitable,not_suitable,not_suitable,not_suitable
pillar,oukzkz,too_large,0,0,0.0,max_dim=10.554,not_suitable,not_suitable,not_suitable,not_suitable,not_suitable,not_suitable
pillar,poetje,too_large,0,0,0.0,max_dim=2.156,not_suitable,not_suitable,not_suitable,not_suitable,not_suitable,not_suitable
pillar,rijdzv,too_large,0,0,0.0,max_dim=2.750,not_suitable,not_suitable,not_suitable,not_suitable,not_suitable,not_suitable
pillar,vzzejz,too_large,0,0,0.0,max_dim=3.450,not_suitable,not_suitable,not_suitable,not_suitable,not_suitable,not_suitable
pillar,xnxycq,too_large,0,0,0.0,max_dim=3.100,not_suitable,not_suitable,not_suitable,not_suitable,not_suitable,not_suitable
pillar,xznmxo,too_large,0,0,0.0,max_dim=7.942,not_suitable,not_suitable,not_suitable,not_suitable,not_suitable,not_suitable
pillar,yrbqij,too_large,0,0,0.0,max_dim=2.301,not_suitable,not_suitable,not_suitable,not_suitable,not_suitable,not_suitable
pillar,zjotnf,too_large,0,0,0.0,max_dim=7.471,not_suitable,not_suitable,not_suitable,not_suitable,not_suitable,not_suitable
pillar_candle,acycbi,not_ready,0,0,0.0,max_dim=0.350,possible,not_suitable,not_suitable,not_suitable,perfect,not_suitable
pillar_candle,aqryfd,not_ready,0,0,0.0,max_dim=0.291,possible,not_suitable,not_suitable,not_suitable,perfect,not_suitable
pillar_candle,bdahdx,graspable,200,5,16.8,max_dim=0.131,possible,not_suitable,not_suitable,not_suitable,perfect,not_suitable
pillar_candle,bhaqam,graspable,200,5,9.0,max_dim=0.108,possible,not_suitable,not_suitable,not_suitable,perfect,not_suitable
pillar_candle,cxswbc,graspable,200,5,12.7,max_dim=0.139,possible,not_suitable,not_suitable,not_suitable,perfect,not_suitable
pillar_candle,iotqru,not_ready,0,0,0.0,max_dim=0.234,possible,not_suitable,not_suitable,not_suitable,perfect,not_suitable
pillar_candle,omdnwg,graspable,200,5,29.2,max_dim=0.212,possible,not_suitable,not_suitable,not_suitable,perfect,not_suitable
pillar_candle,qevocc,not_ready,0,0,0.0,max_dim=0.237,possible,not_suitable,not_suitable,not_suitable,perfect,not_suitable
pillow,aetpte,too_large,0,0,0.0,max_dim=0.776,not_suitable,not_suitable,not_suitable,not_suitable,not_suitable,not_suitable
pillow,agclpq,not_ready,0,0,0.0,max_dim=0.472,not_suitable,not_suitable,not_suitable,not_suitable,not_suitable,not_suitable
pillow,ahvodn,too_large,0,0,0.0,max_dim=0.651,not_suitable,not_suitable,not_suitable,not_suitable,not_suitable,not_suitable
pillow,ajpapo,no_grasp,200,0,88.3,max_dim=0.490,not_suitable,not_suitable,not_suitable,not_suitable,not_suitable,not_suitable
pillow,ajxhun,too_large,0,0,0.0,max_dim=0.587,not_suitable,not_suitable,not_suitable,not_suitable,not_suitable,not_suitable
pillow,aoziug,too_large,0,0,0.0,max_dim=0.636,not_suitable,not_suitable,not_suitable,not_suitable,not_suitable,not_suitable
pillow,apnicw,too_large,0,0,0.0,max_dim=0.638,not_suitable,not_suitable,not_suitable,not_suitable,not_suitable,not_suitable
pillow,axyuhm,too_large,0,0,0.0,max_dim=0.693,not_suitable,not_suitable,not_suitable,not_suitable,not_suitable,not_suitable
pillow,bartck,too_large,0,0,0.0,max_dim=0.889,not_suitable,not_suitable,not_suitable,not_suitable,not_suitable,not_suitable
pillow,bfword,too_large,0,0,0.0,max_dim=0.619,not_suitable,not_suitable,not_suitable,not_suitable,not_suitable,not_suitable
pillow,bgqjtg,no_grasp,200,0,81.7,max_dim=0.482,not_suitable,not_suitable,not_suitable,not_suitable,not_suitable,not_suitable
pillow,bszeyg,graspable,200,3,103.2,max_dim=0.464,not_suitable,not_suitable,not_suitable,not_suitable,not_suitable,not_suitable
pillow,byzkkw,no_grasp,200,0,80.5,max_dim=0.474,not_suitable,not_suitable,not_suitable,not_suitable,not_suitable,not_suitable
pillow,cakwer,too_large,0,0,0.0,max_dim=0.601,not_suitable,not_suitable,not_suitable,not_suitable,not_suitable,not_suitable
pillow,cfqdde,no_grasp,200,0,88.5,max_dim=0.403,not_suitable,not_suitable,not_suitable,not_suitable,not_suitable,not_suitable
pillow,ckjpxj,too_large,0,0,0.0,max_dim=0.630,not_suitable,not_suitable,not_suitable,not_suitable,not_suitable,not_suitable
pillow,cnaerr,too_large,0,0,0.0,max_dim=0.774,not_suitable,not_suitable,not_suitable,not_suitable,not_suitable,not_suitable
pillow,cnskfp,too_large,0,0,0.0,max_dim=0.601,not_suitable,not_suitable,not_suitable,not_suitable,not_suitable,not_suitable
pillow,cosbis,no_grasp,200,0,79.7,max_dim=0.441,not_suitable,not_suitable,not_suitable,not_suitable,not_suitable,not_suitable
pillow,cyvojp,too_large,0,0,0.0,max_dim=0.866,not_suitable,not_suitable,not_suitable,not_suitable,not_suitable,not_suitable
pillow,dabalr,too_large,0,0,0.0,max_dim=0.534,not_suitable,not_suitable,not_suitable,not_suitable,not_suitable,not_suitable
pillow,dayain,too_large,0,0,0.0,max_dim=0.716,not_suitable,not_suitable,not_suitable,not_suitable,not_suitable,not_suitable
pillow,dbmico,too_large,0,0,0.0,max_dim=0.747,not_suitable,not_suitable,not_suitable,not_suitable,not_suitable,not_suitable
pillow,ddfduj,too_large,0,0,0.0,max_dim=0.585,not_suitable,not_suitable,not_suitable,not_suitable,not_suitable,not_suitable
pillow,dkdrwr,no_grasp,200,0,84.4,max_dim=0.487,not_suitable,not_suitable,not_suitable,not_suitable,not_suitable,not_suitable
pillow,dkrddy,too_large,0,0,0.0,max_dim=0.531,not_suitable,not_suitable,not_suitable,not_suitable,not_suitable,not_suitable
pillow,dmnvmr,too_large,0,0,0.0,max_dim=0.810,not_suitable,not_suitable,not_suitable,not_suitable,not_suitable,not_suitable
pillow,dsvtfz,no_grasp,200,0,102.5,max_dim=0.450,not_suitable,not_suitable,not_suitable,not_suitable,not_suitable,not_suitable
pillow,dvxydk,too_large,0,0,0.0,max_dim=0.756,not_suitable,not_suitable,not_suitable,not_suitable,not_suitable,not_suitable
pillow,eghwza,too_large,0,0,0.0,max_dim=0.763,not_suitable,not_suitable,not_suitable,not_suitable,not_suitable,not_suitable
pillow,ermyjf,no_grasp,200,0,101.5,max_dim=0.339,not_suitable,not_suitable,not_suitable,not_suitable,not_suitable,not_suitable
pillow,euryeh,graspable,200,5,65.0,max_dim=0.459,not_suitable,not_suitable,not_suitable,not_suitable,not_suitable,not_suitable
pillow,ewukqj,too_large,0,0,0.0,max_dim=0.690,not_suitable,not_suitable,not_suitable,not_suitable,not_suitable,not_suitable
pillow,eyioee,too_large,0,0,0.0,max_dim=0.618,not_suitable,not_suitable,not_suitable,not_suitable,not_suitable,not_suitable
pillow,eynvbz,graspable,200,1,78.4,max_dim=0.453,not_suitable,not_suitable,not_suitable,not_suitable,not_suitable,not_suitable
pillow,fhsner,too_large,0,0,0.0,max_dim=0.662,not_suitable,not_suitable,not_suitable,not_suitable,not_suitable,not_suitable
pillow,flwire,no_grasp,200,0,98.0,max_dim=0.338,not_suitable,not_suitable,not_suitable,not_suitable,not_suitable,not_suitable
pillow,fopwio,no_grasp,200,0,78.0,max_dim=0.485,not_suitable,not_suitable,not_suitable,not_suitable,not_suitable,not_suitable
pillow,fqsbkx,too_large,0,0,0.0,max_dim=0.547,not_suitable,not_suitable,not_suitable,not_suitable,not_suitable,not_suitable
pillow,fxeiee,graspable,200,5,40.2,max_dim=0.322,not_suitable,not_suitable,not_suitable,not_suitable,not_suitable,not_suitable
pillow,fxxpwf,too_large,0,0,0.0,max_dim=0.549,not_suitable,not_suitable,not_suitable,not_suitable,not_suitable,not_suitable
pillow,gitbli,too_large,0,0,0.0,max_dim=0.507,not_suitable,not_suitable,not_suitable,not_suitable,not_suitable,not_suitable
pillow,gjsepr,too_large,0,0,0.0,max_dim=0.888,not_suitable,not_suitable,not_suitable,not_suitable,not_suitable,not_suitable
pillow,gksezx,graspable,200,1,104.1,max_dim=0.420,not_suitable,not_suitable,not_suitable,not_suitable,not_suitable,not_suitable
pillow,gqsmrz,no_grasp,200,0,104.9,max_dim=0.463,not_suitable,not_suitable,not_suitable,not_suitable,not_suitable,not_suitable
pillow,gtrmqh,no_grasp,200,0,103.5,max_dim=0.443,not_suitable,not_suitable,not_suitable,not_suitable,not_suitable,not_suitable
pillow,gvfumz,no_grasp,200,0,93.8,max_dim=0.478,not_suitable,not_suitable,not_suitable,not_suitable,not_suitable,not_suitable
pillow,gyazja,graspable,200,5,84.6,max_dim=0.492,not_suitable,not_suitable,not_suitable,not_suitable,not_suitable,not_suitable
pillow,hegzyu,no_grasp,200,0,87.3,max_dim=0.477,not_suitable,not_suitable,not_suitable,not_suitable,not_suitable,not_suitable
pillow,hehuhe,too_large,0,0,0.0,max_dim=0.819,not_suitable,not_suitable,not_suitable,not_suitable,not_suitable,not_suitable
pillow,hhkvgh,too_large,0,0,0.0,max_dim=0.840,not_suitable,not_suitable,not_suitable,not_suitable,not_suitable,not_suitable
pillow,hrmwzv,too_large,0,0,0.0,max_dim=0.582,not_suitable,not_suitable,not_suitable,not_suitable,not_suitable,not_suitable
pillow,ikenre,too_large,0,0,0.0,max_dim=0.619,not_suitable,not_suitable,not_suitable,not_suitable,not_suitable,not_suitable
pillow,ikzabe,graspable,200,5,70.8,max_dim=0.393,not_suitable,not_suitable,not_suitable,not_suitable,not_suitable,not_suitable
pillow,ilcleb,no_grasp,200,0,85.2,max_dim=0.481,not_suitable,not_suitable,not_suitable,not_suitable,not_suitable,not_suitable
pillow,inhmhc,too_large,0,0,0.0,max_dim=0.764,not_suitable,not_suitable,not_suitable,not_suitable,not_suitable,not_suitable
pillow,iuyheh,too_large,0,0,0.0,max_dim=0.789,not_suitable,not_suitable,not_suitable,not_suitable,not_suitable,not_suitable
pillow,iwvzrt,no_grasp,200,0,73.2,max_dim=0.486,not_suitable,not_suitable,not_suitable,not_suitable,not_suitable,not_suitable
pillow,iyjelw,too_large,0,0,0.0,max_dim=0.625,not_suitable,not_suitable,not_suitable,not_suitable,not_suitable,not_suitable
pillow,jalllb,too_large,0,0,0.0,max_dim=0.839,not_suitable,not_suitable,not_suitable,not_suitable,not_suitable,not_suitable
pillow,jghdke,too_large,0,0,0.0,max_dim=0.598,not_suitable,not_suitable,not_suitable,not_suitable,not_suitable,not_suitable
pillow,joidyf,graspable,200,1,95.6,max_dim=0.481,not_suitable,not_suitable,not_suitable,not_suitable,not_suitable,not_suitable
pillow,jsdeew,no_grasp,200,0,90.3,max_dim=0.493,not_suitable,not_suitable,not_suitable,not_suitable,not_suitable,not_suitable
pillow,kasajy,too_large,0,0,0.0,max_dim=0.519,not_suitable,not_suitable,not_suitable,not_suitable,not_suitable,not_suitable
pillow,kktvay,too_large,0,0,0.0,max_dim=0.681,not_suitable,not_suitable,not_suitable,not_suitable,not_suitable,not_suitable
pillow,kqjtnx,too_large,0,0,0.0,max_dim=1.005,not_suitable,not_suitable,not_suitable,not_suitable,not_suitable,not_suitable
pillow,kvqbla,too_large,0,0,0.0,max_dim=0.573,not_suitable,not_suitable,not_suitable,not_suitable,not_suitable,not_suitable
pillow,kwgaoc,graspable,200,2,79.4,max_dim=0.483,not_suitable,not_suitable,not_suitable,not_suitable,not_suitable,not_suitable
pillow,libtpu,no_grasp,200,0,86.9,max_dim=0.451,not_suitable,not_suitable,not_suitable,not_suitable,not_suitable,not_suitable
pillow,loyrpj,too_large,0,0,0.0,max_dim=0.544,not_suitable,not_suitable,not_suitable,not_suitable,not_suitable,not_suitable
pillow,ltnljq,too_large,0,0,0.0,max_dim=0.506,not_suitable,not_suitable,not_suitable,not_suitable,not_suitable,not_suitable
pillow,lujrap,too_large,0,0,0.0,max_dim=0.564,not_suitable,not_suitable,not_suitable,not_suitable,not_suitable,not_suitable
pillow,lvhnbb,graspable,200,5,71.9,max_dim=0.408,not_suitable,not_suitable,not_suitable,not_suitable,not_suitable,not_suitable
pillow,mcaxez,too_large,0,0,0.0,max_dim=0.887,not_suitable,not_suitable,not_suitable,not_suitable,not_suitable,not_suitable
pillow,mebark,too_large,0,0,0.0,max_dim=0.501,not_suitable,not_suitable,not_suitable,not_suitable,not_suitable,not_suitable
pillow,mgofxe,too_large,0,0,0.0,max_dim=0.520,not_suitable,not_suitable,not_suitable,not_suitable,not_suitable,not_suitable
pillow,mltefs,too_large,0,0,0.0,max_dim=0.836,not_suitable,not_suitable,not_suitable,not_suitable,not_suitable,not_suitable
pillow,mrctox,graspable,200,5,85.8,max_dim=0.425,not_suitable,not_suitable,not_suitable,not_suitable,not_suitable,not_suitable
pillow,msghqj,too_large,0,0,0.0,max_dim=0.836,not_suitable,not_suitable,not_suitable,not_suitable,not_suitable,not_suitable
pillow,nbtsys,too_large,0,0,0.0,max_dim=0.630,not_suitable,not_suitable,not_suitable,not_suitable,not_suitable,not_suitable
pillow,nbwibo,too_large,0,0,0.0,max_dim=0.511,not_suitable,not_suitable,not_suitable,not_suitable,not_suitable,not_suitable
pillow,njlcap,too_large,0,0,0.0,max_dim=0.551,not_suitable,not_suitable,not_suitable,not_suitable,not_suitable,not_suitable
pillow,njused,no_grasp,200,0,72.4,max_dim=0.403,not_suitable,not_suitable,not_suitable,not_suitable,not_suitable,not_suitable
pillow,nolefc,too_large,0,0,0.0,max_dim=0.786,not_suitable,not_suitable,not_suitable,not_suitable,not_suitable,not_suitable
pillow,nxosyv,too_large,0,0,0.0,max_dim=0.698,not_suitable,not_suitable,not_suitable,not_suitable,not_suitable,not_suitable
pillow,obamfr,too_large,0,0,0.0,max_dim=0.944,not_suitable,not_suitable,not_suitable,not_suitable,not_suitable,not_suitable
pillow,odbass,too_large,0,0,0.0,max_dim=0.877,not_suitable,not_suitable,not_suitable,not_suitable,not_suitable,not_suitable
pillow,ozlnml,graspable,200,5,101.1,max_dim=0.465,not_suitable,not_suitable,not_suitable,not_suitable,not_suitable,not_suitable
pillow,oznryc,too_large,0,0,0.0,max_dim=0.666,not_suitable,not_suitable,not_suitable,not_suitable,not_suitable,not_suitable
pillow,pdkrer,graspable,200,1,91.0,max_dim=0.391,not_suitable,not_suitable,not_suitable,not_suitable,not_suitable,not_suitable
pillow,pfwumr,too_large,0,0,0.0,max_dim=0.553,not_suitable,not_suitable,not_suitable,not_suitable,not_suitable,not_suitable
pillow,phtzvr,too_large,0,0,0.0,max_dim=0.728,not_suitable,not_suitable,not_suitable,not_suitable,not_suitable,not_suitable
pillow,pjqqmb,too_large,0,0,0.0,max_dim=0.769,not_suitable,not_suitable,not_suitable,not_suitable,not_suitable,not_suitable
pillow,poyzyt,too_large,0,0,0.0,max_dim=0.555,not_suitable,not_suitable,not_suitable,not_suitable,not_suitable,not_suitable
pillow,presgs,too_large,0,0,0.0,max_dim=0.863,not_suitable,not_suitable,not_suitable,not_suitable,not_suitable,not_suitable
pillow,pwjehr,too_large,0,0,0.0,max_dim=0.517,not_suitable,not_suitable,not_suitable,not_suitable,not_suitable,not_suitable
pillow,qcedjz,too_large,0,0,0.0,max_dim=0.520,not_suitable,not_suitable,not_suitable,not_suitable,not_suitable,not_suitable
pillow,qhulyc,too_large,0,0,0.0,max_dim=0.634,not_suitable,not_suitable,not_suitable,not_suitable,not_suitable,not_suitable
pillow,qlzotg,too_large,0,0,0.0,max_dim=0.502,not_suitable,not_suitable,not_suitable,not_suitable,not_suitable,not_suitable
pillow,qmsouy,too_large,0,0,0.0,max_dim=0.666,not_suitable,not_suitable,not_suitable,not_suitable,not_suitable,not_suitable
pillow,qpwaxt,too_large,0,0,0.0,max_dim=0.561,not_suitable,not_suitable,not_suitable,not_suitable,not_suitable,not_suitable
pillow,qtgqhd,too_large,0,0,0.0,max_dim=0.571,not_suitable,not_suitable,not_suitable,not_suitable,not_suitable,not_suitable
pillow,qyvppj,too_large,0,0,0.0,max_dim=0.741,not_suitable,not_suitable,not_suitable,not_suitable,not_suitable,not_suitable
pillow,rgdzmp,too_large,0,0,0.0,max_dim=0.531,not_suitable,not_suitable,not_suitable,not_suitable,not_suitable,not_suitable
pillow,rhewoi,too_large,0,0,0.0,max_dim=0.783,not_suitable,not_suitable,not_suitable,not_suitable,not_suitable,not_suitable
pillow,rladdl,too_large,0,0,0.0,max_dim=0.507,not_suitable,not_suitable,not_suitable,not_suitable,not_suitable,not_suitable
pillow,ropyde,too_large,0,0,0.0,max_dim=0.834,not_suitable,not_suitable,not_suitable,not_suitable,not_suitable,not_suitable
pillow,rteuzs,too_large,0,0,0.0,max_dim=0.691,not_suitable,not_suitable,not_suitable,not_suitable,not_suitable,not_suitable
pillow,sbxekf,graspable,200,4,93.8,max_dim=0.499,not_suitable,not_suitable,not_suitable,not_suitable,not_suitable,not_suitable
pillow,sjeori,graspable,200,1,96.5,max_dim=0.472,not_suitable,not_suitable,not_suitable,not_suitable,not_suitable,not_suitable
pillow,spethe,too_large,0,0,0.0,max_dim=0.642,not_suitable,not_suitable,not_suitable,not_suitable,not_suitable,not_suitable
pillow,spkcvl,too_large,0,0,0.0,max_dim=0.646,not_suitable,not_suitable,not_suitable,not_suitable,not_suitable,not_suitable
pillow,tepkbl,graspable,200,3,106.1,max_dim=0.257,not_suitable,not_suitable,not_suitable,not_suitable,not_suitable,not_suitable
pillow,tgtele,too_large,0,0,0.0,max_dim=0.841,not_suitable,not_suitable,not_suitable,not_suitable,not_suitable,not_suitable
pillow,tittti,too_large,0,0,0.0,max_dim=0.967,not_suitable,not_suitable,not_suitable,not_suitable,not_suitable,not_suitable
pillow,tlcxuw,no_grasp,200,0,87.1,max_dim=0.482,not_suitable,not_suitable,not_suitable,not_suitable,not_suitable,not_suitable
pillow,tmacdl,too_large,0,0,0.0,max_dim=0.943,not_suitable,not_suitable,not_suitable,not_suitable,not_suitable,not_suitable
pillow,tvmuxs,too_large,0,0,0.0,max_dim=0.612,not_suitable,not_suitable,not_suitable,not_suitable,not_suitable,not_suitable
pillow,tzjozh,too_large,0,0,0.0,max_dim=0.552,not_suitable,not_suitable,not_suitable,not_suitable,not_suitable,not_suitable
pillow,uavnng,no_grasp,200,0,86.2,max_dim=0.401,not_suitable,not_suitable,not_suitable,not_suitable,not_suitable,not_suitable
pillow,uvfhjn,too_large,0,0,0.0,max_dim=0.527,not_suitable,not_suitable,not_suitable,not_suitable,not_suitable,not_suitable
pillow,vbgcmf,too_large,0,0,0.0,max_dim=0.611,not_suitable,not_suitable,not_suitable,not_suitable,not_suitable,not_suitable
pillow,vffqky,too_large,0,0,0.0,max_dim=0.696,not_suitable,not_suitable,not_suitable,not_suitable,not_suitable,not_suitable
pillow,vkuzzw,too_large,0,0,0.0,max_dim=0.535,not_suitable,not_suitable,not_suitable,not_suitable,not_suitable,not_suitable
pillow,vxmqaj,too_large,0,0,0.0,max_dim=0.805,not_suitable,not_suitable,not_suitable,not_suitable,not_suitable,not_suitable
pillow,wirpqe,graspable,200,2,97.9,max_dim=0.440,not_suitable,not_suitable,not_suitable,not_suitable,not_suitable,not_suitable
pillow,wrteaw,graspable,200,1,74.0,max_dim=0.483,not_suitable,not_suitable,not_suitable,not_suitable,not_suitable,not_suitable
pillow,wsfewt,too_large,0,0,0.0,max_dim=0.822,not_suitable,not_suitable,not_suitable,not_suitable,not_suitable,not_suitable
pillow,wsvvxa,too_large,0,0,0.0,max_dim=0.553,not_suitable,not_suitable,not_suitable,not_suitable,not_suitable,not_suitable
pillow,xcpjug,too_large,0,0,0.0,max_dim=1.069,not_suitable,not_suitable,not_suitable,not_suitable,not_suitable,not_suitable
pillow,xgyuns,graspable,200,5,79.3,max_dim=0.419,not_suitable,not_suitable,not_suitable,not_suitable,not_suitable,not_suitable
pillow,xstiee,too_large,0,0,0.0,max_dim=0.576,not_suitable,not_suitable,not_suitable,not_suitable,not_suitable,not_suitable
pillow,xuxkvl,too_large,0,0,0.0,max_dim=0.586,not_suitable,not_suitable,not_suitable,not_suitable,not_suitable,not_suitable
pillow,yfibot,too_large,0,0,0.0,max_dim=0.760,not_suitable,not_suitable,not_suitable,not_suitable,not_suitable,not_suitable
pillow,yiuopu,too_large,0,0,0.0,max_dim=0.563,not_suitable,not_suitable,not_suitable,not_suitable,not_suitable,not_suitable
pillow,yjxvug,too_large,0,0,0.0,max_dim=0.642,not_suitable,not_suitable,not_suitable,not_suitable,not_suitable,not_suitable
pillow,yomjjl,too_large,0,0,0.0,max_dim=0.506,not_suitable,not_suitable,not_suitable,not_suitable,not_suitable,not_suitable
pillow,yrkfhi,too_large,0,0,0.0,max_dim=0.563,not_suitable,not_suitable,not_suitable,not_suitable,not_suitable,not_suitable
pillow,yzpcwx,too_large,0,0,0.0,max_dim=0.642,not_suitable,not_suitable,not_suitable,not_suitable,not_suitable,not_suitable
pillow,zblvpg,no_grasp,200,0,98.9,max_dim=0.499,not_suitable,not_suitable,not_suitable,not_suitable,not_suitable,not_suitable
pillow,zjsugs,too_large,0,0,0.0,max_dim=0.544,not_suitable,not_suitable,not_suitable,not_suitable,not_suitable,not_suitable
pillow,zkytcf,too_large,0,0,0.0,max_dim=0.623,not_suitable,not_suitable,not_suitable,not_suitable,not_suitable,not_suitable
pillow,zlsrbz,graspable,200,4,83.6,max_dim=0.326,not_suitable,not_suitable,not_suitable,not_suitable,not_suitable,not_suitable
pillow,zqlhih,too_large,0,0,0.0,max_dim=0.547,not_suitable,not_suitable,not_suitable,not_suitable,not_suitable,not_suitable
pillow,zxxdwe,too_large,0,0,0.0,max_dim=0.519,not_suitable,not_suitable,not_suitable,not_suitable,not_suitable,not_suitable
pillowcase,dtoahb,too_large,0,0,0.0,max_dim=0.555,not_suitable,not_suitable,not_suitable,not_suitable,not_suitable,not_suitable
pillowcase,yakvci,too_large,0,0,0.0,max_dim=0.578,not_suitable,not_suitable,not_suitable,not_suitable,not_suitable,not_suitable
pine_cone,bmvhss,graspable,200,5,11.7,max_dim=0.087,not_suitable,not_suitable,not_suitable,not_suitable,possible,not_suitable
pine_cone,fmskdx,graspable,200,5,9.5,max_dim=0.070,not_suitable,not_suitable,not_suitable,not_suitable,possible,not_suitable
pine_cone,pyxarv,graspable,200,5,16.2,max_dim=0.164,not_suitable,not_suitable,not_suitable,not_suitable,possible,not_suitable
pine_cone,vbqhas,graspable,200,5,12.1,max_dim=0.070,not_suitable,not_suitable,not_suitable,not_suitable,possible,not_suitable
pineapple,ttviux,not_ready,0,0,0.0,max_dim=0.260,not_suitable,not_suitable,not_suitable,perfect,possible,not_suitable
pineapple,wfaybl,graspable,200,5,8.8,max_dim=0.279,not_suitable,not_suitable,not_suitable,perfect,possible,not_suitable
pineapple_juice_carton,barzwx,graspable,200,5,45.7,max_dim=0.305;manual_override,possible,not_suitable,possible,not_suitable,possible,possible
ping_pong_ball,eutewe,graspable,200,5,25.7,max_dim=0.007,not_suitable,not_suitable,not_suitable,not_suitable,possible,not_suitable
ping_pong_ball,gsekwe,graspable,200,5,29.3,max_dim=0.007,not_suitable,not_suitable,not_suitable,not_suitable,possible,not_suitable
ping_pong_ball,jrwhre,graspable,200,5,38.9,max_dim=0.006,not_suitable,not_suitable,not_suitable,not_suitable,possible,not_suitable
ping_pong_paddle,xcyejf,graspable,200,5,13.0,max_dim=0.038,not_suitable,not_suitable,not_suitable,not_suitable,possible,not_suitable
ping_pong_table,herems,graspable,200,5,23.8,max_dim=0.305,not_suitable,not_suitable,not_suitable,not_suitable,not_suitable,not_suitable
pipe,czrytv,graspable,200,5,12.3,max_dim=0.134,not_suitable,not_suitable,not_suitable,not_suitable,not_suitable,not_suitable
pipe,ewjter,graspable,200,5,11.1,max_dim=0.078,not_suitable,not_suitable,not_suitable,not_suitable,not_suitable,not_suitable
pipe,kfvkxx,graspable,200,5,25.6,max_dim=0.310,not_suitable,not_suitable,not_suitable,not_suitable,not_suitable,not_suitable
pipe,kqgqlv,graspable,200,5,18.0,max_dim=0.118,not_suitable,not_suitable,not_suitable,not_suitable,not_suitable,not_suitable
pipe,odqmuk,graspable,200,5,10.7,max_dim=0.109,not_suitable,not_suitable,not_suitable,not_suitable,not_suitable,not_suitable
pipe,sloscn,graspable,200,5,17.4,max_dim=0.175,not_suitable,not_suitable,not_suitable,not_suitable,not_suitable,not_suitable
pipe,szrjmz,too_large,0,0,0.0,max_dim=2.000,not_suitable,not_suitable,not_suitable,not_suitable,not_suitable,not_suitable
pipe,yeizsx,graspable,200,5,17.2,max_dim=0.176,not_suitable,not_suitable,not_suitable,not_suitable,not_suitable,not_suitable
pipe_cleaner,bulgvr,graspable,200,5,11.7,max_dim=0.203,not_suitable,not_suitable,not_suitable,not_suitable,not_suitable,not_suitable
pipe_cleaner,qdazrd,graspable,200,5,10.6,max_dim=0.262,not_suitable,not_suitable,not_suitable,not_suitable,not_suitable,not_suitable
pipe_cleaner,qxeedt,graspable,200,5,10.2,max_dim=0.196,not_suitable,not_suitable,not_suitable,not_suitable,not_suitable,not_suitable
pipe_cleaner,snyjah,graspable,200,5,12.7,max_dim=0.303,not_suitable,not_suitable,not_suitable,not_suitable,not_suitable,not_suitable
pipe_cleaner,yccyjo,graspable,200,5,12.1,max_dim=0.215,not_suitable,not_suitable,not_suitable,not_suitable,not_suitable,not_suitable
pita,igejpf,not_ready,0,0,0.0,max_dim=0.252,not_suitable,not_suitable,not_suitable,perfect,not_suitable,not_suitable
pitcher,ankfvi,graspable,200,5,18.6,max_dim=0.280,perfect,not_suitable,perfect,not_suitable,perfect,perfect
pitcher,bbewjo,graspable,200,5,13.1,max_dim=0.244,perfect,not_suitable,perfect,not_suitable,perfect,perfect
pitcher,mbrlge,graspable,200,5,19.1,max_dim=0.280,perfect,not_suitable,perfect,not_suitable,perfect,perfect
pitcher,tsyims,graspable,200,5,23.0,max_dim=0.355,perfect,not_suitable,perfect,not_suitable,perfect,perfect
pitcher,tzbnmh,graspable,200,5,35.0,max_dim=0.355,perfect,not_suitable,perfect,not_suitable,perfect,perfect
pizza,vyfhkm,graspable,200,1,100.7,max_dim=0.473,not_suitable,not_suitable,not_suitable,perfect,possible,not_suitable
pizza_box,hvaucj,no_grasp,200,0,12.0,max_dim=0.403,not_suitable,possible,not_suitable,not_suitable,possible,not_suitable
pizza_dough,jguwbv,not_ready,0,0,0.0,max_dim=0.317,not_suitable,not_suitable,not_suitable,possible,not_suitable,not_suitable
place_mat,inqmsu,no_grasp,200,0,1.5,max_dim=0.436,not_suitable,perfect,not_suitable,not_suitable,perfect,not_suitable
place_mat,mayaur,no_grasp,200,0,1.4,max_dim=0.299,not_suitable,perfect,not_suitable,not_suitable,perfect,not_suitable
place_mat,nxzfmz,too_large,0,0,0.0,max_dim=1.416,not_suitable,perfect,not_suitable,not_suitable,perfect,not_suitable
place_mat,ujaolf,too_large,0,0,0.0,max_dim=0.566,not_suitable,perfect,not_suitable,not_suitable,perfect,not_suitable
plant_pot,gtnmis,no_grasp,200,0,2.0,max_dim=0.237,possible,not_suitable,not_suitable,not_suitable,possible,possible
plant_pot,ihnfbi,no_grasp,200,0,1.9,max_dim=0.164,possible,not_suitable,not_suitable,not_suitable,possible,possible
plant_pot,skbcqq,not_ready,0,0,0.0,max_dim=0.099,possible,not_suitable,not_suitable,not_suitable,possible,possible
plant_pot,vhglly,no_grasp,200,0,1.8,max_dim=0.244,possible,not_suitable,not_suitable,not_suitable,possible,possible
plant_pot,wvgsqk,no_grasp,200,0,1.7,max_dim=0.247,possible,not_suitable,not_suitable,not_suitable,possible,possible
plant_pot,ygrtaz,not_ready,0,0,0.0,max_dim=0.271,possible,not_suitable,not_suitable,not_suitable,possible,possible
plant_pot_stand,dylpyb,too_large,0,0,0.0,max_dim=0.828,not_suitable,not_suitable,not_suitable,not_suitable,not_suitable,not_suitable
plant_stem,apmuwj,no_grasp,200,0,1.5,max_dim=0.215,not_suitable,not_suitable,not_suitable,not_suitable,not_suitable,not_suitable
plant_stem,ipypqt,no_grasp,200,0,1.5,max_dim=0.203,not_suitable,not_suitable,not_suitable,not_suitable,not_suitable,not_suitable
plant_stem,qeslgb,no_grasp,200,0,1.6,max_dim=0.157,not_suitable,not_suitable,not_suitable,not_suitable,not_suitable,not_suitable
plastic_bag,fwxfpe,no_grasp,200,0,1.8,max_dim=0.387,not_suitable,not_suitable,not_suitable,not_suitable,not_suitable,not_suitable
plastic_wrap,nzbhjq,no_grasp,200,0,1.4,max_dim=0.305,not_suitable,not_suitable,not_suitable,not_suitable,not_suitable,not_suitable
plate,aewthq,no_grasp,200,0,2.3,max_dim=0.170,possible,possible,not_suitable,not_suitable,perfect,not_suitable
plate,akfjxx,no_grasp,200,0,1.7,max_dim=0.209,possible,possible,not_suitable,not_suitable,perfect,not_suitable
plate,amhlqh,no_grasp,200,0,1.7,max_dim=0.411,possible,possible,not_suitable,not_suitable,perfect,not_suitable
plate,aynjhg,no_grasp,200,0,1.7,max_dim=0.241,possible,possible,not_suitable,not_suitable,perfect,not_suitable
plate,bgxzec,no_grasp,200,0,2.0,max_dim=0.231,possible,possible,not_suitable,not_suitable,perfect,not_suitable
plate,dbprwc,graspable,200,5,21.4,max_dim=0.218,possible,possible,not_suitable,not_suitable,perfect,not_suitable
plate,dnqekb,graspable,200,5,49.7,max_dim=0.330,possible,possible,not_suitable,not_suitable,perfect,not_suitable
plate,eixyyn,graspable,200,5,18.6,max_dim=0.162,possible,possible,not_suitable,not_suitable,perfect,not_suitable
plate,eozsdg,graspable,200,5,52.6,max_dim=0.330,possible,possible,not_suitable,not_suitable,perfect,not_suitable
plate,fhdyrj,graspable,200,5,50.5,max_dim=0.332,possible,possible,not_suitable,not_suitable,perfect,not_suitable
plate,fkpaie,graspable,200,5,18.8,max_dim=0.297,possible,possible,not_suitable,not_suitable,perfect,not_suitable
plate,iawoof,graspable,200,5,21.4,max_dim=0.200,possible,possible,not_suitable,not_suitable,perfect,not_suitable
plate,ihrjrb,not_ready,0,0,0.0,max_dim=0.126,possible,possible,not_suitable,not_suitable,perfect,not_suitable
plate,itoeew,too_large,0,0,0.0,max_dim=0.515,possible,possible,not_suitable,not_suitable,perfect,not_suitable
plate,ivbrtz,graspable,200,4,115.0,max_dim=0.379,possible,possible,not_suitable,not_suitable,perfect,not_suitable
plate,ivuveo,graspable,200,5,64.1,max_dim=0.266,possible,possible,not_suitable,not_suitable,perfect,not_suitable
plate,iwfvwf,graspable,200,5,12.3,max_dim=0.299,possible,possible,not_suitable,not_suitable,perfect,not_suitable
plate,kkjiko,graspable,200,5,14.8,max_dim=0.240,possible,possible,not_suitable,not_suitable,perfect,not_suitable
plate,kkmkbd,graspable,200,5,31.4,max_dim=0.312,possible,possible,not_suitable,not_suitable,perfect,not_suitable
plate,ksgizx,graspable,200,5,29.2,max_dim=0.265,possible,possible,not_suitable,not_suitable,perfect,not_suitable
plate,lixwwc,graspable,200,5,53.6,max_dim=0.116,possible,possible,not_suitable,not_suitable,perfect,not_suitable
plate,lkomhp,graspable,200,5,15.9,max_dim=0.176,possible,possible,not_suitable,not_suitable,perfect,not_suitable
plate,luhkiz,graspable,200,5,28.1,max_dim=0.241,possible,possible,not_suitable,not_suitable,perfect,not_suitable
plate,molqhs,too_large,0,0,0.0,max_dim=0.515,possible,possible,not_suitable,not_suitable,perfect,not_suitable
plate,mtetqm,graspable,200,5,21.6,max_dim=0.219,possible,possible,not_suitable,not_suitable,perfect,not_suitable
plate,nbuspz,graspable,200,5,27.5,max_dim=0.290,possible,possible,not_suitable,not_suitable,perfect,not_suitable
plate,nhodax,graspable,200,5,26.4,max_dim=0.265,possible,possible,not_suitable,not_suitable,perfect,not_suitable
plate,nikfgd,not_ready,0,0,0.0,max_dim=0.203,possible,possible,not_suitable,not_suitable,perfect,not_suitable
plate,nrjump,graspable,200,5,18.9,max_dim=0.169,possible,possible,not_suitable,not_suitable,perfect,not_suitable
plate,ntedfx,graspable,200,5,14.8,max_dim=0.238,possible,possible,not_suitable,not_suitable,perfect,not_suitable
plate,odmjdd,graspable,200,5,27.8,max_dim=0.231,possible,possible,not_suitable,not_suitable,perfect,not_suitable
plate,pjinwe,graspable,200,1,101.2,max_dim=0.422,possible,possible,not_suitable,not_suitable,perfect,not_suitable
plate,pkkgzc,graspable,200,5,16.9,max_dim=0.259,possible,possible,not_suitable,not_suitable,perfect,not_suitable
plate,qbxfmv,graspable,200,5,19.9,max_dim=0.262,possible,possible,not_suitable,not_suitable,perfect,not_suitable
plate,qtfzeq,graspable,200,5,21.1,max_dim=0.246,possible,possible,not_suitable,not_suitable,perfect,not_suitable
plate,qyuyjr,graspable,200,5,19.9,max_dim=0.297,possible,possible,not_suitable,not_suitable,perfect,not_suitable
plate,spppps,graspable,200,5,35.6,max_dim=0.262,possible,possible,not_suitable,not_suitable,perfect,not_suitable
plate,tgrsui,graspable,200,5,18.7,max_dim=0.180,possible,possible,not_suitable,not_suitable,perfect,not_suitable
plate,uakqei,graspable,200,5,16.9,max_dim=0.160,possible,possible,not_suitable,not_suitable,perfect,not_suitable
plate,ujodgo,graspable,200,5,16.9,max_dim=0.284,possible,possible,not_suitable,not_suitable,perfect,not_suitable
plate,uumkbl,not_ready,0,0,0.0,max_dim=0.121,possible,possible,not_suitable,not_suitable,perfect,not_suitable
plate,vitdwc,graspable,200,5,49.5,max_dim=0.117,possible,possible,not_suitable,not_suitable,perfect,not_suitable
plate,vjqzwa,graspable,200,5,13.7,max_dim=0.199,possible,possible,not_suitable,not_suitable,perfect,not_suitable
plate,vtjwof,graspable,200,5,12.3,max_dim=0.230,possible,possible,not_suitable,not_suitable,perfect,not_suitable
plate,wgcgia,graspable,200,5,19.7,max_dim=0.265,possible,possible,not_suitable,not_suitable,perfect,not_suitable
plate,wqgndf,not_ready,0,0,0.0,max_dim=0.218,possible,possible,not_suitable,not_suitable,perfect,not_suitable
plate,xfjmld,graspable,200,5,48.1,max_dim=0.310,possible,possible,not_suitable,not_suitable,perfect,not_suitable
plate,xtdcau,graspable,200,5,10.1,max_dim=0.152,possible,possible,not_suitable,not_suitable,perfect,not_suitable
plate,ypdfrp,graspable,200,5,14.0,max_dim=0.182,possible,possible,not_suitable,not_suitable,perfect,not_suitable
plate,zpddxu,graspable,200,5,15.0,max_dim=0.226,possible,possible,not_suitable,not_suitable,perfect,not_suitable
platter,csanbr,graspable,200,5,22.3,max_dim=0.345,not_suitable,perfect,not_suitable,not_suitable,possible,not_suitable
platter,ekjpdj,graspable,200,5,20.9,max_dim=0.340,not_suitable,perfect,not_suitable,not_suitable,possible,not_suitable
platter,hnlivs,graspable,200,5,19.7,max_dim=0.340,not_suitable,perfect,not_suitable,not_suitable,possible,not_suitable
platter,iadlti,graspable,200,5,16.8,max_dim=0.262,not_suitable,perfect,not_suitable,not_suitable,possible,not_suitable
platter,ieoasd,graspable,200,5,12.3,max_dim=0.255,not_suitable,perfect,not_suitable,not_suitable,possible,not_suitable
platter,kiiamx,graspable,200,5,11.0,max_dim=0.340,not_suitable,perfect,not_suitable,not_suitable,possible,not_suitable
playground,vojjkc,too_large,0,0,0.0,max_dim=10.555,not_suitable,not_suitable,not_suitable,not_suitable,not_suitable,not_suitable
playground,xdlcdi,too_large,0,0,0.0,max_dim=5.598,not_suitable,not_suitable,not_suitable,not_suitable,not_suitable,not_suitable
plier,zwzncq,no_grasp,200,0,2.8,max_dim=0.154,not_suitable,not_suitable,not_suitable,not_suitable,possible,not_suitable
plug,mkfczr,not_ready,0,0,0.0,max_dim=0.051,not_suitable,not_suitable,not_suitable,not_suitable,not_suitable,not_suitable
plum,rhaemq,no_grasp,200,0,1.5,max_dim=0.061,not_suitable,not_suitable,not_suitable,perfect,possible,not_suitable
plywood,fkmkqa,no_grasp,200,0,1.5,max_dim=0.472,not_suitable,possible,not_suitable,not_suitable,not_suitable,not_suitable
pocketknife,ngtgdn,no_grasp,200,0,1.7,max_dim=0.139,not_suitable,not_suitable,not_suitable,not_suitable,possible,not_suitable
poinsettia,eefcsd,no_grasp,200,0,2.0,max_dim=0.281,not_suitable,not_suitable,not_suitable,not_suitable,possible,not_suitable
poinsettia,peeehg,no_grasp,200,0,2.0,max_dim=0.343,not_suitable,not_suitable,not_suitable,not_suitable,possible,not_suitable
poinsettia,qdcipo,no_grasp,200,0,1.8,max_dim=0.284,not_suitable,not_suitable,not_suitable,not_suitable,possible,not_suitable
poker,rwypbs,too_large,0,0,0.0,max_dim=0.664,not_suitable,not_suitable,not_suitable,not_suitable,not_suitable,not_suitable
pole,pkzvpk,too_large,0,0,0.0,max_dim=1.397,not_suitable,not_suitable,not_suitable,not_suitable,not_suitable,not_suitable
polish_bottle,hldhxl,no_grasp,200,0,2.1,max_dim=0.276,possible,not_suitable,possible,not_suitable,possible,not_suitable
pomegranate,tldskr,no_grasp,200,0,1.5,max_dim=0.089,not_suitable,not_suitable,not_suitable,perfect,possible,not_suitable
pomelo,ezckjt,no_grasp,200,0,1.5,max_dim=0.088,not_suitable,not_suitable,not_suitable,perfect,possible,not_suitable
pommel_horse,safhsw,too_large,0,0,0.0,max_dim=1.048,not_suitable,not_suitable,not_suitable,not_suitable,not_suitable,not_suitable
pool_ball,uoirje,no_grasp,200,0,1.4,max_dim=0.059,not_suitable,not_suitable,not_suitable,not_suitable,possible,not_suitable
pool_stick,werrrt,too_large,0,0,0.0,max_dim=1.591,not_suitable,not_suitable,not_suitable,not_suitable,not_suitable,not_suitable
pool_table,atjfhn,too_large,0,0,0.0,max_dim=2.032,not_suitable,not_suitable,not_suitable,not_suitable,not_suitable,not_suitable
pop_case,dufbnv,no_grasp,200,0,1.4,max_dim=0.394,not_suitable,not_suitable,not_suitable,not_suitable,not_suitable,not_suitable
pop_case,gwgaqb,no_grasp,200,0,1.4,max_dim=0.360,not_suitable,not_suitable,not_suitable,not_suitable,not_suitable,not_suitable
pop_case,noiyxv,no_grasp,200,0,1.5,max_dim=0.394,not_suitable,not_suitable,not_suitable,not_suitable,not_suitable,not_suitable
pop_case,oarbks,no_grasp,200,0,102.6,max_dim=0.394,not_suitable,not_suitable,not_suitable,not_suitable,not_suitable,not_suitable
pop_case,pldtgy,no_grasp,200,0,92.9,max_dim=0.327,not_suitable,not_suitable,not_suitable,not_suitable,not_suitable,not_suitable
pop_case,qcfxec,graspable,200,1,101.0,max_dim=0.325,not_suitable,not_suitable,not_suitable,not_suitable,not_suitable,not_suitable
pop_case,qwtbon,graspable,200,2,99.1,max_dim=0.394,not_suitable,not_suitable,not_suitable,not_suitable,not_suitable,not_suitable
pop_case,rzhvvk,graspable,200,2,86.1,max_dim=0.295,not_suitable,not_suitable,not_suitable,not_suitable,not_suitable,not_suitable
pop_case,seiatm,no_grasp,200,0,104.1,max_dim=0.394,not_suitable,not_suitable,not_suitable,not_suitable,not_suitable,not_suitable
pop_case,sqiatv,no_grasp,200,0,96.3,max_dim=0.394,not_suitable,not_suitable,not_suitable,not_suitable,not_suitable,not_suitable
pop_case,unmexe,graspable,200,1,98.3,max_dim=0.268,not_suitable,not_suitable,not_suitable,not_suitable,not_suitable,not_suitable
pop_case,zfyatg,graspable,200,1,109.0,max_dim=0.223,not_suitable,not_suitable,not_suitable,not_suitable,not_suitable,not_suitable
pop_case,zxguap,graspable,200,1,105.0,max_dim=0.394,not_suitable,not_suitable,not_suitable,not_suitable,not_suitable,not_suitable
popcorn_bag,hdcpqg,graspable,200,5,25.1,max_dim=0.367,not_suitable,not_suitable,not_suitable,not_suitable,possible,not_suitable
popcorn_machine,ignowl,too_large,0,0,0.0,max_dim=0.674,not_suitable,not_suitable,not_suitable,not_suitable,not_suitable,not_suitable
pork,ihekpm,graspable,200,5,11.0,max_dim=0.117,not_suitable,not_suitable,not_suitable,perfect,not_suitable,not_suitable
pork_chop,bdwvkg,graspable,200,5,34.9,max_dim=0.147,not_suitable,not_suitable,not_suitable,perfect,not_suitable,not_suitable
pork_rib,tkqvnq,not_ready,0,0,0.0,max_dim=0.204,not_suitable,not_suitable,not_suitable,perfect,not_suitable,not_suitable
portable_game_console,muwcnf,graspable,200,5,24.8,max_dim=0.096,not_suitable,not_suitable,not_suitable,not_suitable,possible,not_suitable
portafilter,obdthu,not_ready,0,0,0.0,max_dim=0.200,not_suitable,not_suitable,not_suitable,not_suitable,possible,not_suitable
portrait,xsayvx,too_large,0,0,0.0,max_dim=1.887,not_suitable,not_suitable,not_suitable,not_suitable,not_suitable,not_suitable
post_it,drlhqi,graspable,200,5,10.9,max_dim=0.077,not_suitable,not_suitable,not_suitable,not_suitable,possible,not_suitable
post_it,ooetjh,graspable,200,5,9.6,max_dim=0.075,not_suitable,not_suitable,not_suitable,not_suitable,possible,not_suitable
post_it,xakxes,graspable,200,5,10.5,max_dim=0.075,not_suitable,not_suitable,not_suitable,not_suitable,possible,not_suitable
postage_stamp,biqmtn,not_ready,0,0,0.0,max_dim=0.035,not_suitable,not_suitable,not_suitable,not_suitable,not_suitable,not_suitable
postage_stamp,yszkpy,not_ready,0,0,0.0,max_dim=0.035,not_suitable,not_suitable,not_suitable,not_suitable,not_suitable,not_suitable
postcard,aujfqp,graspable,200,5,21.1,max_dim=0.160,not_suitable,perfect,not_suitable,not_suitable,possible,not_suitable
poster,dsrcyt,too_large,0,0,0.0,max_dim=0.888,not_suitable,not_suitable,not_suitable,not_suitable,not_suitable,not_suitable
poster_roll,iqnvyu,graspable,200,5,13.7,max_dim=0.441,not_suitable,not_suitable,not_suitable,not_suitable,not_suitable,not_suitable
poster_roll,mlezct,graspable,200,5,11.0,max_dim=0.427,not_suitable,not_suitable,not_suitable,not_suitable,not_suitable,not_suitable
poster_roll,sjrlmi,graspable,200,1,103.4,max_dim=0.426,not_suitable,not_suitable,not_suitable,not_suitable,not_suitable,not_suitable
poster_roll,vqkwuk,too_large,0,0,0.0,max_dim=0.542,not_suitable,not_suitable,not_suitable,not_suitable,not_suitable,not_suitable
pot_plant,aantth,graspable,200,5,70.6,max_dim=0.407,possible,not_suitable,not_suitable,not_suitable,possible,not_suitable
pot_plant,arwvvc,not_ready,0,0,0.0,max_dim=0.438,possible,not_suitable,not_suitable,not_suitable,possible,not_suitable
pot_plant,asnsgf,too_large,0,0,0.0,max_dim=0.630,possible,not_suitable,not_suitable,not_suitable,possible,not_suitable
pot_plant,azfbnd,graspable,200,5,51.9,max_dim=0.335,possible,not_suitable,not_suitable,not_suitable,possible,not_suitable
pot_plant,bjwskl,too_large,0,0,0.0,max_dim=1.163,possible,not_suitable,not_suitable,not_suitable,possible,not_suitable
pot_plant,cecdwu,too_large,0,0,0.0,max_dim=0.678,possible,not_suitable,not_suitable,not_suitable,possible,not_suitable
pot_plant,cqqyzp,graspable,200,5,39.2,max_dim=0.419,possible,not_suitable,not_suitable,not_suitable,possible,not_suitable
pot_plant,cvthyv,not_ready,0,0,0.0,max_dim=0.214,possible,not_suitable,not_suitable,not_suitable,possible,not_suitable
pot_plant,dbjcic,not_ready,0,0,0.0,max_dim=0.244,possible,not_suitable,not_suitable,not_suitable,possible,not_suitable
pot_plant,dxypbs,too_large,0,0,0.0,max_dim=1.554,possible,not_suitable,not_suitable,not_suitable,possible,not_suitable
pot_plant,eixiaq,too_large,0,0,0.0,max_dim=2.649,possible,not_suitable,not_suitable,not_suitable,possible,not_suitable
pot_plant,ftbsdt,too_large,0,0,0.0,max_dim=0.605,possible,not_suitable,not_suitable,not_suitable,possible,not_suitable
pot_plant,iblutb,too_large,0,0,0.0,max_dim=1.032,possible,not_suitable,not_suitable,not_suitable,possible,not_suitable
pot_plant,ibvdwh,too_large,0,0,0.0,max_dim=1.223,possible,not_suitable,not_suitable,not_suitable,possible,not_suitable
pot_plant,imhfnc,too_large,0,0,0.0,max_dim=0.594,possible,not_suitable,not_suitable,not_suitable,possible,not_suitable
pot_plant,irdjit,too_large,0,0,0.0,max_dim=1.824,possible,not_suitable,not_suitable,not_suitable,possible,not_suitable
pot_plant,irffta,too_large,0,0,0.0,max_dim=0.909,possible,not_suitable,not_suitable,not_suitable,possible,not_suitable
pot_plant,irtlsj,not_ready,0,0,0.0,max_dim=0.370,possible,not_suitable,not_suitable,not_suitable,possible,not_suitable
pot_plant,jaofyw,too_large,0,0,0.0,max_dim=1.077,possible,not_suitable,not_suitable,not_suitable,possible,not_suitable
pot_plant,jatssq,graspable,200,5,38.5,max_dim=0.286,possible,not_suitable,not_suitable,not_suitable,possible,not_suitable
pot_plant,jaunqh,graspable,200,5,32.3,max_dim=0.290,possible,not_suitable,not_suitable,not_suitable,possible,not_suitable
pot_plant,jgkozi,graspable,200,5,13.0,max_dim=0.113,possible,not_suitable,not_suitable,not_suitable,possible,not_suitable
pot_plant,jrvtso,not_ready,0,0,0.0,max_dim=0.444,possible,not_suitable,not_suitable,not_suitable,possible,not_suitable
pot_plant,jtkcip,too_large,0,0,0.0,max_dim=2.360,possible,not_suitable,not_suitable,not_suitable,possible,not_suitable
pot_plant,kjnypo,graspable,200,5,13.5,max_dim=0.256,possible,not_suitable,not_suitable,not_suitable,possible,not_suitable
pot_plant,kndwfb,too_large,0,0,0.0,max_dim=1.101,possible,not_suitable,not_suitable,not_suitable,possible,not_suitable
pot_plant,koloae,too_large,0,0,0.0,max_dim=1.293,possible,not_suitable,not_suitable,not_suitable,possible,not_suitable
pot_plant,kxmvco,graspable,200,5,117.2,max_dim=0.370,possible,not_suitable,not_suitable,not_suitable,possible,not_suitable
pot_plant,kyrcpw,not_ready,0,0,0.0,max_dim=0.482,possible,not_suitable,not_suitable,not_suitable,possible,not_suitable
pot_plant,liqyem,too_large,0,0,0.0,max_dim=0.604,possible,not_suitable,not_suitable,not_suitable,possible,not_suitable
pot_plant,lligdl,too_large,0,0,0.0,max_dim=1.919,possible,not_suitable,not_suitable,not_suitable,possible,not_suitable
pot_plant,mfnact,too_large,0,0,0.0,max_dim=0.782,possible,not_suitable,not_suitable,not_suitable,possible,not_suitable
pot_plant,mkhbtk,too_large,0,0,0.0,max_dim=1.744,possible,not_suitable,not_suitable,not_suitable,possible,not_suitable
pot_plant,mqhlkf,too_large,0,0,0.0,max_dim=1.844,possible,not_suitable,not_suitable,not_suitable,possible,not_suitable
pot_plant,mypsrd,graspable,200,5,15.9,max_dim=0.225,possible,not_suitable,not_suitable,not_suitable,possible,not_suitable
pot_plant,niavbx,too_large,0,0,0.0,max_dim=1.097,possible,not_suitable,not_suitable,not_suitable,possible,not_suitable
pot_plant,nscddw,graspable,200,3,99.5,max_dim=0.442,possible,not_suitable,not_suitable,not_suitable,possible,not_suitable
pot_plant,opykqm,too_large,0,0,0.0,max_dim=0.517,possible,not_suitable,not_suitable,not_suitable,possible,not_suitable
pot_plant,peypuq,too_large,0,0,0.0,max_dim=1.052,possible,not_suitable,not_suitable,not_suitable,possible,not_suitable
pot_plant,qenqqv,graspable,200,5,79.2,max_dim=0.463,possible,not_suitable,not_suitable,not_suitable,possible,not_suitable
pot_plant,qftnsu,too_large,0,0,0.0,max_dim=0.924,possible,not_suitable,not_suitable,not_suitable,possible,not_suitable
pot_plant,qlyaks,too_large,0,0,0.0,max_dim=0.993,possible,not_suitable,not_suitable,not_suitable,possible,not_suitable
pot_plant,quaxmw,graspable,200,5,52.3,max_dim=0.305,possible,not_suitable,not_suitable,not_suitable,possible,not_suitable
pot_plant,qwtwrx,too_large,0,0,0.0,max_dim=1.077,possible,not_suitable,not_suitable,not_suitable,possible,not_suitable
pot_plant,qyarus,not_ready,0,0,0.0,max_dim=0.370,possible,not_suitable,not_suitable,not_suitable,possible,not_suitable
pot_plant,spmhnj,not_ready,0,0,0.0,max_dim=0.254,possible,not_suitable,not_suitable,not_suitable,possible,not_suitable
pot_plant,stawgx,too_large,0,0,0.0,max_dim=0.642,possible,not_suitable,not_suitable,not_suitable,possible,not_suitable
pot_plant,tbsjnw,graspable,200,5,27.4,max_dim=0.349,possible,not_suitable,not_suitable,not_suitable,possible,not_suitable
pot_plant,ttijye,too_large,0,0,0.0,max_dim=1.176,possible,not_suitable,not_suitable,not_suitable,possible,not_suitable
pot_plant,udqjui,too_large,0,0,0.0,max_dim=0.671,possible,not_suitable,not_suitable,not_suitable,possible,not_suitable
pot_plant,usrbxb,not_ready,0,0,0.0,max_dim=0.452,possible,not_suitable,not_suitable,not_suitable,possible,not_suitable
pot_plant,uvbpsf,graspable,200,4,98.7,max_dim=0.399,possible,not_suitable,not_suitable,not_suitable,possible,not_suitable
pot_plant,vcwwrd,not_ready,0,0,0.0,max_dim=0.469,possible,not_suitable,not_suitable,not_suitable,possible,not_suitable
pot_plant,vycujf,too_large,0,0,0.0,max_dim=0.860,possible,not_suitable,not_suitable,not_suitable,possible,not_suitable
pot_plant,vyswzs,too_large,0,0,0.0,max_dim=0.538,possible,not_suitable,not_suitable,not_suitable,possible,not_suitable
pot_plant,xcybvc,too_large,0,0,0.0,max_dim=1.547,possible,not_suitable,not_suitable,not_suitable,possible,not_suitable
pot_plant,xyczqb,graspable,200,5,79.8,max_dim=0.465,possible,not_suitable,not_suitable,not_suitable,possible,not_suitable
pot_plant,xzoovy,graspable,200,5,19.4,max_dim=0.290,possible,not_suitable,not_suitable,not_suitable,possible,not_suitable
pot_plant,yrakhf,not_ready,0,0,0.0,max_dim=0.369,possible,not_suitable,not_suitable,not_suitable,possible,not_suitable
pot_plant,yvuagy,graspable,200,5,20.6,max_dim=0.299,possible,not_suitable,not_suitable,not_suitable,possible,not_suitable
pot_plant,zkbbdm,too_large,0,0,0.0,max_dim=1.243,possible,not_suitable,not_suitable,not_suitable,possible,not_suitable
pot_plant,ztnfnw,too_large,0,0,0.0,max_dim=0.765,possible,not_suitable,not_suitable,not_suitable,possible,not_suitable
potato,bpwohr,graspable,200,5,9.8,max_dim=0.081,not_suitable,not_suitable,not_suitable,perfect,possible,not_suitable
potato,lgupkq,not_ready,0,0,0.0,max_dim=0.136,not_suitable,not_suitable,not_suitable,perfect,possible,not_suitable
potato,ljfitc,graspable,200,5,12.0,max_dim=0.076,not_suitable,not_suitable,not_suitable,perfect,possible,not_suitable
potato,lqjear,graspable,200,5,10.5,max_dim=0.077,not_suitable,not_suitable,not_suitable,perfect,possible,not_suitable
potato,ngjeog,graspable,200,5,10.4,max_dim=0.084,not_suitable,not_suitable,not_suitable,perfect,possible,not_suitable
potato,reczhi,graspable,200,5,10.0,max_dim=0.106,not_suitable,not_suitable,not_suitable,perfect,possible,not_suitable
potato_masher,qxfadi,graspable,200,5,24.1,max_dim=0.357,not_suitable,not_suitable,not_suitable,not_suitable,possible,not_suitable
pottable_beefsteak_tomato,rrjizb,too_large,0,0,0.0,max_dim=0.628,not_suitable,not_suitable,not_suitable,not_suitable,possible,not_suitable
pottable_cactus,fcqqsz,not_ready,0,0,0.0,max_dim=0.135,not_suitable,not_suitable,not_suitable,not_suitable,possible,not_suitable
pottable_chili,lpshnm,not_ready,0,0,0.0,max_dim=0.301,not_suitable,not_suitable,not_suitable,not_suitable,possible,not_suitable
pottable_chili,pwalol,not_ready,0,0,0.0,max_dim=0.305,not_suitable,not_suitable,not_suitable,not_suitable,possible,not_suitable
pottable_daffodil,yuuyxp,graspable,200,5,13.1,max_dim=0.186,not_suitable,not_suitable,not_suitable,not_suitable,possible,not_suitable
pottable_dahlia,shchvh,graspable,200,5,33.6,max_dim=0.407,not_suitable,not_suitable,not_suitable,not_suitable,possible,not_suitable
pottable_dahlia,wcgqlj,graspable,200,5,11.0,max_dim=0.280,not_suitable,not_suitable,not_suitable,not_suitable,possible,not_suitable
pottable_marigold,clbgcs,not_ready,0,0,0.0,max_dim=0.215,not_suitable,not_suitable,not_suitable,not_suitable,possible,not_suitable
power_drill,hdvnxd,not_ready,0,0,0.0,max_dim=0.289,not_suitable,not_suitable,not_suitable,not_suitable,not_suitable,not_suitable
power_strip,czvrku,too_large,0,0,0.0,max_dim=0.551,not_suitable,not_suitable,not_suitable,not_suitable,possible,not_suitable
power_washer,pkhrip,too_large,0,0,0.0,max_dim=0.824,not_suitable,not_suitable,not_suitable,not_suitable,not_suitable,not_suitable
pressure_cooker,otyngn,graspable,200,5,38.9,max_dim=0.394,not_suitable,not_suitable,perfect,not_suitable,possible,perfect
pretzel,rmutwn,graspable,200,5,31.6,max_dim=0.241,not_suitable,not_suitable,not_suitable,perfect,possible,not_suitable
price_tag,uijuyh,graspable,200,5,12.1,max_dim=0.090,not_suitable,not_suitable,not_suitable,not_suitable,not_suitable,not_suitable
printer,icxhbx,too_large,0,0,0.0,max_dim=0.621,not_suitable,not_suitable,not_suitable,not_suitable,not_suitable,not_suitable
printer,kqmlho,not_ready,0,0,0.0,max_dim=0.366,not_suitable,not_suitable,not_suitable,not_suitable,not_suitable,not_suitable
printer,kqzshp,too_large,0,0,0.0,max_dim=1.130,not_suitable,not_suitable,not_suitable,not_suitable,not_suitable,not_suitable
printer,oyqbtq,too_large,0,0,0.0,max_dim=0.582,not_suitable,not_suitable,not_suitable,not_suitable,not_suitable,not_suitable
printer,tiioui,no_grasp,200,0,80.8,max_dim=0.440,not_suitable,not_suitable,not_suitable,not_suitable,not_suitable,not_suitable
projection_screen,dyhmgd,too_large,0,0,0.0,max_dim=1.473,not_suitable,not_suitable,not_suitable,not_suitable,not_suitable,not_suitable
projection_screen,owgtas,too_large,0,0,0.0,max_dim=3.115,not_suitable,not_suitable,not_suitable,not_suitable,not_suitable,not_suitable
projection_screen,ubdmvn,too_large,0,0,0.0,max_dim=1.473,not_suitable,not_suitable,not_suitable,not_suitable,not_suitable,not_suitable
projection_screen,zsquya,too_large,0,0,0.0,max_dim=1.701,not_suitable,not_suitable,not_suitable,not_suitable,not_suitable,not_suitable
projector,pqtbkr,too_large,0,0,0.0,max_dim=0.614,not_suitable,not_suitable,not_suitable,not_suitable,not_suitable,not_suitable
projector,spedyw,no_grasp,200,0,103.3,max_dim=0.463,not_suitable,not_suitable,not_suitable,not_suitable,not_suitable,not_suitable
prosciutto,udjqae,graspable,200,5,41.7,max_dim=0.227,not_suitable,not_suitable,not_suitable,perfect,not_suitable,not_suitable
pruner,lucqrs,no_grasp,200,0,31.0,max_dim=0.228,not_suitable,not_suitable,not_suitable,not_suitable,possible,not_suitable
public_trash_can,aefcem,too_large,0,0,0.0,max_dim=0.659,not_suitable,not_suitable,not_suitable,not_suitable,not_suitable,not_suitable
public_trash_can,duugbb,too_large,0,0,0.0,max_dim=0.743,not_suitable,not_suitable,not_suitable,not_suitable,not_suitable,not_suitable
public_trash_can,fkosow,too_large,0,0,0.0,max_dim=0.664,not_suitable,not_suitable,not_suitable,not_suitable,not_suitable,not_suitable
public_trash_can,glzckq,too_large,0,0,0.0,max_dim=0.657,not_suitable,not_suitable,not_suitable,not_suitable,not_suitable,not_suitable
public_trash_can,gsgutn,too_large,0,0,0.0,max_dim=0.693,not_suitable,not_suitable,not_suitable,not_suitable,not_suitable,not_suitable
public_trash_can,gvnfgj,no_grasp,200,0,2.0,max_dim=0.349,not_suitable,not_suitable,not_suitable,not_suitable,not_suitable,not_suitable
public_trash_can,hxsyxo,too_large,0,0,0.0,max_dim=0.779,not_suitable,not_suitable,not_suitable,not_suitable,not_suitable,not_suitable
public_trash_can,leazin,too_large,0,0,0.0,max_dim=0.711,not_suitable,not_suitable,not_suitable,not_suitable,not_suitable,not_suitable
public_trash_can,mcukuh,too_large,0,0,0.0,max_dim=0.907,not_suitable,not_suitable,not_suitable,not_suitable,not_suitable,not_suitable
public_trash_can,rteihy,too_large,0,0,0.0,max_dim=0.771,not_suitable,not_suitable,not_suitable,not_suitable,not_suitable,not_suitable
public_trash_can,xkqkbf,too_large,0,0,0.0,max_dim=0.980,not_suitable,not_suitable,not_suitable,not_suitable,not_suitable,not_suitable
public_trash_can,zotrbg,too_large,0,0,0.0,max_dim=0.891,not_suitable,not_suitable,not_suitable,not_suitable,not_suitable,not_suitable
pump,wqbseg,too_large,0,0,0.0,max_dim=0.524,not_suitable,not_suitable,not_suitable,not_suitable,not_suitable,not_suitable
pumpkin,apitmi,no_grasp,200,0,1.6,max_dim=0.150,not_suitable,not_suitable,not_suitable,perfect,possible,not_suitable
pumpkin,mrntpd,no_grasp,200,0,1.6,max_dim=0.150,not_suitable,not_suitable,not_suitable,perfect,possible,not_suitable
pumpkin_seed_bag,wyojnz,no_grasp,200,0,2.8,max_dim=0.367,not_suitable,not_suitable,not_suitable,not_suitable,possible,not_suitable
punching_bag,svkdji,too_large,0,0,0.0,max_dim=1.432,not_suitable,not_suitable,not_suitable,not_suitable,not_suitable,not_suitable
putty_knife,qmdkub,no_grasp,200,0,1.9,max_dim=0.251,not_suitable,not_suitable,not_suitable,not_suitable,possible,not_suitable
quail_breast,ncpuwf,no_grasp,200,0,1.5,max_dim=0.158,not_suitable,not_suitable,not_suitable,perfect,not_suitable,not_suitable
quail_breast_raw,fddlep,no_grasp,200,0,1.7,max_dim=0.158,not_suitable,not_suitable,not_suitable,possible,not_suitable,not_suitable
quail_leg,kbwdrb,no_grasp,200,0,1.5,max_dim=0.061,not_suitable,not_suitable,not_suitable,perfect,not_suitable,not_suitable
quarter,hujmer,no_grasp,200,0,1.5,max_dim=0.024,not_suitable,not_suitable,not_suitable,not_suitable,not_suitable,not_suitable
quartz,drqtci,no_grasp,200,0,2.0,max_dim=0.069,not_suitable,not_suitable,not_suitable,not_suitable,possible,not_suitable
quartz,kilkpz,no_grasp,200,0,1.4,max_dim=0.080,not_suitable,not_suitable,not_suitable,not_suitable,possible,not_suitable
quartz,klgses,graspable,200,5,19.7,max_dim=0.127,not_suitable,not_suitable,not_suitable,not_suitable,possible,not_suitable
quartz,poplsu,graspable,200,5,10.8,max_dim=0.064,not_suitable,not_suitable,not_suitable,not_suitable,possible,not_suitable
quartz,tgqodl,graspable,200,5,7.7,max_dim=0.134,not_suitable,not_suitable,not_suitable,not_suitable,possible,not_suitable
quartz,vfuilh,graspable,200,5,20.2,max_dim=0.118,not_suitable,not_suitable,not_suitable,not_suitable,possible,not_suitable
quiche,borxmv,graspable,200,5,12.5,max_dim=0.220,not_suitable,not_suitable,not_suitable,perfect,possible,not_suitable
quiche,fvhqcu,not_ready,0,0,0.0,max_dim=0.132,not_suitable,not_suitable,not_suitable,perfect,possible,not_suitable
quilt,getwzm,too_large,0,0,0.0,max_dim=1.525,not_classified,not_classified,not_classified,not_classified,not_classified,not_classified
quilt,gxmcpy,too_large,0,0,0.0,max_dim=1.546,not_classified,not_classified,not_classified,not_classified,not_classified,not_classified
quilt,mksdlu,too_large,0,0,0.0,max_dim=1.576,not_classified,not_classified,not_classified,not_classified,not_classified,not_classified
quilt,prhems,too_large,0,0,0.0,max_dim=2.788,not_classified,not_classified,not_classified,not_classified,not_classified,not_classified
quilt,xewyiz,degenerate_bbox,0,0,0.0,"[1.5000001220703125, 1.5000001220703125, 0.0]",not_classified,not_classified,not_classified,not_classified,not_classified,not_classified
radiator,arfdpk,no_grasp,200,0,83.9,max_dim=0.356,not_suitable,not_suitable,not_suitable,not_suitable,not_suitable,not_suitable
radiator,arsjbe,too_large,0,0,0.0,max_dim=1.274,not_suitable,not_suitable,not_suitable,not_suitable,not_suitable,not_suitable
radiator,bftrar,too_large,0,0,0.0,max_dim=1.274,not_suitable,not_suitable,not_suitable,not_suitable,not_suitable,not_suitable
radiator,cbjgea,too_large,0,0,0.0,max_dim=0.938,not_suitable,not_suitable,not_suitable,not_suitable,not_suitable,not_suitable
radiator,dwmloz,no_grasp,200,0,114.5,max_dim=0.356,not_suitable,not_suitable,not_suitable,not_suitable,not_suitable,not_suitable
radiator,jgqckb,too_large,0,0,0.0,max_dim=1.495,not_suitable,not_suitable,not_suitable,not_suitable,not_suitable,not_suitable
radiator,jlhyiq,too_large,0,0,0.0,max_dim=0.708,not_suitable,not_suitable,not_suitable,not_suitable,not_suitable,not_suitable
radiator,jxrlul,too_large,0,0,0.0,max_dim=0.708,not_suitable,not_suitable,not_suitable,not_suitable,not_suitable,not_suitable
radiator,lnvush,too_large,0,0,0.0,max_dim=0.708,not_suitable,not_suitable,not_suitable,not_suitable,not_suitable,not_suitable
radiator,lwgvaq,too_large,0,0,0.0,max_dim=1.831,not_suitable,not_suitable,not_suitable,not_suitable,not_suitable,not_suitable
radiator,sxsljf,too_large,0,0,0.0,max_dim=1.837,not_suitable,not_suitable,not_suitable,not_suitable,not_suitable,not_suitable
radiator,talsmj,too_large,0,0,0.0,max_dim=1.798,not_suitable,not_suitable,not_suitable,not_suitable,not_suitable,not_suitable
radiator,wntwxx,no_grasp,200,0,94.2,max_dim=0.356,not_suitable,not_suitable,not_suitable,not_suitable,not_suitable,not_suitable
radiator,xnoiwp,too_large,0,0,0.0,max_dim=1.250,not_suitable,not_suitable,not_suitable,not_suitable,not_suitable,not_suitable
radiator,zgjthd,too_large,0,0,0.0,max_dim=0.708,not_suitable,not_suitable,not_suitable,not_suitable,not_suitable,not_suitable
radiator,znmvtw,too_large,0,0,0.0,max_dim=0.938,not_suitable,not_suitable,not_suitable,not_suitable,not_suitable,not_suitable
radio,vgioak,graspable,200,5,16.0,max_dim=0.315,not_suitable,not_suitable,not_suitable,not_suitable,possible,not_suitable
radio,wxnicr,graspable,200,5,34.6,max_dim=0.321,not_suitable,not_suitable,not_suitable,not_suitable,possible,not_suitable
radish,bpmjki,graspable,200,5,12.6,max_dim=0.051,not_suitable,not_suitable,not_suitable,perfect,not_suitable,not_suitable
radish,vztgpr,graspable,200,5,23.5,max_dim=0.130,not_suitable,not_suitable,not_suitable,perfect,not_suitable,not_suitable
rag,oocmed,not_ready,0,0,0.0,max_dim=0.278,not_suitable,perfect,not_suitable,not_suitable,possible,not_suitable
rail_fence,akeroe,too_large,0,0,0.0,max_dim=3.109,not_suitable,not_suitable,not_suitable,not_suitable,not_suitable,not_suitable
rail_fence,alekre,too_large,0,0,0.0,max_dim=8.494,not_suitable,not_suitable,not_suitable,not_suitable,not_suitable,not_suitable
rail_fence,aoppol,too_large,0,0,0.0,max_dim=2.985,not_suitable,not_suitable,not_suitable,not_suitable,not_suitable,not_suitable
rail_fence,cfcgtl,too_large,0,0,0.0,max_dim=51.310,not_suitable,not_suitable,not_suitable,not_suitable,not_suitable,not_suitable
rail_fence,czawic,too_large,0,0,0.0,max_dim=3.682,not_suitable,not_suitable,not_suitable,not_suitable,not_suitable,not_suitable
rail_fence,eiaekr,too_large,0,0,0.0,max_dim=5.196,not_suitable,not_suitable,not_suitable,not_suitable,not_suitable,not_suitable
rail_fence,eoeeeo,too_large,0,0,0.0,max_dim=31.789,not_suitable,not_suitable,not_suitable,not_suitable,not_suitable,not_suitable
rail_fence,eorler,too_large,0,0,0.0,max_dim=4.540,not_suitable,not_suitable,not_suitable,not_suitable,not_suitable,not_suitable
rail_fence,ewgkos,too_large,0,0,0.0,max_dim=3.787,not_suitable,not_suitable,not_suitable,not_suitable,not_suitable,not_suitable
rail_fence,friakc,too_large,0,0,0.0,max_dim=21.035,not_suitable,not_suitable,not_suitable,not_suitable,not_suitable,not_suitable
rail_fence,iduxiv,too_large,0,0,0.0,max_dim=1.200,not_suitable,not_suitable,not_suitable,not_suitable,not_suitable,not_suitable
rail_fence,jayfuh,too_large,0,0,0.0,max_dim=33.156,not_suitable,not_suitable,not_suitable,not_suitable,not_suitable,not_suitable
rail_fence,lamwbr,too_large,0,0,0.0,max_dim=8.885,not_suitable,not_suitable,not_suitable,not_suitable,not_suitable,not_suitable
rail_fence,lqwler,too_large,0,0,0.0,max_dim=30.058,not_suitable,not_suitable,not_suitable,not_suitable,not_suitable,not_suitable
rail_fence,nmmzqh,too_large,0,0,0.0,max_dim=33.156,not_suitable,not_suitable,not_suitable,not_suitable,not_suitable,not_suitable
rail_fence,nrcmie,too_large,0,0,0.0,max_dim=5.839,not_suitable,not_suitable,not_suitable,not_suitable,not_suitable,not_suitable
rail_fence,oserie,too_large,0,0,0.0,max_dim=5.502,not_suitable,not_suitable,not_suitable,not_suitable,not_suitable,not_suitable
rail_fence,owbrvb,too_large,0,0,0.0,max_dim=23.052,not_suitable,not_suitable,not_suitable,not_suitable,not_suitable,not_suitable
rail_fence,poseqe,too_large,0,0,0.0,max_dim=21.187,not_suitable,not_suitable,not_suitable,not_suitable,not_suitable,not_suitable
rail_fence,qgpjhr,too_large,0,0,0.0,max_dim=31.789,not_suitable,not_suitable,not_suitable,not_suitable,not_suitable,not_suitable
rail_fence,qksssk,too_large,0,0,0.0,max_dim=18.368,not_suitable,not_suitable,not_suitable,not_suitable,not_suitable,not_suitable
rail_fence,qmsnld,too_large,0,0,0.0,max_dim=1.200,not_suitable,not_suitable,not_suitable,not_suitable,not_suitable,not_suitable
rail_fence,roemfr,too_large,0,0,0.0,max_dim=58.766,not_suitable,not_suitable,not_suitable,not_suitable,not_suitable,not_suitable
rail_fence,vjfdnl,too_large,0,0,0.0,max_dim=6.914,not_suitable,not_suitable,not_suitable,not_suitable,not_suitable,not_suitable
rail_fence,vwpqly,too_large,0,0,0.0,max_dim=1.200,not_suitable,not_suitable,not_suitable,not_suitable,not_suitable,not_suitable
rail_fence,wcocar,too_large,0,0,0.0,max_dim=21.136,not_suitable,not_suitable,not_suitable,not_suitable,not_suitable,not_suitable
rail_fence,wvfgad,too_large,0,0,0.0,max_dim=52.743,not_suitable,not_suitable,not_suitable,not_suitable,not_suitable,not_suitable
rail_fence,yhhgte,too_large,0,0,0.0,max_dim=24.149,not_suitable,not_suitable,not_suitable,not_suitable,not_suitable,not_suitable
rail_fence,yyyoer,too_large,0,0,0.0,max_dim=8.374,not_suitable,not_suitable,not_suitable,not_suitable,not_suitable,not_suitable
railing,mkhabj,too_large,0,0,0.0,max_dim=3.361,not_suitable,not_suitable,not_suitable,not_suitable,not_suitable,not_suitable
railing,pqzbbb,too_large,0,0,0.0,max_dim=1.008,not_suitable,not_suitable,not_suitable,not_suitable,not_suitable,not_suitable
railing,ysodgc,too_large,0,0,0.0,max_dim=3.654,not_suitable,not_suitable,not_suitable,not_suitable,not_suitable,not_suitable
raincoat,wczokr,too_large,0,0,0.0,max_dim=0.930,not_suitable,not_suitable,not_suitable,not_suitable,not_suitable,not_suitable
raisin_box,yowyst,not_ready,0,0,0.0,max_dim=0.204,not_suitable,not_suitable,not_suitable,not_suitable,possible,not_suitable
rake,jjetot,too_large,0,0,0.0,max_dim=1.023,not_suitable,not_suitable,not_suitable,not_suitable,not_suitable,not_suitable
rake,yadqbu,too_large,0,0,0.0,max_dim=1.405,not_suitable,not_suitable,not_suitable,not_suitable,not_suitable,not_suitable
ramen,ofnvor,not_ready,0,0,0.0,max_dim=0.103,not_suitable,not_suitable,not_suitable,possible,not_suitable,not_suitable
range_hood,beanpv,too_large,0,0,0.0,max_dim=1.053,not_suitable,not_suitable,not_suitable,not_suitable,not_suitable,not_suitable
range_hood,duqgcu,too_large,0,0,0.0,max_dim=0.717,not_suitable,not_suitable,not_suitable,not_suitable,not_suitable,not_suitable
range_hood,eckiyr,too_large,0,0,0.0,max_dim=2.912,not_suitable,not_suitable,not_suitable,not_suitable,not_suitable,not_suitable
range_hood,iqbpie,too_large,0,0,0.0,max_dim=0.716,not_suitable,not_suitable,not_suitable,not_suitable,not_suitable,not_suitable
range_hood,lejkwg,too_large,0,0,0.0,max_dim=0.920,not_suitable,not_suitable,not_suitable,not_suitable,not_suitable,not_suitable
range_hood,uokzpw,too_large,0,0,0.0,max_dim=1.052,not_suitable,not_suitable,not_suitable,not_suitable,not_suitable,not_suitable
range_hood,xnokqb,too_large,0,0,0.0,max_dim=3.659,not_suitable,not_suitable,not_suitable,not_suitable,not_suitable,not_suitable
range_hood,xvdfpp,too_large,0,0,0.0,max_dim=1.128,not_suitable,not_suitable,not_suitable,not_suitable,not_suitable,not_suitable
range_hood,ylsdmp,too_large,0,0,0.0,max_dim=0.717,not_suitable,not_suitable,not_suitable,not_suitable,not_suitable,not_suitable
raspberry,spkers,not_ready,0,0,0.0,max_dim=0.011,not_suitable,not_suitable,not_suitable,perfect,not_suitable,not_suitable
raspberry,ygrfsn,not_ready,0,0,0.0,max_dim=0.020,not_suitable,not_suitable,not_suitable,perfect,not_suitable,not_suitable
raw_egg,ydgivr,not_ready,0,0,0.0,max_dim=0.143,not_suitable,not_suitable,not_suitable,perfect,not_suitable,not_suitable
razor,jocsgp,graspable,200,5,11.5,max_dim=0.068,not_suitable,not_suitable,not_suitable,not_suitable,possible,not_suitable
reagent_bottle,tnjpsf,not_ready,0,0,0.0,max_dim=0.185,possible,not_suitable,possible,not_suitable,possible,not_suitable
reagent_bottle,trtrsl,not_ready,0,0,0.0,max_dim=0.185,possible,not_suitable,possible,not_suitable,possible,not_suitable
reagent_bottle,uaijua,graspable,200,5,12.7,max_dim=0.185,possible,not_suitable,possible,not_suitable,possible,not_suitable
reagent_bottle,ukayce,not_ready,0,0,0.0,max_dim=0.185,possible,not_suitable,possible,not_suitable,possible,not_suitable
reagent_bottle,xstykf,not_ready,0,0,0.0,max_dim=0.185,possible,not_suitable,possible,not_suitable,possible,not_suitable
receipt,hgnbjj,graspable,200,5,28.9,max_dim=0.127,not_suitable,perfect,not_suitable,not_suitable,possible,not_suitable
receipt,qfaleu,graspable,200,5,17.3,max_dim=0.196,not_suitable,perfect,not_suitable,not_suitable,possible,not_suitable
receipt,rzrhlo,graspable,200,5,20.9,max_dim=0.200,not_suitable,perfect,not_suitable,not_suitable,possible,not_suitable
receipt,xvfean,graspable,200,5,31.8,max_dim=0.128,not_suitable,perfect,not_suitable,not_suitable,possible,not_suitable
receipt,zsxylm,graspable,200,5,30.6,max_dim=0.196,not_suitable,perfect,not_suitable,not_suitable,possible,not_suitable
reception_desk,kjmhgc,too_large,0,0,0.0,max_dim=1.451,not_suitable,not_suitable,not_suitable,not_suitable,not_suitable,not_suitable
reception_desk,qztpgl,too_large,0,0,0.0,max_dim=2.420,not_suitable,not_suitable,not_suitable,not_suitable,not_suitable,not_suitable
reception_desk,ukonss,too_large,0,0,0.0,max_dim=2.563,not_suitable,not_suitable,not_suitable,not_suitable,not_suitable,not_suitable
reception_desk,vxombm,too_large,0,0,0.0,max_dim=2.160,not_suitable,not_suitable,not_suitable,not_suitable,not_suitable,not_suitable
recreational_vehicle,doiucd,too_large,0,0,0.0,max_dim=4.567,not_suitable,not_suitable,not_suitable,not_suitable,not_suitable,not_suitable
rectangular_light,jnnhzm,too_large,0,0,0.0,max_dim=1.993,not_suitable,not_suitable,not_suitable,not_suitable,not_suitable,not_suitable
rectangular_light,lmicjz,too_large,0,0,0.0,max_dim=1.500,not_suitable,not_suitable,not_suitable,not_suitable,not_suitable,not_suitable
rectangular_light,nsjice,too_large,0,0,0.0,max_dim=2.051,not_suitable,not_suitable,not_suitable,not_suitable,not_suitable,not_suitable
recycling_bin,mdojox,too_large,0,0,0.0,max_dim=0.880,not_suitable,not_suitable,not_suitable,not_suitable,not_suitable,not_suitable
recycling_bin,nuoypc,too_large,0,0,0.0,max_dim=0.765,not_suitable,not_suitable,not_suitable,not_suitable,not_suitable,not_suitable
recycling_bin,pdmzhv,too_large,0,0,0.0,max_dim=0.815,not_suitable,not_suitable,not_suitable,not_suitable,not_suitable,not_suitable
reed_diffuser,kfdaui,too_large,0,0,0.0,max_dim=0.799,possible,not_suitable,not_suitable,not_suitable,perfect,not_suitable
reed_diffuser,ngcvaw,not_ready,0,0,0.0,max_dim=0.378,possible,not_suitable,not_suitable,not_suitable,perfect,not_suitable
refried_beans_can,dafdgk,not_ready,0,0,0.0,max_dim=0.204,possible,not_suitable,possible,not_suitable,possible,not_suitable
retainer,umtnei,graspable,200,5,9.3,max_dim=0.063,not_suitable,not_suitable,not_suitable,not_suitable,not_suitable,not_suitable
rhubarb,njgkah,graspable,200,5,10.6,max_dim=0.097,not_suitable,not_suitable,not_suitable,perfect,not_suitable,not_suitable
rib,nzbnqp,graspable,200,5,106.8,max_dim=0.345,not_suitable,not_suitable,not_suitable,perfect,not_suitable,not_suitable
ribbon,apyxhw,graspable,200,5,10.7,max_dim=0.251,not_suitable,not_suitable,not_suitable,not_suitable,not_suitable,not_suitable
rice_cooker,qatgeb,not_ready,0,0,0.0,max_dim=0.398,not_suitable,not_suitable,not_suitable,not_suitable,possible,possible
ring,oolbrj,graspable,200,5,13.1,max_dim=0.015,not_suitable,not_suitable,not_suitable,not_suitable,not_suitable,not_suitable
ripsaw,laysom,graspable,200,5,48.4,max_dim=0.345,not_suitable,not_suitable,not_suitable,not_suitable,not_suitable,not_suitable
roasting_pan,nrecsa,not_ready,0,0,0.0,max_dim=0.350,not_suitable,not_suitable,perfect,not_suitable,possible,perfect
rocking_chair,drpbxj,too_large,0,0,0.0,max_dim=0.660,not_suitable,not_suitable,not_suitable,not_suitable,not_suitable,not_suitable
rocking_chair,tjaphm,too_large,0,0,0.0,max_dim=0.647,not_suitable,not_suitable,not_suitable,not_suitable,not_suitable,not_suitable
rocking_chair,wkduul,too_large,0,0,0.0,max_dim=0.732,not_suitable,not_suitable,not_suitable,not_suitable,not_suitable,not_suitable
rocking_chair,zgmspi,too_large,0,0,0.0,max_dim=0.793,not_suitable,not_suitable,not_suitable,not_suitable,not_suitable,not_suitable
roll_dough,plwpgb,not_ready,0,0,0.0,max_dim=0.200,not_suitable,not_suitable,not_suitable,possible,not_suitable,not_suitable
rolled_yoga_mat,podgkd,too_large,0,0,0.0,max_dim=0.610,not_suitable,not_suitable,not_suitable,not_suitable,not_suitable,not_suitable
rolling_pin,mwrdae,graspable,200,5,57.8,max_dim=0.417,not_suitable,not_suitable,not_suitable,not_suitable,possible,not_suitable
rolling_pin,smnklu,graspable,200,5,69.2,max_dim=0.398,not_suitable,not_suitable,not_suitable,not_suitable,possible,not_suitable
roof,acfbve,too_large,0,0,0.0,max_dim=16.010,not_suitable,not_suitable,not_suitable,not_suitable,not_suitable,not_suitable
roof,amxayl,too_large,0,0,0.0,max_dim=19.476,not_suitable,not_suitable,not_suitable,not_suitable,not_suitable,not_suitable
roof,cpxkyn,too_large,0,0,0.0,max_dim=9.610,not_suitable,not_suitable,not_suitable,not_suitable,not_suitable,not_suitable
roof,flecvu,too_large,0,0,0.0,max_dim=14.325,not_suitable,not_suitable,not_suitable,not_suitable,not_suitable,not_suitable
roof,hbnfbg,too_large,0,0,0.0,max_dim=12.061,not_suitable,not_suitable,not_suitable,not_suitable,not_suitable,not_suitable
roof,jqqtaq,too_large,0,0,0.0,max_dim=29.025,not_suitable,not_suitable,not_suitable,not_suitable,not_suitable,not_suitable
roof,pgwmer,too_large,0,0,0.0,max_dim=13.582,not_suitable,not_suitable,not_suitable,not_suitable,not_suitable,not_suitable
roof,whdldt,too_large,0,0,0.0,max_dim=14.812,not_suitable,not_suitable,not_suitable,not_suitable,not_suitable,not_suitable
room_divider,bydmct,too_large,0,0,0.0,max_dim=1.600,not_suitable,not_suitable,not_suitable,not_suitable,not_suitable,not_suitable
room_divider,doxkzb,too_large,0,0,0.0,max_dim=1.223,not_suitable,not_suitable,not_suitable,not_suitable,not_suitable,not_suitable
room_divider,ifajxj,too_large,0,0,0.0,max_dim=2.700,not_suitable,not_suitable,not_suitable,not_suitable,not_suitable,not_suitable
room_divider,ispwfg,too_large,0,0,0.0,max_dim=3.793,not_suitable,not_suitable,not_suitable,not_suitable,not_suitable,not_suitable
room_divider,lgrcuq,too_large,0,0,0.0,max_dim=2.025,not_suitable,not_suitable,not_suitable,not_suitable,not_suitable,not_suitable
room_divider,mtamtq,too_large,0,0,0.0,max_dim=2.701,not_suitable,not_suitable,not_suitable,not_suitable,not_suitable,not_suitable
room_divider,ngwbgo,too_large,0,0,0.0,max_dim=3.275,not_suitable,not_suitable,not_suitable,not_suitable,not_suitable,not_suitable
room_divider,oufvle,too_large,0,0,0.0,max_dim=3.793,not_suitable,not_suitable,not_suitable,not_suitable,not_suitable,not_suitable
room_divider,ridxcj,too_large,0,0,0.0,max_dim=3.525,not_suitable,not_suitable,not_suitable,not_suitable,not_suitable,not_suitable
room_divider,vwnumt,too_large,0,0,0.0,max_dim=4.898,not_suitable,not_suitable,not_suitable,not_suitable,not_suitable,not_suitable
room_divider,vzwwqo,too_large,0,0,0.0,max_dim=1.915,not_suitable,not_suitable,not_suitable,not_suitable,not_suitable,not_suitable
room_divider,xqxcue,too_large,0,0,0.0,max_dim=2.700,not_suitable,not_suitable,not_suitable,not_suitable,not_suitable,not_suitable
room_light,acksaa,too_large,0,0,0.0,max_dim=0.944,not_suitable,not_suitable,not_suitable,not_suitable,not_suitable,not_suitable
room_light,bgvpxl,too_large,0,0,0.0,max_dim=1.099,not_suitable,not_suitable,not_suitable,not_suitable,not_suitable,not_suitable
room_light,bypxxd,too_large,0,0,0.0,max_dim=1.338,not_suitable,not_suitable,not_suitable,not_suitable,not_suitable,not_suitable
room_light,cucdgm,too_large,0,0,0.0,max_dim=0.744,not_suitable,not_suitable,not_suitable,not_suitable,not_suitable,not_suitable
room_light,ddvvuq,too_large,0,0,0.0,max_dim=1.126,not_suitable,not_suitable,not_suitable,not_suitable,not_suitable,not_suitable
room_light,dthvxn,too_large,0,0,0.0,max_dim=0.856,not_suitable,not_suitable,not_suitable,not_suitable,not_suitable,not_suitable
room_light,eqbjaz,too_large,0,0,0.0,max_dim=1.133,not_suitable,not_suitable,not_suitable,not_suitable,not_suitable,not_suitable
room_light,frjwas,too_large,0,0,0.0,max_dim=2.172,not_suitable,not_suitable,not_suitable,not_suitable,not_suitable,not_suitable
room_light,fxtqtn,too_large,0,0,0.0,max_dim=1.822,not_suitable,not_suitable,not_suitable,not_suitable,not_suitable,not_suitable
room_light,houchv,too_large,0,0,0.0,max_dim=1.980,not_suitable,not_suitable,not_suitable,not_suitable,not_suitable,not_suitable
room_light,hqxyvs,too_large,0,0,0.0,max_dim=0.986,not_suitable,not_suitable,not_suitable,not_suitable,not_suitable,not_suitable
room_light,htznln,too_large,0,0,0.0,max_dim=1.212,not_suitable,not_suitable,not_suitable,not_suitable,not_suitable,not_suitable
room_light,ijvlre,too_large,0,0,0.0,max_dim=1.061,not_suitable,not_suitable,not_suitable,not_suitable,not_suitable,not_suitable
room_light,kiuayi,too_large,0,0,0.0,max_dim=0.563,not_suitable,not_suitable,not_suitable,not_suitable,not_suitable,not_suitable
room_light,ktlgie,too_large,0,0,0.0,max_dim=3.476,not_suitable,not_suitable,not_suitable,not_suitable,not_suitable,not_suitable
room_light,mhcbeg,too_large,0,0,0.0,max_dim=2.780,not_suitable,not_suitable,not_suitable,not_suitable,not_suitable,not_suitable
room_light,mjfjhn,too_large,0,0,0.0,max_dim=0.899,not_suitable,not_suitable,not_suitable,not_suitable,not_suitable,not_suitable
room_light,nimhbn,too_large,0,0,0.0,max_dim=2.780,not_suitable,not_suitable,not_suitable,not_suitable,not_suitable,not_suitable
room_light,occcxo,too_large,0,0,0.0,max_dim=1.148,not_suitable,not_suitable,not_suitable,not_suitable,not_suitable,not_suitable
room_light,paewfc,too_large,0,0,0.0,max_dim=0.673,not_suitable,not_suitable,not_suitable,not_suitable,not_suitable,not_suitable
room_light,podyre,too_large,0,0,0.0,max_dim=0.729,not_suitable,not_suitable,not_suitable,not_suitable,not_suitable,not_suitable
room_light,qqihah,too_large,0,0,0.0,max_dim=2.780,not_suitable,not_suitable,not_suitable,not_suitable,not_suitable,not_suitable
room_light,rueuqi,too_large,0,0,0.0,max_dim=1.314,not_suitable,not_suitable,not_suitable,not_suitable,not_suitable,not_suitable
room_light,uptmal,too_large,0,0,0.0,max_dim=1.719,not_suitable,not_suitable,not_suitable,not_suitable,not_suitable,not_suitable
room_light,vbaigh,too_large,0,0,0.0,max_dim=2.066,not_suitable,not_suitable,not_suitable,not_suitable,not_suitable,not_suitable
room_light,widhrs,too_large,0,0,0.0,max_dim=0.913,not_suitable,not_suitable,not_suitable,not_suitable,not_suitable,not_suitable
room_light,wvctnb,too_large,0,0,0.0,max_dim=0.856,not_suitable,not_suitable,not_suitable,not_suitable,not_suitable,not_suitable
room_light,xaezsw,too_large,0,0,0.0,max_dim=1.436,not_suitable,not_suitable,not_suitable,not_suitable,not_suitable,not_suitable
room_light,xiajyb,too_large,0,0,0.0,max_dim=2.520,not_suitable,not_suitable,not_suitable,not_suitable,not_suitable,not_suitable
room_light,xyvxhs,too_large,0,0,0.0,max_dim=1.099,not_suitable,not_suitable,not_suitable,not_suitable,not_suitable,not_suitable
room_ventilator,jhceta,no_grasp,200,0,89.6,max_dim=0.426,not_suitable,not_suitable,not_suitable,not_suitable,not_suitable,not_suitable
room_ventilator,pbceln,graspable,200,5,81.0,max_dim=0.432,not_suitable,not_suitable,not_suitable,not_suitable,not_suitable,not_suitable
room_ventilator,qijbza,too_large,0,0,0.0,max_dim=0.743,not_suitable,not_suitable,not_suitable,not_suitable,not_suitable,not_suitable
room_ventilator,twffnv,not_ready,0,0,0.0,max_dim=0.432,not_suitable,not_suitable,not_suitable,not_suitable,not_suitable,not_suitable
room_ventilator,yvpfsq,graspable,200,5,14.8,max_dim=0.205,not_suitable,not_suitable,not_suitable,not_suitable,not_suitable,not_suitable
rope,lasdsa,too_large,0,0,0.0,max_dim=2.103,not_suitable,not_suitable,not_suitable,not_suitable,not_suitable,not_suitable
rose,hrwson,graspable,200,5,10.3,max_dim=0.298,not_suitable,not_suitable,not_suitable,not_suitable,possible,not_suitable
rosehip,xembcb,graspable,200,5,9.8,max_dim=0.059,not_suitable,not_suitable,not_suitable,possible,not_suitable,not_suitable
rosemary_shaker,iayqxs,graspable,200,5,10.2,max_dim=0.160,possible,not_suitable,not_suitable,not_suitable,perfect,not_suitable
round_bottom_flask,fjytro,graspable,200,5,9.7,max_dim=0.210,possible,not_suitable,perfect,not_suitable,possible,not_suitable
round_bottom_flask,hmzafz,graspable,200,5,52.6,max_dim=0.218,possible,not_suitable,perfect,not_suitable,possible,not_suitable
round_bottom_flask,injdmj,graspable,200,5,10.7,max_dim=0.092,possible,not_suitable,perfect,not_suitable,possible,not_suitable
round_bottom_flask,tqyiso,graspable,200,5,35.9,max_dim=0.183,possible,not_suitable,perfect,not_suitable,possible,not_suitable
router,tokdic,graspable,200,5,30.2,max_dim=0.275,not_suitable,not_suitable,not_suitable,not_suitable,possible,not_suitable
rubber_boot,ejwnhl,graspable,200,4,87.5,max_dim=0.313,not_suitable,not_suitable,not_suitable,not_suitable,not_suitable,not_suitable
rubber_boot,fajzct,graspable,200,5,52.6,max_dim=0.337,not_suitable,not_suitable,not_suitable,not_suitable,not_suitable,not_suitable
rubber_boot,wsjpfi,graspable,200,5,30.0,max_dim=0.337,not_suitable,not_suitable,not_suitable,not_suitable,not_suitable,not_suitable
rubber_boot,zzwsnw,graspable,200,3,119.1,max_dim=0.438,not_suitable,not_suitable,not_suitable,not_suitable,not_suitable,not_suitable
rubber_eraser,cungod,graspable,200,5,11.0,max_dim=0.050,not_suitable,not_suitable,not_suitable,not_suitable,possible,not_suitable
rubber_glove,crbvcg,not_ready,0,0,0.0,max_dim=0.150,not_suitable,not_suitable,not_suitable,not_suitable,not_suitable,not_suitable
rubber_glove,feadfc,graspable,200,5,29.7,max_dim=0.164,not_suitable,not_suitable,not_suitable,not_suitable,not_suitable,not_suitable
rubber_glove,gjdier,not_ready,0,0,0.0,max_dim=0.226,not_suitable,not_suitable,not_suitable,not_suitable,not_suitable,not_suitable
rubber_glove,hsaxtc,graspable,200,5,34.4,max_dim=0.216,not_suitable,not_suitable,not_suitable,not_suitable,not_suitable,not_suitable
rubber_glove,jkdfea,not_ready,0,0,0.0,max_dim=0.264,not_suitable,not_suitable,not_suitable,not_suitable,not_suitable,not_suitable
rubber_glove,leuiso,not_ready,0,0,0.0,max_dim=0.321,not_suitable,not_suitable,not_suitable,not_suitable,not_suitable,not_suitable
rubber_glove,plffer,not_ready,0,0,0.0,max_dim=0.150,not_suitable,not_suitable,not_suitable,not_suitable,not_suitable,not_suitable
rubber_glove,rlzvry,not_ready,0,0,0.0,max_dim=0.322,not_suitable,not_suitable,not_suitable,not_suitable,not_suitable,not_suitable
rubbing_alcohol_atomizer,kbnobp,graspable,200,5,15.0,max_dim=0.257,not_suitable,not_suitable,possible,not_suitable,possible,not_suitable
ruby,syneus,graspable,200,5,34.5,max_dim=0.005,not_suitable,not_suitable,not_suitable,not_suitable,not_suitable,not_suitable
ruler,ckywbx,graspable,200,5,62.3,max_dim=0.115,not_suitable,possible,not_suitable,not_suitable,possible,not_suitable
ruler,gajhql,graspable,200,5,19.4,max_dim=0.168,not_suitable,possible,not_suitable,not_suitable,possible,not_suitable
ruler,rutqab,graspable,200,5,34.4,max_dim=0.330,not_suitable,possible,not_suitable,not_suitable,possible,not_suitable
ruler,ujizkx,graspable,200,5,86.5,max_dim=0.332,not_suitable,possible,not_suitable,not_suitable,possible,not_suitable
ruler,vmnaih,graspable,200,5,59.8,max_dim=0.332,not_suitable,possible,not_suitable,not_suitable,possible,not_suitable
rum_bottle,ueagnt,graspable,200,5,76.1,max_dim=0.205,possible,not_suitable,possible,not_suitable,possible,not_suitable
rutabaga,qpwfps,not_ready,0,0,0.0,max_dim=0.113,not_suitable,not_suitable,not_suitable,perfect,not_suitable,not_suitable
saddle_soap_bottle,ugqdao,graspable,200,5,11.9,max_dim=0.276,not_suitable,not_suitable,possible,not_suitable,not_suitable,not_suitable
saffron_shaker,xrlamf,graspable,200,5,11.3,max_dim=0.160,possible,not_suitable,not_suitable,not_suitable,perfect,not_suitable
sage_shaker,eerlcy,graspable,200,5,10.6,max_dim=0.160,possible,not_suitable,not_suitable,not_suitable,perfect,not_suitable
salad,nffvob,not_ready,0,0,0.0,max_dim=0.170,not_suitable,not_suitable,not_suitable,possible,not_suitable,not_suitable
salmon,glrmfn,graspable,200,5,44.4,max_dim=0.134,not_suitable,not_suitable,not_suitable,perfect,not_suitable,not_suitable
salsa_bottle,kydilb,graspable,200,5,32.5,max_dim=0.258,possible,not_suitable,possible,not_suitable,possible,not_suitable
salt_bottle,wdpcmk,graspable,200,5,15.7,max_dim=0.129,possible,not_suitable,not_suitable,not_suitable,possible,not_suitable
salt_shaker,fonexa,graspable,200,5,12.4,max_dim=0.155,possible,not_suitable,not_suitable,not_suitable,perfect,not_suitable
salt_shaker,fztfsi,not_ready,0,0,0.0,max_dim=0.172,possible,not_suitable,not_suitable,not_suitable,perfect,not_suitable
salt_shaker,iomwtn,graspable,200,5,13.8,max_dim=0.140,possible,not_suitable,not_suitable,not_suitable,perfect,not_suitable
salt_shaker,qowouj,graspable,200,5,40.1,max_dim=0.073,possible,not_suitable,not_suitable,not_suitable,perfect,not_suitable
salt_shaker,zkpgkl,not_ready,0,0,0.0,max_dim=0.084,possible,not_suitable,not_suitable,not_suitable,perfect,not_suitable
sandal,chgcrm,graspable,200,5,29.5,max_dim=0.243,not_suitable,not_suitable,not_suitable,not_suitable,not_suitable,not_suitable
sandal,dfkzbd,graspable,200,5,16.4,max_dim=0.256,not_suitable,not_suitable,not_suitable,not_suitable,not_suitable,not_suitable
sandal,shdahi,graspable,200,5,31.3,max_dim=0.236,not_suitable,not_suitable,not_suitable,not_suitable,not_suitable,not_suitable
sandal,spcddb,graspable,200,5,36.1,max_dim=0.236,not_suitable,not_suitable,not_suitable,not_suitable,not_suitable,not_suitable
sandal,tkfdsk,graspable,200,5,23.9,max_dim=0.237,not_suitable,not_suitable,not_suitable,not_suitable,not_suitable,not_suitable
sandal,txkidl,graspable,200,5,29.6,max_dim=0.237,not_suitable,not_suitable,not_suitable,not_suitable,not_suitable,not_suitable
sandal,uhzfis,graspable,200,5,18.6,max_dim=0.214,not_suitable,not_suitable,not_suitable,not_suitable,not_suitable,not_suitable
sandal,vwbomj,graspable,200,5,12.1,max_dim=0.256,not_suitable,not_suitable,not_suitable,not_suitable,not_suitable,not_suitable
sandal,zafskl,graspable,200,5,50.6,max_dim=0.224,not_suitable,not_suitable,not_suitable,not_suitable,not_suitable,not_suitable
sandbox,dcqptj,too_large,0,0,0.0,max_dim=3.270,not_suitable,not_suitable,not_suitable,not_suitable,not_suitable,not_suitable
sanitary_napkin,axqfpb,graspable,200,5,15.1,max_dim=0.202,not_suitable,not_suitable,not_suitable,not_suitable,not_suitable,not_suitable
satchel,ppzjuj,too_large,0,0,0.0,max_dim=0.544,not_suitable,not_suitable,not_suitable,not_suitable,not_suitable,not_suitable
saucepan,fsinsu,graspable,200,5,12.0,max_dim=0.300,possible,not_suitable,perfect,not_suitable,possible,perfect
saucepot,chjetk,graspable,200,5,18.7,max_dim=0.345,possible,not_suitable,perfect,not_suitable,possible,perfect
saucepot,fbfmwt,too_large,0,0,0.0,max_dim=0.539,possible,not_suitable,perfect,not_suitable,possible,perfect
saucepot,kvgaar,graspable,200,5,78.7,max_dim=0.452,possible,not_suitable,perfect,not_suitable,possible,perfect
saucepot,obuxbe,graspable,200,5,69.6,max_dim=0.288,possible,not_suitable,perfect,not_suitable,possible,perfect
saucepot,ozrwwk,too_large,0,0,0.0,max_dim=0.530,possible,not_suitable,perfect,not_suitable,possible,perfect
saucepot,pkfydm,graspable,200,5,67.7,max_dim=0.413,possible,not_suitable,perfect,not_suitable,possible,perfect
saucepot,sthkfz,too_large,0,0,0.0,max_dim=0.512,possible,not_suitable,perfect,not_suitable,possible,perfect
saucepot,tfzijn,graspable,200,5,18.9,max_dim=0.416,possible,not_suitable,perfect,not_suitable,possible,perfect
saucepot,urqzec,graspable,200,5,52.8,max_dim=0.433,possible,not_suitable,perfect,not_suitable,possible,perfect
saucepot,uvzmss,graspable,200,5,25.2,max_dim=0.300,possible,not_suitable,perfect,not_suitable,possible,perfect
saucepot,vqtkwq,graspable,200,5,33.2,max_dim=0.393,possible,not_suitable,perfect,not_suitable,possible,perfect
saucepot,wfryvm,graspable,200,5,33.6,max_dim=0.400,possible,not_suitable,perfect,not_suitable,possible,perfect
saucer,mgbeah,graspable,200,4,119.2,max_dim=0.157,possible,perfect,not_suitable,not_suitable,perfect,not_suitable
saucer,oxivmf,graspable,200,5,69.3,max_dim=0.267,possible,perfect,not_suitable,not_suitable,perfect,not_suitable
saucer,szzjzd,graspable,200,5,37.4,max_dim=0.109,possible,perfect,not_suitable,not_suitable,perfect,not_suitable
saucer,vghfkh,graspable,200,5,89.7,max_dim=0.144,possible,perfect,not_suitable,not_suitable,perfect,not_suitable
sauna_bench,chviag,too_large,0,0,0.0,max_dim=4.004,not_suitable,not_suitable,not_suitable,not_suitable,not_suitable,not_suitable
sauna_bench,glyeot,too_large,0,0,0.0,max_dim=2.850,not_suitable,not_suitable,not_suitable,not_suitable,not_suitable,not_suitable
sauna_bench,umcfkh,too_large,0,0,0.0,max_dim=1.931,not_suitable,not_suitable,not_suitable,not_suitable,not_suitable,not_suitable
sauna_heater,etqusf,too_large,0,0,0.0,max_dim=0.645,not_suitable,not_suitable,not_suitable,not_suitable,not_suitable,not_suitable
sauna_heater,jgmzza,too_large,0,0,0.0,max_dim=0.768,not_suitable,not_suitable,not_suitable,not_suitable,not_suitable,not_suitable
sauna_suit,bgvwes,too_large,0,0,0.0,max_dim=1.608,not_suitable,not_suitable,not_suitable,not_suitable,not_suitable,not_suitable
saxophone,kladff,too_large,0,0,0.0,max_dim=1.001,not_suitable,not_suitable,not_suitable,not_suitable,not_suitable,not_suitable
scallop,phgkmn,graspable,200,5,20.6,max_dim=0.158,not_suitable,not_suitable,not_suitable,possible,not_suitable,not_suitable
scanner,juzkjp,graspable,200,4,105.9,max_dim=0.310,not_suitable,not_suitable,not_suitable,not_suitable,not_suitable,not_suitable
scarf,kclcrj,too_large,0,0,0.0,max_dim=0.848,not_suitable,not_suitable,not_suitable,not_suitable,not_suitable,not_suitable
schnitzel,yswhcs,graspable,200,5,43.1,max_dim=0.133,not_suitable,not_suitable,not_suitable,perfect,not_suitable,not_suitable
scone,gwdhyj,graspable,200,5,22.1,max_dim=0.112,not_suitable,not_suitable,not_suitable,perfect,possible,not_suitable
scone,sgiols,not_ready,0,0,0.0,max_dim=0.116,not_suitable,not_suitable,not_suitable,perfect,possible,not_suitable
scoop,oaghrf,graspable,200,5,68.6,max_dim=0.173,not_suitable,not_suitable,not_suitable,not_suitable,possible,not_suitable
scoop_of_ice_cream,dodndj,not_ready,0,0,0.0,max_dim=0.049,not_suitable,not_suitable,not_suitable,perfect,not_suitable,not_suitable
scoop_of_ice_cream,kmbwth,not_ready,0,0,0.0,max_dim=0.049,not_suitable,not_suitable,not_suitable,perfect,not_suitable,not_suitable
scoop_of_ice_cream,trpctm,not_ready,0,0,0.0,max_dim=0.049,not_suitable,not_suitable,not_suitable,perfect,not_suitable,not_suitable
scoop_of_ice_cream,vdtzvz,not_ready,0,0,0.0,max_dim=0.049,not_suitable,not_suitable,not_suitable,perfect,not_suitable,not_suitable
scoop_of_ice_cream,zenrml,not_ready,0,0,0.0,max_dim=0.049,not_suitable,not_suitable,not_suitable,perfect,not_suitable,not_suitable
scoreboard,oiiyae,too_large,0,0,0.0,max_dim=2.490,not_suitable,not_suitable,not_suitable,not_suitable,not_suitable,not_suitable
scraper,icqmje,graspable,200,5,32.5,max_dim=0.175,not_suitable,not_suitable,not_suitable,not_suitable,possible,not_suitable
screw,bkxwfh,graspable,200,5,11.7,max_dim=0.042,not_suitable,not_suitable,not_suitable,not_suitable,not_suitable,not_suitable
screw,lczbkm,graspable,200,5,13.6,max_dim=0.041,not_suitable,not_suitable,not_suitable,not_suitable,not_suitable,not_suitable
screw,mkfodk,graspable,200,5,14.3,max_dim=0.048,not_suitable,not_suitable,not_suitable,not_suitable,not_suitable,not_suitable
screwdriver,irtslw,graspable,200,5,13.9,max_dim=0.196,not_suitable,not_suitable,not_suitable,not_suitable,possible,not_suitable
screwdriver,uajlga,graspable,200,5,26.3,max_dim=0.196,not_suitable,not_suitable,not_suitable,not_suitable,possible,not_suitable
scrub_brush,hsejyi,graspable,200,5,53.7,max_dim=0.127,not_suitable,not_suitable,not_suitable,not_suitable,possible,not_suitable
sealant_atomizer,wwpgax,graspable,200,5,13.4,max_dim=0.151,not_suitable,not_suitable,possible,not_suitable,not_suitable,not_suitable
seashell,iuoykx,not_ready,0,0,0.0,max_dim=0.094,not_suitable,not_suitable,not_suitable,not_suitable,possible,not_suitable
seashell,lbzsnp,graspable,200,5,13.9,max_dim=0.037,not_suitable,not_suitable,not_suitable,not_suitable,possible,not_suitable
seashell,nalnmu,graspable,200,5,13.1,max_dim=0.019,not_suitable,not_suitable,not_suitable,not_suitable,possible,not_suitable
seashell,nekgsq,graspable,200,5,52.8,max_dim=0.114,not_suitable,not_suitable,not_suitable,not_suitable,possible,not_suitable
seashell,snrgok,graspable,200,5,15.4,max_dim=0.171,not_suitable,not_suitable,not_suitable,not_suitable,possible,not_suitable
security_camera,bhsikv,graspable,200,3,132.5,max_dim=0.440,not_suitable,not_suitable,not_suitable,not_suitable,not_suitable,not_suitable
security_camera,tiscsa,not_ready,0,0,0.0,max_dim=0.162,not_suitable,not_suitable,not_suitable,not_suitable,not_suitable,not_suitable
serving_cart,heqtlk,too_large,0,0,0.0,max_dim=0.849,not_suitable,not_suitable,not_suitable,not_suitable,not_suitable,not_suitable
serving_cart,lwgmcc,too_large,0,0,0.0,max_dim=0.985,not_suitable,not_suitable,not_suitable,not_suitable,not_suitable,not_suitable
serving_cart,ouddxy,too_large,0,0,0.0,max_dim=1.016,not_suitable,not_suitable,not_suitable,not_suitable,not_suitable,not_suitable
serving_cart,revrxw,too_large,0,0,0.0,max_dim=0.884,not_suitable,not_suitable,not_suitable,not_suitable,not_suitable,not_suitable
serving_cart,vvtcby,too_large,0,0,0.0,max_dim=0.643,not_suitable,not_suitable,not_suitable,not_suitable,not_suitable,not_suitable
serving_cart,yaabya,too_large,0,0,0.0,max_dim=1.175,not_suitable,not_suitable,not_suitable,not_suitable,not_suitable,not_suitable
sesame_oil_bottle,bupgpj,not_ready,0,0,0.0,max_dim=0.276,possible,not_suitable,possible,not_suitable,possible,not_suitable
sesame_seed_shaker,txxyce,graspable,200,5,12.4,max_dim=0.160,possible,not_suitable,not_suitable,not_suitable,perfect,not_suitable
set_triangle,swlgkg,graspable,200,5,46.8,max_dim=0.117,not_suitable,not_suitable,not_suitable,not_suitable,possible,not_suitable
shaker,hbheag,not_ready,0,0,0.0,max_dim=0.092,possible,not_suitable,not_suitable,not_suitable,perfect,not_suitable
shaker,nbjgci,graspable,200,5,24.1,max_dim=0.099,possible,not_suitable,not_suitable,not_suitable,perfect,not_suitable
shampoo_bottle,tukaoq,graspable,200,5,13.6,max_dim=0.277,possible,not_suitable,possible,not_suitable,not_suitable,not_suitable
shampoo_dispenser,eblcnw,graspable,200,5,18.2,max_dim=0.145,possible,not_suitable,possible,not_suitable,not_suitable,not_suitable
shampoo_dispenser,eywylh,graspable,200,5,11.4,max_dim=0.154,possible,not_suitable,possible,not_suitable,not_suitable,not_suitable
shampoo_dispenser,kkbhzw,graspable,200,5,16.1,max_dim=0.204,possible,not_suitable,possible,not_suitable,not_suitable,not_suitable
shampoo_dispenser,ndrvvm,graspable,200,5,18.5,max_dim=0.151,possible,not_suitable,possible,not_suitable,not_suitable,not_suitable
shampoo_dispenser,nrthyl,graspable,200,5,11.2,max_dim=0.134,possible,not_suitable,possible,not_suitable,not_suitable,not_suitable
shampoo_dispenser,thurmw,graspable,200,5,15.7,max_dim=0.094,possible,not_suitable,possible,not_suitable,not_suitable,not_suitable
shampoo_dispenser,tnfhlf,not_ready,0,0,0.0,max_dim=0.168,possible,not_suitable,possible,not_suitable,not_suitable,not_suitable
shampoo_dispenser,vnyzbu,not_ready,0,0,0.0,max_dim=0.236,possible,not_suitable,possible,not_suitable,not_suitable,not_suitable
shampoo_dispenser,zoyyia,graspable,200,5,10.3,max_dim=0.092,possible,not_suitable,possible,not_suitable,not_suitable,not_suitable
shears,iizidc,graspable,200,5,26.1,max_dim=0.128,not_suitable,not_suitable,not_suitable,not_suitable,possible,not_suitable
shelf,adgrkb,too_large,0,0,0.0,max_dim=0.755,not_suitable,not_suitable,not_suitable,not_suitable,not_suitable,not_suitable
shelf,amyper,too_large,0,0,0.0,max_dim=1.743,not_suitable,not_suitable,not_suitable,not_suitable,not_suitable,not_suitable
shelf,apiaid,too_large,0,0,0.0,max_dim=1.490,not_suitable,not_suitable,not_suitable,not_suitable,not_suitable,not_suitable
shelf,aqtmhm,too_large,0,0,0.0,max_dim=2.292,not_suitable,not_suitable,not_suitable,not_suitable,not_suitable,not_suitable
shelf,cbidyu,too_large,0,0,0.0,max_dim=2.562,not_suitable,not_suitable,not_suitable,not_suitable,not_suitable,not_suitable
shelf,cyckht,graspable,200,2,107.6,max_dim=0.286,not_suitable,not_suitable,not_suitable,not_suitable,not_suitable,not_suitable
shelf,fjozhc,too_large,0,0,0.0,max_dim=3.213,not_suitable,not_suitable,not_suitable,not_suitable,not_suitable,not_suitable
shelf,hrfwyd,graspable,200,1,95.4,max_dim=0.267,not_suitable,not_suitable,not_suitable,not_suitable,not_suitable,not_suitable
shelf,hrrrbw,too_large,0,0,0.0,max_dim=7.012,not_suitable,not_suitable,not_suitable,not_suitable,not_suitable,not_suitable
shelf,ibrbnl,too_large,0,0,0.0,max_dim=0.916,not_suitable,not_suitable,not_suitable,not_suitable,not_suitable,not_suitable
shelf,iruewm,too_large,0,0,0.0,max_dim=0.602,not_suitable,not_suitable,not_suitable,not_suitable,not_suitable,not_suitable
shelf,kxvbui,too_large,0,0,0.0,max_dim=1.241,not_suitable,not_suitable,not_suitable,not_suitable,not_suitable,not_suitable
shelf,nbmidu,too_large,0,0,0.0,max_dim=1.511,not_suitable,not_suitable,not_suitable,not_suitable,not_suitable,not_suitable
shelf,notszn,too_large,0,0,0.0,max_dim=1.106,not_suitable,not_suitable,not_suitable,not_suitable,not_suitable,not_suitable
shelf,nuzsvi,too_large,0,0,0.0,max_dim=3.875,not_suitable,not_suitable,not_suitable,not_suitable,not_suitable,not_suitable
shelf,pfusrd,too_large,0,0,0.0,max_dim=0.785,not_suitable,not_suitable,not_suitable,not_suitable,not_suitable,not_suitable
shelf,qrmiur,too_large,0,0,0.0,max_dim=0.555,not_suitable,not_suitable,not_suitable,not_suitable,not_suitable,not_suitable
shelf,rglkkf,too_large,0,0,0.0,max_dim=1.724,not_suitable,not_suitable,not_suitable,not_suitable,not_suitable,not_suitable
shelf,sapyzl,too_large,0,0,0.0,max_dim=1.515,not_suitable,not_suitable,not_suitable,not_suitable,not_suitable,not_suitable
shelf,ubsonj,too_large,0,0,0.0,max_dim=1.598,not_suitable,not_suitable,not_suitable,not_suitable,not_suitable,not_suitable
shelf,vanltx,too_large,0,0,0.0,max_dim=1.185,not_suitable,not_suitable,not_suitable,not_suitable,not_suitable,not_suitable
shelf,wiiyfk,too_large,0,0,0.0,max_dim=1.397,not_suitable,not_suitable,not_suitable,not_suitable,not_suitable,not_suitable
shelf,wvkefp,too_large,0,0,0.0,max_dim=0.902,not_suitable,not_suitable,not_suitable,not_suitable,not_suitable,not_suitable
shelf,xezdng,too_large,0,0,0.0,max_dim=2.772,not_suitable,not_suitable,not_suitable,not_suitable,not_suitable,not_suitable
shelf,xogqqm,too_large,0,0,0.0,max_dim=1.777,not_suitable,not_suitable,not_suitable,not_suitable,not_suitable,not_suitable
shelf,xrnzjv,no_grasp,200,0,92.8,max_dim=0.418,not_suitable,not_suitable,not_suitable,not_suitable,not_suitable,not_suitable
shelf,xuhsfd,too_large,0,0,0.0,max_dim=2.486,not_suitable,not_suitable,not_suitable,not_suitable,not_suitable,not_suitable
shelf,yursyw,too_large,0,0,0.0,max_dim=1.600,not_suitable,not_suitable,not_suitable,not_suitable,not_suitable,not_suitable
shelf,zadqqv,too_large,0,0,0.0,max_dim=0.513,not_suitable,not_suitable,not_suitable,not_suitable,not_suitable,not_suitable
shiitake,iwrtus,graspable,200,5,11.2,max_dim=0.052,not_suitable,not_suitable,not_suitable,perfect,not_suitable,not_suitable
shiitake,lrejyh,graspable,200,5,10.3,max_dim=0.047,not_suitable,not_suitable,not_suitable,perfect,not_suitable,not_suitable
shiitake,oirawt,graspable,200,5,10.2,max_dim=0.050,not_suitable,not_suitable,not_suitable,perfect,not_suitable,not_suitable
shoe_box,gvwcka,graspable,200,5,96.7,max_dim=0.268,not_suitable,not_suitable,not_suitable,not_suitable,possible,not_suitable
shoe_box,ioetqp,graspable,200,1,108.1,max_dim=0.417,not_suitable,not_suitable,not_suitable,not_suitable,possible,not_suitable
shoe_box,oiqahr,no_grasp,200,0,116.9,max_dim=0.293,not_suitable,not_suitable,not_suitable,not_suitable,possible,not_suitable
shoe_box,pitwey,graspable,200,3,110.6,max_dim=0.306,not_suitable,not_suitable,not_suitable,not_suitable,possible,not_suitable
shoe_box,towipq,graspable,200,2,100.6,max_dim=0.282,not_suitable,not_suitable,not_suitable,not_suitable,possible,not_suitable
shoe_box,tqohgp,no_grasp,200,0,114.4,max_dim=0.293,not_suitable,not_suitable,not_suitable,not_suitable,possible,not_suitable
shoe_rack,spdrzb,too_large,0,0,0.0,max_dim=0.805,not_suitable,not_suitable,not_suitable,not_suitable,not_suitable,not_suitable
shopping_basket,nedrsh,too_large,0,0,0.0,max_dim=0.614,not_suitable,not_suitable,not_suitable,not_suitable,not_suitable,possible
shopping_basket,vsxhsv,graspable,200,5,94.2,max_dim=0.369,not_suitable,not_suitable,not_suitable,not_suitable,not_suitable,possible
shopping_cart,igqaol,too_large,0,0,0.0,max_dim=1.015,not_suitable,not_suitable,not_suitable,not_suitable,not_suitable,not_suitable
shopping_cart,kmgltg,too_large,0,0,0.0,max_dim=0.836,not_suitable,not_suitable,not_suitable,not_suitable,not_suitable,not_suitable
shortening_carton,gswpdr,graspable,200,5,21.2,max_dim=0.305,not_suitable,not_suitable,not_suitable,not_suitable,possible,not_suitable
shorts,rlespi,not_ready,0,0,0.0,max_dim=0.427,not_suitable,not_suitable,not_suitable,not_suitable,not_suitable,not_suitable
shoulder_bag,cqoesa,not_ready,0,0,0.0,max_dim=0.322,not_suitable,not_suitable,not_suitable,not_suitable,not_suitable,not_suitable
shoulder_bag,czcujg,not_ready,0,0,0.0,max_dim=0.289,not_suitable,not_suitable,not_suitable,not_suitable,not_suitable,not_suitable
shoulder_bag,exvfii,not_ready,0,0,0.0,max_dim=0.423,not_suitable,not_suitable,not_suitable,not_suitable,not_suitable,not_suitable
shoulder_bag,itlkfz,not_ready,0,0,0.0,max_dim=0.273,not_suitable,not_suitable,not_suitable,not_suitable,not_suitable,not_suitable
shoulder_bag,mcualj,graspable,200,5,52.9,max_dim=0.150,not_suitable,not_suitable,not_suitable,not_suitable,not_suitable,not_suitable
shoulder_bag,nkzulg,not_ready,0,0,0.0,max_dim=0.268,not_suitable,not_suitable,not_suitable,not_suitable,not_suitable,not_suitable
shoulder_bag,pxvcyu,graspable,200,5,63.5,max_dim=0.421,not_suitable,not_suitable,not_suitable,not_suitable,not_suitable,not_suitable
shoulder_bag,rykngq,not_ready,0,0,0.0,max_dim=0.270,not_suitable,not_suitable,not_suitable,not_suitable,not_suitable,not_suitable
shoulder_bag,upxnpu,not_ready,0,0,0.0,max_dim=0.382,not_suitable,not_suitable,not_suitable,not_suitable,not_suitable,not_suitable
shoulder_bag,vxobmt,not_ready,0,0,0.0,max_dim=0.421,not_suitable,not_suitable,not_suitable,not_suitable,not_suitable,not_suitable
shoulder_bag,xipfrv,not_ready,0,0,0.0,max_dim=0.378,not_suitable,not_suitable,not_suitable,not_suitable,not_suitable,not_suitable
shovel,guynvr,too_large,0,0,0.0,max_dim=0.737,not_suitable,not_suitable,not_suitable,not_suitable,not_suitable,not_suitable
shower,giialz,too_large,0,0,0.0,max_dim=1.240,not_suitable,not_suitable,not_suitable,not_suitable,not_suitable,not_suitable
shower,qkgvsz,too_large,0,0,0.0,max_dim=1.061,not_suitable,not_suitable,not_suitable,not_suitable,not_suitable,not_suitable
shower_stall,aktzdp,too_large,0,0,0.0,max_dim=2.032,not_suitable,not_suitable,not_suitable,not_suitable,not_suitable,not_suitable
shower_stall,atiuco,too_large,0,0,0.0,max_dim=1.812,not_suitable,not_suitable,not_suitable,not_suitable,not_suitable,not_suitable
shower_stall,gqxmqf,too_large,0,0,0.0,max_dim=2.100,not_suitable,not_suitable,not_suitable,not_suitable,not_suitable,not_suitable
shower_stall,invgma,too_large,0,0,0.0,max_dim=2.032,not_suitable,not_suitable,not_suitable,not_suitable,not_suitable,not_suitable
shower_stall,nvempw,too_large,0,0,0.0,max_dim=2.440,not_suitable,not_suitable,not_suitable,not_suitable,not_suitable,not_suitable
shower_stall,rhvubh,too_large,0,0,0.0,max_dim=2.150,not_suitable,not_suitable,not_suitable,not_suitable,not_suitable,not_suitable
shower_stall,sqzpmj,too_large,0,0,0.0,max_dim=2.078,not_suitable,not_suitable,not_suitable,not_suitable,not_suitable,not_suitable
shower_stall,taqzxq,too_large,0,0,0.0,max_dim=2.079,not_suitable,not_suitable,not_suitable,not_suitable,not_suitable,not_suitable
shower_stall,vcwkma,too_large,0,0,0.0,max_dim=2.005,not_suitable,not_suitable,not_suitable,not_suitable,not_suitable,not_suitable
shower_stall,vshrva,too_large,0,0,0.0,max_dim=2.079,not_suitable,not_suitable,not_suitable,not_suitable,not_suitable,not_suitable
showerhead,afoeoa,too_large,0,0,0.0,max_dim=1.131,not_suitable,not_suitable,not_suitable,not_suitable,not_suitable,not_suitable
showerhead,hukknl,too_large,0,0,0.0,max_dim=0.839,not_suitable,not_suitable,not_suitable,not_suitable,not_suitable,not_suitable
showerhead,kdvrbf,too_large,0,0,0.0,max_dim=1.448,not_suitable,not_suitable,not_suitable,not_suitable,not_suitable,not_suitable
showerhead,lfwwnr,too_large,0,0,0.0,max_dim=0.702,not_suitable,not_suitable,not_suitable,not_suitable,not_suitable,not_suitable
showerhead,lrfpvk,too_large,0,0,0.0,max_dim=1.102,not_suitable,not_suitable,not_suitable,not_suitable,not_suitable,not_suitable
showerhead,psscka,too_large,0,0,0.0,max_dim=1.046,not_suitable,not_suitable,not_suitable,not_suitable,not_suitable,not_suitable
showerhead,rhrpdm,too_large,0,0,0.0,max_dim=1.299,not_suitable,not_suitable,not_suitable,not_suitable,not_suitable,not_suitable
showerhead,svuhzb,too_large,0,0,0.0,max_dim=1.335,not_suitable,not_suitable,not_suitable,not_suitable,not_suitable,not_suitable
showerhead,tksyhh,too_large,0,0,0.0,max_dim=0.702,not_suitable,not_suitable,not_suitable,not_suitable,not_suitable,not_suitable
showerhead,vbijwn,too_large,0,0,0.0,max_dim=1.957,not_suitable,not_suitable,not_suitable,not_suitable,not_suitable,not_suitable
showerhead,vuswbv,too_large,0,0,0.0,max_dim=1.957,not_suitable,not_suitable,not_suitable,not_suitable,not_suitable,not_suitable
shredder,wkconu,no_grasp,200,0,93.1,max_dim=0.472,not_suitable,not_suitable,not_suitable,not_suitable,not_suitable,not_suitable
shrimp,mnpgev,graspable,200,5,11.5,max_dim=0.066,not_suitable,not_suitable,not_suitable,perfect,not_suitable,not_suitable
shutter,srfhbe,too_large,0,0,0.0,max_dim=1.377,not_suitable,not_suitable,not_suitable,not_suitable,not_suitable,not_suitable
sieve,ucrzlb,graspable,200,5,41.9,max_dim=0.328,not_suitable,not_suitable,not_suitable,not_suitable,possible,possible
signpost,axhlim,graspable,200,5,38.0,max_dim=0.221,not_suitable,not_suitable,not_suitable,not_suitable,not_suitable,not_suitable
signpost,bzkvvl,graspable,200,5,70.9,max_dim=0.305,not_suitable,not_suitable,not_suitable,not_suitable,not_suitable,not_suitable
signpost,ivvjfv,graspable,200,1,99.8,max_dim=0.408,not_suitable,not_suitable,not_suitable,not_suitable,not_suitable,not_suitable
signpost,mexzmk,graspable,200,5,29.7,max_dim=0.225,not_suitable,not_suitable,not_suitable,not_suitable,not_suitable,not_suitable
signpost,mlvfbp,graspable,200,5,38.6,max_dim=0.226,not_suitable,not_suitable,not_suitable,not_suitable,not_suitable,not_suitable
signpost,sdsfzw,graspable,200,5,45.7,max_dim=0.194,not_suitable,not_suitable,not_suitable,not_suitable,not_suitable,not_suitable
signpost,tplfny,too_large,0,0,0.0,max_dim=0.587,not_suitable,not_suitable,not_suitable,not_suitable,not_suitable,not_suitable
signpost,vvjtkv,too_large,0,0,0.0,max_dim=0.503,not_suitable,not_suitable,not_suitable,not_suitable,not_suitable,not_suitable
signpost,vwhtlm,too_large,0,0,0.0,max_dim=0.626,not_suitable,not_suitable,not_suitable,not_suitable,not_suitable,not_suitable
signpost,zwkfzz,graspable,200,5,80.9,max_dim=0.305,not_suitable,not_suitable,not_suitable,not_suitable,not_suitable,not_suitable
silver_coin,cuvzim,graspable,200,5,20.4,max_dim=0.017,not_suitable,not_suitable,not_suitable,not_suitable,not_suitable,not_suitable
silver_coin,jurber,graspable,200,5,34.8,max_dim=0.030,not_suitable,not_suitable,not_suitable,not_suitable,not_suitable,not_suitable
skateboard_deck,tgfidu,too_large,0,0,0.0,max_dim=1.044,not_suitable,not_suitable,not_suitable,not_suitable,not_suitable,not_suitable
skateboard_wheel,bbkthh,not_ready,0,0,0.0,max_dim=0.096,not_suitable,not_suitable,not_suitable,not_suitable,not_suitable,not_suitable
skateboard_wheel,lzdgcs,not_ready,0,0,0.0,max_dim=0.077,not_suitable,not_suitable,not_suitable,not_suitable,not_suitable,not_suitable
skateboard_wheel_assembly,acmbvb,graspable,200,5,11.9,max_dim=0.316,not_suitable,not_suitable,not_suitable,not_suitable,not_suitable,not_suitable
skateboard_wheel_assembly,jljqtt,graspable,200,5,15.0,max_dim=0.327,not_suitable,not_suitable,not_suitable,not_suitable,not_suitable,not_suitable
skates,igyveo,graspable,200,5,87.4,max_dim=0.369,not_suitable,not_suitable,not_suitable,not_suitable,not_suitable,not_suitable
skates,sjehwr,graspable,200,5,76.1,max_dim=0.370,not_suitable,not_suitable,not_suitable,not_suitable,not_suitable,not_suitable
skeletal_frame,cfqmqw,too_large,0,0,0.0,max_dim=14.413,not_suitable,not_suitable,not_suitable,not_suitable,not_suitable,not_suitable
skeletal_frame,cvtaos,too_large,0,0,0.0,max_dim=14.674,not_suitable,not_suitable,not_suitable,not_suitable,not_suitable,not_suitable
skeletal_frame,hjudzd,too_large,0,0,0.0,max_dim=15.603,not_suitable,not_suitable,not_suitable,not_suitable,not_suitable,not_suitable
skeletal_frame,nxyffe,too_large,0,0,0.0,max_dim=3.602,not_suitable,not_suitable,not_suitable,not_suitable,not_suitable,not_suitable
skeletal_frame,twalud,too_large,0,0,0.0,max_dim=3.591,not_suitable,not_suitable,not_suitable,not_suitable,not_suitable,not_suitable
ski,hwsrog,too_large,0,0,0.0,max_dim=2.675,not_suitable,not_suitable,not_suitable,not_suitable,not_suitable,not_suitable
ski,plzlek,too_large,0,0,0.0,max_dim=2.675,not_suitable,not_suitable,not_suitable,not_suitable,not_suitable,not_suitable
skiff,coanpv,too_large,0,0,0.0,max_dim=2.151,not_suitable,not_suitable,not_suitable,not_suitable,not_suitable,not_suitable
skimmer,wvmcce,graspable,200,5,75.1,max_dim=0.400,not_suitable,not_suitable,not_suitable,not_suitable,possible,not_suitable
skimmer,xocqxg,graspable,200,5,76.9,max_dim=0.285,not_suitable,not_suitable,not_suitable,not_suitable,possible,not_suitable
skirt,qofxar,graspable,200,5,49.2,max_dim=0.470,not_suitable,not_suitable,not_suitable,not_suitable,not_suitable,not_suitable
skyrocket,moxhuh,graspable,200,5,68.5,max_dim=0.226,not_suitable,not_suitable,not_suitable,not_suitable,not_suitable,not_suitable
sleeping_bag,uxqrod,too_large,0,0,0.0,max_dim=2.105,not_suitable,not_suitable,not_suitable,not_suitable,not_suitable,not_suitable
sliced_brisket,bzazex,graspable,200,5,11.0,max_dim=0.076,not_suitable,not_suitable,not_suitable,perfect,not_suitable,not_suitable
sliced_brisket,trtnba,graspable,200,5,10.3,max_dim=0.067,not_suitable,not_suitable,not_suitable,perfect,not_suitable,not_suitable
sliced_chocolate_cake,unwjgp,graspable,200,5,40.9,max_dim=0.142,not_suitable,not_suitable,not_suitable,perfect,not_suitable,not_suitable
sliced_cucumber,diiokc,graspable,200,5,12.0,max_dim=0.043,not_suitable,not_suitable,not_suitable,perfect,not_suitable,not_suitable
sliced_cucumber,ojnoxi,graspable,200,5,10.0,max_dim=0.043,not_suitable,not_suitable,not_suitable,perfect,not_suitable,not_suitable
sliced_eggplant,pdfkep,graspable,200,5,10.5,max_dim=0.059,not_suitable,not_suitable,not_suitable,perfect,not_suitable,not_suitable
sliced_lemon,brmhaw,graspable,200,5,9.7,max_dim=0.067,not_suitable,not_suitable,not_suitable,perfect,not_suitable,not_suitable
sliced_lemon,dladkr,graspable,200,5,10.6,max_dim=0.057,not_suitable,not_suitable,not_suitable,perfect,not_suitable,not_suitable
sliced_lemon,gikfar,graspable,200,5,10.4,max_dim=0.072,not_suitable,not_suitable,not_suitable,perfect,not_suitable,not_suitable
sliced_lemon,kafipe,graspable,200,5,10.1,max_dim=0.072,not_suitable,not_suitable,not_suitable,perfect,not_suitable,not_suitable
sliced_lemon,zdvobn,graspable,200,5,11.8,max_dim=0.057,not_suitable,not_suitable,not_suitable,perfect,not_suitable,not_suitable
sliced_melon,idsani,graspable,200,5,30.9,max_dim=0.359,not_suitable,not_suitable,not_suitable,perfect,not_suitable,not_suitable
sliced_melon,quxcke,graspable,200,5,78.2,max_dim=0.358,not_suitable,not_suitable,not_suitable,perfect,not_suitable,not_suitable
sliced_mushroom,jnfabw,not_ready,0,0,0.0,max_dim=0.040,not_suitable,not_suitable,not_suitable,perfect,not_suitable,not_suitable
sliced_onion,ndwwog,graspable,200,5,11.2,max_dim=0.076,not_suitable,not_suitable,not_suitable,perfect,not_suitable,not_suitable
sliced_papaya,dlykve,graspable,200,5,12.4,max_dim=0.088,not_suitable,not_suitable,not_suitable,perfect,not_suitable,not_suitable
sliced_papaya,dqymro,graspable,200,5,10.9,max_dim=0.075,not_suitable,not_suitable,not_suitable,perfect,not_suitable,not_suitable
sliced_roast_beef,cpdfcf,graspable,200,5,53.0,max_dim=0.281,not_suitable,not_suitable,not_suitable,perfect,not_suitable,not_suitable
sliced_tomato,bgcdjr,graspable,200,5,10.1,max_dim=0.075,not_suitable,not_suitable,not_suitable,perfect,not_suitable,not_suitable
sliced_tomato,qjpofs,not_ready,0,0,0.0,max_dim=0.082,not_suitable,not_suitable,not_suitable,perfect,not_suitable,not_suitable
sliced_tomato,whfsoo,not_ready,0,0,0.0,max_dim=0.082,not_suitable,not_suitable,not_suitable,perfect,not_suitable,not_suitable
sliced_watermelon,zgmaqe,graspable,200,5,24.2,max_dim=0.200,not_suitable,not_suitable,not_suitable,perfect,not_suitable,not_suitable
sliding_door,hgcxno,too_large,0,0,0.0,max_dim=4.474,not_suitable,not_suitable,not_suitable,not_suitable,not_suitable,not_suitable
sliding_door,lrvyvc,too_large,0,0,0.0,max_dim=4.178,not_suitable,not_suitable,not_suitable,not_suitable,not_suitable,not_suitable
sliding_door,tprpvb,too_large,0,0,0.0,max_dim=2.344,not_suitable,not_suitable,not_suitable,not_suitable,not_suitable,not_suitable
slingback,jbuius,not_ready,0,0,0.0,max_dim=0.203,not_suitable,not_suitable,not_suitable,not_suitable,not_suitable,not_suitable
slingback,qwdcvv,not_ready,0,0,0.0,max_dim=0.203,not_suitable,not_suitable,not_suitable,not_suitable,not_suitable,not_suitable
smoker,uihgsf,too_large,0,0,0.0,max_dim=1.265,not_suitable,not_suitable,not_suitable,not_suitable,not_suitable,not_suitable
snack_rack,bfdnho,too_large,0,0,0.0,max_dim=3.094,not_suitable,not_suitable,not_suitable,not_suitable,not_suitable,not_suitable
snack_rack,mmaeua,too_large,0,0,0.0,max_dim=0.802,not_suitable,not_suitable,not_suitable,not_suitable,not_suitable,not_suitable
snack_rack,ytrmpz,too_large,0,0,0.0,max_dim=0.637,not_suitable,not_suitable,not_suitable,not_suitable,not_suitable,not_suitable
snapper,vfncga,graspable,200,5,64.3,max_dim=0.450,not_suitable,not_suitable,not_suitable,perfect,not_suitable,not_suitable
snapper,wmiodz,graspable,200,2,96.6,max_dim=0.458,not_suitable,not_suitable,not_suitable,perfect,not_suitable,not_suitable
snow_globe,owteks,graspable,200,5,12.1,max_dim=0.100,perfect,not_suitable,not_suitable,not_suitable,perfect,not_suitable
soap_bottle,hamffy,graspable,200,5,12.0,max_dim=0.276,possible,not_suitable,possible,not_suitable,possible,not_suitable
soap_dish,gnndfy,graspable,200,5,17.5,max_dim=0.089,not_suitable,not_suitable,not_suitable,not_suitable,possible,not_suitable
soap_dish,ownvqj,graspable,200,5,68.6,max_dim=0.181,not_suitable,not_suitable,not_suitable,not_suitable,possible,not_suitable
soap_dish,slksbk,graspable,200,5,30.0,max_dim=0.153,not_suitable,not_suitable,not_suitable,not_suitable,possible,not_suitable
soap_dispenser,cgxrwd,graspable,200,5,32.9,max_dim=0.145,possible,not_suitable,possible,not_suitable,possible,not_suitable
soap_dispenser,edinmg,graspable,200,5,15.4,max_dim=0.207,possible,not_suitable,possible,not_suitable,possible,not_suitable
soap_dispenser,ijxawq,graspable,200,5,29.3,max_dim=0.139,possible,not_suitable,possible,not_suitable,possible,not_suitable
soap_dispenser,jmulpc,graspable,200,5,19.5,max_dim=0.184,possible,not_suitable,possible,not_suitable,possible,not_suitable
soap_dispenser,sinntg,graspable,200,5,24.4,max_dim=0.140,possible,not_suitable,possible,not_suitable,possible,not_suitable
soap_dispenser,ycvrcg,not_ready,0,0,0.0,max_dim=0.145,possible,not_suitable,possible,not_suitable,possible,not_suitable
soap_dispenser,zwudcz,graspable,200,5,14.8,max_dim=0.129,possible,not_suitable,possible,not_suitable,possible,not_suitable
soccer_ball,ikagkc,graspable,200,5,47.5,max_dim=0.243,not_suitable,not_suitable,not_suitable,not_suitable,not_suitable,not_suitable
soccer_ball,nlpvzv,graspable,200,4,104.1,max_dim=0.255,not_suitable,not_suitable,not_suitable,not_suitable,not_suitable,not_suitable
sock,vpafgj,graspable,200,5,13.6,max_dim=0.283,not_suitable,not_suitable,not_suitable,not_suitable,not_suitable,not_suitable
sod,hngisa,too_large,0,0,0.0,max_dim=0.602,not_suitable,not_suitable,not_suitable,not_suitable,not_suitable,not_suitable
soda_cup,fsfsas,graspable,200,5,12.4,max_dim=0.106,possible,not_suitable,possible,not_suitable,possible,perfect
soda_cup,gnzegv,graspable,200,5,11.9,max_dim=0.157,possible,not_suitable,possible,not_suitable,possible,perfect
soda_cup,lpanoc,graspable,200,5,11.6,max_dim=0.106,possible,not_suitable,possible,not_suitable,possible,perfect
soda_cup,vicaqs,graspable,200,5,10.6,max_dim=0.129,possible,not_suitable,possible,not_suitable,possible,perfect
soda_water_bottle,upfssc,graspable,200,5,13.9,max_dim=0.255,possible,not_suitable,possible,not_suitable,possible,not_suitable
sodium_carbonate_jar,vxtjjn,not_ready,0,0,0.0,max_dim=0.224,possible,not_suitable,possible,not_suitable,possible,possible
sofa,ahgkci,too_large,0,0,0.0,max_dim=2.167,not_suitable,not_suitable,not_suitable,not_suitable,not_suitable,not_suitable
sofa,bskyog,too_large,0,0,0.0,max_dim=2.282,not_suitable,not_suitable,not_suitable,not_suitable,not_suitable,not_suitable
sofa,cozrjc,too_large,0,0,0.0,max_dim=1.075,not_suitable,not_suitable,not_suitable,not_suitable,not_suitable,not_suitable
sofa,ctjgcl,too_large,0,0,0.0,max_dim=1.652,not_suitable,not_suitable,not_suitable,not_suitable,not_suitable,not_suitable
sofa,ewview,too_large,0,0,0.0,max_dim=2.218,not_suitable,not_suitable,not_suitable,not_suitable,not_suitable,not_suitable
sofa,frlxgz,too_large,0,0,0.0,max_dim=3.293,not_suitable,not_suitable,not_suitable,not_suitable,not_suitable,not_suitable
sofa,ggaqxz,too_large,0,0,0.0,max_dim=4.755,not_suitable,not_suitable,not_suitable,not_suitable,not_suitable,not_suitable
sofa,hiphpn,too_large,0,0,0.0,max_dim=2.757,not_suitable,not_suitable,not_suitable,not_suitable,not_suitable,not_suitable
sofa,hxlckz,too_large,0,0,0.0,max_dim=3.656,not_suitable,not_suitable,not_suitable,not_suitable,not_suitable,not_suitable
sofa,hzzthj,too_large,0,0,0.0,max_dim=4.503,not_suitable,not_suitable,not_suitable,not_suitable,not_suitable,not_suitable
sofa,itbkff,too_large,0,0,0.0,max_dim=2.884,not_suitable,not_suitable,not_suitable,not_suitable,not_suitable,not_suitable
sofa,ksabpq,too_large,0,0,0.0,max_dim=2.665,not_suitable,not_suitable,not_suitable,not_suitable,not_suitable,not_suitable
sofa,ksbdlf,too_large,0,0,0.0,max_dim=1.127,not_suitable,not_suitable,not_suitable,not_suitable,not_suitable,not_suitable
sofa,kupqto,too_large,0,0,0.0,max_dim=2.855,not_suitable,not_suitable,not_suitable,not_suitable,not_suitable,not_suitable
sofa,llsxsg,too_large,0,0,0.0,max_dim=2.161,not_suitable,not_suitable,not_suitable,not_suitable,not_suitable,not_suitable
sofa,lugrhk,too_large,0,0,0.0,max_dim=2.349,not_suitable,not_suitable,not_suitable,not_suitable,not_suitable,not_suitable
sofa,mismdx,too_large,0,0,0.0,max_dim=3.061,not_suitable,not_suitable,not_suitable,not_suitable,not_suitable,not_suitable
sofa,mnfbbh,too_large,0,0,0.0,max_dim=2.234,not_suitable,not_suitable,not_suitable,not_suitable,not_suitable,not_suitable
sofa,ocydlq,too_large,0,0,0.0,max_dim=1.970,not_suitable,not_suitable,not_suitable,not_suitable,not_suitable,not_suitable
sofa,otxxor,too_large,0,0,0.0,max_dim=2.473,not_suitable,not_suitable,not_suitable,not_suitable,not_suitable,not_suitable
sofa,qnnwfx,too_large,0,0,0.0,max_dim=1.763,not_suitable,not_suitable,not_suitable,not_suitable,not_suitable,not_suitable
sofa,rdmsoc,too_large,0,0,0.0,max_dim=1.792,not_suitable,not_suitable,not_suitable,not_suitable,not_suitable,not_suitable
sofa,rdvxkm,too_large,0,0,0.0,max_dim=2.958,not_suitable,not_suitable,not_suitable,not_suitable,not_suitable,not_suitable
sofa,rqipbs,too_large,0,0,0.0,max_dim=1.995,not_suitable,not_suitable,not_suitable,not_suitable,not_suitable,not_suitable
sofa,rtqxpf,too_large,0,0,0.0,max_dim=3.061,not_suitable,not_suitable,not_suitable,not_suitable,not_suitable,not_suitable
sofa,rxtscm,too_large,0,0,0.0,max_dim=3.490,not_suitable,not_suitable,not_suitable,not_suitable,not_suitable,not_suitable
sofa,tlsxpc,too_large,0,0,0.0,max_dim=2.168,not_suitable,not_suitable,not_suitable,not_suitable,not_suitable,not_suitable
sofa,uixwiv,too_large,0,0,0.0,max_dim=3.880,not_suitable,not_suitable,not_suitable,not_suitable,not_suitable,not_suitable
sofa,ukfaaz,too_large,0,0,0.0,max_dim=3.515,not_suitable,not_suitable,not_suitable,not_suitable,not_suitable,not_suitable
sofa,uonbcs,too_large,0,0,0.0,max_dim=4.753,not_suitable,not_suitable,not_suitable,not_suitable,not_suitable,not_suitable
sofa,wjytsn,too_large,0,0,0.0,max_dim=2.154,not_suitable,not_suitable,not_suitable,not_suitable,not_suitable,not_suitable
sofa,wnzdke,too_large,0,0,0.0,max_dim=1.146,not_suitable,not_suitable,not_suitable,not_suitable,not_suitable,not_suitable
sofa,xhxdqf,too_large,0,0,0.0,max_dim=2.384,not_suitable,not_suitable,not_suitable,not_suitable,not_suitable,not_suitable
sofa,yiniqe,too_large,0,0,0.0,max_dim=4.494,not_suitable,not_suitable,not_suitable,not_suitable,not_suitable,not_suitable
sofa,zslkbl,too_large,0,0,0.0,max_dim=2.000,not_suitable,not_suitable,not_suitable,not_suitable,not_suitable,not_suitable
soft_roll,jelruc,graspable,200,5,20.7,max_dim=0.128,not_suitable,not_suitable,not_suitable,perfect,not_suitable,not_suitable
soft_roll,ogaivq,graspable,200,5,10.3,max_dim=0.106,not_suitable,not_suitable,not_suitable,perfect,not_suitable,not_suitable
softball,erhbze,graspable,200,5,10.7,max_dim=0.098,not_suitable,not_suitable,not_suitable,not_suitable,possible,not_suitable
soil_bag,gzcqwx,graspable,200,5,70.4,max_dim=0.367,not_suitable,not_suitable,not_suitable,not_suitable,not_suitable,not_suitable
solvent_bottle,nbctrk,graspable,200,5,14.5,max_dim=0.276,not_suitable,not_suitable,possible,not_suitable,not_suitable,not_suitable
sound_system,hftvcq,graspable,200,5,30.3,max_dim=0.285,not_suitable,not_suitable,not_suitable,not_suitable,not_suitable,not_suitable
sound_system,wllxyl,not_ready,0,0,0.0,max_dim=0.213,not_suitable,not_suitable,not_suitable,not_suitable,not_suitable,not_suitable
soup_ladle,cfzneb,graspable,200,5,17.7,max_dim=0.339,not_suitable,not_suitable,not_suitable,not_suitable,possible,not_suitable
soup_ladle,gxsrhh,graspable,200,5,20.9,max_dim=0.276,not_suitable,not_suitable,not_suitable,not_suitable,possible,not_suitable
soup_ladle,hgvzdm,graspable,200,5,39.9,max_dim=0.317,not_suitable,not_suitable,not_suitable,not_suitable,possible,not_suitable
soup_ladle,rqnufc,graspable,200,5,14.0,max_dim=0.326,not_suitable,not_suitable,not_suitable,not_suitable,possible,not_suitable
soup_ladle,tmdqpb,graspable,200,5,20.0,max_dim=0.358,not_suitable,not_suitable,not_suitable,not_suitable,possible,not_suitable
soupspoon,qqvgml,not_ready,0,0,0.0,max_dim=0.311,not_suitable,not_suitable,not_suitable,not_suitable,possible,not_suitable
soupspoon,wrctgd,graspable,200,5,38.9,max_dim=0.208,not_suitable,not_suitable,not_suitable,not_suitable,possible,not_suitable
sourdough,jgydml,not_ready,0,0,0.0,max_dim=0.090,not_suitable,not_suitable,not_suitable,perfect,possible,not_suitable
sourdough,lourny,not_ready,0,0,0.0,max_dim=0.310,not_suitable,not_suitable,not_suitable,perfect,possible,not_suitable
sourdough,ltjltm,not_ready,0,0,0.0,max_dim=0.123,not_suitable,not_suitable,not_suitable,perfect,possible,not_suitable
sourdough,mtvmux,graspable,200,5,26.0,max_dim=0.163,not_suitable,not_suitable,not_suitable,perfect,possible,not_suitable
sourdough,ndcexh,not_ready,0,0,0.0,max_dim=0.196,not_suitable,not_suitable,not_suitable,perfect,possible,not_suitable
sourdough,srvbxf,graspable,200,4,77.6,max_dim=0.310,not_suitable,not_suitable,not_suitable,perfect,possible,not_suitable
sourdough,znibqw,not_ready,0,0,0.0,max_dim=0.309,not_suitable,not_suitable,not_suitable,perfect,possible,not_suitable
soy_sauce_bottle,saujjl,graspable,200,5,16.1,max_dim=0.258,possible,not_suitable,possible,not_suitable,possible,not_suitable
space_heater,kxzqpr,graspable,200,5,58.4,max_dim=0.390,not_suitable,not_suitable,not_suitable,not_suitable,not_suitable,not_suitable
sparkler,owuetb,graspable,200,5,27.2,max_dim=0.254,not_suitable,not_suitable,not_suitable,not_suitable,not_suitable,not_suitable
spatula,bqsefv,graspable,200,5,57.8,max_dim=0.321,not_suitable,not_suitable,not_suitable,not_suitable,possible,not_suitable
spatula,ckpgkc,not_ready,0,0,0.0,max_dim=0.286,not_suitable,not_suitable,not_suitable,not_suitable,possible,not_suitable
spatula,crkmux,graspable,200,5,56.8,max_dim=0.367,not_suitable,not_suitable,not_suitable,not_suitable,possible,not_suitable
spatula,hkvsep,graspable,200,5,44.2,max_dim=0.351,not_suitable,not_suitable,not_suitable,not_suitable,possible,not_suitable
spatula,iktnwh,graspable,200,5,35.5,max_dim=0.239,not_suitable,not_suitable,not_suitable,not_suitable,possible,not_suitable
spatula,jzaedf,graspable,200,5,62.2,max_dim=0.325,not_suitable,not_suitable,not_suitable,not_suitable,possible,not_suitable
spatula,kqpoxk,not_ready,0,0,0.0,max_dim=0.331,not_suitable,not_suitable,not_suitable,not_suitable,possible,not_suitable
spatula,ktkigm,graspable,200,5,49.8,max_dim=0.266,not_suitable,not_suitable,not_suitable,not_suitable,possible,not_suitable
spatula,pdqgzq,graspable,200,5,49.5,max_dim=0.393,not_suitable,not_suitable,not_suitable,not_suitable,possible,not_suitable
spatula,pxwpuw,graspable,200,5,40.5,max_dim=0.345,not_suitable,not_suitable,not_suitable,not_suitable,possible,not_suitable
spatula,vnymjm,not_ready,0,0,0.0,max_dim=0.320,not_suitable,not_suitable,not_suitable,not_suitable,possible,not_suitable
spatula,ymvrct,graspable,200,5,47.2,max_dim=0.351,not_suitable,not_suitable,not_suitable,not_suitable,possible,not_suitable
spatula,yppdij,not_ready,0,0,0.0,max_dim=0.314,not_suitable,not_suitable,not_suitable,not_suitable,possible,not_suitable
specimen_bottle,vlplhs,not_ready,0,0,0.0,max_dim=0.174,possible,not_suitable,possible,not_suitable,possible,not_suitable
spice_cookie,fwnyyy,not_ready,0,0,0.0,max_dim=0.072,not_suitable,not_suitable,not_suitable,perfect,not_suitable,not_suitable
spice_cookie_dough,iuiioe,not_ready,0,0,0.0,max_dim=0.200,not_suitable,not_suitable,not_suitable,possible,not_suitable,not_suitable
spinach,gojnss,graspable,200,5,10.0,max_dim=0.098,not_suitable,not_suitable,not_suitable,perfect,not_suitable,not_suitable
spinach,lcmibz,graspable,200,5,9.7,max_dim=0.098,not_suitable,not_suitable,not_suitable,perfect,not_suitable,not_suitable
spinach,levzwe,graspable,200,5,10.0,max_dim=0.093,not_suitable,not_suitable,not_suitable,perfect,not_suitable,not_suitable
spinach,mkemen,graspable,200,5,10.8,max_dim=0.083,not_suitable,not_suitable,not_suitable,perfect,not_suitable,not_suitable
spinach,nshkpm,graspable,200,5,12.1,max_dim=0.089,not_suitable,not_suitable,not_suitable,perfect,not_suitable,not_suitable
spinach,uxhqeq,graspable,200,5,12.3,max_dim=0.091,not_suitable,not_suitable,not_suitable,perfect,not_suitable,not_suitable
spirit_lamp,dnyzym,graspable,200,5,14.2,max_dim=0.067,possible,not_suitable,possible,not_suitable,possible,not_suitable
sponge,aewrov,graspable,200,5,19.5,max_dim=0.105,not_suitable,not_suitable,not_suitable,not_suitable,possible,not_suitable
sponge,klwueh,graspable,200,5,12.7,max_dim=0.105,not_suitable,not_suitable,not_suitable,not_suitable,possible,not_suitable
sponge,qewotb,graspable,200,5,11.1,max_dim=0.105,not_suitable,not_suitable,not_suitable,not_suitable,possible,not_suitable
spotlight,gbvzvy,not_ready,0,0,0.0,max_dim=0.226,not_suitable,not_suitable,not_suitable,not_suitable,not_suitable,not_suitable
spotlight,odrdjb,graspable,200,5,12.9,max_dim=0.110,not_suitable,not_suitable,not_suitable,not_suitable,not_suitable,not_suitable
spotlight,vojnfz,not_ready,0,0,0.0,max_dim=0.188,not_suitable,not_suitable,not_suitable,not_suitable,not_suitable,not_suitable
spotlight,wtrjoa,not_ready,0,0,0.0,max_dim=0.388,not_suitable,not_suitable,not_suitable,not_suitable,not_suitable,not_suitable
spotlight,xwotqa,not_ready,0,0,0.0,max_dim=0.148,not_suitable,not_suitable,not_suitable,not_suitable,not_suitable,not_suitable
spray_bottle,asztxi,graspable,200,5,21.9,max_dim=0.255,possible,not_suitable,possible,not_suitable,possible,not_suitable
spray_bottle,lwmelf,graspable,200,5,14.8,max_dim=0.268,possible,not_suitable,possible,not_suitable,possible,not_suitable
spray_bottle,miqtui,graspable,200,5,15.1,max_dim=0.267,possible,not_suitable,possible,not_suitable,possible,not_suitable
spray_bottle,wegawe,graspable,200,5,25.9,max_dim=0.255,possible,not_suitable,possible,not_suitable,possible,not_suitable
spray_can,bgalkx,graspable,200,5,42.5,max_dim=0.232,possible,not_suitable,possible,not_suitable,possible,not_suitable
spray_can,buxqkr,graspable,200,5,80.4,max_dim=0.151,possible,not_suitable,possible,not_suitable,possible,not_suitable
spray_can,tehmzy,graspable,200,5,97.7,max_dim=0.151,possible,not_suitable,possible,not_suitable,possible,not_suitable
spray_paint_can,pgbbbb,graspable,200,5,10.5,max_dim=0.151,not_suitable,not_suitable,possible,not_suitable,not_suitable,not_suitable
square_light,bmrewz,too_large,0,0,0.0,max_dim=0.763,not_suitable,not_suitable,not_suitable,not_suitable,not_suitable,not_suitable
square_light,eephxy,too_large,0,0,0.0,max_dim=0.959,not_suitable,not_suitable,not_suitable,not_suitable,not_suitable,not_suitable
square_light,gqjmyu,too_large,0,0,0.0,max_dim=1.000,not_suitable,not_suitable,not_suitable,not_suitable,not_suitable,not_suitable
square_light,hwozjd,too_large,0,0,0.0,max_dim=1.127,not_suitable,not_suitable,not_suitable,not_suitable,not_suitable,not_suitable
square_light,hylkmj,too_large,0,0,0.0,max_dim=3.000,not_suitable,not_suitable,not_suitable,not_suitable,not_suitable,not_suitable
square_light,odlphz,too_large,0,0,0.0,max_dim=1.068,not_suitable,not_suitable,not_suitable,not_suitable,not_suitable,not_suitable
square_light,ojaviq,too_large,0,0,0.0,max_dim=0.767,not_suitable,not_suitable,not_suitable,not_suitable,not_suitable,not_suitable
square_light,qebtel,too_large,0,0,0.0,max_dim=0.600,not_suitable,not_suitable,not_suitable,not_suitable,not_suitable,not_suitable
square_light,tgtowc,too_large,0,0,0.0,max_dim=0.776,not_suitable,not_suitable,not_suitable,not_suitable,not_suitable,not_suitable
square_light,zljdtm,too_large,0,0,0.0,max_dim=0.600,not_suitable,not_suitable,not_suitable,not_suitable,not_suitable,not_suitable
squeegee,hgeqlw,graspable,200,5,32.4,max_dim=0.250,not_suitable,not_suitable,not_suitable,not_suitable,not_suitable,not_suitable
squeeze_bottle,cuvgtq,not_ready,0,0,0.0,max_dim=0.267,possible,not_suitable,possible,not_suitable,possible,not_suitable
squeeze_bottle,exfkfw,not_ready,0,0,0.0,max_dim=0.258,possible,not_suitable,possible,not_suitable,possible,not_suitable
squeeze_bottle,ikiwps,not_ready,0,0,0.0,max_dim=0.267,possible,not_suitable,possible,not_suitable,possible,not_suitable
squeeze_bottle,snyiat,not_ready,0,0,0.0,max_dim=0.267,possible,not_suitable,possible,not_suitable,possible,not_suitable
squeeze_bottle,uzmhdn,graspable,200,5,18.3,max_dim=0.258,possible,not_suitable,possible,not_suitable,possible,not_suitable
squid,advitb,graspable,200,5,10.6,max_dim=0.050,not_suitable,not_suitable,not_suitable,possible,not_suitable,not_suitable
squid,nlsbfd,graspable,200,5,10.6,max_dim=0.051,not_suitable,not_suitable,not_suitable,possible,not_suitable,not_suitable
squid,nolavg,graspable,200,5,11.1,max_dim=0.058,not_suitable,not_suitable,not_suitable,possible,not_suitable,not_suitable
stadium_stand,mtoaja,too_large,0,0,0.0,max_dim=8.184,not_suitable,not_suitable,not_suitable,not_suitable,not_suitable,not_suitable
stadium_stand,psxwbh,too_large,0,0,0.0,max_dim=8.623,not_suitable,not_suitable,not_suitable,not_suitable,not_suitable,not_suitable
stairs,tikozn,too_large,0,0,0.0,max_dim=3.966,not_suitable,not_suitable,not_suitable,not_suitable,not_suitable,not_suitable
stake,hnasfo,graspable,200,5,52.9,max_dim=0.219,not_suitable,not_suitable,not_suitable,not_suitable,not_suitable,not_suitable
stand,dbskvf,too_large,0,0,0.0,max_dim=7.539,not_suitable,not_suitable,not_suitable,not_suitable,not_suitable,not_suitable
stand,kwkcjq,too_large,0,0,0.0,max_dim=0.626,not_suitable,not_suitable,not_suitable,not_suitable,not_suitable,not_suitable
stand,maeowc,too_large,0,0,0.0,max_dim=0.616,not_suitable,not_suitable,not_suitable,not_suitable,not_suitable,not_suitable
stand,nkijqa,too_large,0,0,0.0,max_dim=0.826,not_suitable,not_suitable,not_suitable,not_suitable,not_suitable,not_suitable
stand,oyenza,too_large,0,0,0.0,max_dim=0.626,not_suitable,not_suitable,not_suitable,not_suitable,not_suitable,not_suitable
stand,vyrick,too_large,0,0,0.0,max_dim=0.894,not_suitable,not_suitable,not_suitable,not_suitable,not_suitable,not_suitable
stand,waxtja,too_large,0,0,0.0,max_dim=0.600,not_suitable,not_suitable,not_suitable,not_suitable,not_suitable,not_suitable
standing_loudspeaker,lgkhqt,graspable,200,5,116.9,max_dim=0.375,not_suitable,not_suitable,not_suitable,not_suitable,not_suitable,not_suitable
standing_loudspeaker,ogytka,no_grasp,200,0,85.9,max_dim=0.266,not_suitable,not_suitable,not_suitable,not_suitable,not_suitable,not_suitable
standing_loudspeaker,snbvop,no_grasp,200,0,102.2,max_dim=0.439,not_suitable,not_suitable,not_suitable,not_suitable,not_suitable,not_suitable
standing_loudspeaker,suzqfe,graspable,200,5,45.9,max_dim=0.439,not_suitable,not_suitable,not_suitable,not_suitable,not_suitable,not_suitable
standing_loudspeaker,wsghki,too_large,0,0,0.0,max_dim=0.850,not_suitable,not_suitable,not_suitable,not_suitable,not_suitable,not_suitable
standing_mirror,hnadel,too_large,0,0,0.0,max_dim=1.141,not_suitable,not_suitable,not_suitable,not_suitable,not_suitable,not_suitable
standing_mirror,wwkuuf,too_large,0,0,0.0,max_dim=1.490,not_suitable,not_suitable,not_suitable,not_suitable,not_suitable,not_suitable
standing_tv,bkyguk,too_large,0,0,0.0,max_dim=0.612,not_suitable,not_suitable,not_suitable,not_suitable,not_suitable,not_suitable
standing_tv,blyapt,too_large,0,0,0.0,max_dim=0.720,not_suitable,not_suitable,not_suitable,not_suitable,not_suitable,not_suitable
standing_tv,ghxsoy,too_large,0,0,0.0,max_dim=0.539,not_suitable,not_suitable,not_suitable,not_suitable,not_suitable,not_suitable
standing_tv,gjlztf,too_large,0,0,0.0,max_dim=0.990,not_suitable,not_suitable,not_suitable,not_suitable,not_suitable,not_suitable
standing_tv,jszpwr,too_large,0,0,0.0,max_dim=1.054,not_suitable,not_suitable,not_suitable,not_suitable,not_suitable,not_suitable
standing_tv,lkpsai,too_large,0,0,0.0,max_dim=0.718,not_suitable,not_suitable,not_suitable,not_suitable,not_suitable,not_suitable
standing_tv,sbxgwj,too_large,0,0,0.0,max_dim=1.158,not_suitable,not_suitable,not_suitable,not_suitable,not_suitable,not_suitable
standing_tv,udotid,too_large,0,0,0.0,max_dim=0.927,not_suitable,not_suitable,not_suitable,not_suitable,not_suitable,not_suitable
standing_tv,wbkvxr,too_large,0,0,0.0,max_dim=0.762,not_suitable,not_suitable,not_suitable,not_suitable,not_suitable,not_suitable
staple,ldvmsa,graspable,200,5,28.5,max_dim=0.013,not_suitable,not_suitable,not_suitable,not_suitable,not_suitable,not_suitable
stapler,kgnsas,graspable,200,5,13.9,max_dim=0.087,possible,not_suitable,not_suitable,not_suitable,perfect,not_suitable
stapler,wheosp,not_ready,0,0,0.0,max_dim=0.142,possible,not_suitable,not_suitable,not_suitable,perfect,not_suitable
star_anise,fwjuab,graspable,200,5,14.3,max_dim=0.028,not_suitable,not_suitable,not_suitable,possible,not_suitable,not_suitable
star_anise,nbawoz,graspable,200,5,11.9,max_dim=0.030,not_suitable,not_suitable,not_suitable,possible,not_suitable,not_suitable
star_anise,njpqwe,graspable,200,5,15.3,max_dim=0.024,not_suitable,not_suitable,not_suitable,possible,not_suitable,not_suitable
statue,bpqnof,not_ready,0,0,0.0,max_dim=0.071,possible,not_suitable,not_suitable,not_suitable,possible,not_suitable
statue,cfrsik,not_ready,0,0,0.0,max_dim=0.441,possible,not_suitable,not_suitable,not_suitable,possible,not_suitable
statue,cgzwut,not_ready,0,0,0.0,max_dim=0.260,possible,not_suitable,not_suitable,not_suitable,possible,not_suitable
statue,cxsvwj,graspable,200,5,43.7,max_dim=0.322,possible,not_suitable,not_suitable,not_suitable,possible,not_suitable
statue,eyepsu,not_ready,0,0,0.0,max_dim=0.162,possible,not_suitable,not_suitable,not_suitable,possible,not_suitable
statue,hhipck,not_ready,0,0,0.0,max_dim=0.261,possible,not_suitable,not_suitable,not_suitable,possible,not_suitable
statue,hlkcni,not_ready,0,0,0.0,max_dim=0.231,possible,not_suitable,not_suitable,not_suitable,possible,not_suitable
statue,ihagjy,graspable,200,5,21.8,max_dim=0.191,possible,not_suitable,not_suitable,not_suitable,possible,not_suitable
statue,iqaldl,too_large,0,0,0.0,max_dim=0.919,possible,not_suitable,not_suitable,not_suitable,possible,not_suitable
statue,krsfzi,not_ready,0,0,0.0,max_dim=0.258,possible,not_suitable,not_suitable,not_suitable,possible,not_suitable
statue,lcgvzq,not_ready,0,0,0.0,max_dim=0.255,possible,not_suitable,not_suitable,not_suitable,possible,not_suitable
statue,noykhv,graspable,200,5,41.5,max_dim=0.318,possible,not_suitable,not_suitable,not_suitable,possible,not_suitable
statue,oaxifo,not_ready,0,0,0.0,max_dim=0.300,possible,not_suitable,not_suitable,not_suitable,possible,not_suitable
statue,oxgpfk,graspable,200,5,32.1,max_dim=0.231,possible,not_suitable,not_suitable,not_suitable,possible,not_suitable
statue,ponfvo,graspable,200,5,16.4,max_dim=0.488,possible,not_suitable,not_suitable,not_suitable,possible,not_suitable
statue,qbfkek,graspable,200,5,48.1,max_dim=0.447,possible,not_suitable,not_suitable,not_suitable,possible,not_suitable
statue,rtegzq,not_ready,0,0,0.0,max_dim=0.392,possible,not_suitable,not_suitable,not_suitable,possible,not_suitable
statue,ssooxw,not_ready,0,0,0.0,max_dim=0.262,possible,not_suitable,not_suitable,not_suitable,possible,not_suitable
statue,tuldri,graspable,200,5,11.4,max_dim=0.070,possible,not_suitable,not_suitable,not_suitable,possible,not_suitable
statue,wqseas,too_large,0,0,0.0,max_dim=0.558,possible,not_suitable,not_suitable,not_suitable,possible,not_suitable
statue,wrtqik,graspable,200,5,98.8,max_dim=0.268,possible,not_suitable,not_suitable,not_suitable,possible,not_suitable
statue,xzdgim,not_ready,0,0,0.0,max_dim=0.248,possible,not_suitable,not_suitable,not_suitable,possible,not_suitable
steak,akoxpw,graspable,200,5,21.4,max_dim=0.259,not_suitable,not_suitable,not_suitable,perfect,not_suitable,not_suitable
steak,cuowqg,graspable,200,5,13.8,max_dim=0.316,not_suitable,not_suitable,not_suitable,perfect,not_suitable,not_suitable
steak,hnifkz,graspable,200,5,46.5,max_dim=0.441,not_suitable,not_suitable,not_suitable,perfect,not_suitable,not_suitable
steak,jtgckm,not_ready,0,0,0.0,max_dim=0.166,not_suitable,not_suitable,not_suitable,perfect,not_suitable,not_suitable
steak,lcebsq,graspable,200,5,11.5,max_dim=0.251,not_suitable,not_suitable,not_suitable,perfect,not_suitable,not_suitable
steak,ppykkp,graspable,200,5,12.1,max_dim=0.194,not_suitable,not_suitable,not_suitable,perfect,not_suitable,not_suitable
steak,ynyhnd,not_ready,0,0,0.0,max_dim=0.484,not_suitable,not_suitable,not_suitable,perfect,not_suitable,not_suitable
steamer_basket,lageli,graspable,200,5,13.7,max_dim=0.234,not_suitable,not_suitable,not_suitable,not_suitable,possible,perfect
steamer_basket,qpzbqp,graspable,200,5,14.2,max_dim=0.154,not_suitable,not_suitable,not_suitable,not_suitable,possible,perfect
steel_wool,egeolq,graspable,200,5,44.8,max_dim=0.311,not_suitable,not_suitable,not_suitable,not_suitable,not_suitable,not_suitable
sticker,njigvs,not_ready,0,0,0.0,max_dim=0.108,not_suitable,not_suitable,not_suitable,not_suitable,not_suitable,not_suitable
sticker,wshged,graspable,200,5,19.6,max_dim=0.108,not_suitable,not_suitable,not_suitable,not_suitable,not_suitable,not_suitable
sticky_note,tghqep,graspable,200,5,10.2,max_dim=0.055,not_suitable,not_suitable,not_suitable,not_suitable,possible,not_suitable
stockpot,azoiaq,not_ready,0,0,0.0,max_dim=0.294,not_suitable,not_suitable,perfect,not_suitable,possible,perfect
stockpot,dcleem,graspable,200,5,124.4,max_dim=0.412,not_suitable,not_suitable,perfect,not_suitable,possible,perfect
stockpot,fuzmdd,graspable,200,5,14.7,max_dim=0.278,not_suitable,not_suitable,perfect,not_suitable,possible,perfect
stockpot,grrcna,graspable,200,5,76.8,max_dim=0.400,not_suitable,not_suitable,perfect,not_suitable,possible,perfect
stockpot,gxiqbw,graspable,200,5,24.7,max_dim=0.373,not_suitable,not_suitable,perfect,not_suitable,possible,perfect
stockpot,lfnbhc,graspable,200,5,112.7,max_dim=0.452,not_suitable,not_suitable,perfect,not_suitable,possible,perfect
stockpot,oshwps,graspable,200,5,49.2,max_dim=0.447,not_suitable,not_suitable,perfect,not_suitable,possible,perfect
stockpot,yvhmex,graspable,200,5,32.9,max_dim=0.354,not_suitable,not_suitable,perfect,not_suitable,possible,perfect
stone_wall,shqfvd,too_large,0,0,0.0,max_dim=30.058,not_suitable,not_suitable,not_suitable,not_suitable,not_suitable,not_suitable
storage_box,aqdbdu,graspable,200,5,74.9,max_dim=0.204;manual_override,not_suitable,not_suitable,not_suitable,not_suitable,not_suitable,possible
storage_box,bwbpvg,graspable,200,5,18.5,max_dim=0.251;manual_override,not_suitable,not_suitable,not_suitable,not_suitable,not_suitable,possible
storage_box,eicujj,graspable,200,5,83.6,max_dim=0.311,not_suitable,not_suitable,not_suitable,not_suitable,not_suitable,not_suitable
storage_box,izcglf,no_grasp,0,0,0.7,max_dim=0.406,not_suitable,not_suitable,not_suitable,not_suitable,not_suitable,not_suitable
storage_organizer,hmygav,too_large,0,0,0.0,max_dim=0.952,not_suitable,not_suitable,not_suitable,not_suitable,not_suitable,not_suitable
stove,dusebh,too_large,0,0,0.0,max_dim=0.762,not_suitable,not_suitable,not_suitable,not_suitable,not_suitable,not_suitable
stove,dwhqap,too_large,0,0,0.0,max_dim=0.930,not_suitable,not_suitable,not_suitable,not_suitable,not_suitable,not_suitable
stove,igwqpj,too_large,0,0,0.0,max_dim=0.777,not_suitable,not_suitable,not_suitable,not_suitable,not_suitable,not_suitable
stove,kfhkqp,too_large,0,0,0.0,max_dim=0.992,not_suitable,not_suitable,not_suitable,not_suitable,not_suitable,not_suitable
stove,qbjiva,too_large,0,0,0.0,max_dim=0.764,not_suitable,not_suitable,not_suitable,not_suitable,not_suitable,not_suitable
stove,rgpphy,too_large,0,0,0.0,max_dim=0.930,not_suitable,not_suitable,not_suitable,not_suitable,not_suitable,not_suitable
stove,urgtyy,too_large,0,0,0.0,max_dim=1.982,not_suitable,not_suitable,not_suitable,not_suitable,not_suitable,not_suitable
stove,xspxzg,too_large,0,0,0.0,max_dim=1.274,not_suitable,not_suitable,not_suitable,not_suitable,not_suitable,not_suitable
stove,yhjzwg,too_large,0,0,0.0,max_dim=0.907,not_suitable,not_suitable,not_suitable,not_suitable,not_suitable,not_suitable
stove,ykretu,too_large,0,0,0.0,max_dim=1.026,not_suitable,not_suitable,not_suitable,not_suitable,not_suitable,not_suitable
straight_chair,amgwaw,too_large,0,0,0.0,max_dim=0.780,not_suitable,not_suitable,not_suitable,not_suitable,not_suitable,not_suitable
straight_chair,askrhs,too_large,0,0,0.0,max_dim=0.972,not_suitable,not_suitable,not_suitable,not_suitable,not_suitable,not_suitable
straight_chair,axmhdk,too_large,0,0,0.0,max_dim=0.780,not_suitable,not_suitable,not_suitable,not_suitable,not_suitable,not_suitable
straight_chair,dgqubu,too_large,0,0,0.0,max_dim=0.910,not_suitable,not_suitable,not_suitable,not_suitable,not_suitable,not_suitable
straight_chair,dmcixv,too_large,0,0,0.0,max_dim=0.780,not_suitable,not_suitable,not_suitable,not_suitable,not_suitable,not_suitable
straight_chair,dmdipc,too_large,0,0,0.0,max_dim=0.780,not_suitable,not_suitable,not_suitable,not_suitable,not_suitable,not_suitable
straight_chair,dxusxd,too_large,0,0,0.0,max_dim=0.942,not_suitable,not_suitable,not_suitable,not_suitable,not_suitable,not_suitable
straight_chair,dzrlfn,too_large,0,0,0.0,max_dim=0.776,not_suitable,not_suitable,not_suitable,not_suitable,not_suitable,not_suitable
straight_chair,enuago,too_large,0,0,0.0,max_dim=0.780,not_suitable,not_suitable,not_suitable,not_suitable,not_suitable,not_suitable
straight_chair,eospnr,too_large,0,0,0.0,max_dim=0.780,not_suitable,not_suitable,not_suitable,not_suitable,not_suitable,not_suitable
straight_chair,fffhmn,too_large,0,0,0.0,max_dim=0.780,not_suitable,not_suitable,not_suitable,not_suitable,not_suitable,not_suitable
straight_chair,fgoezn,too_large,0,0,0.0,max_dim=0.780,not_suitable,not_suitable,not_suitable,not_suitable,not_suitable,not_suitable
straight_chair,fmdswa,too_large,0,0,0.0,max_dim=0.749,not_suitable,not_suitable,not_suitable,not_suitable,not_suitable,not_suitable
straight_chair,gktknj,too_large,0,0,0.0,max_dim=0.615,not_suitable,not_suitable,not_suitable,not_suitable,not_suitable,not_suitable
straight_chair,gxzrim,too_large,0,0,0.0,max_dim=0.780,not_suitable,not_suitable,not_suitable,not_suitable,not_suitable,not_suitable
straight_chair,hetymd,too_large,0,0,0.0,max_dim=0.780,not_suitable,not_suitable,not_suitable,not_suitable,not_suitable,not_suitable
straight_chair,hgunnf,too_large,0,0,0.0,max_dim=0.824,not_suitable,not_suitable,not_suitable,not_suitable,not_suitable,not_suitable
straight_chair,hicyww,too_large,0,0,0.0,max_dim=0.941,not_suitable,not_suitable,not_suitable,not_suitable,not_suitable,not_suitable
straight_chair,htssho,too_large,0,0,0.0,max_dim=0.780,not_suitable,not_suitable,not_suitable,not_suitable,not_suitable,not_suitable
straight_chair,hwpixe,too_large,0,0,0.0,max_dim=0.780,not_suitable,not_suitable,not_suitable,not_suitable,not_suitable,not_suitable
straight_chair,hxuygm,too_large,0,0,0.0,max_dim=0.939,not_suitable,not_suitable,not_suitable,not_suitable,not_suitable,not_suitable
straight_chair,isirjh,too_large,0,0,0.0,max_dim=0.780,not_suitable,not_suitable,not_suitable,not_suitable,not_suitable,not_suitable
straight_chair,iugguz,too_large,0,0,0.0,max_dim=0.858,not_suitable,not_suitable,not_suitable,not_suitable,not_suitable,not_suitable
straight_chair,jdtdpa,too_large,0,0,0.0,max_dim=0.941,not_suitable,not_suitable,not_suitable,not_suitable,not_suitable,not_suitable
straight_chair,jgoolz,too_large,0,0,0.0,max_dim=0.845,not_suitable,not_suitable,not_suitable,not_suitable,not_suitable,not_suitable
straight_chair,kusubw,too_large,0,0,0.0,max_dim=0.831,not_suitable,not_suitable,not_suitable,not_suitable,not_suitable,not_suitable
straight_chair,kywbxv,too_large,0,0,0.0,max_dim=0.780,not_suitable,not_suitable,not_suitable,not_suitable,not_suitable,not_suitable
straight_chair,laxufh,too_large,0,0,0.0,max_dim=0.780,not_suitable,not_suitable,not_suitable,not_suitable,not_suitable,not_suitable
straight_chair,lfgxjk,too_large,0,0,0.0,max_dim=0.780,not_suitable,not_suitable,not_suitable,not_suitable,not_suitable,not_suitable
straight_chair,lxmgbs,too_large,0,0,0.0,max_dim=0.780,not_suitable,not_suitable,not_suitable,not_suitable,not_suitable,not_suitable
straight_chair,mdnhjm,too_large,0,0,0.0,max_dim=0.780,not_suitable,not_suitable,not_suitable,not_suitable,not_suitable,not_suitable
straight_chair,mgzcic,too_large,0,0,0.0,max_dim=0.678,not_suitable,not_suitable,not_suitable,not_suitable,not_suitable,not_suitable
straight_chair,myxhad,too_large,0,0,0.0,max_dim=0.780,not_suitable,not_suitable,not_suitable,not_suitable,not_suitable,not_suitable
straight_chair,nntxvr,too_large,0,0,0.0,max_dim=0.920,not_suitable,not_suitable,not_suitable,not_suitable,not_suitable,not_suitable
straight_chair,ocyvcb,too_large,0,0,0.0,max_dim=0.897,not_suitable,not_suitable,not_suitable,not_suitable,not_suitable,not_suitable
straight_chair,osvmes,too_large,0,0,0.0,max_dim=0.711,not_suitable,not_suitable,not_suitable,not_suitable,not_suitable,not_suitable
straight_chair,pmpwwi,too_large,0,0,0.0,max_dim=0.780,not_suitable,not_suitable,not_suitable,not_suitable,not_suitable,not_suitable
straight_chair,psoizi,too_large,0,0,0.0,max_dim=0.780,not_suitable,not_suitable,not_suitable,not_suitable,not_suitable,not_suitable
straight_chair,qkyfxr,too_large,0,0,0.0,max_dim=0.776,not_suitable,not_suitable,not_suitable,not_suitable,not_suitable,not_suitable
straight_chair,qnjtxe,too_large,0,0,0.0,max_dim=0.825,not_suitable,not_suitable,not_suitable,not_suitable,not_suitable,not_suitable
straight_chair,qwrqlh,too_large,0,0,0.0,max_dim=0.892,not_suitable,not_suitable,not_suitable,not_suitable,not_suitable,not_suitable
straight_chair,rihcpx,too_large,0,0,0.0,max_dim=0.807,not_suitable,not_suitable,not_suitable,not_suitable,not_suitable,not_suitable
straight_chair,rljebp,not_ready,0,0,0.0,max_dim=0.373,not_suitable,not_suitable,not_suitable,not_suitable,not_suitable,not_suitable
straight_chair,rosdkm,too_large,0,0,0.0,max_dim=0.780,not_suitable,not_suitable,not_suitable,not_suitable,not_suitable,not_suitable
straight_chair,tfdjag,too_large,0,0,0.0,max_dim=0.780,not_suitable,not_suitable,not_suitable,not_suitable,not_suitable,not_suitable
straight_chair,ukuwuu,too_large,0,0,0.0,max_dim=0.941,not_suitable,not_suitable,not_suitable,not_suitable,not_suitable,not_suitable
straight_chair,uofiqj,too_large,0,0,0.0,max_dim=0.824,not_suitable,not_suitable,not_suitable,not_suitable,not_suitable,not_suitable
straight_chair,vkgbbl,too_large,0,0,0.0,max_dim=0.780,not_suitable,not_suitable,not_suitable,not_suitable,not_suitable,not_suitable
straight_chair,xfhcep,too_large,0,0,0.0,max_dim=0.780,not_suitable,not_suitable,not_suitable,not_suitable,not_suitable,not_suitable
straight_chair,xtqgrr,too_large,0,0,0.0,max_dim=0.895,not_suitable,not_suitable,not_suitable,not_suitable,not_suitable,not_suitable
straight_chair,zdhnyg,too_large,0,0,0.0,max_dim=0.824,not_suitable,not_suitable,not_suitable,not_suitable,not_suitable,not_suitable
straight_chair,zhojwx,too_large,0,0,0.0,max_dim=0.780,not_suitable,not_suitable,not_suitable,not_suitable,not_suitable,not_suitable
straight_pin,lpxemb,graspable,200,3,96.8,max_dim=0.031,not_suitable,not_suitable,not_suitable,not_suitable,not_suitable,not_suitable
straight_pin,ohhsqc,not_ready,0,0,0.0,max_dim=0.015,not_suitable,not_suitable,not_suitable,not_suitable,not_suitable,not_suitable
straw,gewoqg,graspable,200,5,37.3,max_dim=0.187,not_suitable,not_suitable,not_suitable,not_suitable,not_suitable,not_suitable
straw,ovckrp,graspable,200,5,24.0,max_dim=0.203,not_suitable,not_suitable,not_suitable,not_suitable,not_suitable,not_suitable
straw,qcqvjt,graspable,200,5,13.1,max_dim=0.178,not_suitable,not_suitable,not_suitable,not_suitable,not_suitable,not_suitable
strawberry,ntxofi,graspable,200,5,10.1,max_dim=0.054,not_suitable,not_suitable,not_suitable,perfect,possible,not_suitable
strawberry,xcnzxh,not_ready,0,0,0.0,max_dim=0.037,not_suitable,not_suitable,not_suitable,perfect,possible,not_suitable
stroller,jtraqt,too_large,0,0,0.0,max_dim=0.930,not_suitable,not_suitable,not_suitable,not_suitable,not_suitable,not_suitable
structural_element,fhkiwo,too_large,0,0,0.0,max_dim=7.447,not_suitable,not_suitable,not_suitable,not_suitable,not_suitable,not_suitable
structural_element,hbnzdh,too_large,0,0,0.0,max_dim=4.405,not_suitable,not_suitable,not_suitable,not_suitable,not_suitable,not_suitable
structural_element,kebons,too_large,0,0,0.0,max_dim=4.619,not_suitable,not_suitable,not_suitable,not_suitable,not_suitable,not_suitable
structural_element,pzuwme,too_large,0,0,0.0,max_dim=6.790,not_suitable,not_suitable,not_suitable,not_suitable,not_suitable,not_suitable
sugar_cookie,cgkiti,graspable,200,5,11.2,max_dim=0.077,not_suitable,not_suitable,not_suitable,perfect,not_suitable,not_suitable
sugar_cookie,feirtr,not_ready,0,0,0.0,max_dim=0.075,not_suitable,not_suitable,not_suitable,perfect,not_suitable,not_suitable
sugar_cookie,hlyeaq,graspable,200,5,10.1,max_dim=0.077,not_suitable,not_suitable,not_suitable,perfect,not_suitable,not_suitable
sugar_cookie_dough,qewbbb,not_ready,0,0,0.0,max_dim=0.200,not_suitable,not_suitable,not_suitable,possible,not_suitable,not_suitable
sugar_cube,xqhxqy,graspable,200,5,9.6,max_dim=0.020,not_suitable,not_suitable,not_suitable,possible,possible,not_suitable
sugar_sack,xixblr,no_grasp,200,0,105.4,max_dim=0.367,not_suitable,not_suitable,not_suitable,not_suitable,not_suitable,not_suitable
sugar_syrup_bottle,kdlbbq,graspable,200,5,19.0,max_dim=0.258,possible,not_suitable,possible,not_suitable,possible,not_suitable
suitcase,fqsjey,too_large,0,0,0.0,max_dim=0.623,not_suitable,not_suitable,not_suitable,not_suitable,not_suitable,not_suitable
suitcase,njalke,too_large,0,0,0.0,max_dim=0.606,not_suitable,not_suitable,not_suitable,not_suitable,not_suitable,not_suitable
suitcase,oqiwhb,too_large,0,0,0.0,max_dim=0.606,not_suitable,not_suitable,not_suitable,not_suitable,not_suitable,not_suitable
suitcase,qthouj,too_large,0,0,0.0,max_dim=0.606,not_suitable,not_suitable,not_suitable,not_suitable,not_suitable,not_suitable
sunflower,dkajbh,graspable,200,5,38.9,max_dim=0.192,not_suitable,not_suitable,not_suitable,not_suitable,possible,not_suitable
sunflower,hvpodm,graspable,200,5,35.9,max_dim=0.199,not_suitable,not_suitable,not_suitable,not_suitable,possible,not_suitable
sunflower,itrbng,graspable,200,5,11.5,max_dim=0.129,not_suitable,not_suitable,not_suitable,not_suitable,possible,not_suitable
sunflower,jsgdlc,graspable,200,5,36.4,max_dim=0.195,not_suitable,not_suitable,not_suitable,not_suitable,possible,not_suitable
sunflower,mastuj,graspable,200,5,10.8,max_dim=0.143,not_suitable,not_suitable,not_suitable,not_suitable,possible,not_suitable
sunflower,mdpoct,graspable,200,5,24.7,max_dim=0.191,not_suitable,not_suitable,not_suitable,not_suitable,possible,not_suitable
sunflower,npxkrn,graspable,200,5,12.8,max_dim=0.116,not_suitable,not_suitable,not_suitable,not_suitable,possible,not_suitable
sunflower,oaglch,graspable,200,5,10.9,max_dim=0.116,not_suitable,not_suitable,not_suitable,not_suitable,possible,not_suitable
sunflower,ooefvj,graspable,200,5,13.7,max_dim=0.138,not_suitable,not_suitable,not_suitable,not_suitable,possible,not_suitable
sunflower,oqcslb,graspable,200,5,14.8,max_dim=0.105,not_suitable,not_suitable,not_suitable,not_suitable,possible,not_suitable
sunflower,pibfxd,graspable,200,5,18.9,max_dim=0.191,not_suitable,not_suitable,not_suitable,not_suitable,possible,not_suitable
sunflower,psrfmx,graspable,200,5,16.3,max_dim=0.138,not_suitable,not_suitable,not_suitable,not_suitable,possible,not_suitable
sunflower,rkwubf,graspable,200,5,28.3,max_dim=0.196,not_suitable,not_suitable,not_suitable,not_suitable,possible,not_suitable
sunflower,urpskm,graspable,200,5,28.0,max_dim=0.196,not_suitable,not_suitable,not_suitable,not_suitable,possible,not_suitable
sunflower,vkgdsl,graspable,200,5,29.3,max_dim=0.223,not_suitable,not_suitable,not_suitable,not_suitable,possible,not_suitable
sunflower,wpzsyk,graspable,200,5,9.8,max_dim=0.142,not_suitable,not_suitable,not_suitable,not_suitable,possible,not_suitable
sunflower,ysogni,graspable,200,5,42.5,max_dim=0.238,not_suitable,not_suitable,not_suitable,not_suitable,possible,not_suitable
sunflower,zdmbjt,graspable,200,5,37.6,max_dim=0.223,not_suitable,not_suitable,not_suitable,not_suitable,possible,not_suitable
sunflower_seed_bag,dhwlaw,graspable,200,5,41.4,max_dim=0.367,not_suitable,not_suitable,not_suitable,not_suitable,possible,not_suitable
sunglasses,gqawld,graspable,200,5,62.3,max_dim=0.141,not_suitable,not_suitable,not_suitable,not_suitable,possible,not_suitable
sunglasses,nxfifs,graspable,200,5,19.5,max_dim=0.095,not_suitable,not_suitable,not_suitable,not_suitable,possible,not_suitable
sunglasses,qiwncl,graspable,200,5,25.6,max_dim=0.128,not_suitable,not_suitable,not_suitable,not_suitable,possible,not_suitable
sunglasses,wdxiwf,not_ready,0,0,0.0,max_dim=0.107,not_suitable,not_suitable,not_suitable,not_suitable,possible,not_suitable
sushi,akpnxn,graspable,200,5,9.8,max_dim=0.036,not_suitable,not_suitable,not_suitable,perfect,possible,not_suitable
sweatshirt,nowqqh,too_large,0,0,0.0,max_dim=0.780,not_suitable,not_suitable,not_suitable,not_suitable,not_suitable,not_suitable
sweet_corn,dacgvr,graspable,200,5,36.0,max_dim=0.306,not_suitable,not_suitable,not_suitable,perfect,not_suitable,not_suitable
sweet_corn,eloalv,graspable,200,5,45.0,max_dim=0.272,not_suitable,not_suitable,not_suitable,perfect,not_suitable,not_suitable
sweet_corn,qtesku,graspable,200,5,49.3,max_dim=0.261,not_suitable,not_suitable,not_suitable,perfect,not_suitable,not_suitable
sweet_corn,srlqrg,graspable,200,5,55.8,max_dim=0.261,not_suitable,not_suitable,not_suitable,perfect,not_suitable,not_suitable
swimming_pool,kohria,too_large,0,0,0.0,max_dim=1.383,not_suitable,not_suitable,not_suitable,not_suitable,not_suitable,not_suitable
swimming_pool,qjhauf,too_large,0,0,0.0,max_dim=5.532,not_suitable,not_suitable,not_suitable,not_suitable,not_suitable,not_suitable
swimming_pool,vnvmkx,too_large,0,0,0.0,max_dim=21.432,not_suitable,not_suitable,not_suitable,not_suitable,not_suitable,not_suitable
swing,nppayh,too_large,0,0,0.0,max_dim=4.077,not_suitable,not_suitable,not_suitable,not_suitable,not_suitable,not_suitable
swing,ujsdou,too_large,0,0,0.0,max_dim=2.972,not_suitable,not_suitable,not_suitable,not_suitable,not_suitable,not_suitable
swing_set,yzhrgz,too_large,0,0,0.0,max_dim=3.432,not_suitable,not_suitable,not_suitable,not_suitable,not_suitable,not_suitable
swiss_cheese,hwxeto,graspable,200,5,53.5,max_dim=0.123,not_suitable,not_suitable,not_suitable,perfect,possible,not_suitable
swivel_chair,aepbmj,too_large,0,0,0.0,max_dim=0.892,not_suitable,not_suitable,not_suitable,not_suitable,not_suitable,not_suitable
swivel_chair,alvjtk,too_large,0,0,0.0,max_dim=0.969,not_suitable,not_suitable,not_suitable,not_suitable,not_suitable,not_suitable
swivel_chair,aqobyj,too_large,0,0,0.0,max_dim=1.004,not_suitable,not_suitable,not_suitable,not_suitable,not_suitable,not_suitable
swivel_chair,barmrv,too_large,0,0,0.0,max_dim=0.914,not_suitable,not_suitable,not_suitable,not_suitable,not_suitable,not_suitable
swivel_chair,bukrxm,too_large,0,0,0.0,max_dim=1.006,not_suitable,not_suitable,not_suitable,not_suitable,not_suitable,not_suitable
swivel_chair,bvqqps,too_large,0,0,0.0,max_dim=0.833,not_suitable,not_suitable,not_suitable,not_suitable,not_suitable,not_suitable
swivel_chair,danzuv,too_large,0,0,0.0,max_dim=1.048,not_suitable,not_suitable,not_suitable,not_suitable,not_suitable,not_suitable
swivel_chair,dmedmy,too_large,0,0,0.0,max_dim=0.943,not_suitable,not_suitable,not_suitable,not_suitable,not_suitable,not_suitable
swivel_chair,dqkces,too_large,0,0,0.0,max_dim=0.924,not_suitable,not_suitable,not_suitable,not_suitable,not_suitable,not_suitable
swivel_chair,dqllma,too_large,0,0,0.0,max_dim=1.048,not_suitable,not_suitable,not_suitable,not_suitable,not_suitable,not_suitable
swivel_chair,elwzdc,too_large,0,0,0.0,max_dim=0.826,not_suitable,not_suitable,not_suitable,not_suitable,not_suitable,not_suitable
swivel_chair,ffvxwn,too_large,0,0,0.0,max_dim=1.048,not_suitable,not_suitable,not_suitable,not_suitable,not_suitable,not_suitable
swivel_chair,fieiyo,too_large,0,0,0.0,max_dim=1.295,not_suitable,not_suitable,not_suitable,not_suitable,not_suitable,not_suitable
swivel_chair,fqbnuk,too_large,0,0,0.0,max_dim=1.048,not_suitable,not_suitable,not_suitable,not_suitable,not_suitable,not_suitable
swivel_chair,fvfaeu,too_large,0,0,0.0,max_dim=0.924,not_suitable,not_suitable,not_suitable,not_suitable,not_suitable,not_suitable
swivel_chair,gbknnw,too_large,0,0,0.0,max_dim=0.907,not_suitable,not_suitable,not_suitable,not_suitable,not_suitable,not_suitable
swivel_chair,gfixyb,too_large,0,0,0.0,max_dim=0.934,not_suitable,not_suitable,not_suitable,not_suitable,not_suitable,not_suitable
swivel_chair,iageoq,too_large,0,0,0.0,max_dim=0.937,not_suitable,not_suitable,not_suitable,not_suitable,not_suitable,not_suitable
swivel_chair,iiihwn,too_large,0,0,0.0,max_dim=0.997,not_suitable,not_suitable,not_suitable,not_suitable,not_suitable,not_suitable
swivel_chair,imhixv,too_large,0,0,0.0,max_dim=0.991,not_suitable,not_suitable,not_suitable,not_suitable,not_suitable,not_suitable
swivel_chair,irlmpz,too_large,0,0,0.0,max_dim=0.903,not_suitable,not_suitable,not_suitable,not_suitable,not_suitable,not_suitable
swivel_chair,iyruig,too_large,0,0,0.0,max_dim=1.039,not_suitable,not_suitable,not_suitable,not_suitable,not_suitable,not_suitable
swivel_chair,jhipgz,too_large,0,0,0.0,max_dim=0.988,not_suitable,not_suitable,not_suitable,not_suitable,not_suitable,not_suitable
swivel_chair,kjrrxi,too_large,0,0,0.0,max_dim=1.013,not_suitable,not_suitable,not_suitable,not_suitable,not_suitable,not_suitable
swivel_chair,lafeot,too_large,0,0,0.0,max_dim=0.799,not_suitable,not_suitable,not_suitable,not_suitable,not_suitable,not_suitable
swivel_chair,lhkkri,too_large,0,0,0.0,max_dim=1.090,not_suitable,not_suitable,not_suitable,not_suitable,not_suitable,not_suitable
swivel_chair,lizuow,too_large,0,0,0.0,max_dim=0.889,not_suitable,not_suitable,not_suitable,not_suitable,not_suitable,not_suitable
swivel_chair,llckbs,too_large,0,0,0.0,max_dim=0.980,not_suitable,not_suitable,not_suitable,not_suitable,not_suitable,not_suitable
swivel_chair,lmmjpk,too_large,0,0,0.0,max_dim=0.901,not_suitable,not_suitable,not_suitable,not_suitable,not_suitable,not_suitable
swivel_chair,lxupys,too_large,0,0,0.0,max_dim=1.048,not_suitable,not_suitable,not_suitable,not_suitable,not_suitable,not_suitable
swivel_chair,mhsjfu,too_large,0,0,0.0,max_dim=0.938,not_suitable,not_suitable,not_suitable,not_suitable,not_suitable,not_suitable
swivel_chair,moimne,too_large,0,0,0.0,max_dim=0.983,not_suitable,not_suitable,not_suitable,not_suitable,not_suitable,not_suitable
swivel_chair,mqxrim,too_large,0,0,0.0,max_dim=1.048,not_suitable,not_suitable,not_suitable,not_suitable,not_suitable,not_suitable
swivel_chair,mrjlps,too_large,0,0,0.0,max_dim=0.986,not_suitable,not_suitable,not_suitable,not_suitable,not_suitable,not_suitable
swivel_chair,njxooh,too_large,0,0,0.0,max_dim=0.885,not_suitable,not_suitable,not_suitable,not_suitable,not_suitable,not_suitable
swivel_chair,nqojos,too_large,0,0,0.0,max_dim=0.781,not_suitable,not_suitable,not_suitable,not_suitable,not_suitable,not_suitable
swivel_chair,odoklx,too_large,0,0,0.0,max_dim=0.975,not_suitable,not_suitable,not_suitable,not_suitable,not_suitable,not_suitable
swivel_chair,opkoam,too_large,0,0,0.0,max_dim=0.944,not_suitable,not_suitable,not_suitable,not_suitable,not_suitable,not_suitable
swivel_chair,pkpcew,too_large,0,0,0.0,max_dim=0.736,not_suitable,not_suitable,not_suitable,not_suitable,not_suitable,not_suitable
swivel_chair,qtqitn,too_large,0,0,0.0,max_dim=1.048,not_suitable,not_suitable,not_suitable,not_suitable,not_suitable,not_suitable
swivel_chair,ryznxk,too_large,0,0,0.0,max_dim=0.830,not_suitable,not_suitable,not_suitable,not_suitable,not_suitable,not_suitable
swivel_chair,sddcnh,too_large,0,0,0.0,max_dim=0.849,not_suitable,not_suitable,not_suitable,not_suitable,not_suitable,not_suitable
swivel_chair,spwzyt,too_large,0,0,0.0,max_dim=0.881,not_suitable,not_suitable,not_suitable,not_suitable,not_suitable,not_suitable
swivel_chair,srucpc,too_large,0,0,0.0,max_dim=0.841,not_suitable,not_suitable,not_suitable,not_suitable,not_suitable,not_suitable
swivel_chair,tbzfgf,too_large,0,0,0.0,max_dim=0.826,not_suitable,not_suitable,not_suitable,not_suitable,not_suitable,not_suitable
swivel_chair,uauzsu,too_large,0,0,0.0,max_dim=1.054,not_suitable,not_suitable,not_suitable,not_suitable,not_suitable,not_suitable
swivel_chair,ucawqa,too_large,0,0,0.0,max_dim=0.846,not_suitable,not_suitable,not_suitable,not_suitable,not_suitable,not_suitable
swivel_chair,vhlzdb,too_large,0,0,0.0,max_dim=1.048,not_suitable,not_suitable,not_suitable,not_suitable,not_suitable,not_suitable
swivel_chair,wcitvd,too_large,0,0,0.0,max_dim=1.040,not_suitable,not_suitable,not_suitable,not_suitable,not_suitable,not_suitable
swivel_chair,wksozf,too_large,0,0,0.0,max_dim=1.062,not_suitable,not_suitable,not_suitable,not_suitable,not_suitable,not_suitable
swivel_chair,xppcsn,too_large,0,0,0.0,max_dim=0.908,not_suitable,not_suitable,not_suitable,not_suitable,not_suitable,not_suitable
swivel_chair,xvpywp,too_large,0,0,0.0,max_dim=1.085,not_suitable,not_suitable,not_suitable,not_suitable,not_suitable,not_suitable
swivel_chair,yiphfr,too_large,0,0,0.0,max_dim=0.954,not_suitable,not_suitable,not_suitable,not_suitable,not_suitable,not_suitable
swivel_chair,ywqhzu,too_large,0,0,0.0,max_dim=1.048,not_suitable,not_suitable,not_suitable,not_suitable,not_suitable,not_suitable
swivel_chair,zcegqh,too_large,0,0,0.0,max_dim=1.048,not_suitable,not_suitable,not_suitable,not_suitable,not_suitable,not_suitable
swivel_chair,zswgck,too_large,0,0,0.0,max_dim=1.019,not_suitable,not_suitable,not_suitable,not_suitable,not_suitable,not_suitable
swivel_chair,zvwpfc,too_large,0,0,0.0,max_dim=1.085,not_suitable,not_suitable,not_suitable,not_suitable,not_suitable,not_suitable
syringe,gagwke,graspable,200,5,19.5,max_dim=0.118,not_suitable,not_suitable,not_suitable,not_suitable,possible,not_suitable
t_shirt,kvidcx,too_large,0,0,0.0,max_dim=0.847,not_suitable,not_suitable,not_suitable,not_suitable,not_suitable,not_suitable
table_knife,eebpap,graspable,200,5,94.9,max_dim=0.265,not_suitable,not_suitable,not_suitable,not_suitable,perfect,not_suitable
table_knife,jxdfyy,graspable,200,5,36.7,max_dim=0.242,not_suitable,not_suitable,not_suitable,not_suitable,perfect,not_suitable
table_knife,lrdmpf,graspable,200,5,58.0,max_dim=0.137,not_suitable,not_suitable,not_suitable,not_suitable,perfect,not_suitable
table_knife,nmkend,not_ready,0,0,0.0,max_dim=0.137,not_suitable,not_suitable,not_suitable,not_suitable,perfect,not_suitable
table_knife,nvwmkx,not_ready,0,0,0.0,max_dim=0.233,not_suitable,not_suitable,not_suitable,not_suitable,perfect,not_suitable
table_knife,oceyno,not_ready,0,0,0.0,max_dim=0.184,not_suitable,not_suitable,not_suitable,not_suitable,perfect,not_suitable
table_lamp,ajrzlq,too_large,0,0,0.0,max_dim=0.549,not_suitable,not_suitable,not_suitable,not_suitable,possible,not_suitable
table_lamp,awfehr,no_grasp,200,0,27.6,max_dim=0.245,not_suitable,not_suitable,not_suitable,not_suitable,possible,not_suitable
table_lamp,bbentu,too_large,0,0,0.0,max_dim=0.500,not_suitable,not_suitable,not_suitable,not_suitable,possible,not_suitable
table_lamp,bhdxug,no_grasp,200,0,2.1,max_dim=0.280,not_suitable,not_suitable,not_suitable,not_suitable,possible,not_suitable
table_lamp,dkfwyb,not_ready,0,0,0.0,max_dim=0.360,not_suitable,not_suitable,not_suitable,not_suitable,possible,not_suitable
table_lamp,ehjsdz,too_large,0,0,0.0,max_dim=0.732,not_suitable,not_suitable,not_suitable,not_suitable,possible,not_suitable
table_lamp,eosezn,no_grasp,200,0,1.7,max_dim=0.367,not_suitable,not_suitable,not_suitable,not_suitable,possible,not_suitable
table_lamp,erfbgw,not_ready,0,0,0.0,max_dim=0.470,not_suitable,not_suitable,not_suitable,not_suitable,possible,not_suitable
table_lamp,fhsorf,not_ready,0,0,0.0,max_dim=0.425,not_suitable,not_suitable,not_suitable,not_suitable,possible,not_suitable
table_lamp,gycqmt,too_large,0,0,0.0,max_dim=0.771,not_suitable,not_suitable,not_suitable,not_suitable,possible,not_suitable
table_lamp,htinka,not_ready,0,0,0.0,max_dim=0.360,not_suitable,not_suitable,not_suitable,not_suitable,possible,not_suitable
table_lamp,htmtsr,too_large,0,0,0.0,max_dim=0.711,not_suitable,not_suitable,not_suitable,not_suitable,possible,not_suitable
table_lamp,jiuwwn,not_ready,0,0,0.0,max_dim=0.360,not_suitable,not_suitable,not_suitable,not_suitable,possible,not_suitable
table_lamp,kwkqot,not_ready,0,0,0.0,max_dim=0.357,not_suitable,not_suitable,not_suitable,not_suitable,possible,not_suitable
table_lamp,lshxmu,not_ready,0,0,0.0,max_dim=0.470,not_suitable,not_suitable,not_suitable,not_suitable,possible,not_suitable
table_lamp,lyjkje,not_ready,0,0,0.0,max_dim=0.246,not_suitable,not_suitable,not_suitable,not_suitable,possible,not_suitable
table_lamp,midfvh,not_ready,0,0,0.0,max_dim=0.360,not_suitable,not_suitable,not_suitable,not_suitable,possible,not_suitable
table_lamp,ncgcgo,not_ready,0,0,0.0,max_dim=0.360,not_suitable,not_suitable,not_suitable,not_suitable,possible,not_suitable
table_lamp,pmekkr,not_ready,0,0,0.0,max_dim=0.280,not_suitable,not_suitable,not_suitable,not_suitable,possible,not_suitable
table_lamp,pxdhzm,no_grasp,200,0,2.3,max_dim=0.280,not_suitable,not_suitable,not_suitable,not_suitable,possible,not_suitable
table_lamp,qgdwbh,too_large,0,0,0.0,max_dim=0.551,not_suitable,not_suitable,not_suitable,not_suitable,possible,not_suitable
table_lamp,qsajsm,not_ready,0,0,0.0,max_dim=0.470,not_suitable,not_suitable,not_suitable,not_suitable,possible,not_suitable
table_lamp,tggobp,not_ready,0,0,0.0,max_dim=0.360,not_suitable,not_suitable,not_suitable,not_suitable,possible,not_suitable
table_lamp,tnbwvj,not_ready,0,0,0.0,max_dim=0.360,not_suitable,not_suitable,not_suitable,not_suitable,possible,not_suitable
table_lamp,utsqrs,not_ready,0,0,0.0,max_dim=0.355,not_suitable,not_suitable,not_suitable,not_suitable,possible,not_suitable
table_lamp,uupwiq,no_grasp,200,0,2.1,max_dim=0.388,not_suitable,not_suitable,not_suitable,not_suitable,possible,not_suitable
table_lamp,uzrovn,too_large,0,0,0.0,max_dim=0.584,not_suitable,not_suitable,not_suitable,not_suitable,possible,not_suitable
table_lamp,wbcgev,too_large,0,0,0.0,max_dim=0.519,not_suitable,not_suitable,not_suitable,not_suitable,possible,not_suitable
table_lamp,wdqvjl,no_grasp,200,0,2.1,max_dim=0.360,not_suitable,not_suitable,not_suitable,not_suitable,possible,not_suitable
table_lamp,wslomg,no_grasp,200,0,2.0,max_dim=0.295,not_suitable,not_suitable,not_suitable,not_suitable,possible,not_suitable
table_lamp,wvysoe,no_grasp,200,0,2.3,max_dim=0.329,not_suitable,not_suitable,not_suitable,not_suitable,possible,not_suitable
table_lamp,xbfgjc,no_grasp,200,0,2.0,max_dim=0.360,not_suitable,not_suitable,not_suitable,not_suitable,possible,not_suitable
table_lamp,ykhxso,too_large,0,0,0.0,max_dim=0.943,not_suitable,not_suitable,not_suitable,not_suitable,possible,not_suitable
table_lamp,zpqejt,not_ready,0,0,0.0,max_dim=0.280,not_suitable,not_suitable,not_suitable,not_suitable,possible,not_suitable
table_runner,mxxyva,too_large,0,0,0.0,max_dim=1.609,not_suitable,possible,not_suitable,not_suitable,not_suitable,not_suitable
table_runner,vyogzt,too_large,0,0,0.0,max_dim=2.530,not_suitable,possible,not_suitable,not_suitable,not_suitable,not_suitable
tablecloth,egtqpa,too_large,0,0,0.0,max_dim=3.114,not_suitable,possible,not_suitable,not_suitable,not_suitable,not_suitable
tablecloth,gwgbkq,too_large,0,0,0.0,max_dim=1.864,not_suitable,possible,not_suitable,not_suitable,not_suitable,not_suitable
tablecloth,sgmepr,too_large,0,0,0.0,max_dim=2.390,not_suitable,possible,not_suitable,not_suitable,not_suitable,not_suitable
tablecloth,shgmwu,too_large,0,0,0.0,max_dim=1.335,not_suitable,possible,not_suitable,not_suitable,not_suitable,not_suitable
tablefork,flexrc,no_grasp,200,0,1.5,max_dim=0.201,not_suitable,not_suitable,not_suitable,not_suitable,perfect,not_suitable
tablefork,hktwlm,no_grasp,200,0,1.5,max_dim=0.183,not_suitable,not_suitable,not_suitable,not_suitable,perfect,not_suitable
tablefork,osfjvs,not_ready,0,0,0.0,max_dim=0.213,not_suitable,not_suitable,not_suitable,not_suitable,perfect,not_suitable
tablefork,pqrtkc,no_grasp,200,0,1.5,max_dim=0.201,not_suitable,not_suitable,not_suitable,not_suitable,perfect,not_suitable
tablefork,ptqjqv,not_ready,0,0,0.0,max_dim=0.150,not_suitable,not_suitable,not_suitable,not_suitable,perfect,not_suitable
tablefork,uodzrq,no_grasp,200,0,1.5,max_dim=0.189,not_suitable,not_suitable,not_suitable,not_suitable,perfect,not_suitable
tablefork,yuihyg,no_grasp,200,0,1.5,max_dim=0.233,not_suitable,not_suitable,not_suitable,not_suitable,perfect,not_suitable
tablespoon,huudhe,not_ready,0,0,0.0,max_dim=0.130,not_suitable,not_suitable,not_suitable,not_suitable,possible,not_suitable
tablespoon,mwzxal,not_ready,0,0,0.0,max_dim=0.122,not_suitable,not_suitable,not_suitable,not_suitable,possible,not_suitable
tablespoon,oacqcl,not_ready,0,0,0.0,max_dim=0.240,not_suitable,not_suitable,not_suitable,not_suitable,possible,not_suitable
tablespoon,pltxjb,no_grasp,200,0,1.6,max_dim=0.158,not_suitable,not_suitable,not_suitable,not_suitable,possible,not_suitable
tablespoon,tqqwys,no_grasp,200,0,1.5,max_dim=0.177,not_suitable,not_suitable,not_suitable,not_suitable,possible,not_suitable
tablespoon,ubuhoz,no_grasp,200,0,1.7,max_dim=0.124,not_suitable,not_suitable,not_suitable,not_suitable,possible,not_suitable
tablespoon,yxxfdj,no_grasp,200,0,1.6,max_dim=0.165,not_suitable,not_suitable,not_suitable,not_suitable,possible,not_suitable
tablet,kywsta,no_grasp,200,0,2.0,max_dim=0.248,not_suitable,possible,not_suitable,not_suitable,possible,not_suitable
tabletop_sink,kqnonf,too_large,0,0,0.0,max_dim=0.531,not_suitable,not_suitable,not_suitable,not_suitable,not_suitable,not_suitable
tabletop_sink,qnequy,too_large,0,0,0.0,max_dim=0.503,not_suitable,not_suitable,not_suitable,not_suitable,not_suitable,not_suitable
tabletop_sink,vekaaf,too_large,0,0,0.0,max_dim=0.644,not_suitable,not_suitable,not_suitable,not_suitable,not_suitable,not_suitable
taboret,bciekv,graspable,200,5,49.1,max_dim=0.427,not_suitable,not_suitable,not_suitable,not_suitable,not_suitable,not_suitable
taboret,cgwxtq,too_large,0,0,0.0,max_dim=0.528,not_suitable,not_suitable,not_suitable,not_suitable,not_suitable,not_suitable
taboret,ehaclu,too_large,0,0,0.0,max_dim=0.794,not_suitable,not_suitable,not_suitable,not_suitable,not_suitable,not_suitable
taboret,hugvml,too_large,0,0,0.0,max_dim=0.579,not_suitable,not_suitable,not_suitable,not_suitable,not_suitable,not_suitable
taboret,ivtoxu,too_large,0,0,0.0,max_dim=0.624,not_suitable,not_suitable,not_suitable,not_suitable,not_suitable,not_suitable
taboret,stnoqf,too_large,0,0,0.0,max_dim=0.753,not_suitable,not_suitable,not_suitable,not_suitable,not_suitable,not_suitable
taboret,vzzmir,too_large,0,0,0.0,max_dim=0.549,not_suitable,not_suitable,not_suitable,not_suitable,not_suitable,not_suitable
taboret,wjrpwg,too_large,0,0,0.0,max_dim=0.577,not_suitable,not_suitable,not_suitable,not_suitable,not_suitable,not_suitable
taboret,ysrhuw,too_large,0,0,0.0,max_dim=0.737,not_suitable,not_suitable,not_suitable,not_suitable,not_suitable,not_suitable
taboret,zxoexh,not_ready,0,0,0.0,max_dim=0.498,not_suitable,not_suitable,not_suitable,not_suitable,not_suitable,not_suitable
tackle_box,inboqz,too_large,0,0,0.0,max_dim=0.596,not_suitable,not_suitable,not_suitable,not_suitable,possible,not_suitable
taco,werkla,graspable,200,5,22.0,max_dim=0.164,not_suitable,not_suitable,not_suitable,perfect,not_suitable,not_suitable
tag,bxailw,graspable,200,5,18.0,max_dim=0.152,not_suitable,not_suitable,not_suitable,not_suitable,not_suitable,not_suitable
tag,ohegnp,graspable,200,5,12.5,max_dim=0.142,not_suitable,not_suitable,not_suitable,not_suitable,not_suitable,not_suitable
tank,bsdexp,too_large,0,0,0.0,max_dim=0.655,not_suitable,not_suitable,not_suitable,not_suitable,not_suitable,not_suitable
tank_top,nobisg,too_large,0,0,0.0,max_dim=0.516,not_suitable,not_suitable,not_suitable,not_suitable,not_suitable,not_suitable
tarp,beaglk,too_large,0,0,0.0,max_dim=1.723,not_suitable,not_suitable,not_suitable,not_suitable,not_suitable,not_suitable
tarp,hijmda,too_large,0,0,0.0,max_dim=1.930,not_suitable,not_suitable,not_suitable,not_suitable,not_suitable,not_suitable
tarp,jpawpo,too_large,0,0,0.0,max_dim=1.958,not_suitable,not_suitable,not_suitable,not_suitable,not_suitable,not_suitable
tartlet,ewlvxw,not_ready,0,0,0.0,max_dim=0.093,not_suitable,not_suitable,not_suitable,perfect,not_suitable,not_suitable
tartlet,zvoeav,not_ready,0,0,0.0,max_dim=0.099,not_suitable,not_suitable,not_suitable,perfect,not_suitable,not_suitable
tassel,bgiewk,graspable,200,5,46.3,max_dim=0.284,not_suitable,not_suitable,not_suitable,not_suitable,not_suitable,not_suitable
tea_bag,kmvcrb,graspable,200,5,10.8,max_dim=0.051,not_suitable,not_suitable,not_suitable,not_suitable,possible,not_suitable
teacup,cpozxi,graspable,200,5,10.7,max_dim=0.106,perfect,not_suitable,perfect,not_suitable,perfect,perfect
teacup,kccqwj,not_ready,0,0,0.0,max_dim=0.096,perfect,not_suitable,perfect,not_suitable,perfect,perfect
teacup,oxfzfe,graspable,200,5,10.5,max_dim=0.130,perfect,not_suitable,perfect,not_suitable,perfect,perfect
teacup,tfzfam,graspable,200,5,10.7,max_dim=0.073,perfect,not_suitable,perfect,not_suitable,perfect,perfect
teacup,vckahe,graspable,200,5,11.4,max_dim=0.091,perfect,not_suitable,perfect,not_suitable,perfect,perfect
teacup,wopjex,graspable,200,5,11.0,max_dim=0.115,perfect,not_suitable,perfect,not_suitable,perfect,perfect
teacup,zdvgol,graspable,200,5,12.0,max_dim=0.075,perfect,not_suitable,perfect,not_suitable,perfect,perfect
teapot,foaehs,graspable,200,5,13.1,max_dim=0.264,possible,not_suitable,perfect,not_suitable,perfect,not_suitable
teapot,jlalfc,graspable,200,5,11.3,max_dim=0.290;manual_override,possible,not_suitable,perfect,not_suitable,perfect,possible
teapot,mvrhya,graspable,200,5,10.0,max_dim=0.235;manual_override,possible,not_suitable,perfect,not_suitable,perfect,possible
teaspoon,asapmn,not_ready,0,0,0.0,max_dim=0.181,not_suitable,not_suitable,not_suitable,not_suitable,possible,not_suitable
teaspoon,bjzgmj,graspable,200,5,42.4,max_dim=0.250,not_suitable,not_suitable,not_suitable,not_suitable,possible,not_suitable
teaspoon,eilfij,graspable,200,5,39.1,max_dim=0.187,not_suitable,not_suitable,not_suitable,not_suitable,possible,not_suitable
teaspoon,fgeimy,graspable,200,5,32.2,max_dim=0.132,not_suitable,not_suitable,not_suitable,not_suitable,possible,not_suitable
teaspoon,mgdfcz,graspable,200,5,28.3,max_dim=0.131,not_suitable,not_suitable,not_suitable,not_suitable,possible,not_suitable
teaspoon,nxddfp,graspable,200,5,34.3,max_dim=0.130,not_suitable,not_suitable,not_suitable,not_suitable,possible,not_suitable
teaspoon,piqabk,graspable,200,5,28.8,max_dim=0.147,not_suitable,not_suitable,not_suitable,not_suitable,possible,not_suitable
teaspoon,prbhag,graspable,200,5,21.1,max_dim=0.130,not_suitable,not_suitable,not_suitable,not_suitable,possible,not_suitable
teaspoon,qdepdj,graspable,200,5,19.4,max_dim=0.130,not_suitable,not_suitable,not_suitable,not_suitable,possible,not_suitable
teaspoon,rycter,not_ready,0,0,0.0,max_dim=0.119,not_suitable,not_suitable,not_suitable,not_suitable,possible,not_suitable
teaspoon,vgbcmo,graspable,200,5,36.6,max_dim=0.123,not_suitable,not_suitable,not_suitable,not_suitable,possible,not_suitable
teaspoon,wzsvzv,not_ready,0,0,0.0,max_dim=0.099,not_suitable,not_suitable,not_suitable,not_suitable,possible,not_suitable
teddy_bear,dgagea,graspable,200,5,10.6,max_dim=0.244,not_suitable,not_suitable,not_suitable,not_suitable,possible,not_suitable
teddy_bear,ecvxmu,graspable,200,5,10.3,max_dim=0.152,not_suitable,not_suitable,not_suitable,not_suitable,possible,not_suitable
teddy_bear,faxvha,graspable,200,5,76.5,max_dim=0.431,not_suitable,not_suitable,not_suitable,not_suitable,possible,not_suitable
teddy_bear,hqlobx,graspable,200,5,54.9,max_dim=0.468,not_suitable,not_suitable,not_suitable,not_suitable,possible,not_suitable
teddy_bear,mvwvlv,graspable,200,5,12.9,max_dim=0.274,not_suitable,not_suitable,not_suitable,not_suitable,possible,not_suitable
tenderloin,gbyqap,not_ready,0,0,0.0,max_dim=0.104,not_suitable,not_suitable,not_suitable,perfect,not_suitable,not_suitable
tennis_ball,rgekxe,graspable,200,5,11.9,max_dim=0.067,not_suitable,not_suitable,not_suitable,not_suitable,possible,not_suitable
tennis_racket,rmvafy,too_large,0,0,0.0,max_dim=0.819,not_suitable,not_suitable,not_suitable,not_suitable,not_suitable,not_suitable
tent,qwngit,too_large,0,0,0.0,max_dim=2.744,not_suitable,not_suitable,not_suitable,not_suitable,not_suitable,not_suitable
terrarium,eqxkys,too_large,0,0,0.0,max_dim=0.836,not_suitable,not_suitable,not_suitable,not_suitable,possible,not_suitable
terrarium,rxwfcx,too_large,0,0,0.0,max_dim=1.175,not_suitable,not_suitable,not_suitable,not_suitable,possible,not_suitable
terrarium,zjyscx,too_large,0,0,0.0,max_dim=0.842,not_suitable,not_suitable,not_suitable,not_suitable,possible,not_suitable
test_tube,apybok,graspable,200,5,12.3,max_dim=0.136,not_suitable,not_suitable,possible,not_suitable,possible,not_suitable
test_tube_clamp,zssaul,graspable,200,5,12.8,max_dim=0.274,not_suitable,not_suitable,not_suitable,not_suitable,possible,not_suitable
test_tube_holder,twrtcq,graspable,200,5,63.8,max_dim=0.192,not_suitable,not_suitable,not_suitable,not_suitable,possible,not_suitable
test_tube_rack,csvkvs,graspable,200,5,15.7,max_dim=0.207,not_suitable,not_suitable,not_suitable,not_suitable,possible,not_suitable
test_tube_rack,ertfpr,graspable,200,5,8.9,max_dim=0.261,not_suitable,not_suitable,not_suitable,not_suitable,possible,not_suitable
test_tube_rack,mgzyjy,too_large,0,0,0.0,max_dim=0.503,not_suitable,not_suitable,not_suitable,not_suitable,possible,not_suitable
textbook,nloqia,not_ready,0,0,0.0,max_dim=0.384,not_suitable,possible,not_suitable,not_suitable,possible,not_suitable
thermostat,jophec,graspable,200,5,23.1,max_dim=0.147,not_suitable,not_suitable,not_suitable,not_suitable,not_suitable,not_suitable
thumbtack,qfrphh,graspable,200,5,26.1,max_dim=0.010,not_suitable,not_suitable,not_suitable,not_suitable,not_suitable,not_suitable
thyme_shaker,kuuwti,graspable,200,5,9.3,max_dim=0.160,possible,not_suitable,not_suitable,not_suitable,perfect,not_suitable
ticket,ahknpi,graspable,200,5,17.3,max_dim=0.076,not_suitable,not_suitable,not_suitable,not_suitable,not_suitable,not_suitable
tights,miarwh,too_large,0,0,0.0,max_dim=0.928,not_suitable,not_suitable,not_suitable,not_suitable,not_suitable,not_suitable
tile,kuombe,graspable,200,5,32.1,max_dim=0.300,not_suitable,possible,not_suitable,not_suitable,not_suitable,not_suitable
tile,vowkci,not_ready,0,0,0.0,max_dim=0.185,not_suitable,possible,not_suitable,not_suitable,not_suitable,not_suitable
tinsel,ndmqqw,too_large,0,0,0.0,max_dim=0.700,not_suitable,not_suitable,not_suitable,not_suitable,not_suitable,not_suitable
tiramisu,inoudh,graspable,200,5,10.8,max_dim=0.096,not_suitable,not_suitable,not_suitable,perfect,possible,not_suitable
tiramisu,pjchip,graspable,200,5,9.0,max_dim=0.097,not_suitable,not_suitable,not_suitable,perfect,possible,not_suitable
tissue_dispenser,frdbld,graspable,200,5,11.0,max_dim=0.191,not_suitable,not_suitable,not_suitable,not_suitable,possible,not_suitable
tissue_dispenser,nflhrf,graspable,200,5,44.6,max_dim=0.235,not_suitable,not_suitable,not_suitable,not_suitable,possible,not_suitable
tissue_dispenser,rkljcx,graspable,200,5,30.4,max_dim=0.304,not_suitable,not_suitable,not_suitable,not_suitable,possible,not_suitable
tissue_dispenser,sqmqyj,graspable,200,5,21.3,max_dim=0.253,not_suitable,not_suitable,not_suitable,not_suitable,possible,not_suitable
tissue_dispenser,xffebs,graspable,200,3,98.0,max_dim=0.212,not_suitable,not_suitable,not_suitable,not_suitable,possible,not_suitable
tissue_dispenser,ypekre,graspable,200,5,12.3,max_dim=0.232,not_suitable,not_suitable,not_suitable,not_suitable,possible,not_suitable
toast,ygginu,not_ready,0,0,0.0,max_dim=0.156,not_suitable,not_suitable,not_suitable,perfect,possible,not_suitable
toaster,kjwqav,graspable,200,5,20.4,max_dim=0.284,not_suitable,not_suitable,not_suitable,not_suitable,possible,not_suitable
toaster_oven,ctrngh,not_ready,0,0,0.0,max_dim=0.488,not_suitable,not_suitable,not_suitable,not_suitable,possible,not_suitable
toasting_fork,aytnwm,graspable,200,5,81.5,max_dim=0.410,not_suitable,not_suitable,not_suitable,not_suitable,possible,not_suitable
toasting_fork,osrfkc,graspable,200,5,47.0,max_dim=0.225,not_suitable,not_suitable,not_suitable,not_suitable,possible,not_suitable
toasting_fork,vokznh,graspable,200,5,49.2,max_dim=0.450,not_suitable,not_suitable,not_suitable,not_suitable,possible,not_suitable
tobacco_pipe,pznufl,graspable,200,5,12.4,max_dim=0.144,not_suitable,not_suitable,not_suitable,not_suitable,possible,not_suitable
tofu,bklygk,graspable,200,5,11.2,max_dim=0.034,not_suitable,not_suitable,not_suitable,perfect,possible,not_suitable
tofu,tjgejo,graspable,200,5,10.6,max_dim=0.030,not_suitable,not_suitable,not_suitable,perfect,possible,not_suitable
tofu,uecgbv,graspable,200,5,11.2,max_dim=0.026,not_suitable,not_suitable,not_suitable,perfect,possible,not_suitable
toilet,aapttl,too_large,0,0,0.0,max_dim=0.581,not_suitable,not_suitable,not_suitable,not_suitable,not_suitable,not_suitable
toilet,chuack,too_large,0,0,0.0,max_dim=0.589,not_suitable,not_suitable,not_suitable,not_suitable,not_suitable,not_suitable
toilet,jkwccu,too_large,0,0,0.0,max_dim=0.581,not_suitable,not_suitable,not_suitable,not_suitable,not_suitable,not_suitable
toilet,kfmkbm,too_large,0,0,0.0,max_dim=0.598,not_suitable,not_suitable,not_suitable,not_suitable,not_suitable,not_suitable
toilet,mminnd,too_large,0,0,0.0,max_dim=0.929,not_suitable,not_suitable,not_suitable,not_suitable,not_suitable,not_suitable
toilet,mzocsn,too_large,0,0,0.0,max_dim=0.600,not_suitable,not_suitable,not_suitable,not_suitable,not_suitable,not_suitable
toilet,nqwekw,too_large,0,0,0.0,max_dim=0.581,not_suitable,not_suitable,not_suitable,not_suitable,not_suitable,not_suitable
toilet,obhimx,too_large,0,0,0.0,max_dim=0.734,not_suitable,not_suitable,not_suitable,not_suitable,not_suitable,not_suitable
toilet,prpnvd,too_large,0,0,0.0,max_dim=0.618,not_suitable,not_suitable,not_suitable,not_suitable,not_suitable,not_suitable
toilet,rqxqtd,too_large,0,0,0.0,max_dim=0.593,not_suitable,not_suitable,not_suitable,not_suitable,not_suitable,not_suitable
toilet,sjjweo,too_large,0,0,0.0,max_dim=0.586,not_suitable,not_suitable,not_suitable,not_suitable,not_suitable,not_suitable
toilet,udiezm,too_large,0,0,0.0,max_dim=0.818,not_suitable,not_suitable,not_suitable,not_suitable,not_suitable,not_suitable
toilet,uyisfw,too_large,0,0,0.0,max_dim=0.734,not_suitable,not_suitable,not_suitable,not_suitable,not_suitable,not_suitable
toilet,vcgvfe,too_large,0,0,0.0,max_dim=0.581,not_suitable,not_suitable,not_suitable,not_suitable,not_suitable,not_suitable
toilet,vdbmon,too_large,0,0,0.0,max_dim=0.581,not_suitable,not_suitable,not_suitable,not_suitable,not_suitable,not_suitable
toilet,vtqdev,too_large,0,0,0.0,max_dim=0.581,not_suitable,not_suitable,not_suitable,not_suitable,not_suitable,not_suitable
toilet,wkltpj,too_large,0,0,0.0,max_dim=0.600,not_suitable,not_suitable,not_suitable,not_suitable,not_suitable,not_suitable
toilet,wusctd,too_large,0,0,0.0,max_dim=0.604,not_suitable,not_suitable,not_suitable,not_suitable,not_suitable,not_suitable
toilet,yxbgey,too_large,0,0,0.0,max_dim=0.581,not_suitable,not_suitable,not_suitable,not_suitable,not_suitable,not_suitable
toilet_paper,jlifcx,graspable,200,5,14.8,max_dim=0.102,not_suitable,not_suitable,not_suitable,not_suitable,not_suitable,not_suitable
toilet_paper,phrpmu,graspable,200,5,9.5,max_dim=0.115,not_suitable,not_suitable,not_suitable,not_suitable,not_suitable,not_suitable
toilet_paper,qibjff,graspable,200,5,11.9,max_dim=0.119,not_suitable,not_suitable,not_suitable,not_suitable,not_suitable,not_suitable
toilet_paper,vbomsx,graspable,200,5,18.2,max_dim=0.102,not_suitable,not_suitable,not_suitable,not_suitable,not_suitable,not_suitable
toilet_paper_dispenser,anrnaw,graspable,200,1,102.2,max_dim=0.291,not_suitable,not_suitable,not_suitable,not_suitable,not_suitable,not_suitable
toilet_paper_dispenser,awuosg,graspable,200,5,20.3,max_dim=0.313,not_suitable,not_suitable,not_suitable,not_suitable,not_suitable,not_suitable
toilet_paper_dispenser,buljwa,graspable,200,5,14.4,max_dim=0.140,not_suitable,not_suitable,not_suitable,not_suitable,not_suitable,not_suitable
toilet_paper_dispenser,ligksj,too_large,0,0,0.0,max_dim=0.635,not_suitable,not_suitable,not_suitable,not_suitable,not_suitable,not_suitable
toilet_paper_dispenser,rlccfh,too_large,0,0,0.0,max_dim=0.635,not_suitable,not_suitable,not_suitable,not_suitable,not_suitable,not_suitable
toilet_paper_holder,rdfixx,graspable,200,5,20.2,max_dim=0.173,not_suitable,not_suitable,not_suitable,not_suitable,not_suitable,not_suitable
toilet_paper_holder,xkaybg,graspable,200,5,15.5,max_dim=0.138,not_suitable,not_suitable,not_suitable,not_suitable,not_suitable,not_suitable
toilet_soap_bottle,iyrrna,graspable,200,5,12.8,max_dim=0.276,not_suitable,not_suitable,possible,not_suitable,not_suitable,not_suitable
tomato_paste_can,krarex,graspable,200,5,14.3,max_dim=0.255,possible,not_suitable,possible,not_suitable,possible,not_suitable
tomato_sauce_jar,krfzqk,no_grasp,200,0,9.9,max_dim=0.204,possible,not_suitable,possible,not_suitable,perfect,possible
tongs,gbjqyn,no_grasp,200,0,1.6,max_dim=0.247,not_suitable,not_suitable,not_suitable,not_suitable,possible,not_suitable
tongs,igsklx,no_grasp,200,0,1.5,max_dim=0.247,not_suitable,not_suitable,not_suitable,not_suitable,possible,not_suitable
tongs,rcpjld,no_grasp,200,0,1.6,max_dim=0.130,not_suitable,not_suitable,not_suitable,not_suitable,possible,not_suitable
tongs,yljsbm,not_ready,0,0,0.0,max_dim=0.262,not_suitable,not_suitable,not_suitable,not_suitable,possible,not_suitable
toolbox,redmtl,too_large,0,0,0.0,max_dim=0.608,not_suitable,not_suitable,not_suitable,not_suitable,not_suitable,not_suitable
toothbrush,ifxlss,no_grasp,200,0,1.8,max_dim=0.170,not_suitable,not_suitable,not_suitable,not_suitable,not_suitable,not_suitable
toothbrush,nbgpwg,no_grasp,200,0,1.6,max_dim=0.108,not_suitable,not_suitable,not_suitable,not_suitable,not_suitable,not_suitable
toothbrush,qbkrzg,no_grasp,200,0,1.8,max_dim=0.144,not_suitable,not_suitable,not_suitable,not_suitable,not_suitable,not_suitable
toothbrush,vkrjps,no_grasp,200,0,1.7,max_dim=0.147,not_suitable,not_suitable,not_suitable,not_suitable,not_suitable,not_suitable
toothpick,deysav,no_grasp,200,0,1.4,max_dim=0.051,not_suitable,not_suitable,not_suitable,not_suitable,not_suitable,not_suitable
top_cabinet,dhguym,too_large,0,0,0.0,max_dim=0.565,not_suitable,not_suitable,not_suitable,not_suitable,not_suitable,not_suitable
top_cabinet,dmwxyl,too_large,0,0,0.0,max_dim=0.624,not_suitable,not_suitable,not_suitable,not_suitable,not_suitable,not_suitable
top_cabinet,eobsmt,too_large,0,0,0.0,max_dim=0.624,not_suitable,not_suitable,not_suitable,not_suitable,not_suitable,not_suitable
top_cabinet,fqhdne,too_large,0,0,0.0,max_dim=0.571,not_suitable,not_suitable,not_suitable,not_suitable,not_suitable,not_suitable
top_cabinet,fqitbw,too_large,0,0,0.0,max_dim=0.565,not_suitable,not_suitable,not_suitable,not_suitable,not_suitable,not_suitable
top_cabinet,jvdbxh,too_large,0,0,0.0,max_dim=0.565,not_suitable,not_suitable,not_suitable,not_suitable,not_suitable,not_suitable
top_cabinet,ldmnwh,too_large,0,0,0.0,max_dim=1.220,not_suitable,not_suitable,not_suitable,not_suitable,not_suitable,not_suitable
top_cabinet,lkxmne,too_large,0,0,0.0,max_dim=1.132,not_suitable,not_suitable,not_suitable,not_suitable,not_suitable,not_suitable
top_cabinet,lsyzkh,too_large,0,0,0.0,max_dim=0.566,not_suitable,not_suitable,not_suitable,not_suitable,not_suitable,not_suitable
top_cabinet,lxznit,too_large,0,0,0.0,max_dim=0.971,not_suitable,not_suitable,not_suitable,not_suitable,not_suitable,not_suitable
top_cabinet,nitufd,too_large,0,0,0.0,max_dim=1.130,not_suitable,not_suitable,not_suitable,not_suitable,not_suitable,not_suitable
top_cabinet,nkrgez,too_large,0,0,0.0,max_dim=1.211,not_suitable,not_suitable,not_suitable,not_suitable,not_suitable,not_suitable
top_cabinet,oztrra,too_large,0,0,0.0,max_dim=0.565,not_suitable,not_suitable,not_suitable,not_suitable,not_suitable,not_suitable
top_cabinet,qiausz,no_grasp,200,0,2.0,max_dim=0.406,not_suitable,not_suitable,not_suitable,not_suitable,not_suitable,not_suitable
top_cabinet,tactqn,too_large,0,0,0.0,max_dim=0.565,not_suitable,not_suitable,not_suitable,not_suitable,not_suitable,not_suitable
top_cabinet,twjqua,too_large,0,0,0.0,max_dim=0.565,not_suitable,not_suitable,not_suitable,not_suitable,not_suitable,not_suitable
top_cabinet,tynnnw,too_large,0,0,0.0,max_dim=1.204,not_suitable,not_suitable,not_suitable,not_suitable,not_suitable,not_suitable
top_cabinet,yegcau,too_large,0,0,0.0,max_dim=0.684,not_suitable,not_suitable,not_suitable,not_suitable,not_suitable,not_suitable
top_cabinet,zjtaus,too_large,0,0,0.0,max_dim=0.910,not_suitable,not_suitable,not_suitable,not_suitable,not_suitable,not_suitable
tortilla,vpokzi,no_grasp,200,0,1.5,max_dim=0.245,not_suitable,not_suitable,not_suitable,perfect,not_suitable,not_suitable
tortilla_chips,aiohfb,no_grasp,200,0,1.6,max_dim=0.074,not_suitable,not_suitable,not_suitable,possible,possible,not_suitable
tortilla_chips,dlkrgq,no_grasp,200,0,1.5,max_dim=0.093,not_suitable,not_suitable,not_suitable,possible,possible,not_suitable
tortilla_chips,herjym,no_grasp,200,0,1.5,max_dim=0.074,not_suitable,not_suitable,not_suitable,possible,possible,not_suitable
tortilla_chips,kdjrni,no_grasp,200,0,1.5,max_dim=0.119,not_suitable,not_suitable,not_suitable,possible,possible,not_suitable
tortilla_chips,mhbnsy,no_grasp,200,0,1.5,max_dim=0.084,not_suitable,not_suitable,not_suitable,possible,possible,not_suitable
tortilla_chips,yreyjs,no_grasp,200,0,1.5,max_dim=0.100,not_suitable,not_suitable,not_suitable,possible,possible,not_suitable
tote,bnkjle,graspable,200,1,143.4,max_dim=0.474,not_suitable,not_suitable,not_suitable,not_suitable,not_suitable,not_suitable
towel_rack,crivoa,graspable,200,5,48.6,max_dim=0.474,not_suitable,not_suitable,not_suitable,not_suitable,not_suitable,not_suitable
towel_rack,ibrplo,not_ready,0,0,0.0,max_dim=0.495,not_suitable,not_suitable,not_suitable,not_suitable,not_suitable,not_suitable
towel_rack,kqrmrh,graspable,200,5,52.6,max_dim=0.474,not_suitable,not_suitable,not_suitable,not_suitable,not_suitable,not_suitable
towel_rack,nhlijv,too_large,0,0,0.0,max_dim=0.792,not_suitable,not_suitable,not_suitable,not_suitable,not_suitable,not_suitable
towel_rack,pqhsry,graspable,200,5,39.9,max_dim=0.474,not_suitable,not_suitable,not_suitable,not_suitable,not_suitable,not_suitable
towel_rack,qedffr,too_large,0,0,0.0,max_dim=1.669,not_suitable,not_suitable,not_suitable,not_suitable,not_suitable,not_suitable
towel_rack,quznqx,graspable,200,5,42.2,max_dim=0.407,not_suitable,not_suitable,not_suitable,not_suitable,not_suitable,not_suitable
toy_box,aviadj,not_ready,0,0,0.0,max_dim=0.290,not_suitable,not_suitable,not_suitable,not_suitable,not_suitable,not_suitable
toy_box,kvithq,graspable,200,5,10.6,max_dim=0.126,not_suitable,not_suitable,not_suitable,not_suitable,not_suitable,not_suitable
toy_box,qgfbdj,too_large,0,0,0.0,max_dim=0.800,not_suitable,not_suitable,not_suitable,not_suitable,not_suitable,not_suitable
toy_box,uvhflb,graspable,200,5,10.2,max_dim=0.145,not_suitable,not_suitable,not_suitable,not_suitable,not_suitable,not_suitable
toy_car,dgnnin,too_large,0,0,0.0,max_dim=0.886,not_suitable,not_suitable,not_suitable,not_suitable,possible,not_suitable
toy_car,ksijjl,graspable,200,5,26.8,max_dim=0.448,not_suitable,not_suitable,not_suitable,not_suitable,possible,not_suitable
toy_car,kvjpue,too_large,0,0,0.0,max_dim=0.579,not_suitable,not_suitable,not_suitable,not_suitable,possible,not_suitable
toy_car,nhtywr,too_large,0,0,0.0,max_dim=0.560,not_suitable,not_suitable,not_suitable,not_suitable,possible,not_suitable
toy_dice,akguod,graspable,200,5,10.3,max_dim=0.041,not_suitable,not_suitable,not_suitable,not_suitable,possible,not_suitable
toy_dice,bjrxkj,graspable,200,5,9.9,max_dim=0.041,not_suitable,not_suitable,not_suitable,not_suitable,possible,not_suitable
toy_dice,cmqtch,graspable,200,5,10.3,max_dim=0.041,not_suitable,not_suitable,not_suitable,not_suitable,possible,not_suitable
toy_dice,dupdoy,graspable,200,5,10.4,max_dim=0.115,not_suitable,not_suitable,not_suitable,not_suitable,possible,not_suitable
toy_dice,eqwazv,graspable,200,5,10.8,max_dim=0.041,not_suitable,not_suitable,not_suitable,not_suitable,possible,not_suitable
toy_dice,gcevml,graspable,200,5,11.6,max_dim=0.042,not_suitable,not_suitable,not_suitable,not_suitable,possible,not_suitable
toy_dice,haqumx,graspable,200,5,9.6,max_dim=0.107,not_suitable,not_suitable,not_suitable,not_suitable,possible,not_suitable
toy_dice,hbkqqp,graspable,200,5,9.9,max_dim=0.041,not_suitable,not_suitable,not_suitable,not_suitable,possible,not_suitable
toy_dice,ievnsq,graspable,200,5,10.0,max_dim=0.041,not_suitable,not_suitable,not_suitable,not_suitable,possible,not_suitable
toy_dice,kmagva,graspable,200,5,10.1,max_dim=0.041,not_suitable,not_suitable,not_suitable,not_suitable,possible,not_suitable
toy_dice,krpdji,graspable,200,5,12.3,max_dim=0.041,not_suitable,not_suitable,not_suitable,not_suitable,possible,not_suitable
toy_dice,meyqyk,graspable,200,5,11.2,max_dim=0.106,not_suitable,not_suitable,not_suitable,not_suitable,possible,not_suitable
toy_dice,mqvaaa,graspable,200,5,9.8,max_dim=0.041,not_suitable,not_suitable,not_suitable,not_suitable,possible,not_suitable
toy_dice,nmhsvp,graspable,200,5,10.3,max_dim=0.041,not_suitable,not_suitable,not_suitable,not_suitable,possible,not_suitable
toy_dice,pzbapa,graspable,200,5,11.6,max_dim=0.114,not_suitable,not_suitable,not_suitable,not_suitable,possible,not_suitable
toy_dice,qtcfxi,graspable,200,5,11.4,max_dim=0.110,not_suitable,not_suitable,not_suitable,not_suitable,possible,not_suitable
toy_dice,rbzyrv,graspable,200,5,13.3,max_dim=0.041,not_suitable,not_suitable,not_suitable,not_suitable,possible,not_suitable
toy_dice,wyxlhc,graspable,200,5,11.7,max_dim=0.041,not_suitable,not_suitable,not_suitable,not_suitable,possible,not_suitable
toy_dice,xfqqhh,graspable,200,5,10.3,max_dim=0.041,not_suitable,not_suitable,not_suitable,not_suitable,possible,not_suitable
toy_dice,zublep,graspable,200,5,9.9,max_dim=0.106,not_suitable,not_suitable,not_suitable,not_suitable,possible,not_suitable
toy_figure,acymin,graspable,200,5,17.9,max_dim=0.151,possible,not_suitable,not_suitable,not_suitable,possible,not_suitable
toy_figure,aihmqy,graspable,200,5,11.2,max_dim=0.158,possible,not_suitable,not_suitable,not_suitable,possible,not_suitable
toy_figure,cobfpg,graspable,200,5,25.9,max_dim=0.149,possible,not_suitable,not_suitable,not_suitable,possible,not_suitable
toy_figure,cqeowc,graspable,200,5,16.7,max_dim=0.154,possible,not_suitable,not_suitable,not_suitable,possible,not_suitable
toy_figure,dgphap,graspable,200,5,17.0,max_dim=0.162,possible,not_suitable,not_suitable,not_suitable,possible,not_suitable
toy_figure,eulekw,graspable,200,5,32.7,max_dim=0.338,possible,not_suitable,not_suitable,not_suitable,possible,not_suitable
toy_figure,fekpjq,graspable,200,5,12.1,max_dim=0.114,possible,not_suitable,not_suitable,not_suitable,possible,not_suitable
toy_figure,fnueyn,graspable,200,5,12.6,max_dim=0.146,possible,not_suitable,not_suitable,not_suitable,possible,not_suitable
toy_figure,gdekzd,graspable,200,5,12.0,max_dim=0.150,possible,not_suitable,not_suitable,not_suitable,possible,not_suitable
toy_figure,gnofgv,graspable,200,5,15.3,max_dim=0.150,possible,not_suitable,not_suitable,not_suitable,possible,not_suitable
toy_figure,gqspnb,graspable,200,5,14.5,max_dim=0.150,possible,not_suitable,not_suitable,not_suitable,possible,not_suitable
toy_figure,grsmja,graspable,200,5,14.3,max_dim=0.271,possible,not_suitable,not_suitable,not_suitable,possible,not_suitable
toy_figure,gyrsew,graspable,200,5,20.9,max_dim=0.150,possible,not_suitable,not_suitable,not_suitable,possible,not_suitable
toy_figure,isdkwp,graspable,200,5,35.6,max_dim=0.267,possible,not_suitable,not_suitable,not_suitable,possible,not_suitable
toy_figure,issvzv,graspable,200,5,17.9,max_dim=0.149,possible,not_suitable,not_suitable,not_suitable,possible,not_suitable
toy_figure,jddrck,graspable,200,5,28.4,max_dim=0.150,possible,not_suitable,not_suitable,not_suitable,possible,not_suitable
toy_figure,jwjrza,graspable,200,5,36.8,max_dim=0.150,possible,not_suitable,not_suitable,not_suitable,possible,not_suitable
toy_figure,kitqln,graspable,200,5,25.5,max_dim=0.237,possible,not_suitable,not_suitable,not_suitable,possible,not_suitable
toy_figure,krmxjk,graspable,200,5,13.0,max_dim=0.150,possible,not_suitable,not_suitable,not_suitable,possible,not_suitable
toy_figure,lfxygp,graspable,200,5,11.7,max_dim=0.150,possible,not_suitable,not_suitable,not_suitable,possible,not_suitable
toy_figure,nncqfn,graspable,200,5,33.8,max_dim=0.150,possible,not_suitable,not_suitable,not_suitable,possible,not_suitable
toy_figure,orunry,graspable,200,5,17.3,max_dim=0.150,possible,not_suitable,not_suitable,not_suitable,possible,not_suitable
toy_figure,psfkaj,graspable,200,5,43.2,max_dim=0.167,possible,not_suitable,not_suitable,not_suitable,possible,not_suitable
toy_figure,rkqqay,graspable,200,5,71.6,max_dim=0.488,possible,not_suitable,not_suitable,not_suitable,possible,not_suitable
toy_figure,tjchdg,graspable,200,5,24.1,max_dim=0.151,possible,not_suitable,not_suitable,not_suitable,possible,not_suitable
toy_figure,tmbrrq,graspable,200,5,59.4,max_dim=0.423,possible,not_suitable,not_suitable,not_suitable,possible,not_suitable
toy_figure,txgpxx,graspable,200,5,11.2,max_dim=0.150,possible,not_suitable,not_suitable,not_suitable,possible,not_suitable
toy_figure,ukalmn,graspable,200,5,22.4,max_dim=0.302,possible,not_suitable,not_suitable,not_suitable,possible,not_suitable
toy_figure,usnnxe,graspable,200,5,31.9,max_dim=0.197,possible,not_suitable,not_suitable,not_suitable,possible,not_suitable
toy_figure,vansnq,too_large,0,0,0.0,max_dim=0.685,possible,not_suitable,not_suitable,not_suitable,possible,not_suitable
toy_figure,vcmcoi,graspable,200,5,10.9,max_dim=0.138,possible,not_suitable,not_suitable,not_suitable,possible,not_suitable
toy_figure,wvpqbf,graspable,200,5,12.7,max_dim=0.149,possible,not_suitable,not_suitable,not_suitable,possible,not_suitable
toy_figure,yxiksm,too_large,0,0,0.0,max_dim=0.521,possible,not_suitable,not_suitable,not_suitable,possible,not_suitable
toy_figure,zltgeo,graspable,200,5,14.5,max_dim=0.211,possible,not_suitable,not_suitable,not_suitable,possible,not_suitable
toy_figure,zuntus,graspable,200,5,18.7,max_dim=0.150,possible,not_suitable,not_suitable,not_suitable,possible,not_suitable
toy_train,zdfhbw,too_large,0,0,0.0,max_dim=0.553,not_suitable,not_suitable,not_suitable,not_suitable,possible,not_suitable
track_light,gypkjo,too_large,0,0,0.0,max_dim=5.671,not_suitable,not_suitable,not_suitable,not_suitable,not_suitable,not_suitable
track_light,ltnnrc,too_large,0,0,0.0,max_dim=1.965,not_suitable,not_suitable,not_suitable,not_suitable,not_suitable,not_suitable
trailer_truck,dnvcsu,too_large,0,0,0.0,max_dim=6.738,not_suitable,not_suitable,not_suitable,not_suitable,not_suitable,not_suitable
trampoline,utbouk,too_large,0,0,0.0,max_dim=2.192,not_suitable,not_suitable,not_suitable,not_suitable,not_suitable,not_suitable
trampoline_leg,qkerde,too_large,0,0,0.0,max_dim=0.820,not_suitable,not_suitable,not_suitable,not_suitable,not_suitable,not_suitable
trampoline_top,iemeer,too_large,0,0,0.0,max_dim=2.192,not_suitable,not_suitable,not_suitable,not_suitable,not_suitable,not_suitable
trash_can,cdzyew,no_grasp,200,0,11.7,max_dim=0.391,not_suitable,not_suitable,not_suitable,not_suitable,not_suitable,not_suitable
trash_can,cjmezk,no_grasp,0,0,1.3,max_dim=0.421,not_suitable,not_suitable,not_suitable,not_suitable,not_suitable,not_suitable
trash_can,djgllo,no_grasp,200,0,1.6,max_dim=0.397,not_suitable,not_suitable,not_suitable,not_suitable,not_suitable,not_suitable
trash_can,dnvpag,no_grasp,200,0,2.1,max_dim=0.358,not_suitable,not_suitable,not_suitable,not_suitable,not_suitable,not_suitable
trash_can,eahqyq,no_grasp,0,0,0.7,max_dim=0.486,not_suitable,not_suitable,not_suitable,not_suitable,not_suitable,not_suitable
trash_can,gilsji,no_grasp,200,0,1.7,max_dim=0.397,not_suitable,not_suitable,not_suitable,not_suitable,not_suitable,not_suitable
trash_can,gxajos,no_grasp,0,0,1.3,max_dim=0.396,not_suitable,not_suitable,not_suitable,not_suitable,not_suitable,not_suitable
trash_can,hqdnjz,no_grasp,200,0,1.9,max_dim=0.410,not_suitable,not_suitable,not_suitable,not_suitable,not_suitable,not_suitable
trash_can,ifzxzj,too_large,0,0,0.0,max_dim=0.795,not_suitable,not_suitable,not_suitable,not_suitable,not_suitable,not_suitable
trash_can,jlawet,no_grasp,200,0,2.1,max_dim=0.280,not_suitable,not_suitable,not_suitable,not_suitable,not_suitable,not_suitable
trash_can,rbqckd,too_large,0,0,0.0,max_dim=0.503,not_suitable,not_suitable,not_suitable,not_suitable,not_suitable,not_suitable
trash_can,uknjdm,no_grasp,0,0,1.3,max_dim=0.421,not_suitable,not_suitable,not_suitable,not_suitable,not_suitable,not_suitable
trash_can,vasiit,no_grasp,0,0,1.3,max_dim=0.421,not_suitable,not_suitable,not_suitable,not_suitable,not_suitable,not_suitable
trash_can,wklill,no_grasp,0,0,0.6,max_dim=0.440,not_suitable,not_suitable,not_suitable,not_suitable,not_suitable,not_suitable
trash_can,wkxtxh,graspable,200,5,51.3,max_dim=0.279,not_suitable,not_suitable,not_suitable,not_suitable,not_suitable,not_suitable
tray,avotsj,not_ready,0,0,0.0,max_dim=0.290,not_suitable,perfect,not_suitable,not_suitable,possible,not_suitable
tray,coqeme,graspable,200,5,11.1,max_dim=0.222,not_suitable,perfect,not_suitable,not_suitable,possible,not_suitable
tray,glwebh,graspable,200,5,23.4,max_dim=0.207,not_suitable,perfect,not_suitable,not_suitable,possible,not_suitable
tray,gsxbym,graspable,200,5,67.5,max_dim=0.437,not_suitable,perfect,not_suitable,not_suitable,possible,not_suitable
tray,hbjdlb,graspable,200,5,26.2,max_dim=0.390,not_suitable,perfect,not_suitable,not_suitable,possible,not_suitable
tray,hjxczh,graspable,200,5,35.2,max_dim=0.350,not_suitable,perfect,not_suitable,not_suitable,possible,not_suitable
tray,huwhjg,too_large,0,0,0.0,max_dim=0.685,not_suitable,perfect,not_suitable,not_suitable,possible,not_suitable
tray,hvlfig,graspable,200,4,92.4,max_dim=0.437,not_suitable,perfect,not_suitable,not_suitable,possible,not_suitable
tray,iaaiyi,not_ready,0,0,0.0,max_dim=0.300,not_suitable,perfect,not_suitable,not_suitable,possible,not_suitable
tray,incirm,graspable,200,5,62.7,max_dim=0.495,not_suitable,perfect,not_suitable,not_suitable,possible,not_suitable
tray,jpcflq,graspable,200,5,31.5,max_dim=0.302,not_suitable,perfect,not_suitable,not_suitable,possible,not_suitable
tray,mhhoga,graspable,200,4,100.6,max_dim=0.462,not_suitable,perfect,not_suitable,not_suitable,possible,not_suitable
tray,mkdcha,graspable,200,5,31.5,max_dim=0.436,not_suitable,perfect,not_suitable,not_suitable,possible,not_suitable
tray,spopfj,graspable,200,5,28.4,max_dim=0.325,not_suitable,perfect,not_suitable,not_suitable,possible,not_suitable
tray,thkphg,graspable,200,2,112.1,max_dim=0.405,not_suitable,perfect,not_suitable,not_suitable,possible,not_suitable
tray,tkgsho,not_ready,0,0,0.0,max_dim=0.272,not_suitable,perfect,not_suitable,not_suitable,possible,not_suitable
tray,txcjux,too_large,0,0,0.0,max_dim=0.612,not_suitable,perfect,not_suitable,not_suitable,possible,not_suitable
tray,uekqey,too_large,0,0,0.0,max_dim=0.565,not_suitable,perfect,not_suitable,not_suitable,possible,not_suitable
tray,vxbtax,graspable,200,5,95.7,max_dim=0.477,not_suitable,perfect,not_suitable,not_suitable,possible,not_suitable
tray,wbwmcs,graspable,200,5,19.8,max_dim=0.270,not_suitable,perfect,not_suitable,not_suitable,possible,not_suitable
tray,xzcnjq,graspable,200,5,20.8,max_dim=0.346,not_suitable,perfect,not_suitable,not_suitable,possible,not_suitable
tray,yqtlhy,too_large,0,0,0.0,max_dim=0.911,not_suitable,perfect,not_suitable,not_suitable,possible,not_suitable
tray,zcmnji,graspable,200,5,62.2,max_dim=0.330,not_suitable,perfect,not_suitable,not_suitable,possible,not_suitable
tray,zsddtq,graspable,200,5,29.3,max_dim=0.267,not_suitable,perfect,not_suitable,not_suitable,possible,not_suitable
treadmill,ackppx,too_large,0,0,0.0,max_dim=1.746,not_suitable,not_suitable,not_suitable,not_suitable,not_suitable,not_suitable
treadmill,ahwnhu,too_large,0,0,0.0,max_dim=1.485,not_suitable,not_suitable,not_suitable,not_suitable,not_suitable,not_suitable
treadmill,hhpgha,too_large,0,0,0.0,max_dim=2.102,not_suitable,not_suitable,not_suitable,not_suitable,not_suitable,not_suitable
tree,dyymaq,too_large,0,0,0.0,max_dim=8.565,not_suitable,not_suitable,not_suitable,not_suitable,not_suitable,not_suitable
tree,fggodd,too_large,0,0,0.0,max_dim=4.394,not_suitable,not_suitable,not_suitable,not_suitable,not_suitable,not_suitable
tree,flkzbo,too_large,0,0,0.0,max_dim=9.141,not_suitable,not_suitable,not_suitable,not_suitable,not_suitable,not_suitable
tree,gmzozb,too_large,0,0,0.0,max_dim=13.662,not_suitable,not_suitable,not_suitable,not_suitable,not_suitable,not_suitable
tree,hvdcql,too_large,0,0,0.0,max_dim=11.151,not_suitable,not_suitable,not_suitable,not_suitable,not_suitable,not_suitable
tree,rrhqpw,too_large,0,0,0.0,max_dim=13.324,not_suitable,not_suitable,not_suitable,not_suitable,not_suitable,not_suitable
tree,stbfpu,too_large,0,0,0.0,max_dim=12.016,not_suitable,not_suitable,not_suitable,not_suitable,not_suitable,not_suitable
tree,wtyipq,too_large,0,0,0.0,max_dim=9.137,not_suitable,not_suitable,not_suitable,not_suitable,not_suitable,not_suitable
trombone,pianqd,too_large,0,0,0.0,max_dim=1.268,not_suitable,not_suitable,not_suitable,not_suitable,not_suitable,not_suitable
trophy,afownt,too_large,0,0,0.0,max_dim=0.516,perfect,not_suitable,not_suitable,not_suitable,perfect,not_suitable
trophy,arbekb,not_ready,0,0,0.0,max_dim=0.439,perfect,not_suitable,not_suitable,not_suitable,perfect,not_suitable
trophy,ayuubt,not_ready,0,0,0.0,max_dim=0.237,perfect,not_suitable,not_suitable,not_suitable,perfect,not_suitable
trophy,bgpvtb,not_ready,0,0,0.0,max_dim=0.322,perfect,not_suitable,not_suitable,not_suitable,perfect,not_suitable
trophy,hlktkb,not_ready,0,0,0.0,max_dim=0.270,perfect,not_suitable,not_suitable,not_suitable,perfect,not_suitable
trophy,jchomn,not_ready,0,0,0.0,max_dim=0.399,perfect,not_suitable,not_suitable,not_suitable,perfect,not_suitable
trophy,jwagmm,not_ready,0,0,0.0,max_dim=0.400,perfect,not_suitable,not_suitable,not_suitable,perfect,not_suitable
trophy,ldbalq,not_ready,0,0,0.0,max_dim=0.499,perfect,not_suitable,not_suitable,not_suitable,perfect,not_suitable
trophy,myaxie,not_ready,0,0,0.0,max_dim=0.311,perfect,not_suitable,not_suitable,not_suitable,perfect,not_suitable
trophy,paaegg,not_ready,0,0,0.0,max_dim=0.431,perfect,not_suitable,not_suitable,not_suitable,perfect,not_suitable
trophy,rpprcc,too_large,0,0,0.0,max_dim=0.510,perfect,not_suitable,not_suitable,not_suitable,perfect,not_suitable
trophy,shnohg,too_large,0,0,0.0,max_dim=0.505,perfect,not_suitable,not_suitable,not_suitable,perfect,not_suitable
trophy,tjawkk,not_ready,0,0,0.0,max_dim=0.402,perfect,not_suitable,not_suitable,not_suitable,perfect,not_suitable
trophy,wraizn,not_ready,0,0,0.0,max_dim=0.400,perfect,not_suitable,not_suitable,not_suitable,perfect,not_suitable
trophy,xnjodq,not_ready,0,0,0.0,max_dim=0.344,perfect,not_suitable,not_suitable,not_suitable,perfect,not_suitable
trophy,zoolef,not_ready,0,0,0.0,max_dim=0.241,perfect,not_suitable,not_suitable,not_suitable,perfect,not_suitable
trout,kqpeke,graspable,200,5,39.2,max_dim=0.321,not_suitable,not_suitable,not_suitable,perfect,not_suitable,not_suitable
trout,qofuoa,graspable,200,5,55.0,max_dim=0.218,not_suitable,not_suitable,not_suitable,perfect,not_suitable,not_suitable
trowel,ematag,graspable,200,5,19.5,max_dim=0.279,not_suitable,not_suitable,not_suitable,not_suitable,possible,not_suitable
trumpet,bafgow,too_large,0,0,0.0,max_dim=0.911,not_suitable,not_suitable,not_suitable,not_suitable,not_suitable,not_suitable
tube_of_lotion,ixfuxm,graspable,200,5,61.1,max_dim=0.234,not_suitable,not_suitable,possible,not_suitable,possible,not_suitable
tube_of_toothpaste,vsclsj,graspable,200,5,47.5,max_dim=0.140,not_suitable,not_suitable,possible,not_suitable,possible,not_suitable
tulip,bnfgel,not_ready,0,0,0.0,max_dim=0.308,not_suitable,not_suitable,not_suitable,not_suitable,possible,not_suitable
tulip,fbaloe,not_ready,0,0,0.0,max_dim=0.312,not_suitable,not_suitable,not_suitable,not_suitable,possible,not_suitable
tulip,hohneq,not_ready,0,0,0.0,max_dim=0.308,not_suitable,not_suitable,not_suitable,not_suitable,possible,not_suitable
tuna,xkjged,too_large,0,0,0.0,max_dim=0.887,not_suitable,not_suitable,not_suitable,perfect,not_suitable,not_suitable
tupperware,mkstwr,graspable,200,5,11.3,max_dim=0.219,possible,not_suitable,possible,not_suitable,possible,perfect
turkey,ppaslw,not_ready,0,0,0.0,max_dim=0.333,not_suitable,not_suitable,not_suitable,perfect,not_suitable,not_suitable
turkey_leg,bqugmh,graspable,200,5,23.6,max_dim=0.156,not_suitable,not_suitable,not_suitable,perfect,not_suitable,not_suitable
turnstile,uzrfpq,too_large,0,0,0.0,max_dim=1.720,not_suitable,not_suitable,not_suitable,not_suitable,not_suitable,not_suitable
tweezers,jghpwr,graspable,200,5,11.1,max_dim=0.048,not_suitable,not_suitable,not_suitable,not_suitable,not_suitable,not_suitable
tweezers,ngwoat,graspable,200,5,15.3,max_dim=0.032,not_suitable,not_suitable,not_suitable,not_suitable,not_suitable,not_suitable
twine,fngeov,not_ready,0,0,0.0,max_dim=0.059,not_suitable,not_suitable,not_suitable,not_suitable,not_suitable,not_suitable
umbrella,cqfbku,too_large,0,0,0.0,max_dim=0.503,not_suitable,not_suitable,not_suitable,not_suitable,not_suitable,not_suitable
umbrella,frpfnc,too_large,0,0,0.0,max_dim=0.712,not_suitable,not_suitable,not_suitable,not_suitable,not_suitable,not_suitable
umbrella,hdfkbc,too_large,0,0,0.0,max_dim=0.939,not_suitable,not_suitable,not_suitable,not_suitable,not_suitable,not_suitable
umbrella,ziqzqo,too_large,0,0,0.0,max_dim=0.813,not_suitable,not_suitable,not_suitable,not_suitable,not_suitable,not_suitable
umbrella,zxnjwz,too_large,0,0,0.0,max_dim=1.027,not_suitable,not_suitable,not_suitable,not_suitable,not_suitable,not_suitable
umbrella_rack,lttkuq,too_large,0,0,0.0,max_dim=0.565,not_suitable,not_suitable,not_suitable,not_suitable,not_suitable,not_suitable
urinal,akmwjs,too_large,0,0,0.0,max_dim=1.037,not_suitable,not_suitable,not_suitable,not_suitable,not_suitable,not_suitable
urinal,btvdju,too_large,0,0,0.0,max_dim=0.898,not_suitable,not_suitable,not_suitable,not_suitable,not_suitable,not_suitable
urinal,lowprn,too_large,0,0,0.0,max_dim=0.502,not_suitable,not_suitable,not_suitable,not_suitable,not_suitable,not_suitable
urinal,pfzmpd,too_large,0,0,0.0,max_dim=0.514,not_suitable,not_suitable,not_suitable,not_suitable,not_suitable,not_suitable
utility_knife,kridpz,graspable,200,5,52.6,max_dim=0.258,not_suitable,not_suitable,not_suitable,not_suitable,possible,not_suitable
vacuum,amnmmq,too_large,0,0,0.0,max_dim=0.593,not_suitable,not_suitable,not_suitable,not_suitable,not_suitable,not_suitable
vacuum,bdmsbr,too_large,0,0,0.0,max_dim=1.015,not_suitable,not_suitable,not_suitable,not_suitable,not_suitable,not_suitable
vacuum,wikhik,too_large,0,0,0.0,max_dim=0.852,not_suitable,not_suitable,not_suitable,not_suitable,not_suitable,not_suitable
valentine_wreath,xpbsof,graspable,200,5,19.9,max_dim=0.241,not_suitable,not_suitable,not_suitable,not_suitable,not_suitable,not_suitable
vanilla_bottle,drevku,graspable,200,5,13.3,max_dim=0.258,possible,not_suitable,possible,not_suitable,possible,not_suitable
vanilla_flower,vynsdy,graspable,200,5,10.9,max_dim=0.065,not_suitable,not_suitable,not_suitable,not_suitable,not_suitable,not_suitable
vase,aegxpb,graspable,200,5,48.4,max_dim=0.269,perfect,not_suitable,perfect,not_suitable,perfect,possible
vase,atgnsc,graspable,200,5,12.4,max_dim=0.161,perfect,not_suitable,perfect,not_suitable,perfect,possible
vase,bbduix,not_ready,0,0,0.0,max_dim=0.166,perfect,not_suitable,perfect,not_suitable,perfect,possible
vase,bcirge,graspable,200,5,13.1,max_dim=0.166,perfect,not_suitable,perfect,not_suitable,perfect,possible
vase,bedkqu,graspable,200,5,10.7,max_dim=0.227,perfect,not_suitable,perfect,not_suitable,perfect,possible
vase,cvyops,graspable,200,5,53.6,max_dim=0.170,perfect,not_suitable,perfect,not_suitable,perfect,possible
vase,dfjcsi,not_ready,0,0,0.0,max_dim=0.207,perfect,not_suitable,perfect,not_suitable,perfect,possible
vase,dwspgo,not_ready,0,0,0.0,max_dim=0.250,perfect,not_suitable,perfect,not_suitable,perfect,possible
vase,eqhgiy,graspable,200,5,19.8,max_dim=0.225,perfect,not_suitable,perfect,not_suitable,perfect,possible
vase,euqzpy,not_ready,0,0,0.0,max_dim=0.237,perfect,not_suitable,perfect,not_suitable,perfect,possible
vase,gopbrh,graspable,200,5,21.9,max_dim=0.163,perfect,not_suitable,perfect,not_suitable,perfect,possible
vase,hkwtnf,graspable,200,5,12.3,max_dim=0.187,perfect,not_suitable,perfect,not_suitable,perfect,possible
vase,hliauj,graspable,200,5,83.5,max_dim=0.315,perfect,not_suitable,perfect,not_suitable,perfect,possible
vase,htyvuz,graspable,200,5,72.0,max_dim=0.193,perfect,not_suitable,perfect,not_suitable,perfect,possible
vase,icpews,graspable,200,5,23.8,max_dim=0.169,perfect,not_suitable,perfect,not_suitable,perfect,possible
vase,ipbgrw,graspable,200,5,42.8,max_dim=0.190,perfect,not_suitable,perfect,not_suitable,perfect,possible
vase,jdddsr,graspable,200,5,22.3,max_dim=0.214,perfect,not_suitable,perfect,not_suitable,perfect,possible
vase,jpwsrp,graspable,200,5,13.9,max_dim=0.195,perfect,not_suitable,perfect,not_suitable,perfect,possible
vase,kjeudr,graspable,200,5,13.6,max_dim=0.127,perfect,not_suitable,perfect,not_suitable,perfect,possible
vase,mawxva,too_large,0,0,0.0,max_dim=1.499,perfect,not_suitable,perfect,not_suitable,perfect,possible
vase,mdmwcs,graspable,200,5,14.3,max_dim=0.177,perfect,not_suitable,perfect,not_suitable,perfect,possible
vase,meetii,graspable,200,5,11.4,max_dim=0.301,perfect,not_suitable,perfect,not_suitable,perfect,possible
vase,nodcpg,graspable,200,5,12.1,max_dim=0.161,perfect,not_suitable,perfect,not_suitable,perfect,possible
vase,nuqzjs,too_large,0,0,0.0,max_dim=0.768,perfect,not_suitable,perfect,not_suitable,perfect,possible
vase,qebiei,graspable,200,5,11.8,max_dim=0.113,perfect,not_suitable,perfect,not_suitable,perfect,possible
vase,rfegnv,not_ready,0,0,0.0,max_dim=0.218,perfect,not_suitable,perfect,not_suitable,perfect,possible
vase,rfigof,not_ready,0,0,0.0,max_dim=0.229,perfect,not_suitable,perfect,not_suitable,perfect,possible
vase,rusmlm,graspable,200,5,13.3,max_dim=0.136,perfect,not_suitable,perfect,not_suitable,perfect,possible
vase,rwotxo,graspable,200,5,12.7,max_dim=0.175,perfect,not_suitable,perfect,not_suitable,perfect,possible
vase,saenda,graspable,200,5,39.8,max_dim=0.417,perfect,not_suitable,perfect,not_suitable,perfect,possible
vase,stqkvx,graspable,200,5,18.5,max_dim=0.208,perfect,not_suitable,perfect,not_suitable,perfect,possible
vase,tjrbxv,no_grasp,0,0,1.2,max_dim=0.473,perfect,not_suitable,perfect,not_suitable,perfect,possible
vase,toreid,not_ready,0,0,0.0,max_dim=0.280,perfect,not_suitable,perfect,not_suitable,perfect,possible
vase,twknia,too_large,0,0,0.0,max_dim=1.043,perfect,not_suitable,perfect,not_suitable,perfect,possible
vase,uuypot,too_large,0,0,0.0,max_dim=1.132,perfect,not_suitable,perfect,not_suitable,perfect,possible
vase,vmbzmm,not_ready,0,0,0.0,max_dim=0.184,perfect,not_suitable,perfect,not_suitable,perfect,possible
vase,wltgjn,graspable,200,5,11.7,max_dim=0.228,perfect,not_suitable,perfect,not_suitable,perfect,possible
vase,xfduug,graspable,200,5,11.9,max_dim=0.249,perfect,not_suitable,perfect,not_suitable,perfect,possible
vase,yfqgfd,graspable,200,5,30.8,max_dim=0.184,perfect,not_suitable,perfect,not_suitable,perfect,possible
vase,ysdoep,graspable,200,5,10.1,max_dim=0.252,perfect,not_suitable,perfect,not_suitable,perfect,possible
vase,zaziny,graspable,200,5,13.7,max_dim=0.194,perfect,not_suitable,perfect,not_suitable,perfect,possible
vase,zwekzu,graspable,200,5,13.6,max_dim=0.094,perfect,not_suitable,perfect,not_suitable,perfect,possible
veal,vlgemr,graspable,200,5,14.3,max_dim=0.254,not_suitable,not_suitable,not_suitable,perfect,not_suitable,not_suitable
vegetable_peeler,njgqao,graspable,200,5,31.5,max_dim=0.181,not_suitable,not_suitable,not_suitable,not_suitable,possible,not_suitable
vegetable_peeler,wqtpjz,graspable,200,5,17.2,max_dim=0.179,not_suitable,not_suitable,not_suitable,not_suitable,possible,not_suitable
vending_machine,ocnbil,too_large,0,0,0.0,max_dim=1.810,not_suitable,not_suitable,not_suitable,not_suitable,not_suitable,not_suitable
vending_machine,wogoig,too_large,0,0,0.0,max_dim=1.810,not_suitable,not_suitable,not_suitable,not_suitable,not_suitable,not_suitable
venison,dhhbvg,not_ready,0,0,0.0,max_dim=0.166,not_suitable,not_suitable,not_suitable,perfect,not_suitable,not_suitable
vest,girtqm,too_large,0,0,0.0,max_dim=0.584,not_suitable,not_suitable,not_suitable,not_suitable,not_suitable,not_suitable
vidalia_onion,buyxll,graspable,200,5,9.8,max_dim=0.100,not_suitable,not_suitable,not_suitable,perfect,possible,not_suitable
vidalia_onion,dejqhf,graspable,200,5,12.1,max_dim=0.082,not_suitable,not_suitable,not_suitable,perfect,possible,not_suitable
vidalia_onion,ldeuli,graspable,200,5,13.2,max_dim=0.100,not_suitable,not_suitable,not_suitable,perfect,possible,not_suitable
video_game,apjpos,graspable,200,5,13.5,max_dim=0.086,not_suitable,not_suitable,not_suitable,not_suitable,possible,not_suitable
video_game,ceaxsd,graspable,200,5,12.8,max_dim=0.087,not_suitable,not_suitable,not_suitable,not_suitable,possible,not_suitable
video_game,ckugyi,graspable,200,5,9.5,max_dim=0.066,not_suitable,not_suitable,not_suitable,not_suitable,possible,not_suitable
video_game,coiafo,graspable,200,5,11.7,max_dim=0.064,not_suitable,not_suitable,not_suitable,not_suitable,possible,not_suitable
video_game,lfdpse,graspable,200,5,9.7,max_dim=0.067,not_suitable,not_suitable,not_suitable,not_suitable,possible,not_suitable
video_game,ppnzqm,graspable,200,5,10.2,max_dim=0.069,not_suitable,not_suitable,not_suitable,not_suitable,possible,not_suitable
video_game,pujfzk,graspable,200,5,10.7,max_dim=0.069,not_suitable,not_suitable,not_suitable,not_suitable,possible,not_suitable
video_game,qsyyql,graspable,200,5,10.5,max_dim=0.042,not_suitable,not_suitable,not_suitable,not_suitable,possible,not_suitable
video_game,quzjuo,graspable,200,5,15.3,max_dim=0.065,not_suitable,not_suitable,not_suitable,not_suitable,possible,not_suitable
video_game,rzaxlj,graspable,200,5,10.2,max_dim=0.033,not_suitable,not_suitable,not_suitable,not_suitable,possible,not_suitable
video_game,veodkq,graspable,200,5,10.0,max_dim=0.024,not_suitable,not_suitable,not_suitable,not_suitable,possible,not_suitable
video_game,yyvkel,graspable,200,5,14.8,max_dim=0.085,not_suitable,not_suitable,not_suitable,not_suitable,possible,not_suitable
vine,bftzho,too_large,0,0,0.0,max_dim=1.544,not_suitable,not_suitable,not_suitable,not_suitable,not_suitable,not_suitable
vine,evmhsg,too_large,0,0,0.0,max_dim=1.529,not_suitable,not_suitable,not_suitable,not_suitable,not_suitable,not_suitable
vine,fotcaz,too_large,0,0,0.0,max_dim=1.750,not_suitable,not_suitable,not_suitable,not_suitable,not_suitable,not_suitable
vine,gccsfy,too_large,0,0,0.0,max_dim=1.287,not_suitable,not_suitable,not_suitable,not_suitable,not_suitable,not_suitable
vine,hchlkz,too_large,0,0,0.0,max_dim=1.412,not_suitable,not_suitable,not_suitable,not_suitable,not_suitable,not_suitable
vine,hdbgla,too_large,0,0,0.0,max_dim=1.509,not_suitable,not_suitable,not_suitable,not_suitable,not_suitable,not_suitable
vine,kcajqg,too_large,0,0,0.0,max_dim=1.562,not_suitable,not_suitable,not_suitable,not_suitable,not_suitable,not_suitable
vine,nuhdae,too_large,0,0,0.0,max_dim=1.265,not_suitable,not_suitable,not_suitable,not_suitable,not_suitable,not_suitable
vine,nxvleg,too_large,0,0,0.0,max_dim=1.549,not_suitable,not_suitable,not_suitable,not_suitable,not_suitable,not_suitable
vine,sfqnem,too_large,0,0,0.0,max_dim=1.509,not_suitable,not_suitable,not_suitable,not_suitable,not_suitable,not_suitable
vine,voaeps,too_large,0,0,0.0,max_dim=1.277,not_suitable,not_suitable,not_suitable,not_suitable,not_suitable,not_suitable
vine,xjcnky,too_large,0,0,0.0,max_dim=1.252,not_suitable,not_suitable,not_suitable,not_suitable,not_suitable,not_suitable
vine,xwzycj,too_large,0,0,0.0,max_dim=1.418,not_suitable,not_suitable,not_suitable,not_suitable,not_suitable,not_suitable
vine,xzdszm,too_large,0,0,0.0,max_dim=1.286,not_suitable,not_suitable,not_suitable,not_suitable,not_suitable,not_suitable
vinegar_atomizer,kwcahz,graspable,200,5,11.8,max_dim=0.255,possible,not_suitable,possible,not_suitable,possible,not_suitable
vinegar_bottle,hbsbwt,graspable,200,5,16.7,max_dim=0.208,possible,not_suitable,possible,not_suitable,possible,not_suitable
vinegar_bottle,ykysuc,not_ready,0,0,0.0,max_dim=0.276,possible,not_suitable,possible,not_suitable,possible,not_suitable
violin,rgwsac,too_large,0,0,0.0,max_dim=0.603,not_suitable,not_suitable,not_suitable,not_suitable,not_suitable,not_suitable
violin_case,jlasop,too_large,0,0,0.0,max_dim=0.651,not_suitable,not_suitable,not_suitable,not_suitable,not_suitable,not_suitable
virginia_ham,jqfkdb,graspable,200,1,98.6,max_dim=0.284,not_suitable,not_suitable,not_suitable,perfect,not_suitable,not_suitable
vodka_bottle,bojwlu,graspable,200,5,12.1,max_dim=0.277,possible,not_suitable,possible,not_suitable,possible,not_suitable
volleyball,nofzds,graspable,200,5,81.5,max_dim=0.236,not_suitable,not_suitable,not_suitable,not_suitable,not_suitable,not_suitable
volleyball_net,ykiiqr,too_large,0,0,0.0,max_dim=11.518,not_suitable,not_suitable,not_suitable,not_suitable,not_suitable,not_suitable
wading_pool,sbvksi,too_large,0,0,0.0,max_dim=3.024,not_suitable,not_suitable,not_suitable,not_suitable,not_suitable,not_suitable
wading_pool,xixlzr,too_large,0,0,0.0,max_dim=2.262,not_suitable,not_suitable,not_suitable,not_suitable,not_suitable,not_suitable
wafer,ramcrb,graspable,200,5,18.6,max_dim=0.199,not_suitable,not_suitable,not_suitable,perfect,not_suitable,not_suitable
wafer,yegxsp,graspable,200,5,32.9,max_dim=0.217,not_suitable,not_suitable,not_suitable,perfect,not_suitable,not_suitable
waffle,gjwper,graspable,200,5,25.7,max_dim=0.284,not_suitable,not_suitable,not_suitable,perfect,possible,not_suitable
waffle_maker,yjmnej,no_grasp,200,0,4.8,max_dim=0.268,not_suitable,not_suitable,not_suitable,not_suitable,not_suitable,not_suitable
walker,cmfdmv,no_grasp,200,0,7.3,max_dim=0.120,not_suitable,not_suitable,not_suitable,not_suitable,not_suitable,not_suitable
walker,dgewyj,no_grasp,200,0,11.4,max_dim=0.224,not_suitable,not_suitable,not_suitable,not_suitable,not_suitable,not_suitable
walker,dlwoej,no_grasp,200,0,13.0,max_dim=0.222,not_suitable,not_suitable,not_suitable,not_suitable,not_suitable,not_suitable
walker,fdklhj,no_grasp,200,0,14.8,max_dim=0.248,not_suitable,not_suitable,not_suitable,not_suitable,not_suitable,not_suitable
walker,glrsok,no_grasp,200,0,16.1,max_dim=0.120,not_suitable,not_suitable,not_suitable,not_suitable,not_suitable,not_suitable
walker,ndexvs,no_grasp,200,0,18.4,max_dim=0.265,not_suitable,not_suitable,not_suitable,not_suitable,not_suitable,not_suitable
walker,pmypfd,no_grasp,200,0,19.4,max_dim=0.239,not_suitable,not_suitable,not_suitable,not_suitable,not_suitable,not_suitable
walker,scbatq,no_grasp,200,0,21.0,max_dim=0.120,not_suitable,not_suitable,not_suitable,not_suitable,not_suitable,not_suitable
walker,txpihh,no_grasp,200,0,24.8,max_dim=0.120,not_suitable,not_suitable,not_suitable,not_suitable,not_suitable,not_suitable
walker,uewtgk,no_grasp,200,0,26.3,max_dim=0.239,not_suitable,not_suitable,not_suitable,not_suitable,not_suitable,not_suitable
walker,xnpimz,no_grasp,200,0,30.5,max_dim=0.249,not_suitable,not_suitable,not_suitable,not_suitable,not_suitable,not_suitable
walker,ykjauh,graspable,200,5,20.5,max_dim=0.120,not_suitable,not_suitable,not_suitable,not_suitable,not_suitable,not_suitable
wall_clock,fnwzqj,no_grasp,200,0,87.9,max_dim=0.300,not_suitable,not_suitable,not_suitable,not_suitable,not_suitable,not_suitable
wall_clock,fqvgny,too_large,0,0,0.0,max_dim=0.569,not_suitable,not_suitable,not_suitable,not_suitable,not_suitable,not_suitable
wall_clock,jerval,too_large,0,0,0.0,max_dim=0.564,not_suitable,not_suitable,not_suitable,not_suitable,not_suitable,not_suitable
wall_clock,oqmbtp,too_large,0,0,0.0,max_dim=0.619,not_suitable,not_suitable,not_suitable,not_suitable,not_suitable,not_suitable
wall_clock,przkmo,graspable,200,5,15.5,max_dim=0.308,not_suitable,not_suitable,not_suitable,not_suitable,not_suitable,not_suitable
wall_clock,vaoegv,not_ready,0,0,0.0,max_dim=0.335,not_suitable,not_suitable,not_suitable,not_suitable,not_suitable,not_suitable
wall_clock,xevvel,no_grasp,200,0,98.4,max_dim=0.308,not_suitable,not_suitable,not_suitable,not_suitable,not_suitable,not_suitable
wall_clock,zpctvp,too_large,0,0,0.0,max_dim=0.534,not_suitable,not_suitable,not_suitable,not_suitable,not_suitable,not_suitable
wall_mounted_light,bkaivt,too_large,0,0,0.0,max_dim=0.615,not_suitable,not_suitable,not_suitable,not_suitable,not_suitable,not_suitable
wall_mounted_light,bxsyxf,graspable,200,5,31.0,max_dim=0.215,not_suitable,not_suitable,not_suitable,not_suitable,not_suitable,not_suitable
wall_mounted_light,etqbld,too_large,0,0,0.0,max_dim=0.502,not_suitable,not_suitable,not_suitable,not_suitable,not_suitable,not_suitable
wall_mounted_light,jhpygl,too_large,0,0,0.0,max_dim=0.620,not_suitable,not_suitable,not_suitable,not_suitable,not_suitable,not_suitable
wall_mounted_light,kzpogm,too_large,0,0,0.0,max_dim=1.038,not_suitable,not_suitable,not_suitable,not_suitable,not_suitable,not_suitable
wall_mounted_light,mbhxbg,not_ready,0,0,0.0,max_dim=0.410,not_suitable,not_suitable,not_suitable,not_suitable,not_suitable,not_suitable
wall_mounted_light,pqomwb,too_large,0,0,0.0,max_dim=0.840,not_suitable,not_suitable,not_suitable,not_suitable,not_suitable,not_suitable
wall_mounted_light,trxlgu,graspable,200,5,15.8,max_dim=0.281,not_suitable,not_suitable,not_suitable,not_suitable,not_suitable,not_suitable
wall_mounted_light,urhftt,too_large,0,0,0.0,max_dim=0.615,not_suitable,not_suitable,not_suitable,not_suitable,not_suitable,not_suitable
wall_mounted_light,wcnxct,too_large,0,0,0.0,max_dim=0.558,not_suitable,not_suitable,not_suitable,not_suitable,not_suitable,not_suitable
wall_mounted_light,yylrlu,not_ready,0,0,0.0,max_dim=0.083,not_suitable,not_suitable,not_suitable,not_suitable,not_suitable,not_suitable
wall_mounted_loudspeaker,gsdmee,not_ready,0,0,0.0,max_dim=0.308,not_suitable,not_suitable,not_suitable,not_suitable,not_suitable,not_suitable
wall_mounted_loudspeaker,wxkuww,graspable,200,5,20.7,max_dim=0.308,not_suitable,not_suitable,not_suitable,not_suitable,not_suitable,not_suitable
wall_mounted_sink,buifoi,too_large,0,0,0.0,max_dim=1.181,not_suitable,not_suitable,not_suitable,not_suitable,not_suitable,not_suitable
wall_mounted_sink,jbborl,too_large,0,0,0.0,max_dim=2.567,not_suitable,not_suitable,not_suitable,not_suitable,not_suitable,not_suitable
wall_mounted_sink,vbquye,too_large,0,0,0.0,max_dim=0.851,not_suitable,not_suitable,not_suitable,not_suitable,not_suitable,not_suitable
wall_mounted_sink,wxoxxg,too_large,0,0,0.0,max_dim=1.286,not_suitable,not_suitable,not_suitable,not_suitable,not_suitable,not_suitable
wall_mounted_soap_dispenser,aofnyo,graspable,200,5,12.9,max_dim=0.194,not_suitable,not_suitable,not_suitable,not_suitable,not_suitable,not_suitable
wall_mounted_soap_dispenser,byjkkn,graspable,200,5,17.1,max_dim=0.372,not_suitable,not_suitable,not_suitable,not_suitable,not_suitable,not_suitable
wall_mounted_soap_dispenser,zvslvk,graspable,200,5,10.8,max_dim=0.194,not_suitable,not_suitable,not_suitable,not_suitable,not_suitable,not_suitable
wall_mounted_tv,aelksc,too_large,0,0,0.0,max_dim=0.695,not_suitable,not_suitable,not_suitable,not_suitable,not_suitable,not_suitable
wall_mounted_tv,aoqsbu,too_large,0,0,0.0,max_dim=1.470,not_suitable,not_suitable,not_suitable,not_suitable,not_suitable,not_suitable
wall_mounted_tv,bfehsl,too_large,0,0,0.0,max_dim=1.107,not_suitable,not_suitable,not_suitable,not_suitable,not_suitable,not_suitable
wall_mounted_tv,cwdngq,too_large,0,0,0.0,max_dim=1.312,not_suitable,not_suitable,not_suitable,not_suitable,not_suitable,not_suitable
wall_mounted_tv,dkpfys,too_large,0,0,0.0,max_dim=5.158,not_suitable,not_suitable,not_suitable,not_suitable,not_suitable,not_suitable
wall_mounted_tv,dxyfxf,too_large,0,0,0.0,max_dim=0.901,not_suitable,not_suitable,not_suitable,not_suitable,not_suitable,not_suitable
wall_mounted_tv,eqnopt,too_large,0,0,0.0,max_dim=1.059,not_suitable,not_suitable,not_suitable,not_suitable,not_suitable,not_suitable
wall_mounted_tv,gffrzl,too_large,0,0,0.0,max_dim=1.128,not_suitable,not_suitable,not_suitable,not_suitable,not_suitable,not_suitable
wall_mounted_tv,ggfznh,too_large,0,0,0.0,max_dim=0.559,not_suitable,not_suitable,not_suitable,not_suitable,not_suitable,not_suitable
wall_mounted_tv,hviblz,too_large,0,0,0.0,max_dim=0.942,not_suitable,not_suitable,not_suitable,not_suitable,not_suitable,not_suitable
wall_mounted_tv,leeqgt,too_large,0,0,0.0,max_dim=1.318,not_suitable,not_suitable,not_suitable,not_suitable,not_suitable,not_suitable
wall_mounted_tv,nmquap,too_large,0,0,0.0,max_dim=0.929,not_suitable,not_suitable,not_suitable,not_suitable,not_suitable,not_suitable
wall_mounted_tv,ovzajm,too_large,0,0,0.0,max_dim=1.318,not_suitable,not_suitable,not_suitable,not_suitable,not_suitable,not_suitable
wall_mounted_tv,pghmyr,too_large,0,0,0.0,max_dim=1.518,not_suitable,not_suitable,not_suitable,not_suitable,not_suitable,not_suitable
wall_mounted_tv,rifpjo,too_large,0,0,0.0,max_dim=1.666,not_suitable,not_suitable,not_suitable,not_suitable,not_suitable,not_suitable
wall_mounted_tv,sodbbr,too_large,0,0,0.0,max_dim=0.901,not_suitable,not_suitable,not_suitable,not_suitable,not_suitable,not_suitable
wall_mounted_tv,uvlqsl,too_large,0,0,0.0,max_dim=1.449,not_suitable,not_suitable,not_suitable,not_suitable,not_suitable,not_suitable
wall_mounted_tv,xldpbf,too_large,0,0,0.0,max_dim=2.675,not_suitable,not_suitable,not_suitable,not_suitable,not_suitable,not_suitable
wall_mounted_tv,ylvjhb,too_large,0,0,0.0,max_dim=0.925,not_suitable,not_suitable,not_suitable,not_suitable,not_suitable,not_suitable
wall_mounted_tv,zesqym,too_large,0,0,0.0,max_dim=1.641,not_suitable,not_suitable,not_suitable,not_suitable,not_suitable,not_suitable
wall_nail,wlnail,graspable,200,5,10.8,max_dim=0.012,not_suitable,not_suitable,not_suitable,not_suitable,not_suitable,not_suitable
wall_socket,hocerb,not_ready,0,0,0.0,max_dim=0.106,not_suitable,not_suitable,not_suitable,not_suitable,not_suitable,not_suitable
wall_socket,ilzahp,graspable,200,5,41.7,max_dim=0.219,not_suitable,not_suitable,not_suitable,not_suitable,not_suitable,not_suitable
wall_socket,neqiyu,graspable,200,5,10.3,max_dim=0.086,not_suitable,not_suitable,not_suitable,not_suitable,not_suitable,not_suitable
wall_socket,nujxel,graspable,200,5,15.5,max_dim=0.086,not_suitable,not_suitable,not_suitable,not_suitable,not_suitable,not_suitable
wall_socket,plssag,graspable,200,5,15.3,max_dim=0.086,not_suitable,not_suitable,not_suitable,not_suitable,not_suitable,not_suitable
wallet,lagjae,graspable,200,5,92.6,max_dim=0.129,not_suitable,not_suitable,not_suitable,not_suitable,possible,not_suitable
walnut,fbswir,graspable,200,5,10.2,max_dim=0.049,not_suitable,not_suitable,not_suitable,possible,not_suitable,not_suitable
walnut,nzqier,not_ready,0,0,0.0,max_dim=0.030,not_suitable,not_suitable,not_suitable,possible,not_suitable,not_suitable
walnut,rmwtdh,graspable,200,5,10.5,max_dim=0.030,not_suitable,not_suitable,not_suitable,possible,not_suitable,not_suitable
walnut_meat,orjven,graspable,200,5,13.2,max_dim=0.045,not_suitable,not_suitable,not_suitable,possible,not_suitable,not_suitable
wardrobe,brimns,too_large,0,0,0.0,max_dim=1.905,not_suitable,not_suitable,not_suitable,not_suitable,not_suitable,not_suitable
wardrobe,hibwic,too_large,0,0,0.0,max_dim=2.836,not_suitable,not_suitable,not_suitable,not_suitable,not_suitable,not_suitable
wardrobe,ktworp,too_large,0,0,0.0,max_dim=2.836,not_suitable,not_suitable,not_suitable,not_suitable,not_suitable,not_suitable
wardrobe,lrokhl,too_large,0,0,0.0,max_dim=2.836,not_suitable,not_suitable,not_suitable,not_suitable,not_suitable,not_suitable
wardrobe,pyuwgc,too_large,0,0,0.0,max_dim=4.481,not_suitable,not_suitable,not_suitable,not_suitable,not_suitable,not_suitable
wardrobe,sclnqc,too_large,0,0,0.0,max_dim=2.836,not_suitable,not_suitable,not_suitable,not_suitable,not_suitable,not_suitable
wardrobe,uzdupi,too_large,0,0,0.0,max_dim=2.013,not_suitable,not_suitable,not_suitable,not_suitable,not_suitable,not_suitable
washer,dobgmu,too_large,0,0,0.0,max_dim=0.851,not_suitable,not_suitable,not_suitable,not_suitable,not_suitable,not_suitable
washer,jgyzhv,too_large,0,0,0.0,max_dim=0.851,not_suitable,not_suitable,not_suitable,not_suitable,not_suitable,not_suitable
washer,mrgspe,too_large,0,0,0.0,max_dim=0.853,not_suitable,not_suitable,not_suitable,not_suitable,not_suitable,not_suitable
washer,omeuop,too_large,0,0,0.0,max_dim=0.843,not_suitable,not_suitable,not_suitable,not_suitable,not_suitable,not_suitable
washer,xusefg,too_large,0,0,0.0,max_dim=0.851,not_suitable,not_suitable,not_suitable,not_suitable,not_suitable,not_suitable
washer,ynwamu,too_large,0,0,0.0,max_dim=0.895,not_suitable,not_suitable,not_suitable,not_suitable,not_suitable,not_suitable
washer,zgzvcv,too_large,0,0,0.0,max_dim=0.852,not_suitable,not_suitable,not_suitable,not_suitable,not_suitable,not_suitable
washer,ziomqg,too_large,0,0,0.0,max_dim=0.943,not_suitable,not_suitable,not_suitable,not_suitable,not_suitable,not_suitable
watch,ghobzn,graspable,200,5,10.4,max_dim=0.049,not_suitable,not_suitable,not_suitable,not_suitable,possible,not_suitable
water_atomizer,lfarai,graspable,200,5,11.9,max_dim=0.259,possible,not_suitable,possible,not_suitable,possible,not_suitable
water_bottle,ackxiy,graspable,200,5,10.6,max_dim=0.243,possible,not_suitable,possible,not_suitable,possible,not_suitable
water_bottle,lzdzkk,not_ready,0,0,0.0,max_dim=0.255,possible,not_suitable,possible,not_suitable,possible,not_suitable
water_cooler,essxzr,too_large,0,0,0.0,max_dim=1.489,not_suitable,not_suitable,not_suitable,not_suitable,not_suitable,not_suitable
water_cooler,nqmdal,too_large,0,0,0.0,max_dim=0.550,not_suitable,not_suitable,not_suitable,not_suitable,not_suitable,not_suitable
water_dispenser,rwmotb,too_large,0,0,0.0,max_dim=0.603,not_suitable,not_suitable,not_suitable,not_suitable,not_suitable,not_suitable
water_filter,bloifm,graspable,200,5,15.5,max_dim=0.252,not_suitable,not_suitable,not_suitable,not_suitable,not_suitable,not_suitable
water_glass,bbpraa,not_ready,0,0,0.0,max_dim=0.135,perfect,not_suitable,perfect,not_suitable,perfect,perfect
water_glass,cdteyb,graspable,200,5,22.3,max_dim=0.186,perfect,not_suitable,perfect,not_suitable,perfect,perfect
water_glass,edfzlt,graspable,200,5,12.9,max_dim=0.119,perfect,not_suitable,perfect,not_suitable,perfect,perfect
water_glass,elwfms,graspable,200,5,12.0,max_dim=0.123,perfect,not_suitable,perfect,not_suitable,perfect,perfect
water_glass,evaida,graspable,200,5,11.6,max_dim=0.155,perfect,not_suitable,perfect,not_suitable,perfect,perfect
water_glass,ewgotr,graspable,200,5,10.8,max_dim=0.141,perfect,not_suitable,perfect,not_suitable,perfect,perfect
water_glass,ggpnlr,not_ready,0,0,0.0,max_dim=0.200,perfect,not_suitable,perfect,not_suitable,perfect,perfect
water_glass,gypzlg,graspable,200,5,15.1,max_dim=0.106,perfect,not_suitable,perfect,not_suitable,perfect,perfect
water_glass,igyuko,graspable,200,5,9.6,max_dim=0.148,perfect,not_suitable,perfect,not_suitable,perfect,perfect
water_glass,imsnkt,graspable,200,5,16.4,max_dim=0.095,perfect,not_suitable,perfect,not_suitable,perfect,perfect
water_glass,kttdbu,graspable,200,5,10.0,max_dim=0.163,perfect,not_suitable,perfect,not_suitable,perfect,perfect
water_glass,ktuvuo,graspable,200,5,12.0,max_dim=0.079,perfect,not_suitable,perfect,not_suitable,perfect,perfect
water_glass,kuiiai,graspable,200,5,21.1,max_dim=0.178,perfect,not_suitable,perfect,not_suitable,perfect,perfect
water_glass,lvqgvn,graspable,200,5,9.7,max_dim=0.146,perfect,not_suitable,perfect,not_suitable,perfect,perfect
water_glass,nfoydb,graspable,200,5,25.2,max_dim=0.130,perfect,not_suitable,perfect,not_suitable,perfect,perfect
water_glass,onbiqg,graspable,200,5,10.8,max_dim=0.088,perfect,not_suitable,perfect,not_suitable,perfect,perfect
water_glass,ptciim,graspable,200,5,13.3,max_dim=0.119,perfect,not_suitable,perfect,not_suitable,perfect,perfect
water_glass,slscza,graspable,200,5,11.6,max_dim=0.150,perfect,not_suitable,perfect,not_suitable,perfect,perfect
water_glass,szjfpb,graspable,200,5,15.0,max_dim=0.114,perfect,not_suitable,perfect,not_suitable,perfect,perfect
water_glass,uwtdng,graspable,200,5,9.5,max_dim=0.065,perfect,not_suitable,perfect,not_suitable,perfect,perfect
water_glass,vcwsbm,not_ready,0,0,0.0,max_dim=0.194,perfect,not_suitable,perfect,not_suitable,perfect,perfect
water_glass,wvztiw,graspable,200,5,13.3,max_dim=0.142,perfect,not_suitable,perfect,not_suitable,perfect,perfect
water_glass,ybhepe,graspable,200,5,9.6,max_dim=0.059,perfect,not_suitable,perfect,not_suitable,perfect,perfect
water_glass,zbridw,graspable,200,5,10.3,max_dim=0.100,perfect,not_suitable,perfect,not_suitable,perfect,perfect
watering_can,pewtns,too_large,0,0,0.0,max_dim=0.897,possible,not_suitable,perfect,not_suitable,possible,not_suitable
watermelon,fxhiqs,graspable,200,5,48.9,max_dim=0.195,not_suitable,not_suitable,not_suitable,perfect,not_suitable,not_suitable
watermelon,hqbjke,no_grasp,200,0,102.1,max_dim=0.383,not_suitable,not_suitable,not_suitable,perfect,not_suitable,not_suitable
watermelon,slucoe,too_large,0,0,0.0,max_dim=0.524,not_suitable,not_suitable,not_suitable,perfect,not_suitable,not_suitable
wax_paper,emhfwr,graspable,200,5,41.9,max_dim=0.295,not_suitable,perfect,not_suitable,not_suitable,possible,not_suitable
webcam,fabztm,graspable,200,5,11.4,max_dim=0.091,not_suitable,not_suitable,not_suitable,not_suitable,possible,not_suitable
weed,nbhoge,not_ready,0,0,0.0,max_dim=0.034,not_suitable,not_suitable,not_suitable,not_suitable,not_suitable,not_suitable
weight_bar,ftaesv,too_large,0,0,0.0,max_dim=1.648,not_suitable,not_suitable,not_suitable,not_suitable,not_suitable,not_suitable
wheelbarrow,msaevo,too_large,0,0,0.0,max_dim=1.578,not_suitable,not_suitable,not_suitable,not_suitable,not_suitable,not_suitable
whetstone,husgdv,graspable,200,4,107.2,max_dim=0.189,not_suitable,not_suitable,not_suitable,not_suitable,possible,not_suitable
whipped_cream_atomizer,bxouxf,graspable,200,5,13.2,max_dim=0.151,possible,not_suitable,possible,not_suitable,possible,not_suitable
whisk,atmhne,graspable,200,5,51.0,max_dim=0.334,not_suitable,not_suitable,not_suitable,not_suitable,possible,not_suitable
whisk,ovaccb,graspable,200,5,27.2,max_dim=0.294,not_suitable,not_suitable,not_suitable,not_suitable,possible,not_suitable
whisk,oxsztz,graspable,200,5,47.6,max_dim=0.334,not_suitable,not_suitable,not_suitable,not_suitable,possible,not_suitable
whisk,xglhcs,not_ready,0,0,0.0,max_dim=0.296,not_suitable,not_suitable,not_suitable,not_suitable,possible,not_suitable
whisk,xymjmp,graspable,200,5,71.7,max_dim=0.242,not_suitable,not_suitable,not_suitable,not_suitable,possible,not_suitable
whisk,zrvekf,graspable,200,5,72.9,max_dim=0.373,not_suitable,not_suitable,not_suitable,not_suitable,possible,not_suitable
whiskey_bottle,jpduev,graspable,200,5,13.0,max_dim=0.276,possible,not_suitable,possible,not_suitable,possible,not_suitable
whiskey_stone,hllvwu,not_ready,0,0,0.0,max_dim=0.055,not_suitable,not_suitable,not_suitable,not_suitable,possible,not_suitable
whistle,obngel,graspable,200,5,10.6,max_dim=0.056,not_suitable,not_suitable,not_suitable,not_suitable,not_suitable,not_suitable
white_chocolate,kddnhm,graspable,200,5,34.7,max_dim=0.167,not_suitable,not_suitable,not_suitable,perfect,possible,not_suitable
white_rice_sack,xiwkwz,graspable,200,5,41.6,max_dim=0.367,not_suitable,not_suitable,not_suitable,not_suitable,not_suitable,not_suitable
white_sauce_bottle,gtwngf,graspable,200,5,21.2,max_dim=0.258,possible,not_suitable,possible,not_suitable,possible,not_suitable
white_turnip,nnvlrd,graspable,200,5,10.3,max_dim=0.050,not_suitable,not_suitable,not_suitable,perfect,not_suitable,not_suitable
whiteboard,bqqmtc,too_large,0,0,0.0,max_dim=0.875,not_suitable,not_suitable,not_suitable,not_suitable,not_suitable,not_suitable
whiteboard,gvkgsi,too_large,0,0,0.0,max_dim=1.233,not_suitable,not_suitable,not_suitable,not_suitable,not_suitable,not_suitable
whiteboard,onhspt,too_large,0,0,0.0,max_dim=3.190,not_suitable,not_suitable,not_suitable,not_suitable,not_suitable,not_suitable
whitewall_tire,bjcowe,not_ready,0,0,0.0,max_dim=0.326,not_suitable,not_suitable,not_suitable,not_suitable,not_suitable,not_suitable
whole_fennel,afvajq,graspable,200,5,37.0,max_dim=0.126,not_suitable,not_suitable,not_suitable,perfect,not_suitable,not_suitable
wicker_basket,dgkhyn,graspable,200,3,111.5,max_dim=0.412,possible,not_suitable,possible,not_suitable,possible,perfect
wicker_basket,drxfmr,graspable,200,1,122.6,max_dim=0.431,possible,not_suitable,possible,not_suitable,possible,perfect
wicker_basket,jqfftz,no_grasp,200,0,113.5,max_dim=0.309,possible,not_suitable,possible,not_suitable,possible,perfect
wicker_basket,tsjvyu,graspable,200,5,110.3,max_dim=0.432,possible,not_suitable,possible,not_suitable,possible,perfect
wicker_basket,unasxd,graspable,200,4,101.3,max_dim=0.412,possible,not_suitable,possible,not_suitable,possible,perfect
wind_chime,tghelo,too_large,0,0,0.0,max_dim=0.512,not_suitable,not_suitable,not_suitable,not_suitable,not_suitable,not_suitable
window_blind,dqxstn,too_large,0,0,0.0,max_dim=1.381,not_suitable,not_suitable,not_suitable,not_suitable,not_suitable,not_suitable
window_blind,ewdlor,too_large,0,0,0.0,max_dim=2.329,not_suitable,not_suitable,not_suitable,not_suitable,not_suitable,not_suitable
window_blind,hnyscn,too_large,0,0,0.0,max_dim=1.344,not_suitable,not_suitable,not_suitable,not_suitable,not_suitable,not_suitable
window_blind,lcollf,too_large,0,0,0.0,max_dim=2.735,not_suitable,not_suitable,not_suitable,not_suitable,not_suitable,not_suitable
window_blind,mmaana,too_large,0,0,0.0,max_dim=1.645,not_suitable,not_suitable,not_suitable,not_suitable,not_suitable,not_suitable
window_blind,qnasqy,too_large,0,0,0.0,max_dim=4.374,not_suitable,not_suitable,not_suitable,not_suitable,not_suitable,not_suitable
window_blind,rdacud,too_large,0,0,0.0,max_dim=2.027,not_suitable,not_suitable,not_suitable,not_suitable,not_suitable,not_suitable
window_blind,rfdlor,too_large,0,0,0.0,max_dim=2.329,not_suitable,not_suitable,not_suitable,not_suitable,not_suitable,not_suitable
window_blind,rfijuh,too_large,0,0,0.0,max_dim=2.878,not_suitable,not_suitable,not_suitable,not_suitable,not_suitable,not_suitable
windshield,akoadf,too_large,0,0,0.0,max_dim=1.071,not_suitable,not_suitable,not_suitable,not_suitable,not_suitable,not_suitable
windshield,mdfijk,too_large,0,0,0.0,max_dim=0.733,not_suitable,not_suitable,not_suitable,not_suitable,not_suitable,not_suitable
wine_bottle,hlzfxw,not_ready,0,0,0.0,max_dim=0.252,possible,not_suitable,possible,not_suitable,possible,not_suitable
wine_bottle,inkqch,graspable,200,5,23.5,max_dim=0.220,possible,not_suitable,possible,not_suitable,possible,not_suitable
wine_bottle,vjdkci,not_ready,0,0,0.0,max_dim=0.248,possible,not_suitable,possible,not_suitable,possible,not_suitable
wine_bottle,zuctnl,not_ready,0,0,0.0,max_dim=0.264,possible,not_suitable,possible,not_suitable,possible,not_suitable
wine_fridge,tgcuwh,too_large,0,0,0.0,max_dim=2.109,not_suitable,not_suitable,not_suitable,not_suitable,not_suitable,not_suitable
wine_sauce_bottle,vqtevv,graspable,200,5,23.1,max_dim=0.258,possible,not_suitable,possible,not_suitable,possible,not_suitable
wineglass,aakcyj,graspable,200,5,10.6,max_dim=0.162,perfect,not_suitable,perfect,not_suitable,perfect,perfect
wineglass,adiwil,not_ready,0,0,0.0,max_dim=0.162,perfect,not_suitable,perfect,not_suitable,perfect,perfect
wineglass,akusda,graspable,200,5,12.0,max_dim=0.154,perfect,not_suitable,perfect,not_suitable,perfect,perfect
wineglass,bnored,graspable,200,5,13.0,max_dim=0.154,perfect,not_suitable,perfect,not_suitable,perfect,perfect
wineglass,bovcqx,graspable,200,5,21.1,max_dim=0.165,perfect,not_suitable,perfect,not_suitable,perfect,perfect
wineglass,cmdagy,not_ready,0,0,0.0,max_dim=0.166,perfect,not_suitable,perfect,not_suitable,perfect,perfect
wineglass,euzudc,graspable,200,5,11.3,max_dim=0.206,perfect,not_suitable,perfect,not_suitable,perfect,perfect
wineglass,exasdr,graspable,200,5,12.8,max_dim=0.254,perfect,not_suitable,perfect,not_suitable,perfect,perfect
wineglass,ezsdil,graspable,200,5,11.7,max_dim=0.148,perfect,not_suitable,perfect,not_suitable,perfect,perfect
wineglass,ggbdlq,graspable,200,5,10.2,max_dim=0.126,perfect,not_suitable,perfect,not_suitable,perfect,perfect
wineglass,hxccge,graspable,200,5,9.7,max_dim=0.159,perfect,not_suitable,perfect,not_suitable,perfect,perfect
wineglass,jzmrdd,not_ready,0,0,0.0,max_dim=0.138,perfect,not_suitable,perfect,not_suitable,perfect,perfect
wineglass,kxovsj,graspable,200,5,11.0,max_dim=0.147,perfect,not_suitable,perfect,not_suitable,perfect,perfect
wineglass,oadvet,graspable,200,5,15.8,max_dim=0.224,perfect,not_suitable,perfect,not_suitable,perfect,perfect
wineglass,ovoceo,graspable,200,5,10.9,max_dim=0.212,perfect,not_suitable,perfect,not_suitable,perfect,perfect
wineglass,vxmzmq,graspable,200,5,13.2,max_dim=0.154,perfect,not_suitable,perfect,not_suitable,perfect,perfect
wineglass,yfzibn,graspable,200,5,12.6,max_dim=0.138,perfect,not_suitable,perfect,not_suitable,perfect,perfect
wire_cutter,ugbval,graspable,200,5,19.3,max_dim=0.190,not_suitable,not_suitable,not_suitable,not_suitable,possible,not_suitable
wok,pobfpe,graspable,200,5,23.8,max_dim=0.366,possible,not_suitable,perfect,not_suitable,possible,perfect
wood_fireplace,gpnsij,too_large,0,0,0.0,max_dim=1.747,not_suitable,not_suitable,not_suitable,not_suitable,not_suitable,not_suitable
wooden_spoon,aeubta,graspable,200,5,13.3,max_dim=0.061,not_suitable,not_suitable,not_suitable,not_suitable,possible,not_suitable
wooden_spoon,gpiftn,graspable,200,5,31.8,max_dim=0.188,not_suitable,not_suitable,not_suitable,not_suitable,possible,not_suitable
wooden_spoon,qnrthd,not_ready,0,0,0.0,max_dim=0.266,not_suitable,not_suitable,not_suitable,not_suitable,possible,not_suitable
wooden_spoon,rfrzjn,not_ready,0,0,0.0,max_dim=0.266,not_suitable,not_suitable,not_suitable,not_suitable,possible,not_suitable
wooden_spoon,tczanw,not_ready,0,0,0.0,max_dim=0.301,not_suitable,not_suitable,not_suitable,not_suitable,possible,not_suitable
wooden_spoon,ybytvw,not_ready,0,0,0.0,max_dim=0.273,not_suitable,not_suitable,not_suitable,not_suitable,possible,not_suitable
wool_coat,jkcugp,too_large,0,0,0.0,max_dim=0.769,not_suitable,not_suitable,not_suitable,not_suitable,not_suitable,not_suitable
work_helmet,goovzq,graspable,200,5,14.8,max_dim=0.255,not_suitable,not_suitable,not_suitable,not_suitable,not_suitable,not_suitable
wrapped_hamburger,rerdmy,graspable,200,5,13.2,max_dim=0.102,not_suitable,not_suitable,not_suitable,perfect,possible,not_suitable
wrapping_paper,hjbesb,not_ready,0,0,0.0,max_dim=0.477,not_suitable,possible,not_suitable,not_suitable,not_suitable,not_suitable
wreath,rkrxno,graspable,200,5,13.3,max_dim=0.200,not_suitable,not_suitable,not_suitable,not_suitable,not_suitable,not_suitable
yeast_jar,vmajcm,graspable,200,5,12.1,max_dim=0.204,possible,not_suitable,possible,not_suitable,perfect,possible
yeast_shaker,kdbnge,not_ready,0,0,0.0,max_dim=0.160,possible,not_suitable,not_suitable,not_suitable,perfect,not_suitable
yoga_mat,ehrvce,too_large,0,0,0.0,max_dim=1.755,not_suitable,not_suitable,not_suitable,not_suitable,not_suitable,not_suitable
yogurt_carton,ahbhsd,graspable,200,5,14.3,max_dim=0.305;manual_override,not_suitable,not_suitable,possible,not_suitable,possible,possible
zipper,bdfnlk,graspable,200,5,20.4,max_dim=0.029,not_suitable,not_suitable,not_suitable,not_suitable,not_suitable,not_suitable
zipper,qwsvid,graspable,200,5,14.2,max_dim=0.029,not_suitable,not_suitable,not_suitable,not_suitable,not_suitable,not_suitable
zucchini,ifvmal,graspable,200,5,21.4,max_dim=0.219,not_suitable,not_suitable,not_suitable,perfect,possible,not_classified
zucchini,udvfaz,graspable,200,5,22.2,max_dim=0.219,not_suitable,not_suitable,not_suitable,perfect,possible,not_classified
zucchini,yhhkxf,graspable,200,5,34.1,max_dim=0.136,not_suitable,not_suitable,not_suitable,perfect,possible,not_classified
